1.10211	14.1406
1.20558	15.5547
1.20718	16.9688
1.20879	18.3828
1.21039	19.7969
1.21199	21.2109
1.30903	22.625
1.31064	24.0391
1.31224	25.4531
1.31384	26.8672
1.31544	28.2812
1.31705	29.6953
1.31865	31.1094
1.41249	32.5234
1.41409	33.9375
1.41569	35.3516
1.41729	36.7656
1.4189	38.1797
1.4205	39.5938
1.4221	41.0078
1.4237	42.4219
1.4253	43.8359
1.42691	45.25
1.42851	46.6641
1.51674	48.0781
1.51834	49.4922
1.51994	50.9062
1.52155	52.3203
1.52315	53.7344
1.52475	55.1484
1.52635	56.5625
1.52795	57.9766
1.52956	59.3906
1.53116	60.8047
1.53276	62.2188
1.53436	63.6328
1.53597	65.0469
1.53757	66.4609
1.53917	67.875
1.54077	69.2891
1.62019	70.7031
1.62179	72.1172
1.6234	73.5312
1.625	74.9453
1.6266	76.3594
1.6282	77.7734
1.62981	79.1875
1.63141	80.6016
1.63301	82.0156
1.63461	83.4297
1.63621	84.8438
1.63782	86.2578
1.63942	87.6719
1.64102	89.0859
1.64262	90.5
1.64422	91.9141
1.64583	93.3281
1.64743	94.7422
1.64903	96.1562
1.65063	97.5703
1.65223	98.9844
1.65384	100.398
1.65544	101.812
1.65704	103.227
1.72364	104.641
1.72525	106.055
1.72685	107.469
1.72845	108.883
1.73005	110.297
1.73166	111.711
1.73326	113.125
1.73486	114.539
1.73646	115.953
1.73806	117.367
1.73967	118.781
1.74127	120.195
1.74287	121.609
1.74447	123.023
1.74607	124.438
1.74768	125.852
1.74928	127.266
1.75088	128.68
1.75248	130.094
1.75409	131.508
1.75569	132.922
1.75729	134.336
1.75889	135.75
1.76049	137.164
1.7621	138.578
1.7637	139.992
1.7653	141.406
1.7669	142.82
1.7685	144.234
1.77011	145.648
1.77171	147.062
1.77331	148.477
1.77491	149.891
1.77651	151.305
1.77812	152.719
1.77972	154.133
1.8271	155.547
1.8287	156.961
1.8303	158.375
1.8319	159.789
1.83351	161.203
1.83511	162.617
1.83671	164.031
1.83831	165.445
1.83991	166.859
1.84152	168.273
1.84312	169.688
1.84472	171.102
1.84632	172.516
1.84792	173.93
1.84953	175.344
1.85113	176.758
1.85273	178.172
1.85433	179.586
1.85594	181
1.85754	182.414
1.85914	183.828
1.86074	185.242
1.86234	186.656
1.86395	188.07
1.86555	189.484
1.86715	190.898
1.86875	192.312
1.86989	193.727
1.87132	195.141
1.87224	196.555
1.87384	197.969
1.87477	199.383
1.87619	200.797
1.87711	202.211
1.87871	203.625
1.87964	205.039
1.88106	206.453
1.88199	207.867
1.88359	209.281
1.88451	210.695
1.88593	212.109
1.88686	213.523
1.88846	214.938
1.88938	216.352
1.89081	217.766
1.89173	219.18
1.89333	220.594
1.89426	222.008
1.89568	223.422
1.8966	224.836
1.89821	226.25
1.93055	227.664
1.93215	229.078
1.93307	230.492
1.93468	231.906
1.9356	233.32
1.93702	234.734
1.93795	236.148
1.93955	237.562
1.94047	238.977
1.9419	240.391
1.94282	241.805
1.94442	243.219
1.94535	244.633
1.94677	246.047
1.94769	247.461
1.94929	248.875
1.95022	250.289
1.95164	251.703
1.95257	253.117
1.95399	254.531
1.95559	255.945
1.95651	257.359
1.95744	258.773
1.95886	260.188
1.96046	261.602
1.96139	263.016
1.96231	264.43
1.96373	265.844
1.96534	267.258
1.96626	268.672
1.96718	270.086
1.96861	271.5
1.97021	272.914
1.97113	274.328
1.97206	275.742
1.97348	277.156
1.97463	278.57
1.97605	279.984
1.9772	281.398
1.97862	282.812
1.9795	284.227
1.98092	285.641
1.98207	287.055
1.9835	288.469
1.98437	289.883
1.9858	291.297
1.98695	292.711
1.98837	294.125
1.98925	295.539
1.99067	296.953
1.99182	298.367
1.99324	299.781
1.99412	301.195
1.99554	302.609
1.99669	304.023
1.99811	305.438
1.99899	306.852
2.00041	308.266
2.00156	309.68
2.00299	311.094
2.03408	312.508
2.03623	313.922
2.03738	315.336
2.0388	316.75
2.03967	318.164
2.0411	319.578
2.04225	320.992
2.04367	322.406
2.04455	323.82
2.04597	325.234
2.04712	326.648
2.04854	328.062
2.04942	329.477
2.05084	330.891
2.05199	332.305
2.05342	333.719
2.05429	335.133
2.05572	336.547
2.05687	337.961
2.05829	339.375
2.05971	340.789
2.06059	342.203
2.06174	343.617
2.06316	345.031
2.06458	346.445
2.06546	347.859
2.06661	349.273
2.06803	350.688
2.06946	352.102
2.07033	353.516
2.07148	354.93
2.07291	356.344
2.07433	357.758
2.07521	359.172
2.07636	360.586
2.07778	362
2.07893	363.414
2.08035	364.828
2.0815	366.242
2.08292	367.656
2.0838	369.07
2.08522	370.484
2.08637	371.898
2.0878	373.312
2.08867	374.727
2.0901	376.141
2.09125	377.555
2.09267	378.969
2.09355	380.383
2.09497	381.797
2.09612	383.211
2.09754	384.625
2.09842	386.039
2.09984	387.453
2.10099	388.867
2.10241	390.281
2.10329	391.695
2.10474	393.109
2.10589	394.523
2.10732	395.938
2.13761	397.352
2.1403	398.766
2.14145	400.18
2.14287	401.594
2.14375	403.008
2.14517	404.422
2.14632	405.836
2.14774	407.25
2.14862	408.664
2.15004	410.078
2.15119	411.492
2.15262	412.906
2.15349	414.32
2.15492	415.734
2.15607	417.148
2.15749	418.562
2.15837	419.977
2.15979	421.391
2.16094	422.805
2.16236	424.219
2.16379	425.633
2.16466	427.047
2.16581	428.461
2.16723	429.875
2.16866	431.289
2.16953	432.703
2.17068	434.117
2.17211	435.531
2.17353	436.945
2.17441	438.359
2.17556	439.773
2.17698	441.188
2.1784	442.602
2.17928	444.016
2.18043	445.43
2.18185	446.844
2.183	448.258
2.18443	449.672
2.18558	451.086
2.187	452.5
2.18787	453.914
2.1893	455.328
2.19045	456.742
2.19187	458.156
2.19275	459.57
2.19417	460.984
2.19532	462.398
2.19674	463.812
2.19762	465.227
2.19904	466.641
2.20019	468.055
2.20162	469.469
2.20249	470.883
2.20392	472.297
2.20507	473.711
2.20649	475.125
2.20737	476.539
2.21683	477.953
2.21798	479.367
2.2194	480.781
2.24113	482.195
2.24437	483.609
2.24552	485.023
2.24695	486.438
2.24782	487.852
2.24925	489.266
2.2504	490.68
2.25182	492.094
2.2527	493.508
2.25412	494.922
2.25527	496.336
2.25669	497.75
2.25757	499.164
2.25899	500.578
2.26014	501.992
2.26156	503.406
2.26244	504.82
2.26386	506.234
2.26501	507.648
2.26644	509.062
2.26786	510.477
2.26874	511.891
2.26989	513.305
2.27131	514.719
2.27273	516.133
2.27361	517.547
2.27476	518.961
2.27618	520.375
2.2776	521.789
2.27848	523.203
2.27963	524.617
2.28105	526.031
2.28248	527.445
2.28335	528.859
2.2845	530.273
2.28593	531.688
2.28708	533.102
2.2885	534.516
2.28965	535.93
2.29107	537.344
2.29195	538.758
2.29337	540.172
2.29452	541.586
2.29594	543
2.29682	544.414
2.29824	545.828
2.29939	547.242
2.30082	548.656
2.30169	550.07
2.30312	551.484
2.30427	552.898
2.30569	554.312
2.30657	555.727
2.30799	557.141
2.30914	558.555
2.31056	559.969
2.31144	561.383
2.32408	562.797
2.32523	564.211
2.32665	565.625
2.34466	567.039
2.34845	568.453
2.3496	569.867
2.35102	571.281
2.3519	572.695
2.35332	574.109
2.35447	575.523
2.35589	576.938
2.35677	578.352
2.35819	579.766
2.35934	581.18
2.36077	582.594
2.36164	584.008
2.36307	585.422
2.36422	586.836
2.36564	588.25
2.36651	589.664
2.36794	591.078
2.36909	592.492
2.37051	593.906
2.37193	595.32
2.37281	596.734
2.37396	598.148
2.37538	599.562
2.37681	600.977
2.37768	602.391
2.37883	603.805
2.38026	605.219
2.38168	606.633
2.38256	608.047
2.38371	609.461
2.38513	610.875
2.38655	612.289
2.38743	613.703
2.38858	615.117
2.39	616.531
2.39115	617.945
2.39257	619.359
2.39372	620.773
2.39515	622.188
2.39602	623.602
2.39745	625.016
2.3986	626.43
2.40002	627.844
2.4009	629.258
2.40232	630.672
2.40347	632.086
2.40489	633.5
2.40577	634.914
2.40719	636.328
2.40834	637.742
2.40976	639.156
2.41064	640.57
2.41206	641.984
2.41321	643.398
2.41464	644.812
2.41551	646.227
2.43376	647.641
2.43491	649.055
2.43633	650.469
2.44819	651.883
2.45252	653.297
2.45367	654.711
2.45509	656.125
2.45597	657.539
2.45739	658.953
2.45854	660.367
2.45997	661.781
2.46084	663.195
2.46227	664.609
2.46342	666.023
2.46484	667.438
2.46572	668.852
2.46714	670.266
2.46829	671.68
2.46971	673.094
2.47059	674.508
2.47201	675.922
2.47316	677.336
2.47458	678.75
2.47601	680.164
2.47688	681.578
2.47803	682.992
2.47946	684.406
2.48088	685.82
2.48176	687.234
2.48291	688.648
2.48433	690.062
2.48575	691.477
2.48663	692.891
2.48778	694.305
2.4892	695.719
2.49063	697.133
2.4915	698.547
2.49265	699.961
2.49407	701.375
2.49522	702.789
2.49665	704.203
2.4978	705.617
2.49922	707.031
2.5001	708.445
2.50152	709.859
2.50267	711.273
2.50409	712.688
2.50497	714.102
2.50639	715.516
2.50754	716.93
2.50897	718.344
2.50984	719.758
2.51127	721.172
2.51242	722.586
2.51384	724
2.51471	725.414
2.51614	726.828
2.51729	728.242
2.51871	729.656
2.51959	731.07
2.54745	732.484
2.5486	733.898
2.55002	735.312
2.55172	736.727
2.5566	738.141
2.55775	739.555
2.55917	740.969
2.56005	742.383
2.56147	743.797
2.56262	745.211
2.56404	746.625
2.56492	748.039
2.56634	749.453
2.56749	750.867
2.56891	752.281
2.56979	753.695
2.57121	755.109
2.57236	756.523
2.57379	757.938
2.57466	759.352
2.57609	760.766
2.57724	762.18
2.57866	763.594
2.58008	765.008
2.58096	766.422
2.58211	767.836
2.58353	769.25
2.58495	770.664
2.58583	772.078
2.58698	773.492
2.5884	774.906
2.58983	776.32
2.5907	777.734
2.59185	779.148
2.59328	780.562
2.5947	781.977
2.59558	783.391
2.59673	784.805
2.59815	786.219
2.5993	787.633
2.60072	789.047
2.60187	790.461
2.60329	791.875
2.60417	793.289
2.60559	794.703
2.60674	796.117
2.60817	797.531
2.60904	798.945
2.61047	800.359
2.61162	801.773
2.61304	803.188
2.61392	804.602
2.61534	806.016
2.61649	807.43
2.61791	808.844
2.61879	810.258
2.62021	811.672
2.62136	813.086
2.62278	814.5
2.62366	815.914
2.66371	817.328
2.66486	818.742
2.66629	820.156
2.66716	821.57
2.66859	822.984
2.66974	824.398
2.67116	825.812
2.67204	827.227
2.67346	828.641
2.67461	830.055
2.67603	831.469
2.67691	832.883
2.67833	834.297
2.67948	835.711
2.68091	837.125
2.68178	838.539
2.68321	839.953
2.68435	841.367
2.68578	842.781
2.68665	844.195
2.68808	845.609
2.68923	847.023
2.69065	848.438
2.69207	849.852
2.69295	851.266
2.6941	852.68
2.69552	854.094
2.69695	855.508
2.69782	856.922
2.69897	858.336
2.7004	859.75
2.70182	861.164
2.7027	862.578
2.70385	863.992
2.70527	865.406
2.70669	866.82
2.70757	868.234
2.70872	869.648
2.71014	871.062
2.71129	872.477
2.71271	873.891
2.71386	875.305
2.71529	876.719
2.71616	878.133
2.71759	879.547
2.71874	880.961
2.72016	882.375
2.72104	883.789
2.72246	885.203
2.72361	886.617
2.72503	888.031
2.72591	889.445
2.72733	890.859
2.72848	892.273
2.7299	893.688
2.73078	895.102
2.7322	896.516
2.73335	897.93
2.73478	899.344
2.73565	900.758
2.79475	902.172
2.7959	903.586
2.79733	905
2.7982	906.414
2.79963	907.828
2.80078	909.242
2.8022	910.656
2.80308	912.07
2.8045	913.484
2.80565	914.898
2.80707	916.312
2.80795	917.727
2.80937	919.141
2.81052	920.555
2.81194	921.969
2.81282	923.383
2.81424	924.797
2.81539	926.211
2.81682	927.625
2.81769	929.039
2.81912	930.453
2.82027	931.867
2.82169	933.281
2.82311	934.695
2.82399	936.109
2.82514	937.523
2.82656	938.938
2.82798	940.352
2.82886	941.766
2.83001	943.18
2.83143	944.594
2.83286	946.008
2.83373	947.422
2.83488	948.836
2.83631	950.25
2.83773	951.664
2.83861	953.078
2.83976	954.492
2.84118	955.906
2.84233	957.32
2.84375	958.734
2.8449	960.148
2.84632	961.562
2.8472	962.977
2.84862	964.391
2.84977	965.805
2.8512	967.219
2.85207	968.633
2.8535	970.047
2.85465	971.461
2.85607	972.875
2.85695	974.289
2.85837	975.703
2.85952	977.117
2.86094	978.531
2.86182	979.945
2.86324	981.359
2.86439	982.773
2.86581	984.188
2.86669	985.602
2.93262	987.016
2.93458	988.43
2.93772	989.844
2.93952	991.258
2.94237	992.672
2.94432	994.086
2.94747	995.5
2.94847	996.914
2.94989	998.328
2.95104	999.742
2.95246	1001.16
2.95334	1002.57
2.95476	1003.98
2.95591	1005.4
2.95734	1006.81
2.95821	1008.23
2.95964	1009.64
2.96079	1011.05
2.96221	1012.47
2.96309	1013.88
2.96451	1015.3
2.96566	1016.71
2.96708	1018.12
2.9685	1019.54
2.96938	1020.95
2.97053	1022.37
2.97195	1023.78
2.97338	1025.2
2.97425	1026.61
2.9754	1028.02
2.97683	1029.44
2.97825	1030.85
2.97913	1032.27
2.98028	1033.68
2.9817	1035.09
2.98312	1036.51
2.984	1037.92
2.98515	1039.34
2.98657	1040.75
2.98772	1042.16
2.98914	1043.58
2.99029	1044.99
2.99172	1046.41
2.99259	1047.82
2.99402	1049.23
2.99517	1050.65
2.99659	1052.06
2.99747	1053.48
2.99889	1054.89
3.00004	1056.3
3.00146	1057.72
3.00536	1059.13
3.00771	1060.55
3.00978	1061.96
3.01201	1063.38
3.01511	1064.79
3.01665	1066.2
3.01941	1067.62
3.02175	1069.03
3.02485	1070.45
3.06788	1071.86
3.0699	1073.27
3.0731	1074.69
3.0762	1076.1
3.0777	1077.52
3.07965	1078.93
3.08284	1080.34
3.08452	1081.76
3.08657	1083.17
3.08939	1084.59
3.09259	1086
3.09427	1087.41
3.09631	1088.83
3.09914	1090.24
3.10233	1091.66
3.10401	1093.07
3.10606	1094.48
3.10721	1095.9
3.10863	1097.31
3.10951	1098.73
3.11093	1100.14
3.11208	1101.55
3.1135	1102.97
3.11492	1104.38
3.1158	1105.8
3.11695	1107.21
3.11837	1108.62
3.1198	1110.04
3.12067	1111.45
3.12182	1112.87
3.12325	1114.28
3.12467	1115.7
3.12555	1117.11
3.1267	1118.52
3.12812	1119.94
3.12954	1121.35
3.13042	1122.77
3.13157	1124.18
3.13299	1125.59
3.13414	1127.01
3.13556	1128.42
3.13839	1129.84
3.14159	1131.25
3.14389	1132.66
3.14619	1134.08
3.14876	1135.49
3.15133	1136.91
3.15221	1138.32
3.15593	1139.73
3.1585	1141.15
3.16188	1142.56
3.16338	1143.98
3.16648	1145.39
3.16825	1146.8
3.17162	1148.22
3.17392	1149.63
3.17622	1151.05
3.17799	1152.46
3.18137	1153.88
3.18367	1155.29
3.20316	1156.7
3.20493	1158.12
3.2083	1159.53
3.21095	1160.95
3.21318	1162.36
3.21495	1163.77
3.21805	1165.19
3.22035	1166.6
3.22212	1168.02
3.22469	1169.43
3.22779	1170.84
3.22929	1172.26
3.23187	1173.67
3.23444	1175.09
3.23754	1176.5
3.23904	1177.91
3.24126	1179.33
3.24418	1180.74
3.24728	1182.16
3.24878	1183.57
3.25101	1184.98
3.25393	1186.4
3.25703	1187.81
3.25907	1189.23
3.2619	1190.64
3.26367	1192.05
3.2651	1193.47
3.26652	1194.88
3.2674	1196.3
3.26855	1197.71
3.26997	1199.12
3.27139	1200.54
3.27395	1201.95
3.27652	1203.37
3.27909	1204.78
3.28194	1206.2
3.28369	1207.61
3.28661	1209.02
3.28884	1210.44
3.29141	1211.85
3.29371	1213.27
3.29628	1214.68
3.29886	1216.09
3.30116	1217.51
3.30345	1218.92
3.30603	1220.34
3.3086	1221.75
3.3109	1223.16
3.3132	1224.58
3.31577	1225.99
3.31897	1227.41
3.32065	1228.82
3.32269	1230.23
3.32552	1231.65
3.32871	1233.06
3.33039	1234.48
3.33324	1235.89
3.33526	1237.3
3.33846	1238.72
3.34014	1240.13
3.34298	1241.55
3.34501	1242.96
3.3482	1244.38
3.3505	1245.79
3.35273	1247.2
3.35475	1248.62
3.35795	1250.03
3.35997	1251.45
3.3622	1252.86
3.36512	1254.27
3.36734	1255.69
3.36964	1257.1
3.37194	1258.52
3.37452	1259.93
3.37709	1261.34
3.37939	1262.76
3.38169	1264.17
3.38426	1265.59
3.38683	1267
3.38913	1268.41
3.39143	1269.83
3.39401	1271.24
3.39658	1272.66
3.39943	1274.07
3.4018	1275.48
3.40375	1276.9
3.40632	1278.31
3.40917	1279.73
3.41155	1281.14
3.4135	1282.55
3.41607	1283.97
3.41892	1285.38
3.42129	1286.8
3.42324	1288.21
3.42581	1289.62
3.42892	1291.04
3.43122	1292.45
3.43271	1293.87
3.43636	1295.28
3.43759	1296.7
3.44123	1298.11
3.44353	1299.52
3.44558	1300.94
3.44813	1302.35
3.45098	1303.77
3.45328	1305.18
3.45532	1306.59
3.45788	1308.01
3.46072	1309.42
3.46302	1310.84
3.46507	1312.25
3.46817	1313.66
3.46967	1315.08
3.47277	1316.49
3.47481	1317.91
3.47711	1319.32
3.47934	1320.73
3.48251	1322.15
3.48456	1323.56
3.48686	1324.98
3.48908	1326.39
3.49226	1327.8
3.4943	1329.22
3.4966	1330.63
3.49883	1332.05
3.502	1333.46
3.50706	124
3.50831	122.711
3.50911	121.981
3.51026	121.68
3.51141	120.95
3.51505	119.66
3.51601	118.887
3.51743	118.327
3.51823	117.598
3.52115	116.565
3.5248	115.276
3.52575	114.503
3.5278	113.942
3.5286	113.213
3.5309	112.182
3.53374	110.892
3.5347	110.848
3.5355	110.118
3.53869	108.829
3.54064	107.797
3.54189	107.237
3.54349	106.508
3.54499	105.947
3.54641	105.218
3.54729	105.174
3.54809	104.444
3.55039	103.413
3.55163	102.853
3.55323	102.123
3.55473	101.563
3.55615	100.834
3.55703	100.789
3.55783	100.061
3.56013	99.0283
3.56138	98.4688
3.56298	97.7393
3.56448	97.1787
3.5659	96.4492
3.56678	96.4053
3.56758	95.6758
3.5697	94.6445
3.57112	94.084
3.57272	93.3545
3.57335	92.7949
3.57415	92.0654
3.57582	91.292
3.57617	90.9893
3.57697	90.2598
3.5784	89.7002
3.5792	88.2812
3.57955	87.6953
3.58035	86.2812
3.58097	85.1953
3.58257	83.7812
3.58292	83.1953
3.58372	81.7812
3.58434	80.6953
3.58595	79.2812
3.58602	79.1953
3.58682	77.7812
3.58744	76.6953
3.58905	75.2812
3.5894	74.6953
3.5902	73.2812
3.59082	72.1953
3.59242	70.7812
3.5925	70.6953
3.5941	69.2812
3.59472	68.1953
3.59552	66.7812
3.59587	66.1953
3.59747	64.7812
3.59809	63.6953
3.5997	62.2812
3.59977	62.1953
3.60057	61.293
3.60119	60.7812
3.6028	59.6953
3.60697	59.1094
3.60785	58.0234
3.61007	57.9375
3.61202	56.8516
3.61425	56.2656
3.61512	55.1797
3.61735	55.0938
3.6193	54.0078
3.62072	53.4219
3.6224	52.3359
3.62462	52.25
3.62497	51.3359
3.62639	61.293
3.62639	61.3252
3.72984	61.3574
3.73144	61.3896
3.73304	61.4219
3.73465	61.4541
3.73625	61.4863
3.73785	61.5186
3.73945	61.5508
3.74106	61.583
3.74266	61.6152
3.74426	61.6475
3.74586	61.6797
3.74746	61.7119
3.74907	61.7441
3.75067	61.7764
3.75227	61.8086
3.75387	61.8408
3.75547	61.873
3.75708	61.9053
3.75868	61.9375
3.76028	61.9697
3.76188	62.002
3.83329	62.0342
3.8349	62.0664
3.8365	62.0977
3.8381	62.1289
3.8397	62.1602
3.8413	62.1914
3.84291	62.2227
3.84451	62.2539
3.84611	62.2852
3.84771	62.3164
3.84931	62.3477
3.85092	62.3789
3.85252	62.4102
3.85412	62.4414
3.85572	62.4727
3.85732	62.5039
3.85893	62.5352
3.86053	62.5664
3.86213	62.5977
3.86373	62.6289
3.86534	62.6602
3.93675	62.6914
3.93835	62.7227
3.93995	62.7539
3.94155	62.7852
3.94315	62.8164
3.94476	62.8477
3.94636	62.8789
3.94796	62.9102
3.94956	62.9414
3.95116	62.9727
3.95277	63.0039
3.95437	63.0352
3.95597	63.0664
3.95757	63.0977
3.95918	63.1289
3.96078	63.1602
3.96238	63.1914
3.96398	63.2227
3.96558	63.2539
3.96719	63.2852
3.96879	63.3164
3.97039	63.3477
4.041	63.3789
4.0426	63.4102
4.0442	63.4414
4.0458	63.4727
4.04741	63.5039
4.04901	63.5352
4.05061	63.5664
4.05221	63.5977
4.05382	63.6289
4.05542	63.6602
4.05702	63.6914
4.05862	63.7227
4.06022	63.7539
4.06183	63.7852
4.06343	63.8164
4.06503	63.8477
4.06663	63.8789
4.06823	63.9102
4.06984	63.9414
4.07144	63.9727
4.07304	64.0039
4.07464	64.0342
4.14525	64.0645
4.14685	64.0947
4.14846	64.125
4.15006	64.1553
4.15166	64.1855
4.15326	64.2158
4.15486	64.2461
4.15647	64.2764
4.15807	64.3066
4.15967	64.3369
4.16127	64.3672
4.16288	64.3975
4.16448	64.4277
4.16608	64.458
4.16768	64.4883
4.16928	64.5186
4.17089	64.5488
4.17249	64.5791
4.17409	64.6094
4.17569	64.6396
4.17729	64.6699
4.1789	64.7002
4.2487	64.7305
4.25031	64.7607
4.25191	64.791
4.25351	64.8213
4.25511	64.8516
4.25671	64.8818
4.25832	64.9121
4.25992	64.9424
4.26152	64.9727
4.26312	65.0029
4.26473	65.0332
4.26633	65.0635
4.26793	65.0938
4.26953	65.124
4.27113	65.1543
4.27274	65.1846
4.27434	65.2148
4.27594	65.2451
4.27754	65.2754
4.27914	65.3057
4.28075	65.3359
4.28235	65.3662
4.35216	65.3965
4.35376	65.4268
4.35536	65.457
4.35696	65.4873
4.35856	65.5176
4.36017	65.5479
4.36177	65.5781
4.36337	65.6084
4.36497	65.6387
4.36658	65.6689
4.36818	65.6992
4.36978	65.7295
4.37138	65.7598
4.37298	65.79
4.37459	65.8203
4.37619	65.8506
4.37779	65.8809
4.37939	65.9111
4.38099	65.9414
4.3826	65.9717
4.3842	66.002
4.3858	66.0322
4.3874	66.0625
4.45641	66.0918
4.45801	66.1211
4.45961	66.1504
4.46122	66.1797
4.46282	66.209
4.46442	66.2383
4.46602	66.2676
4.46762	66.2969
4.46923	66.3262
4.47083	66.3555
4.47243	66.3848
4.47403	66.4141
4.47564	66.4434
4.47724	66.4727
4.47884	66.502
4.48044	66.5312
4.48204	66.5605
4.48365	66.5898
4.48525	66.6191
4.48685	66.6484
4.48845	66.6777
4.49005	66.707
4.49166	66.7363
4.56066	66.7656
4.56227	66.7949
4.56387	66.8242
4.56547	66.8535
4.56707	66.8828
4.56867	66.9121
4.57028	66.9414
4.57188	66.9707
4.57348	67
4.57508	67.0293
4.57668	67.0586
4.57829	67.0879
4.57989	67.1172
4.58149	67.1465
4.58309	67.1758
4.5847	67.2051
4.5863	67.2344
4.5879	67.2637
4.5895	67.293
4.5911	67.3223
4.59271	67.3516
4.59431	67.3809
4.59591	67.4102
4.66412	67.4395
4.66572	67.4688
4.66732	67.498
4.66892	67.5273
4.67052	67.5566
4.67213	67.5859
4.67373	67.6152
4.67533	67.6445
4.67693	67.6738
4.67853	67.7031
4.68014	67.7324
4.68174	67.7617
4.68334	67.791
4.68494	67.8203
4.68655	67.8496
4.68815	67.8789
4.68975	67.9082
4.69135	67.9375
4.69295	67.9668
4.69456	67.9961
4.69616	68.0254
4.69776	68.0547
4.69936	68.084
4.76757	68.1133
4.76917	68.1426
4.77077	68.1719
4.77237	68.2012
4.77398	68.2305
4.77558	68.2598
4.77718	68.2881
4.77878	68.3164
4.78038	68.3447
4.78199	68.373
4.78359	68.4014
4.78519	68.4297
4.78679	68.458
4.7884	68.4863
4.79	68.5146
4.7916	68.543
4.7932	68.5713
4.7948	68.5996
4.79641	68.6279
4.79801	68.6562
4.79961	68.6846
4.80121	68.7129
4.80281	68.7412
4.80442	68.7695
4.87182	68.7979
4.87342	68.8262
4.87503	68.8545
4.87663	68.8828
4.87823	68.9111
4.87983	68.9395
4.88143	68.9678
4.88304	68.9961
4.88464	69.0244
4.88624	69.0527
4.88784	69.0811
4.88944	69.1094
4.89105	69.1377
4.89265	69.166
4.89425	69.1943
4.89585	69.2227
4.89746	69.251
4.89906	69.2793
4.90066	69.3076
4.90226	69.3359
4.90386	69.3643
4.90547	69.3926
4.90707	69.4209
4.90867	69.4492
4.97607	69.4775
4.97768	69.5059
4.97928	69.5342
4.98088	69.5625
4.98248	69.5908
4.98408	69.6191
4.98569	69.6475
4.98729	69.6758
4.98889	69.7041
4.99049	69.7324
4.9921	69.7607
4.9937	69.7891
4.9953	69.8174
4.9969	69.8457
4.9985	69.874
5.00011	69.9023
5.00171	69.9307
5.00331	69.959
5.00491	69.9873
5.00651	70.0156
5.00812	70.0439
5.00972	70.0723
5.01132	70.1006
5.01292	70.1289
5.07953	70.1572
5.08113	70.1855
5.08273	70.2139
5.08433	70.2422
5.08594	70.2705
5.08754	70.2988
5.08914	70.3271
5.09074	70.3555
5.09234	70.3838
5.09395	70.4121
5.09555	70.4404
5.09715	70.4688
5.09875	70.4971
5.10035	70.5254
5.10196	70.5537
5.10356	70.582
5.10516	70.6104
5.10676	70.6377
5.10836	70.665
5.10997	70.6924
5.11157	70.7197
5.11317	70.7471
5.11477	70.7744
5.11638	70.8018
5.18298	70.8291
5.18458	70.8564
5.18618	70.8838
5.18779	70.9111
5.18939	70.9385
5.19099	70.9658
5.19259	70.9932
5.19419	71.0205
5.1958	71.0479
5.1974	71.0752
5.199	71.1025
5.2006	71.1299
5.2022	71.1572
5.20381	71.1846
5.20541	71.2119
5.20701	71.2393
5.20861	71.2666
5.21022	71.2939
5.21182	71.3213
5.21342	71.3486
5.21502	71.376
5.21662	71.4033
5.21823	71.4307
5.21983	71.458
5.22143	71.4854
5.28723	71.5127
5.28883	71.54
5.29044	71.5674
5.29204	71.5947
5.29364	71.6221
5.29524	71.6494
5.29684	71.6768
5.29845	71.7041
5.30005	71.7314
5.30165	71.7588
5.30325	71.7861
5.30486	71.8135
5.30646	71.8408
5.30806	71.8682
5.30966	71.8955
5.31126	71.9229
5.31287	71.9502
5.31447	71.9775
5.31607	72.0049
5.31767	72.0322
5.31927	72.0596
5.32088	72.0869
5.32248	72.1143
5.32408	72.1416
5.32568	72.1689
5.39149	72.1963
5.39309	72.2236
5.39469	72.251
5.39629	72.2783
5.39789	72.3057
5.3995	72.333
5.4011	72.3604
5.4027	72.3877
5.4043	72.415
5.4059	72.4424
5.40751	72.4697
5.40911	72.4971
5.41071	72.5244
5.41231	72.5518
5.41392	72.5791
5.41552	72.6064
5.41712	72.6338
5.41872	72.6611
5.42032	72.6885
5.42193	72.7158
5.42353	72.7432
5.42513	72.7705
5.42673	72.7979
5.42833	72.8252
5.42994	72.8525
5.49494	72.8799
5.49654	72.9072
5.49814	72.9346
5.49974	72.9619
5.50135	72.9893
5.50295	73.0166
5.50455	73.0439
5.50615	73.0713
5.50775	73.0986
5.50936	73.126
5.51096	73.1533
5.51256	73.1797
5.51416	73.2061
5.51577	73.2324
5.51737	73.2588
5.51897	73.2852
5.52057	73.3115
5.52217	73.3379
5.52378	73.3643
5.52538	73.3906
5.52698	73.417
5.52858	73.4434
5.53018	73.4697
5.53179	73.4961
5.53339	73.5225
5.59839	73.5488
5.59999	73.5752
5.60159	73.6016
5.6032	73.6279
5.6048	73.6543
5.6064	73.6807
5.608	73.707
5.6096	73.7334
5.61121	73.7598
5.61281	73.7861
5.61441	73.8125
5.61601	73.8389
5.61762	73.8652
5.61922	73.8916
5.62082	73.918
5.62242	73.9443
5.62402	73.9707
5.62563	73.9971
5.62723	74.0234
5.62883	74.0498
5.63043	74.0762
5.63203	74.1025
5.63364	74.1289
5.63524	74.1553
5.63684	74.1816
5.70184	74.208
5.70344	74.2344
5.70505	74.2607
5.70665	74.2871
5.70825	74.3135
5.70985	74.3398
5.71146	74.3662
5.71306	74.3926
5.71466	74.4189
5.71626	74.4453
5.71786	74.4717
5.71947	74.498
5.72107	74.5244
5.72267	74.5508
5.72427	74.5771
5.72587	74.6035
5.72748	74.6299
5.72908	74.6562
5.73068	74.6826
5.73228	74.709
5.73388	74.7354
5.73549	74.7617
5.73709	74.7881
5.73869	74.8145
5.74029	74.8408
5.7419	74.8672
5.8061	74.8936
5.8077	74.9199
5.8093	74.9463
5.8109	74.9727
5.8125	74.999
5.81411	75.0254
5.81571	75.0518
5.81731	75.0781
5.81891	75.1045
5.82051	75.1309
5.82212	75.1572
5.82372	75.1836
5.82532	75.21
5.82692	75.2363
5.82853	75.2627
5.83013	75.2891
5.83173	75.3154
5.83333	75.3418
5.83493	75.3682
5.83654	75.3945
5.83814	75.4209
5.83974	75.4473
5.84134	75.4736
5.84294	75.5
5.84455	75.5264
5.84615	75.5527
5.91035	75.5791
5.91195	75.6055
5.91355	75.6318
5.91516	75.6582
5.91676	75.6846
5.91836	75.7109
5.91996	75.7373
5.92156	75.7637
5.92317	75.79
5.92477	75.8164
5.92637	75.8428
5.92797	75.8682
5.92957	75.8936
5.93118	75.9189
5.93278	75.9443
5.93438	75.9697
5.93598	75.9951
5.93759	76.0205
5.93919	76.0459
5.94079	76.0713
5.94239	76.0967
5.94399	76.1221
5.9456	76.1475
5.9472	76.1729
5.9488	76.1982
5.9504	76.2236
6.0138	76.249
6.0154	76.2744
6.01701	76.2998
6.01861	76.3252
6.02021	76.3506
6.02181	76.376
6.02341	76.4014
6.02502	76.4268
6.02662	76.4521
6.02822	76.4775
6.02982	76.5029
6.03142	76.5283
6.03303	76.5537
6.03463	76.5791
6.03623	76.6045
6.03783	76.6299
6.03944	76.6553
6.04104	76.6807
6.04264	76.7061
6.04424	76.7314
6.04584	76.7568
6.04745	76.7822
6.04905	76.8076
6.05065	76.833
6.05225	76.8584
6.05385	76.8838
6.11725	76.9092
6.11886	76.9346
6.12046	76.96
6.12206	76.9854
6.12366	77.0107
6.12526	77.0361
6.12687	77.0615
6.12847	77.0869
6.13007	77.1123
6.13167	77.1377
6.13327	77.1631
6.13488	77.1885
6.13648	77.2139
6.13808	77.2393
6.13968	77.2646
6.14129	77.29
6.14289	77.3154
6.14449	77.3408
6.14609	77.3662
6.14769	77.3916
6.1493	77.417
6.1509	77.4424
6.1525	77.4678
6.1541	77.4932
6.1557	77.5186
6.15731	77.5439
6.15891	77.5693
6.22151	77.5947
6.22311	77.6201
6.22471	77.6455
6.22631	77.6709
6.22792	77.6963
6.22952	77.7217
6.23112	77.7471
6.23272	77.7725
6.23432	77.7979
6.23593	77.8232
6.23753	77.8486
6.23913	77.874
6.24073	77.8994
6.24233	77.9248
6.24394	77.9502
6.24554	77.9756
6.24714	78.001
6.24874	78.0264
6.25035	78.0518
6.25195	78.0771
6.25355	78.1025
6.25515	78.1279
6.25675	78.1533
6.25836	78.1787
6.25996	78.2041
6.26156	78.2295
6.26316	78.2549
6.32576	78.2803
6.32736	78.3057
6.32896	78.3311
6.33057	78.3564
6.33217	78.3818
6.33377	78.4072
6.33537	78.4326
6.33698	78.458
6.33858	78.4834
6.34018	78.5088
6.34178	78.5342
6.34338	78.5596
6.34499	78.585
6.34659	78.6104
6.34819	78.6357
6.34979	78.6611
6.35139	78.6865
6.353	78.7119
6.3546	78.7373
6.3562	78.7627
6.3578	78.7871
6.3594	78.8115
6.36101	78.8359
6.36261	78.8604
6.36421	78.8848
6.36581	78.9092
6.36742	78.9336
6.42921	78.958
6.43081	78.9824
6.43242	79.0068
6.43402	79.0312
6.43562	79.0557
6.43722	79.0801
6.43883	79.1045
6.44043	79.1289
6.44203	79.1533
6.44363	79.1777
6.44523	79.2021
6.44684	79.2266
6.44844	79.251
6.45004	79.2754
6.45164	79.2998
6.45324	79.3242
6.45485	79.3486
6.45645	79.373
6.45805	79.3975
6.45965	79.4219
6.46126	79.4463
6.46286	79.4707
6.46446	79.4951
6.46606	79.5195
6.46766	79.5439
6.46927	79.5684
6.47087	79.5928
6.53266	79.6172
6.53427	79.6416
6.53587	79.666
6.53747	79.6904
6.53907	79.7148
6.54068	79.7393
6.54228	79.7637
6.54388	79.7881
6.54548	79.8125
6.54708	79.8369
6.54869	79.8613
6.55029	79.8857
6.55189	79.9102
6.55349	79.9346
6.55509	79.959
6.5567	79.9834
6.5583	80.0078
6.5599	80.0322
6.5615	80.0566
6.56311	80.0811
6.56471	80.1055
6.56631	80.1299
6.56791	80.1543
6.56951	80.1787
6.57112	80.2031
6.57272	80.2275
6.57432	80.252
6.57592	80.2764
6.63692	80.3008
6.63852	80.3252
6.64012	80.3496
6.64172	80.374
6.64333	80.3984
6.64493	80.4229
6.64653	80.4473
6.64813	80.4717
6.64974	80.4961
6.65134	80.5205
6.65294	80.5449
6.65454	80.5693
6.65614	80.5938
6.65775	80.6182
6.65935	80.6426
6.66095	80.667
6.66255	80.6914
6.66415	80.7158
6.66576	80.7402
6.66736	80.7646
6.66896	80.7891
6.67056	80.8135
6.67216	80.8379
6.67377	80.8623
6.67537	80.8867
6.67697	80.9111
6.67857	80.9355
6.68018	80.96
6.74117	80.9844
6.74277	81.0088
6.74438	81.0332
6.74598	81.0576
6.74758	81.082
6.74918	81.1064
6.75078	81.1309
6.75239	81.1553
6.75399	81.1797
6.75559	81.2041
6.75719	81.2285
6.75879	81.2529
6.7604	81.2773
6.762	81.3018
6.7636	81.3262
6.7652	81.3506
6.76681	81.375
6.76841	81.3994
6.77001	81.4238
6.77161	81.4482
6.77321	81.4727
6.77482	81.4971
6.77642	81.5215
6.77802	81.5459
6.77962	81.5703
6.78122	81.5947
6.78283	81.6191
6.78443	81.6436
6.84462	81.668
6.84623	81.6924
6.84783	81.7168
6.84943	81.7412
6.85103	81.7656
6.85263	81.79
6.85424	81.8145
6.85584	81.8389
6.85744	81.8633
6.85904	81.8877
6.86064	81.9121
6.86225	81.9355
6.86385	81.959
6.86545	81.9824
6.86705	82.0059
6.86866	82.0293
6.87026	82.0527
6.87186	82.0762
6.87346	82.0996
6.87506	82.123
6.87667	82.1465
6.87827	82.1699
6.87987	82.1934
6.88147	82.2168
6.88307	82.2402
6.88468	82.2637
6.88628	82.2871
6.88788	82.3105
6.94808	82.334
6.94968	82.3574
6.95128	82.3809
6.95288	82.4043
6.95448	82.4277
6.95609	82.4512
6.95769	82.4746
6.95929	82.498
6.96089	82.5215
6.9625	82.5449
6.9641	82.5684
6.9657	82.5918
6.9673	82.6152
6.9689	82.6387
6.97051	82.6621
6.97211	82.6855
6.97371	82.709
6.97531	82.7324
6.97691	82.7559
6.97852	82.7793
6.98012	82.8027
6.98172	82.8262
6.98332	82.8496
6.98492	82.873
6.98653	82.8965
6.98813	82.9199
6.98973	82.9434
6.99133	82.9668
6.99294	82.9902
7.05233	83.0137
7.05393	83.0371
7.05553	83.0605
7.05714	83.084
7.05874	83.1074
7.06034	83.1309
7.06194	83.1543
7.06354	83.1777
7.06515	83.2012
7.06675	83.2246
7.06835	83.248
7.06995	83.2715
7.07155	83.2949
7.07316	83.3184
7.07476	83.3418
7.07636	83.3652
7.07796	83.3887
7.07957	83.4121
7.08117	83.4355
7.08277	83.459
7.08437	83.4824
7.08597	83.5059
7.08758	83.5293
7.08918	83.5527
7.09078	83.5762
7.09238	83.5996
7.09398	83.623
7.09559	83.6465
7.09719	83.6699
7.15658	83.6934
7.15818	83.7168
7.15979	83.7402
7.16139	83.7637
7.16299	83.7871
7.16459	83.8105
7.1662	83.834
7.1678	83.8574
7.1694	83.8809
7.171	83.9043
7.1726	83.9277
7.17421	83.9512
7.17581	83.9746
7.17741	83.998
7.17901	84.0215
7.18061	84.0449
7.18222	84.0684
7.18382	84.0918
7.18542	84.1152
7.18702	84.1387
7.18863	84.1621
7.19023	84.1855
7.19183	84.209
7.19343	84.2324
7.19503	84.2559
7.19664	84.2793
7.19824	84.3027
7.19984	84.3262
7.20144	84.3496
7.26003	84.373
7.26164	84.3965
7.26324	84.4199
7.26484	84.4434
7.26644	84.4668
7.26805	84.4902
7.26965	84.5137
7.27125	84.5371
7.27285	84.5605
7.27445	84.584
7.27606	84.6074
7.27766	84.6309
7.27926	84.6543
7.28086	84.6777
7.28246	84.7012
7.28407	84.7246
7.28567	84.748
7.28727	84.7715
7.28887	84.7949
7.29048	84.8184
7.29208	84.8418
7.29368	84.8652
7.29528	84.8887
7.29688	84.9121
7.29849	84.9355
7.30009	84.959
7.30169	84.9824
7.30329	85.0059
7.30489	85.0293
7.36349	85.0527
7.36509	85.0762
7.36669	85.0996
7.36829	85.123
7.3699	85.1465
7.3715	85.1699
7.3731	85.1934
7.3747	85.2168
7.3763	85.2402
7.37791	85.2637
7.37951	85.2871
7.38111	85.3105
7.38271	85.334
7.38431	85.3564
7.38592	85.3789
7.38752	85.4014
7.38912	85.4238
7.39072	85.4463
7.39233	85.4688
7.39393	85.4912
7.39553	85.5137
7.39713	85.5361
7.39873	85.5586
7.40034	85.5811
7.40194	85.6035
7.40354	85.626
7.40514	85.6484
7.40674	85.6709
7.40835	85.6934
7.40995	85.7158
7.46774	85.7383
7.46934	85.7607
7.47094	85.7832
7.47255	85.8057
7.47415	85.8281
7.47575	85.8506
7.47735	85.873
7.47896	85.8955
7.48056	85.918
7.48216	85.9404
7.48376	85.9629
7.48536	85.9854
7.48697	86.0078
7.48857	86.0303
7.49017	86.0527
7.49177	86.0752
7.49337	86.0977
7.49498	86.1201
7.49658	86.1426
7.49818	86.165
7.49978	86.1875
7.50139	86.21
7.50299	86.2324
7.50459	86.2549
7.50619	86.2773
7.50779	86.2998
7.5094	86.3223
7.511	86.3447
7.5126	86.3672
7.5142	86.3896
7.57199	86.4121
7.5736	86.4346
7.5752	86.457
7.5768	86.4795
7.5784	86.502
7.58	86.5244
7.58161	86.5469
7.58321	86.5693
7.58481	86.5918
7.58641	86.6143
7.58802	86.6367
7.58962	86.6592
7.59122	86.6816
7.59282	86.7041
7.59442	86.7266
7.59603	86.749
7.59763	86.7715
7.59923	86.7939
7.60083	86.8164
7.60243	86.8389
7.60404	86.8613
7.60564	86.8838
7.60724	86.9062
7.60884	86.9287
7.61044	86.9512
7.61205	86.9736
7.61365	86.9961
7.61525	87.0186
7.61685	87.041
7.61846	87.0635
7.67545	87.0859
7.67705	87.1084
7.67865	87.1309
7.68025	87.1533
7.68185	87.1758
7.68346	87.1982
7.68506	87.2207
7.68666	87.2432
7.68826	87.2656
7.68987	87.2881
7.69147	87.3105
7.69307	87.333
7.69467	87.3555
7.69627	87.3779
7.69788	87.4004
7.69948	87.4229
7.70108	87.4453
7.70268	87.4678
7.70428	87.4902
7.70589	87.5127
7.70749	87.5352
7.70909	87.5576
7.71069	87.5801
7.7123	87.6025
7.7139	87.625
7.7155	87.6475
7.7171	87.6699
7.7187	87.6924
7.72031	87.7148
7.72191	87.7373
7.7789	87.7598
7.7805	87.7822
7.7821	87.8047
7.7837	87.8271
7.78531	87.8496
7.78691	87.8721
7.78851	87.8945
7.79011	87.917
7.79172	87.9395
7.79332	87.9619
7.79492	87.9844
7.79652	88.0068
7.79812	88.0293
7.79973	88.0518
7.80133	88.0742
7.80293	88.0967
7.80453	88.1191
7.80613	88.1416
7.80774	88.1641
7.80934	88.1865
7.81094	88.209
7.81254	88.2314
7.81415	88.2539
7.81575	88.2764
7.81735	88.2988
7.81895	88.3213
7.82055	88.3438
7.82216	88.3662
7.82376	88.3887
7.82536	88.4111
7.82696	88.4336
7.88315	88.4561
7.88475	88.4785
7.88636	88.501
7.88796	88.5234
7.88956	88.5459
7.89116	88.5684
7.89276	88.5908
7.89437	88.6133
7.89597	88.6357
7.89757	88.6582
7.89917	88.6807
7.90078	88.7031
7.90238	88.7256
7.90398	88.748
7.90558	88.7705
7.90718	88.793
7.90879	88.8154
7.91039	88.8379
7.91199	88.8604
7.91359	88.8828
7.91519	88.9053
7.9168	88.9277
7.9184	88.9502
7.92	88.9727
7.9216	88.9951
7.9232	89.0176
7.92481	89.04
7.92641	89.0615
7.92801	89.083
7.92961	89.1045
7.93122	89.126
7.9874	89.1475
7.98901	89.1689
7.99061	89.1904
7.99221	89.2119
7.99381	89.2334
7.99542	89.2549
7.99702	89.2764
7.99862	89.2979
8.00022	89.3193
8.00182	89.3408
8.00343	89.3623
8.00503	89.3838
8.00663	89.4053
8.00823	89.4268
8.00983	89.4482
8.01144	89.4697
8.01304	89.4912
8.01464	89.5127
8.01624	89.5342
8.01785	89.5557
8.01945	89.5771
8.02105	89.5986
8.02265	89.6201
8.02425	89.6416
8.02586	89.6631
8.02746	89.6846
8.02906	89.7061
8.03066	89.7275
8.03226	89.749
8.03387	89.7705
8.03547	89.792
8.09086	89.8135
8.09246	89.835
8.09406	89.8564
8.09566	89.8779
8.09727	89.8994
8.09887	89.9209
8.10047	89.9424
8.10207	89.9639
8.10367	89.9854
8.10528	90.0068
8.10688	90.0283
8.10848	90.0498
8.11008	90.0713
8.11168	90.0928
8.11329	90.1143
8.11489	90.1357
8.11649	90.1572
8.11809	90.1787
8.1197	90.2002
8.1213	90.2217
8.1229	90.2432
8.1245	90.2646
8.1261	90.2861
8.12771	90.3076
8.12931	90.3291
8.13091	90.3506
8.13251	90.3721
8.13411	90.3936
8.13572	90.415
8.13732	90.4365
8.13892	90.458
8.19431	90.4795
8.19591	90.501
8.19751	90.5225
8.19912	90.5439
8.20072	90.5654
8.20232	90.5869
8.20392	90.6084
8.20552	90.6299
8.20713	90.6514
8.20873	90.6729
8.21033	90.6943
8.21193	90.7158
8.21354	90.7373
8.21514	90.7588
8.21674	90.7803
8.21834	90.8018
8.21994	90.8232
8.22155	90.8447
8.22315	90.8662
8.22475	90.8877
8.22635	90.9092
8.22795	90.9307
8.22956	90.9521
8.23116	90.9736
8.23276	90.9951
8.23436	91.0166
8.23596	91.0381
8.23757	91.0596
8.23917	91.0811
8.24077	91.1025
8.24237	91.124
8.29776	91.1455
8.29936	91.167
8.30097	91.1885
8.30257	91.21
8.30417	91.2314
8.30577	91.2529
8.30737	91.2744
8.30898	91.2959
8.31058	91.3174
8.31218	91.3389
8.31378	91.3604
8.31539	91.3818
8.31699	91.4033
8.31859	91.4248
8.32019	91.4463
8.32179	91.4678
8.3234	91.4893
8.325	91.5107
8.3266	91.5322
8.3282	91.5537
8.3298	91.5752
8.33141	91.5967
8.33301	91.6182
8.33461	91.6396
8.33621	91.6611
8.33782	91.6826
8.33942	91.7041
8.34102	91.7256
8.34262	91.7471
8.34422	91.7686
8.34583	91.79
8.34743	91.8115
8.40202	91.833
8.40362	91.8545
8.40522	91.876
8.40682	91.8975
8.40842	91.9189
8.41003	91.9404
8.41163	91.9619
8.41323	91.9834
8.41483	92.0049
8.41643	92.0264
8.41804	92.0479
8.41964	92.0693
8.42124	92.0908
8.42284	92.1123
8.42444	92.1338
8.42605	92.1553
8.42765	92.1768
8.42925	92.1982
8.43085	92.2197
8.43246	92.2412
8.43406	92.2627
8.43566	92.2842
8.43726	92.3057
8.43886	92.3271
8.44047	92.3486
8.44207	92.3701
8.44367	92.3916
8.44527	92.4131
8.44687	92.4346
8.44848	92.4561
8.45008	92.4775
8.45168	92.499
8.50627	92.5205
8.50787	92.542
8.50947	92.5635
8.51107	92.585
8.51268	92.6064
8.51428	92.6279
8.51588	92.6494
8.51748	92.6709
8.51909	92.6924
8.52069	92.7139
8.52229	92.7354
8.52389	92.7568
8.52549	92.7783
8.5271	92.7998
8.5287	92.8213
8.5303	92.8428
8.5319	92.8643
8.5335	92.8857
8.53511	92.9072
8.53671	92.9287
8.53831	92.9502
8.53991	92.9717
8.54152	92.9932
8.54312	93.0146
8.54472	93.0361
8.54632	93.0576
8.54792	93.0791
8.54953	93.0996
8.55113	93.1201
8.55273	93.1406
8.55433	93.1611
8.55593	93.1816
8.60972	93.2021
8.61132	93.2227
8.61292	93.2432
8.61453	93.2637
8.61613	93.2842
8.61773	93.3047
8.61933	93.3252
8.62094	93.3457
8.62254	93.3662
8.62414	93.3867
8.62574	93.4072
8.62734	93.4277
8.62895	93.4482
8.63055	93.4688
8.63215	93.4893
8.63375	93.5098
8.63535	93.5303
8.63696	93.5508
8.63856	93.5713
8.64016	93.5918
8.64176	93.6123
8.64337	93.6328
8.64497	93.6533
8.64657	93.6738
8.64817	93.6943
8.64977	93.7148
8.65138	93.7354
8.65298	93.7559
8.65458	93.7764
8.65618	93.7969
8.65778	93.8174
8.65939	93.8379
8.71317	93.8584
8.71478	93.8789
8.71638	93.8994
8.71798	93.9199
8.71958	93.9404
8.72118	93.9609
8.72279	93.9814
8.72439	94.002
8.72599	94.0225
8.72759	94.043
8.72919	94.0635
8.7308	94.084
8.7324	94.1045
8.734	94.125
8.7356	94.1455
8.7372	94.166
8.73881	94.1865
8.74041	94.207
8.74201	94.2275
8.74361	94.248
8.74522	94.2686
8.74682	94.2891
8.74842	94.3096
8.75002	94.3301
8.75162	94.3506
8.75323	94.3711
8.75483	94.3916
8.75643	94.4121
8.75803	94.4326
8.75963	94.4531
8.76124	94.4736
8.76284	94.4941
8.76444	94.5146
8.81811	94.5352
8.81971	94.5557
8.82132	94.5762
8.82292	94.5967
8.82452	94.6172
8.82612	94.6377
8.82773	94.6582
8.82933	94.6787
8.83093	94.6992
8.83253	94.7197
8.83413	94.7402
8.83574	94.7607
8.83734	94.7812
8.83894	94.8018
8.84054	94.8223
8.84214	94.8428
8.84375	94.8633
8.84535	94.8838
8.84695	94.9043
8.84855	94.9248
8.85016	94.9453
8.85176	94.9658
8.85336	94.9863
8.85496	95.0068
8.85656	95.0273
8.85817	95.0479
8.85977	95.0684
8.86137	95.0889
8.86297	95.1094
8.86457	95.1299
8.86618	95.1504
8.86778	95.1709
8.86938	95.1914
8.92385	95.2119
8.92546	95.2324
8.92706	95.2529
8.92866	95.2734
8.93026	95.2939
8.93186	95.3145
8.93347	95.335
8.93507	95.3555
8.93667	95.376
8.93827	95.3965
8.93987	95.417
8.94148	95.4375
8.94308	95.458
8.94468	95.4785
8.94628	95.499
8.94789	95.5195
8.94949	95.54
8.95109	95.5605
8.95269	95.5811
8.95429	95.6016
8.9559	95.6221
8.9575	95.6426
8.9591	95.6631
8.9607	95.6836
8.9623	95.7041
8.96391	95.7246
8.96551	95.7451
8.96711	95.7656
8.96871	95.7861
8.97032	95.8066
8.97192	95.8271
8.97352	95.8477
8.97512	95.8682
9.0304	95.8887
9.032	95.9092
9.0336	95.9297
9.0352	95.9502
9.0368	95.9707
9.03841	95.9912
9.04001	96.0117
9.04161	96.0322
9.04321	96.0527
9.04481	96.0732
9.04642	96.0938
9.04802	96.1143
9.04962	96.1348
9.05122	96.1553
9.05283	96.1758
9.05443	96.1963
9.05603	96.2168
9.05763	96.2373
9.05923	96.2578
9.06084	96.2783
9.06244	96.2988
9.06404	96.3193
9.06564	96.3398
9.06724	96.3604
9.06885	96.3809
9.07045	96.4014
9.07205	96.4219
9.07365	96.4424
9.07526	96.4629
9.07686	96.4834
9.07846	96.5039
9.08006	96.5244
9.08166	96.5449
9.13614	96.5654
9.13774	96.5859
9.13934	96.6064
9.14094	96.627
9.14254	96.6475
9.14415	96.668
9.14575	96.6885
9.14735	96.709
9.14895	96.7295
9.15056	96.75
9.15216	96.7705
9.15376	96.791
9.15536	96.8115
9.15696	96.832
9.15857	96.8525
9.16017	96.873
9.16177	96.8936
9.16337	96.9141
9.16497	96.9346
9.16658	96.9551
9.16818	96.9756
9.16978	96.9961
9.17138	97.0166
9.17299	97.0371
9.17459	97.0576
9.17619	97.0781
9.17779	97.0986
9.17939	97.1191
9.181	97.1396
9.1826	97.1602
9.1842	97.1807
9.1858	97.2012
9.1874	97.2217
9.18901	97.2422
9.24428	97.2627
9.24588	97.2832
9.24748	97.3037
9.24909	97.3242
9.25069	97.3447
9.25229	97.3652
9.25389	97.3857
9.2555	97.4062
9.2571	97.4268
9.2587	97.4473
9.2603	97.4678
9.2619	97.4883
9.26351	97.5088
9.26511	97.5283
9.26671	97.5479
9.26831	97.5674
9.26991	97.5869
9.27152	97.6064
9.27312	97.626
9.27472	97.6455
9.27632	97.665
9.27793	97.6846
9.27953	97.7041
9.28113	97.7236
9.28273	97.7432
9.28433	97.7627
9.28594	97.7822
9.28754	97.8018
9.28914	97.8213
9.29074	97.8408
9.29234	97.8604
9.29395	97.8799
9.29555	97.8994
9.29715	97.9189
9.35323	97.9385
9.35483	97.958
9.35643	97.9775
9.35803	97.9971
9.35963	98.0166
9.36124	98.0361
9.36284	98.0557
9.36444	98.0752
9.36604	98.0947
9.36764	98.1143
9.36925	98.1338
9.37085	98.1533
9.37245	98.1729
9.37405	98.1924
9.37566	98.2119
9.37726	98.2314
9.37886	98.251
9.38046	98.2705
9.38206	98.29
9.38367	98.3096
9.38527	98.3291
9.38687	98.3486
9.38847	98.3682
9.39007	98.3877
9.39168	98.4072
9.39328	98.4268
9.39488	98.4463
9.39648	98.4658
9.39809	98.4854
9.39969	98.5049
9.40129	98.5244
9.40289	98.5439
9.40449	98.5635
9.4061	98.583
9.46297	98.6025
9.46457	98.6221
9.46618	98.6416
9.46778	98.6611
9.46938	98.6807
9.47098	98.7002
9.47258	98.7197
9.47419	98.7393
9.47579	98.7588
9.47739	98.7783
9.47899	98.7979
9.4806	98.8174
9.4822	98.8369
9.4838	98.8564
9.4854	98.876
9.487	98.8955
9.48861	98.915
9.49021	98.9346
9.49181	98.9541
9.49341	98.9736
9.49501	98.9932
9.49662	99.0127
9.49822	99.0322
9.49982	99.0518
9.50142	99.0713
9.50303	99.0908
9.50463	99.1104
9.50623	99.1299
9.50783	99.1494
9.50943	99.1689
9.51104	99.1885
9.51264	99.208
9.51424	99.2275
9.51584	99.2471
9.57192	99.2666
9.57352	99.2861
9.57512	99.3057
9.57672	99.3252
9.57833	99.3447
9.57993	99.3643
9.58153	99.3838
9.58313	99.4033
9.58473	99.4229
9.58634	99.4424
9.58794	99.4619
9.58954	99.4814
9.59114	99.501
9.59274	99.5205
9.59435	99.54
9.59595	99.5596
9.59755	99.5791
9.59915	99.5986
9.60076	99.6182
9.60236	99.6377
9.60396	99.6572
9.60556	99.6768
9.60716	99.6963
9.60877	99.7158
9.61037	99.7354
9.61197	99.7549
9.61357	99.7744
9.61517	99.7939
9.61678	99.8135
9.61838	99.833
9.61998	99.8525
9.62158	99.8721
9.62319	99.8916
9.62479	99.9111
9.62639	99.9307
9.68327	99.9502
9.68487	99.9697
9.68647	99.9893
9.68807	100.009
9.68967	100.028
9.69128	100.048
9.69288	100.067
9.69448	100.087
9.69608	100.106
9.69768	100.126
9.69929	100.146
9.70089	100.165
9.70249	100.185
9.70409	100.204
9.70569	100.224
9.7073	100.243
9.7089	100.263
9.7105	100.282
9.7121	100.302
9.71371	100.321
9.71531	100.341
9.71691	100.36
9.71851	100.38
9.72011	100.399
9.72172	100.419
9.72332	100.438
9.72492	100.458
9.72652	100.478
9.72812	100.497
9.72973	100.517
9.73133	100.536
9.73293	100.556
9.73453	100.575
9.73614	100.595
9.73774	100.614
9.79541	100.634
9.79702	100.653
9.79862	100.673
9.80022	100.692
9.80182	100.712
9.80343	100.731
9.80503	100.751
9.80663	100.771
9.80823	100.79
9.80983	100.81
9.81144	100.829
9.81304	100.849
9.81464	100.868
9.81624	100.888
9.81784	100.907
9.81945	100.927
9.82105	100.946
9.82265	100.966
9.82425	100.985
9.82586	101.005
9.82746	101.024
9.82906	101.044
9.83066	101.063
9.83226	101.083
9.83387	101.103
9.83547	101.122
9.83707	101.142
9.83867	101.161
9.84027	101.181
9.84188	101.2
9.84348	101.22
9.84508	101.239
9.84668	101.259
9.84828	101.278
9.84989	101.298
9.90836	101.317
9.90997	101.337
9.91157	101.356
9.91317	101.376
9.91477	101.396
9.91638	101.415
9.91798	101.435
9.91958	101.454
9.92118	101.474
9.92278	101.493
9.92439	101.513
9.92599	101.532
9.92759	101.552
9.92919	101.571
9.93079	101.591
9.9324	101.61
9.934	101.63
9.9356	101.649
9.9372	101.669
9.93881	101.688
9.94041	101.708
9.94201	101.728
9.94361	101.747
9.94521	101.767
9.94682	101.786
9.94842	101.806
9.95002	101.825
9.95162	101.845
9.95322	101.864
9.95483	101.884
9.95643	101.903
9.95803	101.923
9.95963	101.942
9.96124	101.962
9.96284	101.981
10.0205	102.001
10.0221	102.021
10.0237	102.04
10.0253	102.06
10.0269	102.079
10.0285	102.099
10.0301	102.118
10.0317	102.138
10.0333	102.157
10.0349	102.177
10.0365	102.196
10.0381	102.216
10.0397	102.235
10.0413	102.255
10.0429	102.274
10.0445	102.294
10.0461	102.313
10.0478	102.333
10.0494	102.353
10.051	102.372
10.0526	102.392
10.0542	102.41
10.0558	102.429
10.0574	102.447
10.059	102.466
10.0606	102.484
10.0622	102.503
10.0638	102.521
10.0654	102.54
10.067	102.559
10.0686	102.577
10.0702	102.596
10.0718	102.614
10.0734	102.633
10.075	102.651
10.0766	102.67
10.1351	102.688
10.1367	102.707
10.1383	102.726
10.1399	102.744
10.1415	102.763
10.1431	102.781
10.1447	102.8
10.1463	102.818
10.1479	102.837
10.1495	102.855
10.1511	102.874
10.1527	102.893
10.1543	102.911
10.1559	102.93
10.1575	102.948
10.1591	102.967
10.1607	102.985
10.1623	103.004
10.1639	103.022
10.1655	103.041
10.1671	103.06
10.1687	103.078
10.1703	103.097
10.1719	103.115
10.1735	103.134
10.1751	103.152
10.1767	103.171
10.1783	103.189
10.1799	103.208
10.1815	103.227
10.1831	103.245
10.1847	103.264
10.1863	103.282
10.1879	103.301
10.1895	103.319
10.1911	103.338
10.2504	103.356
10.252	103.375
10.2536	103.394
10.2552	103.412
10.2568	103.431
10.2584	103.449
10.26	103.468
10.2616	103.486
10.2632	103.505
10.2648	103.523
10.2664	103.542
10.268	103.561
10.2696	103.579
10.2712	103.598
10.2729	103.616
10.2745	103.635
10.2761	103.653
10.2777	103.672
10.2793	103.69
10.2809	103.709
10.2825	103.728
10.2841	103.746
10.2857	103.765
10.2873	103.783
10.2889	103.802
10.2905	103.82
10.2921	103.839
10.2937	103.857
10.2953	103.876
10.2969	103.895
10.2985	103.913
10.3001	103.932
10.3017	103.95
10.3033	103.969
10.3049	103.987
10.3065	104.006
10.3666	104.024
10.3682	104.043
10.3698	104.062
10.3714	104.08
10.373	104.099
10.3746	104.117
10.3762	104.136
10.3778	104.154
10.3794	104.173
10.381	104.191
10.3826	104.21
10.3842	104.229
10.3858	104.247
10.3874	104.266
10.389	104.284
10.3906	104.303
10.3922	104.321
10.3938	104.34
10.3954	104.358
10.397	104.377
10.3986	104.396
10.4002	104.414
10.4018	104.433
10.4034	104.451
10.405	104.47
10.4066	104.488
10.4082	104.507
10.4098	104.525
10.4114	104.544
10.413	104.562
10.4146	104.581
10.4162	104.6
10.4178	104.618
10.4194	104.637
10.421	104.655
10.4226	104.674
10.4819	104.692
10.4835	104.711
10.4851	104.729
10.4867	104.748
10.4883	104.767
10.4899	104.785
10.4915	104.804
10.4931	104.822
10.4947	104.841
10.4963	104.859
10.498	104.878
10.4996	104.896
10.5012	104.915
10.5028	104.934
10.5044	104.952
10.506	104.971
10.5076	104.989
10.5092	105.008
10.5108	105.026
10.5124	105.045
10.514	105.063
10.5156	105.082
10.5172	105.101
10.5188	105.119
10.5204	105.138
10.522	105.156
10.5236	105.175
10.5252	105.193
10.5268	105.212
10.5284	105.23
10.53	105.249
10.5316	105.268
10.5332	105.286
10.5348	105.305
10.5364	105.323
10.538	105.342
10.5396	105.36
10.5997	105.379
10.6013	105.397
10.6029	105.416
10.6045	105.435
10.6061	105.453
10.6077	105.472
10.6093	105.49
10.6109	105.509
10.6125	105.527
10.6141	105.546
10.6157	105.564
10.6173	105.583
10.6189	105.602
10.6205	105.62
10.6221	105.639
10.6237	105.657
10.6253	105.676
10.6269	105.694
10.6285	105.713
10.6301	105.731
10.6317	105.75
10.6333	105.769
10.6349	105.787
10.6365	105.806
10.6381	105.824
10.6397	105.843
10.6413	105.861
10.6429	105.88
10.6445	105.898
10.6461	105.917
10.6477	105.936
10.6494	105.954
10.651	105.973
10.6526	105.991
10.6542	106.01
10.6558	106.028
10.6574	106.047
10.7182	106.065
10.7198	106.084
10.7214	106.103
10.7231	106.121
10.7247	106.14
10.7263	106.158
10.7279	106.177
10.7295	106.195
10.7311	106.214
10.7327	106.232
10.7343	106.251
10.7359	106.27
10.7375	106.288
10.7391	106.307
10.7407	106.325
10.7423	106.344
10.7439	106.362
10.7455	106.381
10.7471	106.399
10.7487	106.418
10.7503	106.437
10.7519	106.455
10.7535	106.474
10.7551	106.492
10.7567	106.511
10.7583	106.529
10.7599	106.548
10.7615	106.566
10.7631	106.585
10.7647	106.604
10.7663	106.622
10.7679	106.641
10.7695	106.659
10.7711	106.678
10.7727	106.696
10.7743	106.715
10.7759	106.733
10.8368	106.752
10.8384	106.771
10.84	106.789
10.8416	106.808
10.8432	106.826
10.8448	106.845
10.8464	106.863
10.848	106.882
10.8496	106.9
10.8512	106.919
10.8528	106.938
10.8544	106.956
10.856	106.975
10.8576	106.993
10.8592	107.012
10.8608	107.03
10.8624	107.049
10.864	107.067
10.8656	107.086
10.8672	107.104
10.8688	107.123
10.8704	107.142
10.872	107.16
10.8737	107.179
10.8753	107.197
10.8769	107.216
10.8785	107.234
10.8801	107.253
10.8817	107.271
10.8833	107.29
10.8849	107.309
10.8865	107.327
10.8881	107.346
10.8897	107.364
10.8913	107.383
10.8929	107.401
10.8945	107.42
10.9562	107.438
10.9578	107.457
10.9594	107.476
10.961	107.494
10.9626	107.513
10.9642	107.531
10.9658	107.55
10.9674	107.568
10.969	107.587
10.9706	107.605
10.9722	107.624
10.9738	107.643
10.9754	107.661
10.977	107.68
10.9786	107.698
10.9802	107.717
10.9818	107.735
10.9834	107.754
10.985	107.772
10.9866	107.79
10.9882	107.808
10.9898	107.825
10.9914	107.843
10.993	107.86
10.9946	107.878
10.9962	107.896
10.9978	107.913
10.9994	107.931
11.001	107.948
11.0026	107.966
11.0042	107.983
11.0058	108.001
11.0074	108.019
11.009	108.036
11.0106	108.054
11.0122	108.071
11.0138	108.089
11.0747	108.106
11.0763	108.124
11.0779	108.142
11.0795	108.159
11.0811	108.177
11.0827	108.194
11.0843	108.212
11.0859	108.229
11.0875	108.247
11.0891	108.265
11.0907	108.282
11.0923	108.3
11.0939	108.317
11.0955	108.335
11.0971	108.353
11.0988	108.37
11.1004	108.388
11.102	108.405
11.1036	108.423
11.1052	108.44
11.1068	108.458
11.1084	108.476
11.11	108.493
11.1116	108.511
11.1132	108.528
11.1148	108.546
11.1164	108.563
11.118	108.581
11.1196	108.599
11.1212	108.616
11.1228	108.634
11.1244	108.651
11.126	108.669
11.1276	108.687
11.1292	108.704
11.1308	108.722
11.1324	108.739
11.134	108.757
11.1957	108.774
11.1973	108.792
11.1989	108.81
11.2005	108.827
11.2021	108.845
11.2037	108.862
11.2053	108.88
11.2069	108.897
11.2085	108.915
11.2101	108.933
11.2117	108.95
11.2133	108.968
11.2149	108.985
11.2165	109.003
11.2181	109.021
11.2197	109.038
11.2213	109.056
11.2229	109.073
11.2245	109.091
11.2261	109.108
11.2277	109.126
11.2293	109.144
11.2309	109.161
11.2325	109.179
11.2341	109.196
11.2357	109.214
11.2373	109.231
11.2389	109.249
11.2405	109.267
11.2421	109.284
11.2437	109.302
11.2453	109.319
11.2469	109.337
11.2486	109.354
11.2502	109.372
11.2518	109.39
11.2534	109.407
11.255	109.425
11.3174	109.442
11.319	109.46
11.3206	109.478
11.3222	109.495
11.3239	109.513
11.3255	109.53
11.3271	109.548
11.3287	109.565
11.3303	109.583
11.3319	109.601
11.3335	109.618
11.3351	109.636
11.3367	109.653
11.3383	109.671
11.3399	109.688
11.3415	109.706
11.3431	109.724
11.3447	109.741
11.3463	109.759
11.3479	109.776
11.3495	109.794
11.3511	109.812
11.3527	109.829
11.3543	109.847
11.3559	109.864
11.3575	109.882
11.3591	109.899
11.3607	109.917
11.3623	109.935
11.3639	109.952
11.3655	109.97
11.3671	109.987
11.3687	110.005
11.3703	110.022
11.3719	110.04
11.3735	110.058
11.3751	110.075
11.3767	110.093
11.44	110.11
11.4416	110.128
11.4432	110.146
11.4448	110.163
11.4464	110.181
11.448	110.198
11.4496	110.216
11.4512	110.233
11.4528	110.251
11.4544	110.269
11.456	110.286
11.4576	110.304
11.4592	110.321
11.4608	110.339
11.4624	110.356
11.464	110.374
11.4656	110.392
11.4672	110.409
11.4688	110.427
11.4704	110.444
11.472	110.462
11.4736	110.479
11.4753	110.497
11.4769	110.515
11.4785	110.532
11.4801	110.55
11.4817	110.567
11.4833	110.585
11.4849	110.603
11.4865	110.62
11.4881	110.638
11.4897	110.655
11.4913	110.673
11.4929	110.69
11.4945	110.708
11.4961	110.726
11.4977	110.743
11.4993	110.761
11.5618	110.778
11.5634	110.796
11.565	110.813
11.5666	110.831
11.5682	110.849
11.5698	110.866
11.5714	110.884
11.573	110.901
11.5746	110.919
11.5762	110.937
11.5778	110.954
11.5794	110.972
11.581	110.989
11.5826	111.007
11.5842	111.024
11.5858	111.042
11.5874	111.06
11.589	111.077
11.5906	111.095
11.5922	111.112
11.5938	111.13
11.5954	111.147
11.597	111.165
11.5986	111.183
11.6002	111.2
11.6018	111.218
11.6034	111.235
11.605	111.253
11.6066	111.271
11.6082	111.288
11.6098	111.306
11.6114	111.323
11.613	111.341
11.6146	111.358
11.6162	111.376
11.6178	111.394
11.6194	111.411
11.621	111.429
11.6226	111.446
11.6859	111.464
11.6875	111.481
11.6891	111.499
11.6907	111.517
11.6923	111.534
11.6939	111.552
11.6955	111.569
11.6971	111.587
11.6987	111.604
11.7004	111.622
11.702	111.64
11.7036	111.657
11.7052	111.675
11.7068	111.692
11.7084	111.71
11.71	111.728
11.7116	111.745
11.7132	111.763
11.7148	111.78
11.7164	111.798
11.718	111.815
11.7196	111.833
11.7212	111.851
11.7228	111.868
11.7244	111.886
11.726	111.903
11.7276	111.921
11.7292	111.938
11.7308	111.956
11.7324	111.974
11.734	111.991
11.7356	112.009
11.7372	112.026
11.7388	112.044
11.7404	112.062
11.742	112.079
11.7436	112.097
11.7452	112.114
11.7468	112.132
11.8109	112.149
11.8125	112.167
11.8141	112.185
11.8157	112.202
11.8173	112.22
11.8189	112.237
11.8205	112.255
11.8221	112.272
11.8237	112.29
11.8253	112.308
11.8269	112.325
11.8285	112.343
11.8301	112.36
11.8317	112.378
11.8333	112.396
11.8349	112.413
11.8365	112.431
11.8381	112.448
11.8397	112.466
11.8413	112.483
11.8429	112.501
11.8445	112.519
11.8461	112.536
11.8477	112.554
11.8494	112.571
11.851	112.589
11.8526	112.606
11.8542	112.624
11.8558	112.642
11.8574	112.659
11.859	112.677
11.8606	112.694
11.8622	112.712
11.8638	112.729
11.8654	112.747
11.867	112.765
11.8686	112.782
11.8702	112.8
11.8718	112.817
11.9367	112.835
11.9383	112.853
11.9399	112.87
11.9415	112.888
11.9431	112.905
11.9447	112.923
11.9463	112.94
11.9479	112.958
11.9495	112.976
11.9511	112.993
11.9527	113.011
11.9543	113.028
11.9559	113.046
11.9575	113.063
11.9591	113.081
11.9607	113.099
11.9623	113.116
11.9639	113.134
11.9655	113.151
11.9671	113.169
11.9687	113.187
11.9703	113.204
11.9719	113.222
11.9735	113.239
11.9751	113.257
11.9767	113.274
11.9783	113.292
11.9799	113.31
11.9815	113.327
11.9831	113.345
11.9847	113.362
11.9863	113.38
11.9879	113.397
11.9895	113.415
11.9911	113.433
11.9927	113.45
11.9943	113.468
11.9959	113.485
11.9975	113.503
12.0616	113.521
12.0632	113.538
12.0648	113.556
12.0664	113.573
12.068	113.591
12.0696	113.608
12.0712	113.626
12.0728	113.644
12.0745	113.661
12.0761	113.679
12.0777	113.696
12.0793	113.714
12.0809	113.731
12.0825	113.749
12.0841	113.767
12.0857	113.783
12.0873	113.8
12.0889	113.816
12.0905	113.833
12.0921	113.85
12.0937	113.866
12.0953	113.883
12.0969	113.899
12.0985	113.916
12.1001	113.933
12.1017	113.949
12.1033	113.966
12.1049	113.982
12.1065	113.999
12.1081	114.016
12.1097	114.032
12.1113	114.049
12.1129	114.065
12.1145	114.082
12.1161	114.099
12.1177	114.115
12.1193	114.132
12.1209	114.148
12.1225	114.165
12.1241	114.182
12.189	114.198
12.1906	114.215
12.1922	114.231
12.1938	114.248
12.1954	114.265
12.197	114.281
12.1986	114.298
12.2002	114.314
12.2018	114.331
12.2034	114.348
12.205	114.364
12.2066	114.381
12.2082	114.397
12.2098	114.414
12.2114	114.431
12.213	114.447
12.2146	114.464
12.2162	114.48
12.2178	114.497
12.2194	114.514
12.221	114.53
12.2226	114.547
12.2242	114.563
12.2259	114.58
12.2275	114.597
12.2291	114.613
12.2307	114.63
12.2323	114.646
12.2339	114.663
12.2355	114.68
12.2371	114.696
12.2387	114.713
12.2403	114.729
12.2419	114.746
12.2435	114.763
12.2451	114.779
12.2467	114.796
12.2483	114.812
12.2499	114.829
12.2515	114.846
12.3172	114.862
12.3188	114.879
12.3204	114.896
12.322	114.912
12.3236	114.929
12.3252	114.945
12.3268	114.962
12.3284	114.979
12.33	114.995
12.3316	115.012
12.3332	115.028
12.3348	115.045
12.3364	115.062
12.338	115.078
12.3396	115.095
12.3412	115.111
12.3428	115.128
12.3444	115.145
12.346	115.161
12.3476	115.178
12.3492	115.194
12.3508	115.211
12.3524	115.228
12.354	115.244
12.3556	115.261
12.3572	115.277
12.3588	115.294
12.3604	115.311
12.362	115.327
12.3636	115.344
12.3652	115.36
12.3668	115.377
12.3684	115.394
12.37	115.41
12.3716	115.427
12.3732	115.443
12.3749	115.46
12.3765	115.477
12.3781	115.493
12.3797	115.51
12.4461	115.526
12.4477	115.543
12.4493	115.56
12.451	115.576
12.4526	115.593
12.4542	115.609
12.4558	115.626
12.4574	115.643
12.459	115.659
12.4606	115.676
12.4622	115.692
12.4638	115.709
12.4654	115.726
12.467	115.742
12.4686	115.759
12.4702	115.775
12.4718	115.792
12.4734	115.809
12.475	115.825
12.4766	115.842
12.4782	115.858
12.4798	115.875
12.4814	115.892
12.483	115.908
12.4846	115.925
12.4862	115.941
12.4878	115.958
12.4894	115.975
12.491	115.991
12.4926	116.008
12.4942	116.024
12.4958	116.041
12.4974	116.058
12.499	116.074
12.5006	116.091
12.5022	116.107
12.5038	116.124
12.5054	116.141
12.507	116.157
12.5086	116.174
12.5743	116.19
12.5759	116.207
12.5775	116.224
12.5791	116.24
12.5807	116.257
12.5823	116.273
12.5839	116.29
12.5855	116.307
12.5871	116.323
12.5887	116.34
12.5903	116.356
12.5919	116.373
12.5935	116.39
12.5951	116.406
12.5967	116.423
12.5983	116.439
12.6	116.456
12.6016	116.473
12.6032	116.489
12.6048	116.506
12.6064	116.522
12.608	116.539
12.6096	116.556
12.6112	116.572
12.6128	116.589
12.6144	116.605
12.616	116.622
12.6176	116.639
12.6192	116.655
12.6208	116.672
12.6224	116.688
12.624	116.705
12.6256	116.722
12.6272	116.738
12.6288	116.755
12.6304	116.771
12.632	116.788
12.6336	116.805
12.6352	116.821
12.6368	116.838
12.6384	116.854
12.7049	116.871
12.7065	116.888
12.7081	116.904
12.7097	116.921
12.7113	116.938
12.7129	116.954
12.7145	116.971
12.7161	116.987
12.7177	117.004
12.7193	117.021
12.7209	117.037
12.7225	117.054
12.7241	117.07
12.7257	117.087
12.7273	117.104
12.7289	117.12
12.7305	117.137
12.7321	117.153
12.7337	117.17
12.7353	117.187
12.7369	117.203
12.7385	117.22
12.7401	117.236
12.7417	117.253
12.7433	117.27
12.7449	117.286
12.7465	117.303
12.7481	117.319
12.7497	117.336
12.7514	117.353
12.753	117.369
12.7546	117.386
12.7562	117.402
12.7578	117.419
12.7594	117.436
12.761	117.452
12.7626	117.469
12.7642	117.485
12.7658	117.502
12.7674	117.519
12.769	117.535
12.8363	117.552
12.8379	117.568
12.8395	117.585
12.8411	117.602
12.8427	117.618
12.8443	117.635
12.8459	117.651
12.8475	117.668
12.8491	117.685
12.8507	117.701
12.8523	117.718
12.8539	117.734
12.8555	117.751
12.8571	117.768
12.8587	117.784
12.8603	117.801
12.8619	117.817
12.8635	117.834
12.8651	117.851
12.8667	117.867
12.8683	117.884
12.8699	117.9
12.8715	117.917
12.8731	117.934
12.8747	117.95
12.8763	117.967
12.8779	117.983
12.8795	118
12.8811	118.017
12.8827	118.033
12.8843	118.05
12.8859	118.066
12.8875	118.083
12.8891	118.1
12.8907	118.116
12.8923	118.133
12.8939	118.149
12.8955	118.166
12.8971	118.183
12.8987	118.199
12.9004	118.216
12.9684	118.232
12.97	118.249
12.9716	118.266
12.9732	118.282
12.9748	118.299
12.9765	118.315
12.9781	118.332
12.9797	118.349
12.9813	118.365
12.9829	118.382
12.9845	118.398
12.9861	118.415
12.9877	118.432
12.9893	118.448
12.9909	118.465
12.9925	118.481
12.9941	118.498
12.9957	118.515
12.9973	118.531
12.9989	118.548
13.0005	118.564
13.0021	118.581
13.0037	118.598
13.0053	118.614
13.0069	118.631
13.0085	118.647
13.0101	118.664
13.0117	118.681
13.0133	118.697
13.0149	118.714
13.0165	118.73
13.0181	118.747
13.0197	118.764
13.0213	118.78
13.0229	118.797
13.0245	118.813
13.0261	118.83
13.0277	118.847
13.0293	118.863
13.0309	118.88
13.0325	118.896
13.0998	118.913
13.1014	118.93
13.103	118.946
13.1046	118.963
13.1062	118.979
13.1078	118.996
13.1094	119.013
13.111	119.029
13.1126	119.046
13.1142	119.062
13.1158	119.079
13.1174	119.096
13.119	119.112
13.1206	119.129
13.1222	119.146
13.1238	119.162
13.1254	119.179
13.1271	119.195
13.1287	119.212
13.1303	119.229
13.1319	119.245
13.1335	119.262
13.1351	119.278
13.1367	119.295
13.1383	119.312
13.1399	119.328
13.1415	119.345
13.1431	119.361
13.1447	119.378
13.1463	119.395
13.1479	119.411
13.1495	119.428
13.1511	119.444
13.1527	119.461
13.1543	119.478
13.1559	119.494
13.1575	119.511
13.1591	119.527
13.1607	119.544
13.1623	119.561
13.1639	119.577
13.1655	119.594
13.2336	119.61
13.2352	119.627
13.2368	119.644
13.2384	119.66
13.24	119.677
13.2416	119.693
13.2432	119.71
13.2448	119.727
13.2464	119.743
13.248	119.76
13.2496	119.776
13.2512	119.793
13.2528	119.81
13.2544	119.826
13.256	119.843
13.2576	119.859
13.2592	119.876
13.2608	119.893
13.2624	119.909
13.264	119.926
13.2656	119.942
13.2672	119.959
13.2688	119.976
13.2704	119.992
13.272	120.009
13.2736	120.025
13.2752	120.042
13.2769	120.059
13.2785	120.075
13.2801	120.092
13.2817	120.108
13.2833	120.125
13.2849	120.142
13.2865	120.158
13.2881	120.175
13.2897	120.191
13.2913	120.208
13.2929	120.225
13.2945	120.241
13.2961	120.258
13.2977	120.274
13.2993	120.291
13.3682	120.308
13.3698	120.324
13.3714	120.341
13.373	120.357
13.3746	120.374
13.3762	120.391
13.3778	120.407
13.3794	120.424
13.381	120.44
13.3826	120.457
13.3842	120.473
13.3858	120.488
13.3874	120.504
13.389	120.52
13.3906	120.535
13.3922	120.551
13.3938	120.566
13.3954	120.582
13.397	120.598
13.3986	120.613
13.4002	120.629
13.4018	120.645
13.4034	120.66
13.405	120.676
13.4066	120.691
13.4082	120.707
13.4098	120.723
13.4114	120.738
13.413	120.754
13.4146	120.77
13.4162	120.785
13.4178	120.801
13.4194	120.816
13.421	120.832
13.4226	120.848
13.4242	120.863
13.4259	120.879
13.4275	120.895
13.4291	120.91
13.4307	120.926
13.4323	120.941
13.4339	120.957
13.5036	120.973
13.5052	120.988
13.5068	121.004
13.5084	121.02
13.51	121.035
13.5116	121.051
13.5132	121.066
13.5148	121.082
13.5164	121.098
13.518	121.113
13.5196	121.129
13.5212	121.145
13.5228	121.16
13.5244	121.176
13.526	121.191
13.5276	121.207
13.5292	121.223
13.5308	121.238
13.5324	121.254
13.534	121.27
13.5356	121.285
13.5372	121.301
13.5388	121.316
13.5404	121.332
13.542	121.348
13.5436	121.363
13.5452	121.379
13.5468	121.395
13.5484	121.41
13.55	121.426
13.5516	121.441
13.5532	121.457
13.5548	121.473
13.5564	121.488
13.558	121.504
13.5596	121.52
13.5612	121.535
13.5628	121.551
13.5644	121.566
13.566	121.582
13.5676	121.598
13.5692	121.613
13.6381	121.629
13.6397	121.645
13.6413	121.66
13.6429	121.676
13.6445	121.691
13.6461	121.707
13.6477	121.723
13.6493	121.738
13.6509	121.754
13.6526	121.77
13.6542	121.785
13.6558	121.801
13.6574	121.816
13.659	121.832
13.6606	121.848
13.6622	121.863
13.6638	121.879
13.6654	121.895
13.667	121.91
13.6686	121.926
13.6702	121.941
13.6718	121.957
13.6734	121.973
13.675	121.988
13.6766	122.004
13.6782	122.02
13.6798	122.035
13.6814	122.051
13.683	122.066
13.6846	122.082
13.6862	122.098
13.6878	122.113
13.6894	122.129
13.691	122.145
13.6926	122.16
13.6942	122.176
13.6958	122.191
13.6974	122.207
13.699	122.223
13.7006	122.238
13.7022	122.254
13.7038	122.27
13.7054	122.285
13.7751	122.301
13.7767	122.316
13.7783	122.332
13.7799	122.348
13.7815	122.363
13.7831	122.379
13.7847	122.395
13.7863	122.41
13.7879	122.426
13.7895	122.441
13.7911	122.457
13.7927	122.473
13.7943	122.488
13.7959	122.504
13.7975	122.52
13.7991	122.535
13.8007	122.551
13.8024	122.566
13.804	122.582
13.8056	122.598
13.8072	122.613
13.8088	122.629
13.8104	122.645
13.812	122.66
13.8136	122.676
13.8152	122.691
13.8168	122.707
13.8184	122.723
13.82	122.738
13.8216	122.754
13.8232	122.77
13.8248	122.785
13.8264	122.801
13.828	122.816
13.8296	122.832
13.8312	122.848
13.8328	122.863
13.8344	122.879
13.836	122.895
13.8376	122.91
13.8392	122.926
13.8408	122.941
13.8424	122.957
13.9129	122.973
13.9145	122.988
13.9161	123.004
13.9177	123.02
13.9193	123.035
13.9209	123.051
13.9225	123.066
13.9241	123.082
13.9257	123.098
13.9273	123.113
13.9289	123.129
13.9305	123.145
13.9321	123.16
13.9337	123.176
13.9353	123.191
13.9369	123.207
13.9385	123.223
13.9401	123.238
13.9417	123.254
13.9433	123.27
13.9449	123.285
13.9465	123.301
13.9481	123.316
13.9497	123.332
13.9514	123.348
13.953	123.363
13.9546	123.379
13.9562	123.395
13.9578	123.41
13.9594	123.426
13.961	123.441
13.9626	123.457
13.9642	123.473
13.9658	123.488
13.9674	123.504
13.969	123.52
13.9706	123.535
13.9722	123.551
13.9738	123.566
13.9754	123.582
13.977	123.598
13.9786	123.613
13.9802	123.629
14.0507	123.645
14.0523	123.66
14.0539	123.676
14.0555	123.691
14.0571	123.707
14.0587	123.723
14.0603	123.738
14.0619	123.754
14.0635	123.77
14.0651	123.785
14.0667	123.801
14.0683	123.816
14.0699	123.832
14.0715	123.848
14.0731	123.863
14.0747	123.879
14.0763	123.895
14.0779	123.91
14.0795	123.926
14.0811	123.941
14.0827	123.957
14.0843	123.973
14.0859	123.988
14.0875	124.004
14.0891	124.02
14.0907	124.035
14.0923	124.051
14.0939	124.066
14.0955	124.082
14.0971	124.098
14.0987	124.113
14.1003	124.129
14.102	124.145
14.1036	124.16
14.1052	124.176
14.1068	124.191
14.1084	124.207
14.11	124.223
14.1116	124.238
14.1132	124.254
14.1148	124.27
14.1164	124.285
14.118	124.301
14.1893	124.316
14.1909	124.332
14.1925	124.348
14.1941	124.363
14.1957	124.379
14.1973	124.395
14.1989	124.41
14.2005	124.426
14.2021	124.441
14.2037	124.457
14.2053	124.473
14.2069	124.488
14.2085	124.504
14.2101	124.52
14.2117	124.535
14.2133	124.551
14.2149	124.566
14.2165	124.582
14.2181	124.598
14.2197	124.613
14.2213	124.629
14.2229	124.645
14.2245	124.66
14.2261	124.676
14.2277	124.691
14.2293	124.707
14.2309	124.723
14.2325	124.738
14.2341	124.754
14.2357	124.77
14.2373	124.785
14.2389	124.801
14.2405	124.816
14.2421	124.832
14.2437	124.848
14.2453	124.863
14.2469	124.879
14.2485	124.895
14.2501	124.91
14.2518	124.926
14.2534	124.941
14.255	124.957
14.2566	124.973
14.3271	124.988
14.3287	125.004
14.3303	125.02
14.3319	125.035
14.3335	125.051
14.3351	125.066
14.3367	125.082
14.3383	125.098
14.3399	125.113
14.3415	125.129
14.3431	125.145
14.3447	125.16
14.3463	125.176
14.3479	125.191
14.3495	125.207
14.3511	125.223
14.3527	125.238
14.3543	125.254
14.3559	125.27
14.3575	125.285
14.3591	125.301
14.3607	125.316
14.3623	125.332
14.3639	125.348
14.3655	125.363
14.3671	125.379
14.3687	125.395
14.3703	125.41
14.3719	125.426
14.3735	125.441
14.3751	125.457
14.3767	125.473
14.3783	125.488
14.3799	125.504
14.3815	125.52
14.3831	125.535
14.3847	125.551
14.3863	125.566
14.3879	125.582
14.3895	125.598
14.3911	125.613
14.3927	125.629
14.3943	125.645
14.3959	125.66
14.4672	125.676
14.4688	125.691
14.4704	125.707
14.472	125.723
14.4736	125.738
14.4752	125.754
14.4769	125.77
14.4785	125.785
14.4801	125.801
14.4817	125.816
14.4833	125.832
14.4849	125.848
14.4865	125.863
14.4881	125.879
14.4897	125.895
14.4913	125.91
14.4929	125.926
14.4945	125.941
14.4961	125.957
14.4977	125.973
14.4993	125.988
14.5009	126.004
14.5025	126.02
14.5041	126.035
14.5057	126.051
14.5073	126.066
14.5089	126.082
14.5105	126.098
14.5121	126.113
14.5137	126.129
14.5153	126.145
14.5169	126.16
14.5185	126.176
14.5201	126.191
14.5217	126.207
14.5233	126.223
14.5249	126.238
14.5265	126.254
14.5281	126.27
14.5297	126.285
14.5313	126.301
14.5329	126.316
14.5345	126.332
14.5361	126.348
14.6082	126.363
14.6098	126.379
14.6114	126.395
14.613	126.41
14.6146	126.426
14.6162	126.441
14.6178	126.457
14.6194	126.473
14.621	126.488
14.6226	126.504
14.6242	126.52
14.6258	126.535
14.6275	126.551
14.6291	126.566
14.6307	126.582
14.6323	126.598
14.6339	126.613
14.6355	126.629
14.6371	126.645
14.6387	126.66
14.6403	126.676
14.6419	126.691
14.6435	126.707
14.6451	126.723
14.6467	126.738
14.6483	126.754
14.6499	126.77
14.6515	126.785
14.6531	126.801
14.6547	126.816
14.6563	126.832
14.6579	126.848
14.6595	126.863
14.6611	126.879
14.6627	126.895
14.6643	126.91
14.6659	126.926
14.6675	126.941
14.6691	126.957
14.6707	126.973
14.6723	126.988
14.6739	127.004
14.6755	127.02
14.6771	127.035
14.75	127.051
14.7516	127.066
14.7532	127.082
14.7548	127.098
14.7564	127.113
14.758	127.129
14.7596	127.145
14.7612	127.16
14.7628	127.176
14.7644	127.191
14.766	127.207
14.7676	127.223
14.7692	127.238
14.7708	127.254
14.7724	127.27
14.774	127.285
14.7756	127.301
14.7773	127.316
14.7789	127.332
14.7805	127.348
14.7821	127.363
14.7837	127.379
14.7853	127.395
14.7869	127.41
14.7885	127.426
14.7901	127.441
14.7917	127.457
14.7933	127.473
14.7949	127.488
14.7965	127.504
14.7981	127.52
14.7997	127.535
14.8013	127.551
14.8029	127.566
14.8045	127.582
14.8061	127.598
14.8077	127.613
14.8093	127.629
14.8109	127.645
14.8125	127.66
14.8141	127.676
14.8157	127.691
14.8173	127.707
14.8189	127.723
14.891	127.738
14.8926	127.754
14.8942	127.77
14.8958	127.785
14.8974	127.801
14.899	127.816
14.9006	127.832
14.9022	127.848
14.9038	127.863
14.9054	127.879
14.907	127.895
14.9086	127.91
14.9102	127.926
14.9118	127.941
14.9134	127.957
14.915	127.973
14.9166	127.988
14.9182	128.003
14.9198	128.018
14.9214	128.032
14.923	128.047
14.9246	128.062
14.9262	128.076
14.9279	128.091
14.9295	128.105
14.9311	128.12
14.9327	128.135
14.9343	128.149
14.9359	128.164
14.9375	128.179
14.9391	128.193
14.9407	128.208
14.9423	128.223
14.9439	128.237
14.9455	128.252
14.9471	128.267
14.9487	128.281
14.9503	128.296
14.9519	128.311
14.9535	128.325
14.9551	128.34
14.9561	128.354
14.9577	128.369
14.9593	128.384
14.9602	128.398
14.9618	128.413
15.0341	128.428
15.0365	128.442
15.0374	128.457
15.039	128.472
15.0405	128.486
15.0414	128.501
15.043	128.516
15.0445	128.53
15.0461	128.545
15.0471	128.56
15.0487	128.574
15.0502	128.589
15.0511	128.604
15.0527	128.618
15.0536	128.633
15.055	128.647
15.056	128.662
15.0576	128.677
15.0585	128.691
15.0599	128.706
15.0608	128.721
15.0624	128.735
15.0634	128.75
15.0648	128.765
15.0657	128.779
15.0673	128.794
15.0682	128.809
15.0697	128.823
15.0706	128.838
15.0722	128.853
15.0731	128.867
15.0745	128.882
15.0755	128.896
15.0771	128.911
15.078	128.926
15.0794	128.94
15.0803	128.955
15.0819	128.97
15.0829	128.984
15.0843	128.999
15.0852	129.014
15.0868	129.028
15.0877	129.043
15.0892	129.058
15.0901	129.072
15.0915	129.087
15.0931	129.102
15.094	129.116
15.0949	129.131
15.0972	129.146
15.1012	129.16
15.1029	129.175
15.1055	129.189
15.1079	129.204
15.1104	129.219
15.1121	129.233
15.1146	129.248
15.117	129.263
15.1193	129.277
15.1696	129.292
15.1714	129.307
15.1734	129.321
15.1759	129.336
15.1786	129.351
15.1809	129.365
15.1821	129.38
15.1852	129.395
15.1885	129.409
15.1903	129.424
15.1933	129.438
15.1941	129.453
15.1951	129.468
15.1965	129.482
15.1976	129.497
15.1991	129.512
15.1999	129.526
15.2014	129.541
15.2025	129.556
15.2039	129.57
15.2048	129.585
15.2062	129.6
15.2074	129.614
15.2088	129.629
15.2097	129.644
15.2111	129.658
15.2123	129.673
15.2137	129.688
15.2146	129.702
15.216	129.717
15.2171	129.731
15.2186	129.746
15.2194	129.761
15.2209	129.775
15.222	129.79
15.2234	129.805
15.2243	129.819
15.2257	129.834
15.2269	129.849
15.2283	129.863
15.2292	129.878
15.2306	129.893
15.2317	129.907
15.2357	129.922
15.238	129.937
15.2395	129.951
15.2422	129.966
15.246	129.98
15.2478	129.995
15.2501	130.01
15.252	130.024
15.2552	130.039
15.258	130.054
15.2598	130.068
15.2617	130.083
15.2642	130.098
15.2664	130.112
15.269	130.127
15.271	130.142
15.2727	130.156
15.2748	130.171
15.3048	130.186
15.3063	130.2
15.3085	130.215
15.3106	130.229
15.3131	130.244
15.3154	130.259
15.3172	130.273
15.3206	130.288
15.3234	130.303
15.3257	130.317
15.328	130.332
15.3293	130.347
15.3312	130.361
15.3341	130.376
15.3375	130.391
15.3393	130.405
15.3418	130.42
15.3439	130.435
15.3467	130.449
15.3493	130.464
15.3516	130.479
15.3531	130.493
15.3542	130.508
15.3556	130.522
15.3565	130.537
15.3579	130.552
15.3591	130.566
15.3605	130.581
15.3614	130.596
15.3628	130.61
15.364	130.625
15.3654	130.64
15.3677	130.654
15.37	130.669
15.3726	130.684
15.374	130.698
15.3757	130.713
15.3791	130.728
15.3817	130.742
15.3835	130.757
15.3858	130.771
15.3894	130.786
15.3906	130.801
15.3935	130.815
15.3952	130.83
15.3986	130.845
15.4004	130.859
15.4037	130.874
15.4058	130.889
15.4075	130.903
15.4109	130.918
15.4135	130.933
15.4164	130.947
15.4181	130.962
15.4207	130.977
15.4227	130.991
15.4247	131.006
15.4273	131.021
15.4299	131.035
15.4311	131.05
15.4333	131.064
15.4388	131.079
15.4411	131.094
15.4433	131.108
15.4451	131.123
15.4469	131.138
15.4502	131.152
15.4528	131.167
15.4551	131.182
15.458	131.196
15.46	131.211
15.4629	131.226
15.4652	131.24
15.4671	131.255
15.4703	131.27
15.4732	131.284
15.4752	131.299
15.478	131.313
15.4801	131.328
15.4827	131.343
15.4849	131.357
15.4878	131.372
15.4898	131.387
15.4918	131.401
15.4946	131.416
15.4975	131.431
15.499	131.445
15.501	131.46
15.5047	131.475
15.5067	131.489
15.509	131.504
15.5116	131.519
15.5145	131.533
15.5162	131.548
15.5191	131.562
15.5214	131.577
15.5236	131.592
15.5259	131.606
15.5284	131.621
15.531	131.636
15.5331	131.65
15.5356	131.665
15.5385	131.68
15.5405	131.694
15.5431	131.709
15.5454	131.724
15.5479	131.738
15.5505	131.753
15.5528	131.768
15.5557	131.782
15.5583	131.797
15.5603	131.812
15.5626	131.826
15.5654	131.841
15.568	131.855
15.57	131.87
15.5718	131.885
15.5746	131.899
15.5766	131.914
15.5784	131.929
15.581	131.943
15.583	131.958
15.5864	131.973
15.5879	131.987
15.591	132.002
15.5925	132.017
15.5944	132.031
15.5988	124.914
15.5996	123.5
15.6011	122.489
15.6025	121.757
15.6039	121.195
15.6051	120.463
15.6067	119.687
15.6088	119.125
15.6105	118.393
15.6112	118.349
15.612	117.616
15.6139	116.581
15.6149	116.02
15.6165	115.287
15.6183	114.984
15.6191	114.252
15.6198	113.69
15.622	112.958
15.6232	112.182
15.6246	111.62
15.6261	110.888
15.6272	110.585
15.628	109.853
15.6317	108.559
15.633	107.782
15.6344	107.221
15.6358	106.488
15.637	106.186
15.6378	105.453
15.6407	104.159
15.6424	103.383
15.6441	102.821
15.6458	102.089
15.6468	101.786
15.6476	101.054
15.6507	99.7598
15.6527	98.9834
15.6542	98.4219
15.6556	97.6895
15.6582	96.6543
15.6604	95.3604
15.6614	95.3164
15.6622	94.584
15.6651	93.29
15.6678	92.2549
15.6693	91.6934
15.6701	90.9609
15.6701	90.917
15.6717	90.1846
15.6732	87.1953
15.6735	86.6094
15.6743	85.1953
15.6749	84.1094
15.6757	82.6953
15.6758	82.6094
15.6774	81.1953
15.678	80.1094
15.6788	78.6953
15.68	78.1094
15.6808	76.6953
15.6814	75.6094
15.6822	74.1953
15.6823	74.1094
15.6839	72.6953
15.6845	71.6094
15.6853	70.1953
15.6857	69.6094
15.6873	68.1953
15.6879	67.1094
15.6895	65.6953
15.6901	64.6094
15.6917	63.1953
15.6918	63.1094
15.6926	61.75
15.6929	61.6953
15.6945	61.1094
15.699	60.0234
15.6999	58.9375
15.7018	58.8516
15.7027	58.2656
15.7049	58.1797
15.7058	57.0938
15.7078	57.0078
15.7094	56.4219
15.7117	56.3359
15.7131	55.25
15.7148	54.1641
15.717	54.0781
15.7179	53.6641
15.7182	52.25
15.7198	61.75
15.7198	61.7822
15.8241	61.8145
15.8257	61.8467
15.8273	61.8789
15.8289	61.9111
15.8305	61.9434
15.8321	61.9756
15.8337	62.0078
15.8353	62.04
15.8369	62.0723
15.8385	62.1035
15.8401	62.1348
15.8417	62.166
15.8433	62.1973
15.8449	62.2285
15.8465	62.2598
15.8481	62.291
15.8497	62.3223
15.8513	62.3535
15.8529	62.3848
15.8545	62.416
15.8561	62.4473
15.9275	62.4785
15.9291	62.5098
15.9307	62.541
15.9323	62.5723
15.9339	62.6035
15.9355	62.6348
15.9371	62.666
15.9387	62.6973
15.9403	62.7285
15.9419	62.7598
15.9435	62.791
15.9451	62.8223
15.9467	62.8535
15.9483	62.8848
15.9499	62.916
15.9515	62.9473
15.9531	62.9785
15.9547	63.0098
15.9563	63.041
15.9579	63.0723
15.9595	63.1035
15.9611	63.1348
16.0318	63.166
16.0334	63.1973
16.035	63.2285
16.0366	63.2598
16.0382	63.291
16.0398	63.3223
16.0414	63.3535
16.043	63.3848
16.0446	63.416
16.0462	63.4473
16.0478	63.4785
16.0494	63.5098
16.051	63.541
16.0526	63.5723
16.0542	63.6035
16.0558	63.6348
16.0574	63.666
16.059	63.6973
16.0606	63.7285
16.0622	63.7598
16.0638	63.791
16.0654	63.8223
16.136	63.8535
16.1376	63.8848
16.1392	63.916
16.1408	63.9473
16.1424	63.9785
16.144	64.0098
16.1456	64.04
16.1472	64.0703
16.1488	64.1006
16.1504	64.1309
16.152	64.1611
16.1536	64.1914
16.1552	64.2217
16.1568	64.252
16.1584	64.2822
16.16	64.3125
16.1616	64.3428
16.1632	64.373
16.1648	64.4033
16.1665	64.4336
16.1681	64.4639
16.1697	64.4941
16.2395	64.5244
16.2411	64.5547
16.2427	64.585
16.2443	64.6152
16.2459	64.6455
16.2475	64.6758
16.2491	64.7061
16.2507	64.7363
16.2523	64.7666
16.2539	64.7969
16.2555	64.8271
16.2571	64.8574
16.2587	64.8877
16.2603	64.918
16.2619	64.9482
16.2635	64.9785
16.2651	65.0088
16.2667	65.0391
16.2683	65.0693
16.2699	65.0996
16.2715	65.1299
16.2731	65.1602
16.3429	65.1904
16.3445	65.2207
16.3461	65.251
16.3477	65.2812
16.3493	65.3115
16.3509	65.3418
16.3525	65.3721
16.3541	65.4023
16.3557	65.4326
16.3573	65.4629
16.3589	65.4932
16.3605	65.5234
16.3621	65.5537
16.3637	65.584
16.3653	65.6143
16.3669	65.6445
16.3685	65.6748
16.3702	65.7051
16.3718	65.7354
16.3734	65.7656
16.375	65.7959
16.3766	65.8262
16.3782	65.8564
16.4472	65.8867
16.4488	65.917
16.4504	65.9473
16.452	65.9775
16.4536	66.0078
16.4552	66.0381
16.4568	66.0684
16.4584	66.0977
16.46	66.127
16.4616	66.1562
16.4632	66.1855
16.4648	66.2148
16.4664	66.2441
16.468	66.2734
16.4696	66.3027
16.4712	66.332
16.4728	66.3613
16.4744	66.3906
16.476	66.4199
16.4776	66.4492
16.4792	66.4785
16.4808	66.5078
16.4824	66.5371
16.5514	66.5664
16.553	66.5957
16.5546	66.625
16.5562	66.6543
16.5578	66.6836
16.5594	66.7129
16.561	66.7422
16.5626	66.7715
16.5642	66.8008
16.5658	66.8301
16.5674	66.8594
16.569	66.8887
16.5706	66.918
16.5722	66.9473
16.5739	66.9766
16.5755	67.0059
16.5771	67.0352
16.5787	67.0645
16.5803	67.0938
16.5819	67.123
16.5835	67.1523
16.5851	67.1816
16.5867	67.2109
16.6549	67.2402
16.6565	67.2695
16.6581	67.2988
16.6597	67.3281
16.6613	67.3574
16.6629	67.3867
16.6645	67.416
16.6661	67.4453
16.6677	67.4746
16.6693	67.5039
16.6709	67.5332
16.6725	67.5625
16.6741	67.5918
16.6757	67.6211
16.6773	67.6504
16.6789	67.6797
16.6805	67.709
16.6821	67.7383
16.6837	67.7676
16.6853	67.7969
16.6869	67.8262
16.6885	67.8555
16.6901	67.8848
16.7583	67.9141
16.7599	67.9434
16.7615	67.9727
16.7631	68.002
16.7647	68.0312
16.7663	68.0605
16.7679	68.0898
16.7695	68.1191
16.7711	68.1484
16.7727	68.1777
16.7743	68.207
16.7759	68.2363
16.7776	68.2656
16.7792	68.2939
16.7808	68.3223
16.7824	68.3506
16.784	68.3789
16.7856	68.4072
16.7872	68.4355
16.7888	68.4639
16.7904	68.4922
16.792	68.5205
16.7936	68.5488
16.7952	68.5771
16.8626	68.6055
16.8642	68.6338
16.8658	68.6621
16.8674	68.6904
16.869	68.7188
16.8706	68.7471
16.8722	68.7754
16.8738	68.8037
16.8754	68.832
16.877	68.8604
16.8786	68.8887
16.8802	68.917
16.8818	68.9453
16.8834	68.9736
16.885	69.002
16.8866	69.0303
16.8882	69.0586
16.8898	69.0869
16.8914	69.1152
16.893	69.1436
16.8946	69.1719
16.8962	69.2002
16.8978	69.2285
16.8994	69.2568
16.9668	69.2852
16.9684	69.3135
16.97	69.3418
16.9716	69.3701
16.9732	69.3984
16.9748	69.4268
16.9764	69.4551
16.978	69.4834
16.9796	69.5117
16.9813	69.54
16.9829	69.5684
16.9845	69.5967
16.9861	69.625
16.9877	69.6533
16.9893	69.6816
16.9909	69.71
16.9925	69.7383
16.9941	69.7666
16.9957	69.7949
16.9973	69.8232
16.9989	69.8516
17.0005	69.8799
17.0021	69.9082
17.0037	69.9365
17.0711	69.9648
17.0727	69.9932
17.0743	70.0215
17.0759	70.0498
17.0775	70.0781
17.0791	70.1064
17.0807	70.1348
17.0823	70.1631
17.0839	70.1914
17.0855	70.2197
17.0871	70.248
17.0887	70.2764
17.0903	70.3047
17.0919	70.333
17.0935	70.3613
17.0951	70.3896
17.0967	70.418
17.0983	70.4463
17.0999	70.4746
17.1015	70.5029
17.1031	70.5312
17.1047	70.5596
17.1063	70.5879
17.1079	70.6162
17.1745	70.6436
17.1761	70.6709
17.1777	70.6982
17.1793	70.7256
17.1809	70.7529
17.1825	70.7803
17.1842	70.8076
17.1858	70.835
17.1874	70.8623
17.189	70.8896
17.1906	70.917
17.1922	70.9443
17.1938	70.9717
17.1954	70.999
17.197	71.0264
17.1986	71.0537
17.2002	71.0811
17.2018	71.1084
17.2034	71.1357
17.205	71.1631
17.2066	71.1904
17.2082	71.2178
17.2098	71.2451
17.2114	71.2725
17.278	71.2998
17.2796	71.3271
17.2812	71.3545
17.2828	71.3818
17.2844	71.4092
17.286	71.4365
17.2876	71.4639
17.2892	71.4912
17.2908	71.5186
17.2924	71.5459
17.294	71.5732
17.2956	71.6006
17.2972	71.6279
17.2988	71.6553
17.3004	71.6826
17.302	71.71
17.3036	71.7373
17.3052	71.7646
17.3068	71.792
17.3084	71.8193
17.31	71.8467
17.3116	71.874
17.3132	71.9014
17.3148	71.9287
17.3164	71.9561
17.3822	71.9834
17.3838	72.0107
17.3854	72.0381
17.387	72.0654
17.3887	72.0928
17.3903	72.1201
17.3919	72.1475
17.3935	72.1748
17.3951	72.2021
17.3967	72.2295
17.3983	72.2568
17.3999	72.2842
17.4015	72.3115
17.4031	72.3389
17.4047	72.3662
17.4063	72.3936
17.4079	72.4209
17.4095	72.4482
17.4111	72.4756
17.4127	72.5029
17.4143	72.5303
17.4159	72.5576
17.4175	72.585
17.4191	72.6123
17.4207	72.6396
17.4865	72.667
17.4881	72.6943
17.4897	72.7217
17.4913	72.749
17.4929	72.7764
17.4945	72.8037
17.4961	72.8311
17.4977	72.8584
17.4993	72.8857
17.5009	72.9131
17.5025	72.9404
17.5041	72.9678
17.5057	72.9951
17.5073	73.0225
17.5089	73.0498
17.5105	73.0771
17.5121	73.1045
17.5137	73.1318
17.5153	73.1582
17.5169	73.1846
17.5185	73.2109
17.5201	73.2373
17.5217	73.2637
17.5233	73.29
17.5249	73.3164
17.5899	73.3428
17.5916	73.3691
17.5932	73.3955
17.5948	73.4219
17.5964	73.4482
17.598	73.4746
17.5996	73.501
17.6012	73.5273
17.6028	73.5537
17.6044	73.5801
17.606	73.6064
17.6076	73.6328
17.6092	73.6592
17.6108	73.6855
17.6124	73.7119
17.614	73.7383
17.6156	73.7646
17.6172	73.791
17.6188	73.8174
17.6204	73.8438
17.622	73.8701
17.6236	73.8965
17.6252	73.9229
17.6268	73.9492
17.6284	73.9756
17.6934	74.002
17.695	74.0283
17.6966	74.0547
17.6982	74.0811
17.6998	74.1074
17.7014	74.1338
17.703	74.1602
17.7046	74.1865
17.7062	74.2129
17.7078	74.2393
17.7094	74.2656
17.711	74.292
17.7126	74.3184
17.7142	74.3447
17.7158	74.3711
17.7174	74.3975
17.719	74.4238
17.7206	74.4502
17.7222	74.4766
17.7238	74.5029
17.7254	74.5293
17.727	74.5557
17.7286	74.582
17.7303	74.6084
17.7319	74.6348
17.7335	74.6611
17.7977	74.6875
17.7993	74.7139
17.8009	74.7402
17.8025	74.7666
17.8041	74.793
17.8057	74.8193
17.8073	74.8457
17.8089	74.8721
17.8105	74.8984
17.8121	74.9248
17.8137	74.9512
17.8153	74.9775
17.8169	75.0039
17.8185	75.0303
17.8201	75.0566
17.8217	75.083
17.8233	75.1094
17.8249	75.1357
17.8265	75.1621
17.8281	75.1885
17.8297	75.2148
17.8313	75.2412
17.8329	75.2676
17.8345	75.2939
17.8361	75.3203
17.8377	75.3467
17.9019	75.373
17.9035	75.3994
17.9051	75.4258
17.9067	75.4521
17.9083	75.4785
17.9099	75.5049
17.9115	75.5312
17.9131	75.5576
17.9147	75.584
17.9163	75.6104
17.9179	75.6367
17.9195	75.6631
17.9211	75.6895
17.9227	75.7158
17.9243	75.7422
17.9259	75.7686
17.9275	75.7949
17.9291	75.8213
17.9307	75.8477
17.9323	75.873
17.934	75.8984
17.9356	75.9238
17.9372	75.9492
17.9388	75.9746
17.9404	76
17.942	76.0254
18.0054	76.0508
18.007	76.0762
18.0086	76.1016
18.0102	76.127
18.0118	76.1523
18.0134	76.1777
18.015	76.2031
18.0166	76.2285
18.0182	76.2539
18.0198	76.2793
18.0214	76.3047
18.023	76.3301
18.0246	76.3555
18.0262	76.3809
18.0278	76.4062
18.0294	76.4316
18.031	76.457
18.0326	76.4824
18.0342	76.5078
18.0358	76.5332
18.0374	76.5586
18.039	76.584
18.0406	76.6094
18.0422	76.6348
18.0438	76.6602
18.0454	76.6855
18.1088	76.7109
18.1104	76.7363
18.112	76.7617
18.1136	76.7871
18.1152	76.8125
18.1168	76.8379
18.1184	76.8633
18.12	76.8887
18.1216	76.9141
18.1232	76.9395
18.1248	76.9648
18.1264	76.9902
18.128	77.0156
18.1296	77.041
18.1312	77.0664
18.1328	77.0918
18.1344	77.1172
18.136	77.1426
18.1377	77.168
18.1393	77.1934
18.1409	77.2188
18.1425	77.2441
18.1441	77.2695
18.1457	77.2949
18.1473	77.3203
18.1489	77.3457
18.1505	77.3711
18.2131	77.3965
18.2147	77.4219
18.2163	77.4473
18.2179	77.4727
18.2195	77.498
18.2211	77.5234
18.2227	77.5488
18.2243	77.5742
18.2259	77.5996
18.2275	77.625
18.2291	77.6504
18.2307	77.6758
18.2323	77.7012
18.2339	77.7266
18.2355	77.752
18.2371	77.7773
18.2387	77.8027
18.2403	77.8281
18.2419	77.8535
18.2435	77.8789
18.2451	77.9043
18.2467	77.9297
18.2483	77.9551
18.2499	77.9805
18.2515	78.0059
18.2531	78.0312
18.2547	78.0566
18.3173	78.082
18.3189	78.1074
18.3205	78.1328
18.3221	78.1582
18.3237	78.1836
18.3253	78.209
18.3269	78.2344
18.3285	78.2598
18.3301	78.2852
18.3317	78.3105
18.3333	78.3359
18.3349	78.3613
18.3365	78.3867
18.3381	78.4121
18.3397	78.4375
18.3414	78.4629
18.343	78.4883
18.3446	78.5137
18.3462	78.5391
18.3478	78.5645
18.3494	78.5898
18.351	78.6152
18.3526	78.6406
18.3542	78.666
18.3558	78.6914
18.3574	78.7168
18.359	78.7422
18.4208	78.7676
18.4224	78.792
18.424	78.8164
18.4256	78.8408
18.4272	78.8652
18.4288	78.8896
18.4304	78.9141
18.432	78.9385
18.4336	78.9629
18.4352	78.9873
18.4368	79.0117
18.4384	79.0361
18.44	79.0605
18.4416	79.085
18.4432	79.1094
18.4448	79.1338
18.4464	79.1582
18.448	79.1826
18.4496	79.207
18.4512	79.2314
18.4528	79.2559
18.4544	79.2803
18.456	79.3047
18.4576	79.3291
18.4592	79.3535
18.4608	79.3779
18.4624	79.4023
18.5242	79.4268
18.5258	79.4512
18.5274	79.4756
18.529	79.5
18.5306	79.5244
18.5322	79.5488
18.5338	79.5732
18.5354	79.5977
18.537	79.6221
18.5386	79.6465
18.5402	79.6709
18.5418	79.6953
18.5434	79.7197
18.5451	79.7441
18.5467	79.7686
18.5483	79.793
18.5499	79.8174
18.5515	79.8418
18.5531	79.8662
18.5547	79.8906
18.5563	79.915
18.5579	79.9395
18.5595	79.9639
18.5611	79.9883
18.5627	80.0127
18.5643	80.0371
18.5659	80.0615
18.5675	80.0859
18.6285	80.1104
18.6301	80.1348
18.6317	80.1592
18.6333	80.1836
18.6349	80.208
18.6365	80.2324
18.6381	80.2568
18.6397	80.2812
18.6413	80.3057
18.6429	80.3301
18.6445	80.3545
18.6461	80.3789
18.6477	80.4033
18.6493	80.4277
18.6509	80.4521
18.6525	80.4766
18.6541	80.501
18.6557	80.5254
18.6573	80.5498
18.6589	80.5742
18.6605	80.5986
18.6621	80.623
18.6637	80.6475
18.6653	80.6719
18.6669	80.6963
18.6685	80.7207
18.6701	80.7451
18.6717	80.7695
18.7327	80.7939
18.7343	80.8184
18.7359	80.8428
18.7375	80.8672
18.7391	80.8916
18.7407	80.916
18.7423	80.9404
18.7439	80.9648
18.7455	80.9893
18.7471	81.0137
18.7488	81.0381
18.7504	81.0625
18.752	81.0869
18.7536	81.1113
18.7552	81.1357
18.7568	81.1602
18.7584	81.1846
18.76	81.209
18.7616	81.2334
18.7632	81.2578
18.7648	81.2822
18.7664	81.3066
18.768	81.3311
18.7696	81.3555
18.7712	81.3799
18.7728	81.4043
18.7744	81.4287
18.776	81.4531
18.8362	81.4775
18.8378	81.502
18.8394	81.5264
18.841	81.5508
18.8426	81.5752
18.8442	81.5996
18.8458	81.624
18.8474	81.6484
18.849	81.6729
18.8506	81.6973
18.8522	81.7217
18.8538	81.7461
18.8554	81.7705
18.857	81.7949
18.8586	81.8193
18.8602	81.8438
18.8618	81.8682
18.8634	81.8926
18.865	81.917
18.8666	81.9404
18.8682	81.9639
18.8698	81.9873
18.8714	82.0107
18.873	82.0342
18.8746	82.0576
18.8762	82.0811
18.8778	82.1045
18.8794	82.1279
18.9396	82.1514
18.9412	82.1748
18.9428	82.1982
18.9444	82.2217
18.946	82.2451
18.9476	82.2686
18.9492	82.292
18.9508	82.3154
18.9525	82.3389
18.9541	82.3623
18.9557	82.3857
18.9573	82.4092
18.9589	82.4326
18.9605	82.4561
18.9621	82.4795
18.9637	82.5029
18.9653	82.5264
18.9669	82.5498
18.9685	82.5732
18.9701	82.5967
18.9717	82.6201
18.9733	82.6436
18.9749	82.667
18.9765	82.6904
18.9781	82.7139
18.9797	82.7373
18.9813	82.7607
18.9829	82.7842
18.9845	82.8076
19.0439	82.8311
19.0455	82.8545
19.0471	82.8779
19.0487	82.9014
19.0503	82.9248
19.0519	82.9482
19.0535	82.9717
19.0551	82.9951
19.0567	83.0186
19.0583	83.042
19.0599	83.0654
19.0615	83.0889
19.0631	83.1123
19.0647	83.1357
19.0663	83.1592
19.0679	83.1826
19.0695	83.2061
19.0711	83.2295
19.0727	83.2529
19.0743	83.2764
19.0759	83.2998
19.0775	83.3232
19.0791	83.3467
19.0807	83.3701
19.0823	83.3936
19.0839	83.417
19.0855	83.4404
19.0871	83.4639
19.0887	83.4873
19.1481	83.5107
19.1497	83.5342
19.1513	83.5576
19.1529	83.5811
19.1546	83.6045
19.1562	83.6279
19.1578	83.6514
19.1594	83.6748
19.161	83.6982
19.1626	83.7217
19.1642	83.7451
19.1658	83.7686
19.1674	83.792
19.169	83.8154
19.1706	83.8389
19.1722	83.8623
19.1738	83.8857
19.1754	83.9092
19.177	83.9326
19.1786	83.9561
19.1802	83.9795
19.1818	84.0029
19.1834	84.0264
19.185	84.0498
19.1866	84.0732
19.1882	84.0967
19.1898	84.1201
19.1914	84.1436
19.193	84.167
19.2516	84.1904
19.2532	84.2139
19.2548	84.2373
19.2564	84.2607
19.258	84.2842
19.2596	84.3076
19.2612	84.3311
19.2628	84.3545
19.2644	84.3779
19.266	84.4014
19.2676	84.4248
19.2692	84.4482
19.2708	84.4717
19.2724	84.4951
19.274	84.5186
19.2756	84.542
19.2772	84.5654
19.2788	84.5889
19.2804	84.6123
19.282	84.6357
19.2836	84.6592
19.2852	84.6826
19.2868	84.7061
19.2884	84.7295
19.29	84.7529
19.2916	84.7764
19.2932	84.7998
19.2949	84.8232
19.2965	84.8467
19.355	84.8701
19.3566	84.8936
19.3583	84.917
19.3599	84.9404
19.3615	84.9639
19.3631	84.9873
19.3647	85.0107
19.3663	85.0342
19.3679	85.0576
19.3695	85.0811
19.3711	85.1045
19.3727	85.1279
19.3743	85.1514
19.3759	85.1748
19.3775	85.1982
19.3791	85.2217
19.3807	85.2451
19.3823	85.2686
19.3839	85.292
19.3855	85.3154
19.3871	85.3379
19.3887	85.3604
19.3903	85.3828
19.3919	85.4053
19.3935	85.4277
19.3951	85.4502
19.3967	85.4727
19.3983	85.4951
19.3999	85.5176
19.4015	85.54
19.4593	85.5625
19.4609	85.585
19.4625	85.6074
19.4641	85.6299
19.4657	85.6523
19.4673	85.6748
19.4689	85.6973
19.4705	85.7197
19.4721	85.7422
19.4737	85.7646
19.4753	85.7871
19.4769	85.8096
19.4785	85.832
19.4801	85.8545
19.4817	85.877
19.4833	85.8994
19.4849	85.9219
19.4865	85.9443
19.4881	85.9668
19.4897	85.9893
19.4913	86.0117
19.4929	86.0342
19.4945	86.0566
19.4961	86.0791
19.4978	86.1016
19.4994	86.124
19.501	86.1465
19.5026	86.1689
19.5042	86.1914
19.5058	86.2139
19.5636	86.2363
19.5652	86.2588
19.5668	86.2812
19.5684	86.3037
19.57	86.3262
19.5716	86.3486
19.5732	86.3711
19.5748	86.3936
19.5764	86.416
19.578	86.4385
19.5796	86.4609
19.5812	86.4834
19.5828	86.5059
19.5844	86.5283
19.586	86.5508
19.5876	86.5732
19.5892	86.5957
19.5908	86.6182
19.5924	86.6406
19.594	86.6631
19.5956	86.6855
19.5972	86.708
19.5988	86.7305
19.6004	86.7529
19.602	86.7754
19.6036	86.7979
19.6052	86.8203
19.6068	86.8428
19.6084	86.8652
19.61	86.8877
19.6678	86.9102
19.6694	86.9326
19.671	86.9551
19.6726	86.9775
19.6742	87
19.6758	87.0225
19.6774	87.0449
19.679	87.0674
19.6806	87.0898
19.6822	87.1123
19.6838	87.1348
19.6854	87.1572
19.687	87.1797
19.6886	87.2021
19.6902	87.2246
19.6918	87.2471
19.6934	87.2695
19.695	87.292
19.6966	87.3145
19.6982	87.3369
19.6998	87.3594
19.7015	87.3818
19.7031	87.4043
19.7047	87.4268
19.7063	87.4492
19.7079	87.4717
19.7095	87.4941
19.7111	87.5166
19.7127	87.5391
19.7143	87.5615
19.7713	87.584
19.7729	87.6064
19.7745	87.6289
19.7761	87.6514
19.7777	87.6738
19.7793	87.6963
19.7809	87.7188
19.7825	87.7412
19.7841	87.7637
19.7857	87.7861
19.7873	87.8086
19.7889	87.8311
19.7905	87.8535
19.7921	87.876
19.7937	87.8984
19.7953	87.9209
19.7969	87.9434
19.7985	87.9658
19.8001	87.9883
19.8017	88.0107
19.8033	88.0332
19.8049	88.0557
19.8065	88.0781
19.8081	88.1006
19.8097	88.123
19.8113	88.1455
19.8129	88.168
19.8145	88.1904
19.8161	88.2129
19.8177	88.2354
19.8747	88.2578
19.8763	88.2803
19.8779	88.3027
19.8795	88.3252
19.8811	88.3477
19.8827	88.3701
19.8843	88.3926
19.8859	88.415
19.8875	88.4375
19.8891	88.46
19.8907	88.4824
19.8923	88.5049
19.8939	88.5273
19.8955	88.5498
19.8971	88.5723
19.8987	88.5947
19.9003	88.6172
19.9019	88.6396
19.9035	88.6621
19.9052	88.6846
19.9068	88.707
19.9084	88.7295
19.91	88.752
19.9116	88.7744
19.9132	88.7969
19.9148	88.8193
19.9164	88.8418
19.918	88.8643
19.9196	88.8867
19.9212	88.9092
19.9228	88.9316
19.979	88.9541
19.9806	88.9766
19.9822	88.999
19.9838	89.0215
19.9854	89.0439
19.987	89.0654
19.9886	89.0869
19.9902	89.1084
19.9918	89.1299
19.9934	89.1514
19.995	89.1729
19.9966	89.1943
19.9982	89.2158
19.9998	89.2373
20.0014	89.2588
20.003	89.2803
20.0046	89.3018
20.0062	89.3232
20.0078	89.3447
20.0094	89.3662
20.011	89.3877
20.0126	89.4092
20.0142	89.4307
20.0158	89.4521
20.0174	89.4736
20.019	89.4951
20.0206	89.5166
20.0222	89.5381
20.0238	89.5596
20.0254	89.5811
20.027	89.6025
20.0832	89.624
20.0848	89.6455
20.0864	89.667
20.088	89.6885
20.0896	89.71
20.0912	89.7314
20.0928	89.7529
20.0944	89.7744
20.096	89.7959
20.0976	89.8174
20.0992	89.8389
20.1008	89.8604
20.1024	89.8818
20.104	89.9033
20.1056	89.9248
20.1072	89.9463
20.1089	89.9678
20.1105	89.9893
20.1121	90.0107
20.1137	90.0322
20.1153	90.0537
20.1169	90.0752
20.1185	90.0967
20.1201	90.1182
20.1217	90.1396
20.1233	90.1611
20.1249	90.1826
20.1265	90.2041
20.1281	90.2256
20.1297	90.2471
20.1313	90.2686
20.1867	90.29
20.1883	90.3115
20.1899	90.333
20.1915	90.3545
20.1931	90.376
20.1947	90.3975
20.1963	90.4189
20.1979	90.4404
20.1995	90.4619
20.2011	90.4834
20.2027	90.5049
20.2043	90.5264
20.2059	90.5479
20.2075	90.5693
20.2091	90.5908
20.2107	90.6123
20.2123	90.6338
20.2139	90.6553
20.2155	90.6768
20.2171	90.6982
20.2187	90.7197
20.2203	90.7412
20.2219	90.7627
20.2235	90.7842
20.2251	90.8057
20.2267	90.8271
20.2283	90.8486
20.2299	90.8701
20.2315	90.8916
20.2331	90.9131
20.2347	90.9346
20.2901	90.9561
20.2917	90.9775
20.2933	90.999
20.2949	91.0205
20.2965	91.042
20.2981	91.0635
20.2997	91.085
20.3013	91.1064
20.3029	91.1279
20.3045	91.1494
20.3061	91.1709
20.3077	91.1924
20.3093	91.2139
20.3109	91.2354
20.3126	91.2568
20.3142	91.2783
20.3158	91.2998
20.3174	91.3213
20.319	91.3428
20.3206	91.3643
20.3222	91.3857
20.3238	91.4072
20.3254	91.4287
20.327	91.4502
20.3286	91.4717
20.3302	91.4932
20.3318	91.5146
20.3334	91.5361
20.335	91.5576
20.3366	91.5791
20.3382	91.6006
20.3398	91.6221
20.3944	91.6436
20.396	91.665
20.3976	91.6865
20.3992	91.708
20.4008	91.7295
20.4024	91.751
20.404	91.7725
20.4056	91.7939
20.4072	91.8154
20.4088	91.8369
20.4104	91.8584
20.412	91.8799
20.4136	91.9014
20.4152	91.9229
20.4168	91.9443
20.4184	91.9658
20.42	91.9873
20.4216	92.0088
20.4232	92.0303
20.4248	92.0518
20.4264	92.0732
20.428	92.0947
20.4296	92.1162
20.4312	92.1377
20.4328	92.1592
20.4344	92.1807
20.436	92.2021
20.4376	92.2236
20.4392	92.2451
20.4408	92.2666
20.4424	92.2881
20.444	92.3096
20.4986	92.3311
20.5002	92.3525
20.5018	92.374
20.5034	92.3955
20.505	92.417
20.5066	92.4385
20.5082	92.46
20.5098	92.4814
20.5114	92.5029
20.513	92.5244
20.5147	92.5459
20.5163	92.5674
20.5179	92.5889
20.5195	92.6104
20.5211	92.6318
20.5227	92.6533
20.5243	92.6748
20.5259	92.6963
20.5275	92.7178
20.5291	92.7393
20.5307	92.7607
20.5323	92.7822
20.5339	92.8037
20.5355	92.8252
20.5371	92.8467
20.5387	92.8682
20.5403	92.8896
20.5419	92.9111
20.5435	92.9326
20.5451	92.9541
20.5467	92.9756
20.5483	92.9971
20.6021	93.0186
20.6037	93.04
20.6053	93.0615
20.6069	93.083
20.6085	93.1035
20.6101	93.124
20.6117	93.1445
20.6133	93.165
20.6149	93.1855
20.6165	93.2061
20.6181	93.2266
20.6197	93.2471
20.6213	93.2676
20.6229	93.2881
20.6245	93.3086
20.6261	93.3291
20.6277	93.3496
20.6293	93.3701
20.6309	93.3906
20.6325	93.4111
20.6341	93.4316
20.6357	93.4521
20.6373	93.4727
20.6389	93.4932
20.6405	93.5137
20.6421	93.5342
20.6437	93.5547
20.6453	93.5752
20.6469	93.5957
20.6485	93.6162
20.6501	93.6367
20.6517	93.6572
20.7055	93.6777
20.7071	93.6982
20.7087	93.7188
20.7103	93.7393
20.7119	93.7598
20.7135	93.7803
20.7151	93.8008
20.7167	93.8213
20.7184	93.8418
20.72	93.8623
20.7216	93.8828
20.7232	93.9033
20.7248	93.9238
20.7264	93.9443
20.728	93.9648
20.7296	93.9854
20.7312	94.0059
20.7328	94.0264
20.7344	94.0469
20.736	94.0674
20.7376	94.0879
20.7392	94.1084
20.7408	94.1289
20.7424	94.1494
20.744	94.1699
20.7456	94.1904
20.7472	94.2109
20.7488	94.2314
20.7504	94.252
20.752	94.2725
20.7536	94.293
20.7552	94.3135
20.7568	94.334
20.8105	94.3545
20.8121	94.375
20.8137	94.3955
20.8153	94.416
20.8169	94.4365
20.8185	94.457
20.8201	94.4775
20.8217	94.498
20.8233	94.5186
20.8249	94.5391
20.8265	94.5596
20.8281	94.5801
20.8297	94.6006
20.8313	94.6211
20.8329	94.6416
20.8345	94.6621
20.8361	94.6826
20.8377	94.7031
20.8393	94.7236
20.8409	94.7441
20.8425	94.7646
20.8441	94.7852
20.8457	94.8057
20.8473	94.8262
20.8489	94.8467
20.8505	94.8672
20.8521	94.8877
20.8537	94.9082
20.8553	94.9287
20.8569	94.9492
20.8585	94.9697
20.8601	94.9902
20.8617	95.0107
20.9162	95.0312
20.9178	95.0518
20.9194	95.0723
20.921	95.0928
20.9226	95.1133
20.9242	95.1338
20.9258	95.1543
20.9274	95.1748
20.929	95.1953
20.9306	95.2158
20.9322	95.2363
20.9338	95.2568
20.9354	95.2773
20.937	95.2979
20.9386	95.3184
20.9402	95.3389
20.9418	95.3594
20.9435	95.3799
20.9451	95.4004
20.9467	95.4209
20.9483	95.4414
20.9499	95.4619
20.9515	95.4824
20.9531	95.5029
20.9547	95.5234
20.9563	95.5439
20.9579	95.5645
20.9595	95.585
20.9611	95.6055
20.9627	95.626
20.9643	95.6465
20.9659	95.667
20.9675	95.6875
21.0228	95.708
21.0244	95.7285
21.026	95.749
21.0276	95.7695
21.0292	95.79
21.0308	95.8105
21.0324	95.8311
21.034	95.8516
21.0356	95.8721
21.0372	95.8926
21.0388	95.9131
21.0404	95.9336
21.042	95.9541
21.0436	95.9746
21.0452	95.9951
21.0468	96.0156
21.0484	96.0361
21.05	96.0566
21.0516	96.0771
21.0532	96.0977
21.0548	96.1182
21.0564	96.1387
21.058	96.1592
21.0596	96.1797
21.0612	96.2002
21.0628	96.2207
21.0644	96.2412
21.066	96.2617
21.0676	96.2822
21.0692	96.3027
21.0708	96.3232
21.0724	96.3438
21.074	96.3643
21.1285	96.3848
21.1301	96.4053
21.1317	96.4258
21.1333	96.4463
21.1349	96.4668
21.1365	96.4873
21.1381	96.5078
21.1397	96.5283
21.1413	96.5488
21.1429	96.5693
21.1445	96.5898
21.1461	96.6104
21.1477	96.6309
21.1493	96.6514
21.1509	96.6719
21.1525	96.6924
21.1541	96.7129
21.1557	96.7334
21.1573	96.7539
21.1589	96.7744
21.1605	96.7949
21.1621	96.8154
21.1637	96.8359
21.1653	96.8564
21.1669	96.877
21.1685	96.8975
21.1702	96.918
21.1718	96.9385
21.1734	96.959
21.175	96.9795
21.1766	97
21.1782	97.0205
21.1798	97.041
21.1814	97.0615
21.2358	97.082
21.2374	97.1025
21.239	97.123
21.2406	97.1436
21.2422	97.1641
21.2439	97.1846
21.2455	97.2051
21.2471	97.2256
21.2487	97.2461
21.2503	97.2666
21.2519	97.2871
21.2535	97.3076
21.2551	97.3281
21.2567	97.3486
21.2583	97.3691
21.2599	97.3896
21.2615	97.4102
21.2631	97.4307
21.2647	97.4512
21.2663	97.4717
21.2679	97.4922
21.2695	97.5127
21.2711	97.5322
21.2727	97.5518
21.2743	97.5713
21.2759	97.5908
21.2775	97.6104
21.2791	97.6299
21.2807	97.6494
21.2823	97.6689
21.2839	97.6885
21.2855	97.708
21.2871	97.7275
21.2887	97.7471
21.344	97.7666
21.3456	97.7861
21.3472	97.8057
21.3488	97.8252
21.3504	97.8447
21.352	97.8643
21.3536	97.8838
21.3552	97.9033
21.3568	97.9229
21.3584	97.9424
21.36	97.9619
21.3616	97.9814
21.3632	98.001
21.3648	98.0205
21.3664	98.04
21.368	98.0596
21.3696	98.0791
21.3712	98.0986
21.3728	98.1182
21.3744	98.1377
21.376	98.1572
21.3776	98.1768
21.3792	98.1963
21.3808	98.2158
21.3824	98.2354
21.384	98.2549
21.3856	98.2744
21.3872	98.2939
21.3888	98.3135
21.3904	98.333
21.392	98.3525
21.3936	98.3721
21.3953	98.3916
21.3969	98.4111
21.4529	98.4307
21.4545	98.4502
21.4561	98.4697
21.4577	98.4893
21.4593	98.5088
21.4609	98.5283
21.4625	98.5479
21.4641	98.5674
21.4657	98.5869
21.4673	98.6064
21.469	98.626
21.4706	98.6455
21.4722	98.665
21.4738	98.6846
21.4754	98.7041
21.477	98.7236
21.4786	98.7432
21.4802	98.7627
21.4818	98.7822
21.4834	98.8018
21.485	98.8213
21.4866	98.8408
21.4882	98.8604
21.4898	98.8799
21.4914	98.8994
21.493	98.9189
21.4946	98.9385
21.4962	98.958
21.4978	98.9775
21.4994	98.9971
21.501	99.0166
21.5026	99.0361
21.5042	99.0557
21.5058	99.0752
21.5627	99.0947
21.5643	99.1143
21.5659	99.1338
21.5675	99.1533
21.5691	99.1729
21.5707	99.1924
21.5723	99.2119
21.5739	99.2314
21.5755	99.251
21.5771	99.2705
21.5787	99.29
21.5803	99.3096
21.5819	99.3291
21.5835	99.3486
21.5851	99.3682
21.5867	99.3877
21.5883	99.4072
21.5899	99.4268
21.5915	99.4463
21.5931	99.4658
21.5947	99.4854
21.5963	99.5049
21.5979	99.5244
21.5995	99.5439
21.6011	99.5635
21.6027	99.583
21.6043	99.6025
21.6059	99.6221
21.6075	99.6416
21.6091	99.6611
21.6107	99.6807
21.6123	99.7002
21.6139	99.7197
21.6155	99.7393
21.6171	99.7588
21.6732	99.7783
21.6748	99.7979
21.6764	99.8174
21.678	99.8369
21.6796	99.8564
21.6812	99.876
21.6828	99.8955
21.6844	99.915
21.686	99.9346
21.6876	99.9541
21.6892	99.9736
21.6908	99.9932
21.6924	100.013
21.694	100.032
21.6957	100.052
21.6973	100.071
21.6989	100.091
21.7005	100.11
21.7021	100.13
21.7037	100.149
21.7053	100.169
21.7069	100.188
21.7085	100.208
21.7101	100.228
21.7117	100.247
21.7133	100.267
21.7149	100.286
21.7165	100.306
21.7181	100.325
21.7197	100.345
21.7213	100.364
21.7229	100.384
21.7245	100.403
21.7261	100.423
21.7277	100.442
21.7846	100.462
21.7862	100.481
21.7878	100.501
21.7894	100.521
21.791	100.54
21.7926	100.56
21.7942	100.579
21.7958	100.599
21.7974	100.618
21.799	100.638
21.8006	100.657
21.8022	100.677
21.8038	100.696
21.8054	100.716
21.807	100.735
21.8086	100.755
21.8102	100.774
21.8118	100.794
21.8134	100.813
21.815	100.833
21.8166	100.853
21.8182	100.872
21.8198	100.892
21.8214	100.911
21.823	100.931
21.8246	100.95
21.8262	100.97
21.8278	100.989
21.8294	101.009
21.831	101.028
21.8326	101.048
21.8342	101.067
21.8358	101.087
21.8374	101.106
21.839	101.126
21.8967	101.146
21.8983	101.165
21.8999	101.185
21.9015	101.204
21.9031	101.224
21.9047	101.243
21.9063	101.263
21.9079	101.282
21.9095	101.302
21.9111	101.321
21.9127	101.341
21.9143	101.36
21.9159	101.38
21.9175	101.399
21.9191	101.419
21.9208	101.438
21.9224	101.458
21.924	101.478
21.9256	101.497
21.9272	101.517
21.9288	101.536
21.9304	101.556
21.932	101.575
21.9336	101.595
21.9352	101.614
21.9368	101.634
21.9384	101.653
21.94	101.673
21.9416	101.692
21.9432	101.712
21.9448	101.731
21.9464	101.751
21.948	101.771
21.9496	101.79
21.9512	101.81
22.0097	101.829
22.0113	101.849
22.0129	101.868
22.0145	101.888
22.0161	101.907
22.0177	101.927
22.0193	101.946
22.0209	101.966
22.0225	101.985
22.0241	102.005
22.0257	102.024
22.0273	102.044
22.0289	102.063
22.0305	102.083
22.0321	102.103
22.0337	102.122
22.0353	102.142
22.0369	102.161
22.0385	102.181
22.0401	102.2
22.0417	102.22
22.0433	102.239
22.0449	102.259
22.0465	102.278
22.0481	102.298
22.0497	102.317
22.0513	102.337
22.0529	102.356
22.0545	102.376
22.0561	102.396
22.0577	102.414
22.0593	102.433
22.0609	102.451
22.0625	102.47
22.0641	102.488
22.1218	102.507
22.1234	102.525
22.125	102.544
22.1266	102.562
22.1282	102.581
22.1298	102.6
22.1314	102.618
22.133	102.637
22.1346	102.655
22.1362	102.674
22.1378	102.692
22.1394	102.711
22.141	102.729
22.1426	102.748
22.1442	102.767
22.1459	102.785
22.1475	102.804
22.1491	102.822
22.1507	102.841
22.1523	102.859
22.1539	102.878
22.1555	102.896
22.1571	102.915
22.1587	102.934
22.1603	102.952
22.1619	102.971
22.1635	102.989
22.1651	103.008
22.1667	103.026
22.1683	103.045
22.1699	103.063
22.1715	103.082
22.1731	103.101
22.1747	103.119
22.1763	103.138
22.1779	103.156
22.2364	103.175
22.238	103.193
22.2396	103.212
22.2412	103.23
22.2428	103.249
22.2444	103.268
22.246	103.286
22.2476	103.305
22.2492	103.323
22.2508	103.342
22.2524	103.36
22.254	103.379
22.2556	103.397
22.2572	103.416
22.2588	103.435
22.2604	103.453
22.262	103.472
22.2636	103.49
22.2652	103.509
22.2668	103.527
22.2684	103.546
22.27	103.564
22.2716	103.583
22.2732	103.602
22.2748	103.62
22.2764	103.639
22.278	103.657
22.2796	103.676
22.2812	103.694
22.2828	103.713
22.2844	103.731
22.286	103.75
22.2876	103.769
22.2892	103.787
22.2908	103.806
22.2924	103.824
22.3517	103.843
22.3533	103.861
22.3549	103.88
22.3565	103.898
22.3581	103.917
22.3597	103.936
22.3613	103.954
22.3629	103.973
22.3645	103.991
22.3661	104.01
22.3677	104.028
22.3693	104.047
22.371	104.065
22.3726	104.084
22.3742	104.103
22.3758	104.121
22.3774	104.14
22.379	104.158
22.3806	104.177
22.3822	104.195
22.3838	104.214
22.3854	104.232
22.387	104.251
22.3886	104.27
22.3902	104.288
22.3918	104.307
22.3934	104.325
22.395	104.344
22.3966	104.362
22.3982	104.381
22.3998	104.399
22.4014	104.418
22.403	104.437
22.4046	104.455
22.4062	104.474
22.4078	104.492
22.4679	104.511
22.4695	104.529
22.4711	104.548
22.4727	104.566
22.4743	104.585
22.4759	104.604
22.4775	104.622
22.4791	104.641
22.4807	104.659
22.4823	104.678
22.4839	104.696
22.4855	104.715
22.4871	104.733
22.4887	104.752
22.4903	104.771
22.4919	104.789
22.4935	104.808
22.4951	104.826
22.4967	104.845
22.4983	104.863
22.4999	104.882
22.5015	104.9
22.5031	104.919
22.5047	104.938
22.5063	104.956
22.5079	104.975
22.5095	104.993
22.5111	105.012
22.5127	105.03
22.5143	105.049
22.5159	105.067
22.5175	105.086
22.5191	105.104
22.5208	105.123
22.5224	105.142
22.524	105.16
22.5832	105.179
22.5848	105.197
22.5864	105.216
22.588	105.234
22.5896	105.253
22.5912	105.271
22.5928	105.29
22.5944	105.309
22.5961	105.327
22.5977	105.346
22.5993	105.364
22.6009	105.383
22.6025	105.401
22.6041	105.42
22.6057	105.438
22.6073	105.457
22.6089	105.476
22.6105	105.494
22.6121	105.513
22.6137	105.531
22.6153	105.55
22.6169	105.568
22.6185	105.587
22.6201	105.605
22.6217	105.624
22.6233	105.643
22.6249	105.661
22.6265	105.68
22.6281	105.698
22.6297	105.717
22.6313	105.735
22.6329	105.754
22.6345	105.772
22.6361	105.791
22.6377	105.81
22.6393	105.828
22.6409	105.847
22.701	105.865
22.7026	105.884
22.7042	105.902
22.7058	105.921
22.7074	105.939
22.709	105.958
22.7106	105.977
22.7122	105.995
22.7138	106.014
22.7154	106.032
22.717	106.051
22.7186	106.069
22.7202	106.088
22.7218	106.106
22.7234	106.125
22.725	106.144
22.7266	106.162
22.7282	106.181
22.7298	106.199
22.7314	106.218
22.733	106.236
22.7346	106.255
22.7362	106.273
22.7378	106.292
22.7394	106.311
22.741	106.329
22.7426	106.348
22.7442	106.366
22.7459	106.385
22.7475	106.403
22.7491	106.422
22.7507	106.44
22.7523	106.459
22.7539	106.478
22.7555	106.496
22.7571	106.515
22.7587	106.533
22.8195	106.552
22.8212	106.57
22.8228	106.589
22.8244	106.607
22.826	106.626
22.8276	106.645
22.8292	106.663
22.8308	106.682
22.8324	106.7
22.834	106.719
22.8356	106.737
22.8372	106.756
22.8388	106.774
22.8404	106.793
22.842	106.812
22.8436	106.83
22.8452	106.849
22.8468	106.867
22.8484	106.886
22.85	106.904
22.8516	106.923
22.8532	106.941
22.8548	106.96
22.8564	106.979
22.858	106.997
22.8596	107.016
22.8612	107.034
22.8628	107.053
22.8644	107.071
22.866	107.09
22.8676	107.108
22.8692	107.127
22.8708	107.146
22.8724	107.164
22.874	107.183
22.8756	107.201
22.8772	107.22
22.9389	107.238
22.9405	107.257
22.9421	107.275
22.9437	107.294
22.9453	107.312
22.9469	107.331
22.9485	107.35
22.9501	107.368
22.9517	107.387
22.9533	107.405
22.9549	107.424
22.9565	107.442
22.9581	107.461
22.9597	107.479
22.9613	107.498
22.9629	107.517
22.9645	107.535
22.9661	107.554
22.9677	107.572
22.9693	107.591
22.971	107.609
22.9726	107.628
22.9742	107.646
22.9758	107.665
22.9774	107.684
22.979	107.702
22.9806	107.721
22.9822	107.739
22.9838	107.758
22.9854	107.776
22.987	107.794
22.9886	107.812
22.9902	107.829
22.9918	107.847
22.9934	107.864
22.995	107.882
22.9966	107.899
23.0575	107.917
23.0591	107.935
23.0607	107.952
23.0623	107.97
23.0639	107.987
23.0655	108.005
23.0671	108.022
23.0687	108.04
23.0703	108.058
23.0719	108.075
23.0735	108.093
23.0751	108.11
23.0767	108.128
23.0783	108.146
23.0799	108.163
23.0815	108.181
23.0831	108.198
23.0847	108.216
23.0863	108.233
23.0879	108.251
23.0895	108.269
23.0911	108.286
23.0927	108.304
23.0943	108.321
23.0959	108.339
23.0975	108.356
23.0991	108.374
23.1007	108.392
23.1023	108.409
23.1039	108.427
23.1055	108.444
23.1071	108.462
23.1087	108.479
23.1103	108.497
23.1119	108.515
23.1135	108.532
23.1151	108.55
23.1167	108.567
23.1784	108.585
23.18	108.603
23.1816	108.62
23.1832	108.638
23.1848	108.655
23.1864	108.673
23.188	108.69
23.1896	108.708
23.1912	108.726
23.1928	108.743
23.1944	108.761
23.1961	108.778
23.1977	108.796
23.1993	108.813
23.2009	108.831
23.2025	108.849
23.2041	108.866
23.2057	108.884
23.2073	108.901
23.2089	108.919
23.2105	108.937
23.2121	108.954
23.2137	108.972
23.2153	108.989
23.2169	109.007
23.2185	109.024
23.2201	109.042
23.2217	109.06
23.2233	109.077
23.2249	109.095
23.2265	109.112
23.2281	109.13
23.2297	109.147
23.2313	109.165
23.2329	109.183
23.2345	109.2
23.2361	109.218
23.2377	109.235
23.3002	109.253
23.3018	109.271
23.3034	109.288
23.305	109.306
23.3066	109.323
23.3082	109.341
23.3098	109.358
23.3114	109.376
23.313	109.394
23.3146	109.411
23.3162	109.429
23.3178	109.446
23.3194	109.464
23.321	109.481
23.3226	109.499
23.3242	109.517
23.3258	109.534
23.3274	109.552
23.329	109.569
23.3306	109.587
23.3322	109.604
23.3338	109.622
23.3354	109.64
23.337	109.657
23.3386	109.675
23.3402	109.692
23.3418	109.71
23.3434	109.728
23.345	109.745
23.3467	109.763
23.3483	109.78
23.3499	109.798
23.3515	109.815
23.3531	109.833
23.3547	109.851
23.3563	109.868
23.3579	109.886
23.3595	109.903
23.4228	109.921
23.4244	109.938
23.426	109.956
23.4276	109.974
23.4292	109.991
23.4308	110.009
23.4324	110.026
23.434	110.044
23.4356	110.062
23.4372	110.079
23.4388	110.097
23.4404	110.114
23.442	110.132
23.4436	110.149
23.4452	110.167
23.4468	110.185
23.4484	110.202
23.45	110.22
23.4516	110.237
23.4532	110.255
23.4548	110.272
23.4564	110.29
23.458	110.308
23.4596	110.325
23.4612	110.343
23.4628	110.36
23.4644	110.378
23.466	110.396
23.4676	110.413
23.4692	110.431
23.4708	110.448
23.4724	110.466
23.474	110.483
23.4756	110.501
23.4772	110.519
23.4788	110.536
23.4804	110.554
23.482	110.571
23.5445	110.589
23.5461	110.606
23.5477	110.624
23.5493	110.642
23.5509	110.659
23.5525	110.677
23.5541	110.694
23.5557	110.712
23.5573	110.729
23.5589	110.747
23.5605	110.765
23.5621	110.782
23.5637	110.8
23.5653	110.817
23.5669	110.835
23.5685	110.853
23.5701	110.87
23.5718	110.888
23.5734	110.905
23.575	110.923
23.5766	110.94
23.5782	110.958
23.5798	110.976
23.5814	110.993
23.583	111.011
23.5846	111.028
23.5862	111.046
23.5878	111.063
23.5894	111.081
23.591	111.099
23.5926	111.116
23.5942	111.134
23.5958	111.151
23.5974	111.169
23.599	111.187
23.6006	111.204
23.6022	111.222
23.6038	111.239
23.6054	111.257
23.6687	111.274
23.6703	111.292
23.6719	111.31
23.6735	111.327
23.6751	111.345
23.6767	111.362
23.6783	111.38
23.6799	111.397
23.6815	111.415
23.6831	111.433
23.6847	111.45
23.6863	111.468
23.6879	111.485
23.6895	111.503
23.6911	111.521
23.6927	111.538
23.6943	111.556
23.6959	111.573
23.6975	111.591
23.6991	111.608
23.7007	111.626
23.7023	111.644
23.7039	111.661
23.7055	111.679
23.7071	111.696
23.7087	111.714
23.7103	111.731
23.7119	111.749
23.7135	111.767
23.7151	111.784
23.7167	111.802
23.7183	111.819
23.7199	111.837
23.7216	111.854
23.7232	111.872
23.7248	111.89
23.7264	111.907
23.728	111.925
23.7296	111.942
23.7936	111.96
23.7952	111.978
23.7969	111.995
23.7985	112.013
23.8001	112.03
23.8017	112.048
23.8033	112.065
23.8049	112.083
23.8065	112.101
23.8081	112.118
23.8097	112.136
23.8113	112.153
23.8129	112.171
23.8145	112.188
23.8161	112.206
23.8177	112.224
23.8193	112.241
23.8209	112.259
23.8225	112.276
23.8241	112.294
23.8257	112.312
23.8273	112.329
23.8289	112.347
23.8305	112.364
23.8321	112.382
23.8337	112.399
23.8353	112.417
23.8369	112.435
23.8385	112.452
23.8401	112.47
23.8417	112.487
23.8433	112.505
23.8449	112.522
23.8465	112.54
23.8481	112.558
23.8497	112.575
23.8513	112.593
23.8529	112.61
23.8545	112.628
23.9194	112.646
23.921	112.663
23.9226	112.681
23.9242	112.698
23.9258	112.716
23.9274	112.733
23.929	112.751
23.9306	112.769
23.9322	112.786
23.9338	112.804
23.9354	112.821
23.937	112.839
23.9386	112.856
23.9402	112.874
23.9418	112.892
23.9434	112.909
23.945	112.927
23.9467	112.944
23.9483	112.962
23.9499	112.979
23.9515	112.997
23.9531	113.015
23.9547	113.032
23.9563	113.05
23.9579	113.067
23.9595	113.085
23.9611	113.103
23.9627	113.12
23.9643	113.138
23.9659	113.155
23.9675	113.173
23.9691	113.19
23.9707	113.208
23.9723	113.226
23.9739	113.243
23.9755	113.261
23.9771	113.278
23.9787	113.296
23.9803	113.313
24.0444	113.331
24.046	113.349
24.0476	113.366
24.0492	113.384
24.0508	113.401
24.0524	113.419
24.054	113.437
24.0556	113.454
24.0572	113.472
24.0588	113.489
24.0604	113.507
24.062	113.524
24.0636	113.542
24.0652	113.56
24.0668	113.577
24.0684	113.595
24.07	113.612
24.0716	113.63
24.0732	113.647
24.0748	113.665
24.0764	113.683
24.078	113.7
24.0796	113.718
24.0812	113.735
24.0828	113.753
24.0844	113.771
24.086	113.787
24.0876	113.804
24.0892	113.82
24.0908	113.837
24.0924	113.854
24.094	113.87
24.0956	113.887
24.0973	113.903
24.0989	113.92
24.1005	113.937
24.1021	113.953
24.1037	113.97
24.1053	113.986
24.1069	114.003
24.1709	114.02
24.1726	114.036
24.1742	114.053
24.1758	114.069
24.1774	114.086
24.179	114.103
24.1806	114.119
24.1822	114.136
24.1838	114.152
24.1854	114.169
24.187	114.186
24.1886	114.202
24.1902	114.219
24.1918	114.235
24.1934	114.252
24.195	114.269
24.1966	114.285
24.1982	114.302
24.1998	114.318
24.2014	114.335
24.203	114.352
24.2046	114.368
24.2062	114.385
24.2078	114.401
24.2094	114.418
24.211	114.435
24.2126	114.451
24.2142	114.468
24.2158	114.484
24.2174	114.501
24.219	114.518
24.2206	114.534
24.2222	114.551
24.2238	114.567
24.2254	114.584
24.227	114.601
24.2286	114.617
24.2302	114.634
24.2318	114.65
24.2334	114.667
24.2983	114.684
24.2999	114.7
24.3015	114.717
24.3031	114.733
24.3047	114.75
24.3063	114.767
24.3079	114.783
24.3095	114.8
24.3111	114.816
24.3127	114.833
24.3143	114.85
24.3159	114.866
24.3175	114.883
24.3191	114.899
24.3207	114.916
24.3224	114.933
24.324	114.949
24.3256	114.966
24.3272	114.982
24.3288	114.999
24.3304	115.016
24.332	115.032
24.3336	115.049
24.3352	115.065
24.3368	115.082
24.3384	115.099
24.34	115.115
24.3416	115.132
24.3432	115.148
24.3448	115.165
24.3464	115.182
24.348	115.198
24.3496	115.215
24.3512	115.231
24.3528	115.248
24.3544	115.265
24.356	115.281
24.3576	115.298
24.3592	115.314
24.3608	115.331
24.4265	115.348
24.4281	115.364
24.4297	115.381
24.4313	115.397
24.4329	115.414
24.4345	115.431
24.4361	115.447
24.4377	115.464
24.4393	115.48
24.4409	115.497
24.4425	115.514
24.4441	115.53
24.4457	115.547
24.4473	115.563
24.4489	115.58
24.4505	115.597
24.4521	115.613
24.4537	115.63
24.4553	115.646
24.4569	115.663
24.4585	115.68
24.4601	115.696
24.4617	115.713
24.4633	115.729
24.4649	115.746
24.4665	115.763
24.4681	115.779
24.4697	115.796
24.4713	115.812
24.473	115.829
24.4746	115.846
24.4762	115.862
24.4778	115.879
24.4794	115.896
24.481	115.912
24.4826	115.929
24.4842	115.945
24.4858	115.962
24.4874	115.979
24.489	115.995
24.5555	116.012
24.5571	116.028
24.5587	116.045
24.5603	116.062
24.5619	116.078
24.5635	116.095
24.5651	116.111
24.5667	116.128
24.5683	116.145
24.5699	116.161
24.5715	116.178
24.5731	116.194
24.5747	116.211
24.5763	116.228
24.5779	116.244
24.5795	116.261
24.5811	116.277
24.5827	116.294
24.5843	116.311
24.5859	116.327
24.5875	116.344
24.5891	116.36
24.5907	116.377
24.5923	116.394
24.5939	116.41
24.5955	116.427
24.5971	116.443
24.5987	116.46
24.6003	116.477
24.6019	116.493
24.6035	116.51
24.6051	116.526
24.6067	116.543
24.6083	116.56
24.6099	116.576
24.6115	116.593
24.6131	116.609
24.6147	116.626
24.6163	116.643
24.6179	116.659
24.6195	116.676
24.6852	116.692
24.6868	116.709
24.6884	116.726
24.69	116.742
24.6916	116.759
24.6932	116.775
24.6948	116.792
24.6964	116.809
24.6981	116.825
24.6997	116.842
24.7013	116.858
24.7029	116.875
24.7045	116.892
24.7061	116.908
24.7077	116.925
24.7093	116.941
24.7109	116.958
24.7125	116.975
24.7141	116.991
24.7157	117.008
24.7173	117.024
24.7189	117.041
24.7205	117.058
24.7221	117.074
24.7237	117.091
24.7253	117.107
24.7269	117.124
24.7285	117.141
24.7301	117.157
24.7317	117.174
24.7333	117.19
24.7349	117.207
24.7365	117.224
24.7381	117.24
24.7397	117.257
24.7413	117.273
24.7429	117.29
24.7445	117.307
24.7461	117.323
24.7477	117.34
24.7493	117.356
24.8158	117.373
24.8174	117.39
24.819	117.406
24.8206	117.423
24.8222	117.439
24.8238	117.456
24.8254	117.473
24.827	117.489
24.8286	117.506
24.8302	117.522
24.8318	117.539
24.8334	117.556
24.835	117.572
24.8366	117.589
24.8382	117.605
24.8398	117.622
24.8414	117.639
24.843	117.655
24.8446	117.672
24.8462	117.688
24.8479	117.705
24.8495	117.722
24.8511	117.738
24.8527	117.755
24.8543	117.771
24.8559	117.788
24.8575	117.805
24.8591	117.821
24.8607	117.838
24.8623	117.854
24.8639	117.871
24.8655	117.888
24.8671	117.904
24.8687	117.921
24.8703	117.938
24.8719	117.954
24.8735	117.971
24.8751	117.987
24.8767	118.004
24.8783	118.021
24.8799	118.037
24.9472	118.054
24.9488	118.07
24.9504	118.087
24.952	118.104
24.9536	118.12
24.9552	118.137
24.9568	118.153
24.9584	118.17
24.96	118.187
24.9616	118.203
24.9632	118.22
24.9648	118.236
24.9664	118.253
24.968	118.27
24.9696	118.286
24.9712	118.303
24.9728	118.319
24.9744	118.336
24.976	118.353
24.9776	118.369
24.9792	118.386
24.9808	118.402
24.9824	118.419
24.984	118.436
24.9856	118.452
24.9872	118.469
24.9888	118.485
24.9904	118.502
24.992	118.519
24.9936	118.535
24.9952	118.552
24.9968	118.568
24.9985	118.585
25.0001	118.602
25.0017	118.618
25.0033	118.635
25.0049	118.651
25.0065	118.668
25.0081	118.685
25.0097	118.701
25.0113	118.718
25.0794	118.734
25.081	118.751
25.0826	118.768
25.0842	118.784
25.0858	118.801
25.0874	118.817
25.089	118.834
25.0906	118.851
25.0922	118.867
25.0938	118.884
25.0954	118.9
25.097	118.917
25.0986	118.934
25.1002	118.95
25.1018	118.967
25.1034	118.983
25.105	119
25.1066	119.017
25.1082	119.033
25.1098	119.05
25.1114	119.066
25.113	119.083
25.1146	119.1
25.1162	119.116
25.1178	119.133
25.1194	119.149
25.121	119.166
25.1226	119.183
25.1242	119.199
25.1258	119.216
25.1274	119.232
25.129	119.249
25.1306	119.266
25.1322	119.282
25.1338	119.299
25.1354	119.315
25.137	119.332
25.1386	119.349
25.1402	119.365
25.1418	119.382
25.1434	119.398
25.2107	119.415
25.2123	119.432
25.2139	119.448
25.2155	119.465
25.2171	119.481
25.2187	119.498
25.2203	119.515
25.2219	119.531
25.2236	119.548
25.2252	119.564
25.2268	119.581
25.2284	119.598
25.23	119.614
25.2316	119.631
25.2332	119.647
25.2348	119.664
25.2364	119.681
25.238	119.697
25.2396	119.714
25.2412	119.73
25.2428	119.747
25.2444	119.764
25.246	119.78
25.2476	119.797
25.2492	119.813
25.2508	119.83
25.2524	119.847
25.254	119.863
25.2556	119.88
25.2572	119.896
25.2588	119.913
25.2604	119.93
25.262	119.946
25.2636	119.963
25.2652	119.979
25.2668	119.996
25.2684	120.013
25.27	120.029
25.2716	120.046
25.2732	120.062
25.2748	120.079
25.2764	120.096
25.3445	120.112
25.3461	120.129
25.3477	120.146
25.3493	120.162
25.3509	120.179
25.3525	120.195
25.3541	120.212
25.3557	120.229
25.3573	120.245
25.3589	120.262
25.3605	120.278
25.3621	120.295
25.3637	120.312
25.3653	120.328
25.3669	120.345
25.3685	120.361
25.3701	120.378
25.3717	120.395
25.3734	120.411
25.375	120.428
25.3766	120.444
25.3782	120.461
25.3798	120.477
25.3814	120.492
25.383	120.508
25.3846	120.523
25.3862	120.539
25.3878	120.555
25.3894	120.57
25.391	120.586
25.3926	120.602
25.3942	120.617
25.3958	120.633
25.3974	120.648
25.399	120.664
25.4006	120.68
25.4022	120.695
25.4038	120.711
25.4054	120.727
25.407	120.742
25.4086	120.758
25.4102	120.773
25.4791	120.789
25.4807	120.805
25.4823	120.82
25.4839	120.836
25.4855	120.852
25.4871	120.867
25.4887	120.883
25.4903	120.898
25.4919	120.914
25.4935	120.93
25.4951	120.945
25.4967	120.961
25.4983	120.977
25.4999	120.992
25.5015	121.008
25.5031	121.023
25.5047	121.039
25.5063	121.055
25.5079	121.07
25.5095	121.086
25.5111	121.102
25.5127	121.117
25.5143	121.133
25.5159	121.148
25.5175	121.164
25.5191	121.18
25.5207	121.195
25.5223	121.211
25.524	121.227
25.5256	121.242
25.5272	121.258
25.5288	121.273
25.5304	121.289
25.532	121.305
25.5336	121.32
25.5352	121.336
25.5368	121.352
25.5384	121.367
25.54	121.383
25.5416	121.398
25.5432	121.414
25.5448	121.43
25.6145	121.445
25.6161	121.461
25.6177	121.477
25.6193	121.492
25.6209	121.508
25.6225	121.523
25.6241	121.539
25.6257	121.555
25.6273	121.57
25.6289	121.586
25.6305	121.602
25.6321	121.617
25.6337	121.633
25.6353	121.648
25.6369	121.664
25.6385	121.68
25.6401	121.695
25.6417	121.711
25.6433	121.727
25.6449	121.742
25.6465	121.758
25.6481	121.773
25.6497	121.789
25.6513	121.805
25.6529	121.82
25.6545	121.836
25.6561	121.852
25.6577	121.867
25.6593	121.883
25.6609	121.898
25.6625	121.914
25.6641	121.93
25.6657	121.945
25.6673	121.961
25.6689	121.977
25.6705	121.992
25.6721	122.008
25.6738	122.023
25.6754	122.039
25.677	122.055
25.6786	122.07
25.6802	122.086
25.7491	122.102
25.7507	122.117
25.7523	122.133
25.7539	122.148
25.7555	122.164
25.7571	122.18
25.7587	122.195
25.7603	122.211
25.7619	122.227
25.7635	122.242
25.7651	122.258
25.7667	122.273
25.7683	122.289
25.7699	122.305
25.7715	122.32
25.7731	122.336
25.7747	122.352
25.7763	122.367
25.7779	122.383
25.7795	122.398
25.7811	122.414
25.7827	122.43
25.7843	122.445
25.7859	122.461
25.7875	122.477
25.7891	122.492
25.7907	122.508
25.7923	122.523
25.7939	122.539
25.7955	122.555
25.7971	122.57
25.7987	122.586
25.8003	122.602
25.8019	122.617
25.8035	122.633
25.8051	122.648
25.8067	122.664
25.8083	122.68
25.8099	122.695
25.8115	122.711
25.8131	122.727
25.8147	122.742
25.8163	122.758
25.886	122.773
25.8876	122.789
25.8892	122.805
25.8908	122.82
25.8924	122.836
25.894	122.852
25.8956	122.867
25.8972	122.883
25.8989	122.898
25.9005	122.914
25.9021	122.93
25.9037	122.945
25.9053	122.961
25.9069	122.977
25.9085	122.992
25.9101	123.008
25.9117	123.023
25.9133	123.039
25.9149	123.055
25.9165	123.07
25.9181	123.086
25.9197	123.102
25.9213	123.117
25.9229	123.133
25.9245	123.148
25.9261	123.164
25.9277	123.18
25.9293	123.195
25.9309	123.211
25.9325	123.227
25.9341	123.242
25.9357	123.258
25.9373	123.273
25.9389	123.289
25.9405	123.305
25.9421	123.32
25.9437	123.336
25.9453	123.352
25.9469	123.367
25.9485	123.383
25.9501	123.398
25.9517	123.414
25.9533	123.43
26.0238	123.445
26.0254	123.461
26.027	123.477
26.0286	123.492
26.0302	123.508
26.0318	123.523
26.0334	123.539
26.035	123.555
26.0366	123.57
26.0382	123.586
26.0398	123.602
26.0414	123.617
26.043	123.633
26.0446	123.648
26.0462	123.664
26.0478	123.68
26.0495	123.695
26.0511	123.711
26.0527	123.727
26.0543	123.742
26.0559	123.758
26.0575	123.773
26.0591	123.789
26.0607	123.805
26.0623	123.82
26.0639	123.836
26.0655	123.852
26.0671	123.867
26.0687	123.883
26.0703	123.898
26.0719	123.914
26.0735	123.93
26.0751	123.945
26.0767	123.961
26.0783	123.977
26.0799	123.992
26.0815	124.008
26.0831	124.023
26.0847	124.039
26.0863	124.055
26.0879	124.07
26.0895	124.086
26.0911	124.102
26.1624	124.117
26.164	124.133
26.1656	124.148
26.1672	124.164
26.1688	124.18
26.1704	124.195
26.172	124.211
26.1736	124.227
26.1752	124.242
26.1768	124.258
26.1784	124.273
26.18	124.289
26.1816	124.305
26.1832	124.32
26.1848	124.336
26.1864	124.352
26.188	124.367
26.1896	124.383
26.1912	124.398
26.1928	124.414
26.1944	124.43
26.196	124.445
26.1976	124.461
26.1993	124.477
26.2009	124.492
26.2025	124.508
26.2041	124.523
26.2057	124.539
26.2073	124.555
26.2089	124.57
26.2105	124.586
26.2121	124.602
26.2137	124.617
26.2153	124.633
26.2169	124.648
26.2185	124.664
26.2201	124.68
26.2217	124.695
26.2233	124.711
26.2249	124.727
26.2265	124.742
26.2281	124.758
26.2297	124.773
26.3002	124.789
26.3018	124.805
26.3034	124.82
26.305	124.836
26.3066	124.852
26.3082	124.867
26.3098	124.883
26.3114	124.898
26.313	124.914
26.3146	124.93
26.3162	124.945
26.3178	124.961
26.3194	124.977
26.321	124.992
26.3226	125.008
26.3242	125.023
26.3258	125.039
26.3274	125.055
26.329	125.07
26.3306	125.086
26.3322	125.102
26.3338	125.117
26.3354	125.133
26.337	125.148
26.3386	125.164
26.3402	125.18
26.3418	125.195
26.3434	125.211
26.345	125.227
26.3466	125.242
26.3482	125.258
26.3499	125.273
26.3515	125.289
26.3531	125.305
26.3547	125.32
26.3563	125.336
26.3579	125.352
26.3595	125.367
26.3611	125.383
26.3627	125.398
26.3643	125.414
26.3659	125.43
26.3675	125.445
26.3691	125.461
26.4404	125.477
26.442	125.492
26.4436	125.508
26.4452	125.523
26.4468	125.539
26.4484	125.555
26.45	125.57
26.4516	125.586
26.4532	125.602
26.4548	125.617
26.4564	125.633
26.458	125.648
26.4596	125.664
26.4612	125.68
26.4628	125.695
26.4644	125.711
26.466	125.727
26.4676	125.742
26.4692	125.758
26.4708	125.773
26.4724	125.789
26.474	125.805
26.4756	125.82
26.4772	125.836
26.4788	125.852
26.4804	125.867
26.482	125.883
26.4836	125.898
26.4852	125.914
26.4868	125.93
26.4884	125.945
26.49	125.961
26.4916	125.977
26.4932	125.992
26.4948	126.008
26.4964	126.023
26.498	126.039
26.4997	126.055
26.5013	126.07
26.5029	126.086
26.5045	126.102
26.5061	126.117
26.5077	126.133
26.5093	126.148
26.5814	126.164
26.583	126.18
26.5846	126.195
26.5862	126.211
26.5878	126.227
26.5894	126.242
26.591	126.258
26.5926	126.273
26.5942	126.289
26.5958	126.305
26.5974	126.32
26.599	126.336
26.6006	126.352
26.6022	126.367
26.6038	126.383
26.6054	126.398
26.607	126.414
26.6086	126.43
26.6102	126.445
26.6118	126.461
26.6134	126.477
26.615	126.492
26.6166	126.508
26.6182	126.523
26.6198	126.539
26.6214	126.555
26.623	126.57
26.6246	126.586
26.6262	126.602
26.6278	126.617
26.6294	126.633
26.631	126.648
26.6326	126.664
26.6342	126.68
26.6358	126.695
26.6374	126.711
26.639	126.727
26.6406	126.742
26.6422	126.758
26.6438	126.773
26.6454	126.789
26.647	126.805
26.6486	126.82
26.6503	126.836
26.7231	126.852
26.7248	126.867
26.7264	126.883
26.728	126.898
26.7296	126.914
26.7312	126.93
26.7328	126.945
26.7344	126.961
26.736	126.977
26.7376	126.992
26.7392	127.008
26.7408	127.023
26.7424	127.039
26.744	127.055
26.7456	127.07
26.7472	127.086
26.7488	127.102
26.7504	127.117
26.752	127.133
26.7536	127.148
26.7552	127.164
26.7568	127.18
26.7584	127.195
26.76	127.211
26.7616	127.227
26.7632	127.242
26.7648	127.258
26.7664	127.273
26.768	127.289
26.7696	127.305
26.7712	127.32
26.7728	127.336
26.7744	127.352
26.776	127.367
26.7776	127.383
26.7792	127.398
26.7808	127.414
26.7824	127.43
26.784	127.445
26.7856	127.461
26.7872	127.477
26.7888	127.492
26.7904	127.508
26.792	127.523
26.8641	127.539
26.8657	127.555
26.8673	127.57
26.8689	127.586
26.8705	127.602
26.8721	127.617
26.8737	127.633
26.8754	127.648
26.877	127.664
26.8786	127.68
26.8802	127.695
26.8818	127.711
26.8834	127.727
26.885	127.742
26.8866	127.758
26.8882	127.773
26.8898	127.789
26.8914	127.805
26.893	127.82
26.8946	127.836
26.8962	127.852
26.8978	127.867
26.8994	127.883
26.901	127.898
26.9026	127.914
26.9042	127.93
26.9058	127.945
26.9074	127.961
26.909	127.977
26.9106	127.991
26.9122	128.006
26.9138	128.021
26.9154	128.035
26.917	128.05
26.9186	128.064
26.9202	128.079
26.9218	128.094
26.9234	128.108
26.925	128.123
26.9266	128.138
26.9282	128.152
26.9298	128.167
26.9314	128.182
26.933	128.196
26.9346	128.211
27.0075	128.226
27.0091	128.24
27.0107	128.255
27.0123	128.27
27.0139	128.284
27.0155	128.299
27.0171	128.313
27.0187	128.328
27.0198	128.343
27.0214	128.357
27.023	128.372
27.0238	128.387
27.0254	128.401
27.027	128.416
27.0286	128.431
27.0295	128.445
27.0311	128.46
27.0326	128.475
27.0335	128.489
27.0351	128.504
27.0366	128.519
27.0382	128.533
27.0392	128.548
27.0408	128.562
27.0423	128.577
27.0432	128.592
27.0448	128.606
27.0457	128.621
27.0471	128.636
27.0481	128.65
27.0497	128.665
27.0506	128.68
27.052	128.694
27.0529	128.709
27.0545	128.724
27.0555	128.738
27.0569	128.753
27.0578	128.768
27.0594	128.782
27.0603	128.797
27.0618	128.812
27.0627	128.826
27.0643	128.841
27.0652	128.855
27.0666	128.87
27.0676	128.885
27.0692	128.899
27.0701	128.914
27.0739	128.929
27.0764	128.943
27.0788	128.958
27.0806	128.973
27.0836	128.987
27.0861	129.002
27.0885	129.017
27.1452	129.031
27.1466	129.046
27.1493	129.061
27.1513	129.075
27.1545	129.09
27.1564	129.104
27.159	129.119
27.1611	129.134
27.1627	129.148
27.1636	129.163
27.1645	129.178
27.1654	129.192
27.167	129.207
27.1679	129.222
27.1688	129.236
27.1697	129.251
27.1711	129.266
27.1727	129.28
27.1737	129.295
27.1751	129.31
27.176	129.324
27.1769	129.339
27.1783	129.354
27.1795	129.368
27.1809	129.383
27.1825	129.397
27.1834	129.412
27.1848	129.427
27.1857	129.441
27.1866	129.456
27.1881	129.471
27.1892	129.485
27.1906	129.5
27.1915	129.515
27.1929	129.529
27.1941	129.544
27.1955	129.559
27.1964	129.573
27.1978	129.588
27.1989	129.603
27.2004	129.617
27.2012	129.632
27.2027	129.646
27.2038	129.661
27.2052	129.676
27.2077	129.69
27.2109	129.705
27.2129	129.72
27.2158	129.734
27.2175	129.749
27.2206	129.764
27.2227	129.778
27.2255	129.793
27.2281	129.808
27.2304	129.822
27.2324	129.837
27.2353	129.852
27.2379	129.866
27.2401	129.881
27.2428	129.896
27.245	129.91
27.2786	129.925
27.2809	129.939
27.2829	129.954
27.2861	129.969
27.289	129.983
27.2907	129.998
27.2927	130.013
27.2956	130.027
27.299	130.042
27.3005	130.057
27.3031	130.071
27.3048	130.086
27.3071	130.101
27.3097	130.115
27.3117	130.13
27.3132	130.145
27.3154	130.159
27.3188	130.174
27.3203	130.188
27.3218	130.203
27.3226	130.218
27.3238	130.232
27.3252	130.247
27.3264	130.262
27.3278	130.276
27.3292	130.291
27.3301	130.306
27.3315	130.32
27.3324	130.335
27.3335	130.35
27.3349	130.364
27.3361	130.379
27.3375	130.394
27.3384	130.408
27.3398	130.423
27.3424	130.438
27.3447	130.452
27.3467	130.467
27.3496	130.481
27.3515	130.496
27.3544	130.511
27.3565	130.525
27.3593	130.54
27.3627	130.555
27.3642	130.569
27.3662	130.584
27.3691	130.599
27.3724	130.613
27.3739	130.628
27.3768	130.643
27.3788	130.657
27.3822	130.672
27.3845	130.687
27.3865	130.701
27.3885	130.716
27.3919	130.73
27.3942	130.745
27.3962	130.76
27.3983	130.774
27.4017	130.789
27.4032	130.804
27.4126	130.818
27.4147	130.833
27.4175	130.848
27.4203	130.862
27.4238	130.877
27.4255	130.892
27.4273	130.906
27.4302	130.921
27.4333	130.936
27.4356	130.95
27.4376	130.965
27.4396	130.979
27.4417	130.994
27.4442	131.009
27.4462	131.023
27.4477	131.038
27.45	131.053
27.4526	131.067
27.4557	131.082
27.4575	131.097
27.4598	131.111
27.4617	131.126
27.4646	131.141
27.4666	131.155
27.4692	131.17
27.472	131.185
27.4743	131.199
27.4766	131.214
27.4793	131.229
27.4812	131.243
27.4833	131.258
27.4861	131.272
27.4887	131.287
27.491	131.302
27.493	131.316
27.4958	131.331
27.499	131.346
27.5007	131.36
27.5028	131.375
27.5056	131.39
27.5088	131.404
27.5105	131.419
27.5125	131.434
27.5153	131.448
27.5185	131.463
27.5202	131.478
27.523	131.492
27.5251	131.507
27.5283	131.521
27.5306	131.536
27.5328	131.551
27.5348	131.565
27.5374	131.58
27.5403	131.595
27.5425	131.609
27.5446	131.624
27.5472	131.639
27.5495	131.653
27.5517	131.668
27.5546	131.683
27.5575	131.697
27.5595	131.712
27.5637	123.5
27.5652	122.206
27.5666	121.474
27.568	120.911
27.5697	120.18
27.5717	119.402
27.573	119.1
27.5738	118.367
27.575	117.805
27.5766	117.073
27.5795	115.778
27.5812	115.002
27.5822	114.698
27.583	113.966
27.5839	113.922
27.5855	113.189
27.5881	111.896
27.5888	111.851
27.5896	111.118
27.5924	110.083
27.5942	109.307
27.5954	108.744
27.597	108.012
27.6005	106.718
27.602	105.94
27.6034	105.378
27.6042	104.646
27.6046	104.602
27.6054	103.869
27.6088	102.834
27.6101	102.271
27.6117	101.54
27.6129	101.236
27.6137	100.504
27.6163	99.21
27.6197	97.915
27.6214	97.1387
27.6229	96.5762
27.6241	95.8438
27.6257	95.0674
27.6267	94.7637
27.6275	94.0322
27.6289	93.4697
27.6311	92.7373
27.6324	92.4336
27.6332	91.7021
27.6357	90.4072
27.6372	89.6309
27.6387	89.0684
27.641	86.3672
27.6417	85.7812
27.6425	84.3672
27.6439	83.2812
27.6453	81.8672
27.6462	81.7812
27.647	80.3672
27.649	79.2812
27.6499	77.8672
27.6511	77.2812
27.6519	75.8672
27.6536	74.7812
27.6551	73.3672
27.6559	73.2812
27.6567	71.8672
27.658	70.7812
27.6596	69.3672
27.6608	68.7812
27.6626	67.6953
27.6634	66.2812
27.6641	64.7812
27.6649	63.3672
27.6663	62.2812
27.6677	61.043
27.6689	60.8672
27.6706	60.2812
27.6731	59.1953
27.6775	59.1094
27.6803	58.0234
27.6829	57.4375
27.6852	56.3516
27.6872	56.2656
27.6901	55.1797
27.6935	54.5938
27.695	53.5078
27.6972	53.4219
27.7001	52.3359
27.703	51.75
27.7034	51.3359
27.704	21.5547
27.774	61.043
27.774	61.0752
27.8067	61.1074
27.9016	61.1396
27.9032	61.1719
27.9048	61.2041
27.9064	61.2363
27.908	61.2686
27.9096	61.3008
27.9112	61.333
27.9128	61.3652
27.9144	61.3975
27.916	61.4297
27.9176	61.4619
27.9192	61.4941
27.9208	61.5264
27.9224	61.5586
27.924	61.5908
27.9256	61.623
27.9272	61.6553
27.9288	61.6875
27.9304	61.7197
27.932	61.752
27.9336	61.7842
28.005	61.8164
28.0066	61.8486
28.0082	61.8809
28.0098	61.9131
28.0115	61.9453
28.0131	61.9775
28.0147	62.0098
28.0163	62.042
28.0179	62.0742
28.0195	62.1055
28.0211	62.1367
28.0227	62.168
28.0243	62.1992
28.0259	62.2305
28.0275	62.2617
28.0291	62.293
28.0307	62.3242
28.0323	62.3555
28.0339	62.3867
28.0355	62.418
28.0371	62.4492
28.1101	62.4805
28.1117	62.5117
28.1133	62.543
28.1149	62.5742
28.1165	62.6055
28.1181	62.6367
28.1197	62.668
28.1213	62.6992
28.1229	62.7305
28.1245	62.7617
28.1261	62.793
28.1277	62.8242
28.1293	62.8555
28.1309	62.8867
28.1325	62.918
28.1341	62.9492
28.1357	62.9805
28.1373	63.0117
28.1389	63.043
28.1405	63.0742
28.1421	63.1055
28.1437	63.1367
28.2143	63.168
28.216	63.1992
28.2176	63.2305
28.2192	63.2617
28.2208	63.293
28.2224	63.3242
28.224	63.3555
28.2256	63.3867
28.2272	63.418
28.2288	63.4492
28.2304	63.4805
28.232	63.5117
28.2336	63.543
28.2352	63.5742
28.2368	63.6055
28.2384	63.6367
28.24	63.668
28.2416	63.6992
28.2432	63.7305
28.2448	63.7617
28.2464	63.793
28.248	63.8242
28.3186	63.8555
28.3202	63.8867
28.3218	63.918
28.3234	63.9492
28.325	63.9805
28.3266	64.0117
28.3282	64.042
28.3298	64.0723
28.3314	64.1025
28.333	64.1328
28.3346	64.1631
28.3362	64.1934
28.3378	64.2236
28.3394	64.2539
28.341	64.2842
28.3426	64.3145
28.3442	64.3447
28.3458	64.375
28.3474	64.4053
28.349	64.4355
28.3506	64.4658
28.3522	64.4961
28.4221	64.5264
28.4237	64.5566
28.4253	64.5869
28.4269	64.6172
28.4285	64.6475
28.4301	64.6777
28.4317	64.708
28.4333	64.7383
28.4349	64.7686
28.4365	64.7988
28.4381	64.8291
28.4397	64.8594
28.4413	64.8896
28.4429	64.9199
28.4445	64.9502
28.4461	64.9805
28.4477	65.0107
28.4493	65.041
28.4509	65.0713
28.4525	65.1016
28.4541	65.1318
28.4557	65.1621
28.5255	65.1924
28.5271	65.2227
28.5287	65.2529
28.5303	65.2832
28.5319	65.3135
28.5335	65.3438
28.5351	65.374
28.5367	65.4043
28.5383	65.4346
28.5399	65.4648
28.5415	65.4951
28.5431	65.5254
28.5447	65.5557
28.5463	65.5859
28.5479	65.6162
28.5495	65.6465
28.5511	65.6768
28.5527	65.707
28.5543	65.7373
28.5559	65.7676
28.5576	65.7979
28.5592	65.8281
28.5608	65.8584
28.6314	65.8887
28.633	65.9189
28.6346	65.9492
28.6362	65.9795
28.6378	66.0098
28.6394	66.04
28.641	66.0703
28.6426	66.0996
28.6442	66.1289
28.6458	66.1582
28.6474	66.1875
28.649	66.2168
28.6506	66.2461
28.6522	66.2754
28.6538	66.3047
28.6554	66.334
28.657	66.3633
28.6586	66.3926
28.6602	66.4219
28.6618	66.4512
28.6634	66.4805
28.665	66.5098
28.6666	66.5391
28.7356	66.5684
28.7372	66.5977
28.7388	66.627
28.7404	66.6562
28.742	66.6855
28.7436	66.7148
28.7452	66.7441
28.7468	66.7734
28.7484	66.8027
28.75	66.832
28.7516	66.8613
28.7532	66.8906
28.7548	66.9199
28.7564	66.9492
28.758	66.9785
28.7596	67.0078
28.7613	67.0371
28.7629	67.0664
28.7645	67.0957
28.7661	67.125
28.7677	67.1543
28.7693	67.1836
28.7709	67.2129
28.8391	67.2422
28.8407	67.2715
28.8423	67.3008
28.8439	67.3301
28.8455	67.3594
28.8471	67.3887
28.8487	67.418
28.8503	67.4473
28.8519	67.4766
28.8535	67.5059
28.8551	67.5352
28.8567	67.5645
28.8583	67.5938
28.8599	67.623
28.8615	67.6523
28.8631	67.6816
28.8647	67.7109
28.8663	67.7402
28.8679	67.7695
28.8695	67.7988
28.8711	67.8281
28.8727	67.8574
28.8743	67.8867
28.9425	67.916
28.9441	67.9453
28.9457	67.9746
28.9473	68.0039
28.9489	68.0332
28.9505	68.0625
28.9521	68.0918
28.9537	68.1211
28.9553	68.1504
28.9569	68.1797
28.9585	68.209
28.9601	68.2383
28.9617	68.2676
28.9633	68.2959
28.965	68.3242
28.9666	68.3525
28.9682	68.3809
28.9698	68.4092
28.9714	68.4375
28.973	68.4658
28.9746	68.4941
28.9762	68.5225
28.9778	68.5508
28.9794	68.5791
29.0484	68.6074
29.05	68.6357
29.0516	68.6641
29.0532	68.6924
29.0548	68.7207
29.0564	68.749
29.058	68.7773
29.0596	68.8057
29.0612	68.834
29.0628	68.8623
29.0644	68.8906
29.066	68.9189
29.0676	68.9473
29.0692	68.9756
29.0708	69.0039
29.0724	69.0322
29.074	69.0605
29.0756	69.0889
29.0772	69.1172
29.0788	69.1455
29.0804	69.1738
29.082	69.2021
29.0836	69.2305
29.0852	69.2588
29.1526	69.2871
29.1542	69.3154
29.1558	69.3438
29.1574	69.3721
29.159	69.4004
29.1606	69.4287
29.1622	69.457
29.1638	69.4854
29.1654	69.5137
29.167	69.542
29.1687	69.5703
29.1703	69.5986
29.1719	69.627
29.1735	69.6553
29.1751	69.6836
29.1767	69.7119
29.1783	69.7402
29.1799	69.7686
29.1815	69.7969
29.1831	69.8252
29.1847	69.8535
29.1863	69.8818
29.1879	69.9102
29.1895	69.9385
29.2569	69.9668
29.2585	69.9951
29.2601	70.0234
29.2617	70.0518
29.2633	70.0801
29.2649	70.1084
29.2665	70.1367
29.2681	70.165
29.2697	70.1934
29.2713	70.2217
29.2729	70.25
29.2745	70.2783
29.2761	70.3066
29.2777	70.335
29.2793	70.3633
29.2809	70.3916
29.2825	70.4199
29.2841	70.4482
29.2857	70.4766
29.2873	70.5049
29.2889	70.5332
29.2905	70.5615
29.2921	70.5898
29.2937	70.6182
29.3603	70.6455
29.3619	70.6729
29.3635	70.7002
29.3651	70.7275
29.3667	70.7549
29.3683	70.7822
29.3699	70.8096
29.3716	70.8369
29.3732	70.8643
29.3748	70.8916
29.3764	70.9189
29.378	70.9463
29.3796	70.9736
29.3812	71.001
29.3828	71.0283
29.3844	71.0557
29.386	71.083
29.3876	71.1104
29.3892	71.1377
29.3908	71.165
29.3924	71.1924
29.394	71.2197
29.3956	71.2471
29.3972	71.2744
29.4646	71.3018
29.4662	71.3291
29.4678	71.3564
29.4694	71.3838
29.471	71.4111
29.4726	71.4385
29.4742	71.4658
29.4758	71.4932
29.4774	71.5205
29.479	71.5479
29.4806	71.5752
29.4822	71.6025
29.4838	71.6299
29.4854	71.6572
29.487	71.6846
29.4886	71.7119
29.4902	71.7393
29.4918	71.7666
29.4934	71.7939
29.495	71.8213
29.4966	71.8486
29.4982	71.876
29.4998	71.9033
29.5014	71.9307
29.503	71.958
29.5688	71.9854
29.5704	72.0127
29.572	72.04
29.5736	72.0674
29.5753	72.0947
29.5769	72.1221
29.5785	72.1494
29.5801	72.1768
29.5817	72.2041
29.5833	72.2314
29.5849	72.2588
29.5865	72.2861
29.5881	72.3135
29.5897	72.3408
29.5913	72.3682
29.5929	72.3955
29.5945	72.4229
29.5961	72.4502
29.5977	72.4775
29.5993	72.5049
29.6009	72.5322
29.6025	72.5596
29.6041	72.5869
29.6057	72.6143
29.6073	72.6416
29.6731	72.6689
29.6747	72.6963
29.6763	72.7236
29.6779	72.751
29.6795	72.7783
29.6811	72.8057
29.6827	72.833
29.6843	72.8604
29.6859	72.8877
29.6875	72.915
29.6891	72.9424
29.6907	72.9697
29.6923	72.9971
29.6939	73.0244
29.6955	73.0518
29.6971	73.0791
29.6987	73.1064
29.7003	73.1338
29.7019	73.1602
29.7035	73.1865
29.7051	73.2129
29.7067	73.2393
29.7083	73.2656
29.7099	73.292
29.7115	73.3184
29.7765	73.3447
29.7781	73.3711
29.7798	73.3975
29.7814	73.4238
29.783	73.4502
29.7846	73.4766
29.7862	73.5029
29.7878	73.5293
29.7894	73.5557
29.791	73.582
29.7926	73.6084
29.7942	73.6348
29.7958	73.6611
29.7974	73.6875
29.799	73.7139
29.8006	73.7402
29.8022	73.7666
29.8038	73.793
29.8054	73.8193
29.807	73.8457
29.8086	73.8721
29.8102	73.8984
29.8118	73.9248
29.8134	73.9512
29.815	73.9775
29.8816	74.0039
29.8832	74.0303
29.8848	74.0566
29.8864	74.083
29.888	74.1094
29.8896	74.1357
29.8912	74.1621
29.8928	74.1885
29.8944	74.2148
29.896	74.2412
29.8976	74.2676
29.8992	74.2939
29.9008	74.3203
29.9024	74.3467
29.904	74.373
29.9056	74.3994
29.9072	74.4258
29.9088	74.4521
29.9104	74.4785
29.912	74.5049
29.9136	74.5312
29.9152	74.5576
29.9168	74.584
29.9185	74.6104
29.9201	74.6367
29.9217	74.6631
29.9859	74.6895
29.9875	74.7158
29.9891	74.7422
29.9907	74.7686
29.9923	74.7949
29.9939	74.8213
29.9955	74.8477
29.9971	74.874
29.9987	74.9004
30.0003	74.9268
30.0019	74.9531
30.0035	74.9795
30.0051	75.0059
30.0067	75.0322
30.0083	75.0586
30.0099	75.085
30.0115	75.1113
30.0131	75.1377
30.0147	75.1641
30.0163	75.1904
30.0179	75.2168
30.0195	75.2432
30.0211	75.2695
30.0227	75.2959
30.0243	75.3223
30.0259	75.3486
30.0901	75.375
30.0917	75.4014
30.0933	75.4277
30.0949	75.4541
30.0965	75.4805
30.0981	75.5068
30.0997	75.5332
30.1013	75.5596
30.1029	75.5859
30.1045	75.6123
30.1061	75.6387
30.1077	75.665
30.1093	75.6914
30.1109	75.7178
30.1125	75.7441
30.1141	75.7705
30.1157	75.7969
30.1173	75.8232
30.1189	75.8496
30.1205	75.875
30.1222	75.9004
30.1238	75.9258
30.1254	75.9512
30.127	75.9766
30.1286	76.002
30.1302	76.0273
30.1936	76.0527
30.1952	76.0781
30.1968	76.1035
30.1984	76.1289
30.2	76.1543
30.2016	76.1797
30.2032	76.2051
30.2048	76.2305
30.2064	76.2559
30.208	76.2812
30.2096	76.3066
30.2112	76.332
30.2128	76.3574
30.2144	76.3828
30.216	76.4082
30.2176	76.4336
30.2192	76.459
30.2208	76.4844
30.2224	76.5098
30.224	76.5352
30.2256	76.5605
30.2272	76.5859
30.2288	76.6113
30.2304	76.6367
30.232	76.6621
30.2336	76.6875
30.2986	76.7129
30.3002	76.7383
30.3018	76.7637
30.3034	76.7891
30.305	76.8145
30.3066	76.8398
30.3082	76.8652
30.3098	76.8906
30.3114	76.916
30.313	76.9414
30.3146	76.9668
30.3162	76.9922
30.3178	77.0176
30.3194	77.043
30.321	77.0684
30.3226	77.0938
30.3242	77.1191
30.3259	77.1445
30.3275	77.1699
30.3291	77.1953
30.3307	77.2207
30.3323	77.2461
30.3339	77.2715
30.3355	77.2969
30.3371	77.3223
30.3387	77.3477
30.3403	77.373
30.4029	77.3984
30.4045	77.4238
30.4061	77.4492
30.4077	77.4746
30.4093	77.5
30.4109	77.5254
30.4125	77.5508
30.4141	77.5762
30.4157	77.6016
30.4173	77.627
30.4189	77.6523
30.4205	77.6777
30.4221	77.7031
30.4237	77.7285
30.4253	77.7539
30.4269	77.7793
30.4285	77.8047
30.4301	77.8301
30.4317	77.8555
30.4333	77.8809
30.4349	77.9062
30.4365	77.9316
30.4381	77.957
30.4397	77.9824
30.4413	78.0078
30.4429	78.0332
30.4445	78.0586
30.5071	78.084
30.5087	78.1094
30.5103	78.1348
30.5119	78.1602
30.5135	78.1855
30.5151	78.2109
30.5167	78.2363
30.5183	78.2617
30.5199	78.2871
30.5215	78.3125
30.5231	78.3379
30.5247	78.3633
30.5263	78.3887
30.528	78.4141
30.5296	78.4395
30.5312	78.4648
30.5328	78.4902
30.5344	78.5156
30.536	78.541
30.5376	78.5664
30.5392	78.5918
30.5408	78.6172
30.5424	78.6426
30.544	78.668
30.5456	78.6934
30.5472	78.7188
30.5488	78.7441
30.6106	78.7695
30.6122	78.7939
30.6138	78.8184
30.6154	78.8428
30.617	78.8672
30.6186	78.8916
30.6202	78.916
30.6218	78.9404
30.6234	78.9648
30.625	78.9893
30.6266	79.0137
30.6282	79.0381
30.6298	79.0625
30.6314	79.0869
30.633	79.1113
30.6346	79.1357
30.6362	79.1602
30.6378	79.1846
30.6394	79.209
30.641	79.2334
30.6426	79.2578
30.6442	79.2822
30.6458	79.3066
30.6474	79.3311
30.649	79.3555
30.6506	79.3799
30.6522	79.4043
30.7148	79.4287
30.7164	79.4531
30.718	79.4775
30.7196	79.502
30.7212	79.5264
30.7228	79.5508
30.7244	79.5752
30.726	79.5996
30.7276	79.624
30.7292	79.6484
30.7308	79.6729
30.7325	79.6973
30.7341	79.7217
30.7357	79.7461
30.7373	79.7705
30.7389	79.7949
30.7405	79.8193
30.7421	79.8438
30.7437	79.8682
30.7453	79.8926
30.7469	79.917
30.7485	79.9414
30.7501	79.9658
30.7517	79.9902
30.7533	80.0146
30.7549	80.0391
30.7565	80.0635
30.7581	80.0879
30.8207	80.1123
30.8223	80.1367
30.8239	80.1611
30.8255	80.1855
30.8271	80.21
30.8287	80.2344
30.8303	80.2588
30.8319	80.2832
30.8335	80.3076
30.8351	80.332
30.8367	80.3564
30.8383	80.3809
30.8399	80.4053
30.8415	80.4297
30.8431	80.4541
30.8447	80.4785
30.8463	80.5029
30.8479	80.5273
30.8495	80.5518
30.8511	80.5762
30.8527	80.6006
30.8543	80.625
30.8559	80.6494
30.8575	80.6738
30.8591	80.6982
30.8607	80.7227
30.8623	80.7471
30.8639	80.7715
30.9249	80.7959
30.9265	80.8203
30.9281	80.8447
30.9297	80.8691
30.9313	80.8936
30.9329	80.918
30.9345	80.9424
30.9362	80.9668
30.9378	80.9912
30.9394	81.0156
30.941	81.04
30.9426	81.0645
30.9442	81.0889
30.9458	81.1133
30.9474	81.1377
30.949	81.1621
30.9506	81.1865
30.9522	81.2109
30.9538	81.2354
30.9554	81.2598
30.957	81.2842
30.9586	81.3086
30.9602	81.333
30.9618	81.3574
30.9634	81.3818
30.965	81.4062
30.9666	81.4307
30.9682	81.4551
31.0284	81.4795
31.03	81.5039
31.0316	81.5283
31.0332	81.5527
31.0348	81.5771
31.0364	81.6016
31.038	81.626
31.0396	81.6504
31.0412	81.6748
31.0428	81.6992
31.0444	81.7236
31.046	81.748
31.0476	81.7725
31.0492	81.7969
31.0508	81.8213
31.0524	81.8457
31.054	81.8701
31.0556	81.8945
31.0572	81.9189
31.0588	81.9424
31.0604	81.9658
31.062	81.9893
31.0636	82.0127
31.0652	82.0361
31.0668	82.0596
31.0684	82.083
31.07	82.1064
31.0716	82.1299
31.1318	82.1533
31.1334	82.1768
31.135	82.2002
31.1366	82.2236
31.1382	82.2471
31.1399	82.2705
31.1415	82.2939
31.1431	82.3174
31.1447	82.3408
31.1463	82.3643
31.1479	82.3877
31.1495	82.4111
31.1511	82.4346
31.1527	82.458
31.1543	82.4814
31.1559	82.5049
31.1575	82.5283
31.1591	82.5518
31.1607	82.5752
31.1623	82.5986
31.1639	82.6221
31.1655	82.6455
31.1671	82.6689
31.1687	82.6924
31.1703	82.7158
31.1719	82.7393
31.1735	82.7627
31.1751	82.7861
31.1767	82.8096
31.2377	82.833
31.2393	82.8564
31.2409	82.8799
31.2425	82.9033
31.2441	82.9268
31.2457	82.9502
31.2473	82.9736
31.2489	82.9971
31.2505	83.0205
31.2521	83.0439
31.2537	83.0674
31.2553	83.0908
31.2569	83.1143
31.2585	83.1377
31.2601	83.1611
31.2617	83.1846
31.2633	83.208
31.2649	83.2314
31.2665	83.2549
31.2681	83.2783
31.2697	83.3018
31.2713	83.3252
31.2729	83.3486
31.2745	83.3721
31.2761	83.3955
31.2778	83.4189
31.2794	83.4424
31.281	83.4658
31.2826	83.4893
31.342	83.5127
31.3436	83.5361
31.3452	83.5596
31.3468	83.583
31.3484	83.6064
31.35	83.6299
31.3516	83.6533
31.3532	83.6768
31.3548	83.7002
31.3564	83.7236
31.358	83.7471
31.3596	83.7705
31.3612	83.7939
31.3628	83.8174
31.3644	83.8408
31.366	83.8643
31.3676	83.8877
31.3692	83.9111
31.3708	83.9346
31.3724	83.958
31.374	83.9814
31.3756	84.0049
31.3772	84.0283
31.3788	84.0518
31.3804	84.0752
31.382	84.0986
31.3836	84.1221
31.3852	84.1455
31.3868	84.1689
31.4454	84.1924
31.447	84.2158
31.4486	84.2393
31.4502	84.2627
31.4518	84.2861
31.4534	84.3096
31.455	84.333
31.4566	84.3564
31.4582	84.3799
31.4598	84.4033
31.4614	84.4268
31.463	84.4502
31.4646	84.4736
31.4662	84.4971
31.4678	84.5205
31.4694	84.5439
31.471	84.5674
31.4726	84.5908
31.4742	84.6143
31.4758	84.6377
31.4774	84.6611
31.479	84.6846
31.4806	84.708
31.4823	84.7314
31.4839	84.7549
31.4855	84.7783
31.4871	84.8018
31.4887	84.8252
31.4903	84.8486
31.5489	84.8721
31.5505	84.8955
31.5521	84.9189
31.5537	84.9424
31.5553	84.9658
31.5569	84.9893
31.5585	85.0127
31.5601	85.0361
31.5617	85.0596
31.5633	85.083
31.5649	85.1064
31.5665	85.1299
31.5681	85.1533
31.5697	85.1768
31.5713	85.2002
31.5729	85.2236
31.5745	85.2471
31.5761	85.2705
31.5777	85.2939
31.5793	85.3174
31.5809	85.3398
31.5825	85.3623
31.5841	85.3848
31.5857	85.4072
31.5873	85.4297
31.5889	85.4521
31.5905	85.4746
31.5921	85.4971
31.5937	85.5195
31.5953	85.542
31.6547	85.5645
31.6563	85.5869
31.6579	85.6094
31.6595	85.6318
31.6611	85.6543
31.6627	85.6768
31.6643	85.6992
31.6659	85.7217
31.6675	85.7441
31.6691	85.7666
31.6707	85.7891
31.6723	85.8115
31.6739	85.834
31.6755	85.8564
31.6771	85.8789
31.6787	85.9014
31.6803	85.9238
31.6819	85.9463
31.6835	85.9688
31.6852	85.9912
31.6868	86.0137
31.6884	86.0361
31.69	86.0586
31.6916	86.0811
31.6932	86.1035
31.6948	86.126
31.6964	86.1484
31.698	86.1709
31.6996	86.1934
31.7012	86.2158
31.759	86.2383
31.7606	86.2607
31.7622	86.2832
31.7638	86.3057
31.7654	86.3281
31.767	86.3506
31.7686	86.373
31.7702	86.3955
31.7718	86.418
31.7734	86.4404
31.775	86.4629
31.7766	86.4854
31.7782	86.5078
31.7798	86.5303
31.7814	86.5527
31.783	86.5752
31.7846	86.5977
31.7862	86.6201
31.7878	86.6426
31.7894	86.665
31.791	86.6875
31.7926	86.71
31.7942	86.7324
31.7958	86.7549
31.7974	86.7773
31.799	86.7998
31.8006	86.8223
31.8022	86.8447
31.8038	86.8672
31.8054	86.8896
31.8632	86.9121
31.8648	86.9346
31.8664	86.957
31.868	86.9795
31.8696	87.002
31.8712	87.0244
31.8728	87.0469
31.8744	87.0693
31.876	87.0918
31.8776	87.1143
31.8792	87.1367
31.8808	87.1592
31.8824	87.1816
31.884	87.2041
31.8856	87.2266
31.8872	87.249
31.8889	87.2715
31.8905	87.2939
31.8921	87.3164
31.8937	87.3389
31.8953	87.3613
31.8969	87.3838
31.8985	87.4062
31.9001	87.4287
31.9017	87.4512
31.9033	87.4736
31.9049	87.4961
31.9065	87.5186
31.9081	87.541
31.9097	87.5635
31.9667	87.5859
31.9683	87.6084
31.9699	87.6309
31.9715	87.6533
31.9731	87.6758
31.9747	87.6982
31.9763	87.7207
31.9779	87.7432
31.9795	87.7656
31.9811	87.7881
31.9827	87.8105
31.9843	87.833
31.9859	87.8555
31.9875	87.8779
31.9891	87.9004
31.9907	87.9229
31.9923	87.9453
31.9939	87.9678
31.9955	87.9902
31.9971	88.0127
31.9987	88.0352
32.0003	88.0576
32.0019	88.0801
32.0035	88.1025
32.0051	88.125
32.0067	88.1475
32.0083	88.1699
32.0099	88.1924
32.0115	88.2148
32.0131	88.2373
32.0709	88.2598
32.0725	88.2822
32.0741	88.3047
32.0757	88.3271
32.0773	88.3496
32.0789	88.3721
32.0805	88.3945
32.0821	88.417
32.0837	88.4395
32.0853	88.4619
32.0869	88.4844
32.0885	88.5068
32.0901	88.5293
32.0918	88.5518
32.0934	88.5742
32.095	88.5967
32.0966	88.6191
32.0982	88.6416
32.0998	88.6641
32.1014	88.6865
32.103	88.709
32.1046	88.7314
32.1062	88.7539
32.1078	88.7764
32.1094	88.7988
32.111	88.8213
32.1126	88.8438
32.1142	88.8662
32.1158	88.8887
32.1174	88.9111
32.119	88.9336
32.1752	88.9561
32.1768	88.9785
32.1784	89.001
32.18	89.0234
32.1816	89.0459
32.1832	89.0674
32.1848	89.0889
32.1864	89.1104
32.188	89.1318
32.1896	89.1533
32.1912	89.1748
32.1928	89.1963
32.1944	89.2178
32.196	89.2393
32.1976	89.2607
32.1992	89.2822
32.2008	89.3037
32.2024	89.3252
32.204	89.3467
32.2056	89.3682
32.2072	89.3896
32.2088	89.4111
32.2104	89.4326
32.212	89.4541
32.2136	89.4756
32.2152	89.4971
32.2168	89.5186
32.2184	89.54
32.22	89.5615
32.2216	89.583
32.2232	89.6045
32.2794	89.626
32.281	89.6475
32.2826	89.6689
32.2842	89.6904
32.2858	89.7119
32.2874	89.7334
32.289	89.7549
32.2906	89.7764
32.2922	89.7979
32.2938	89.8193
32.2955	89.8408
32.2971	89.8623
32.2987	89.8838
32.3003	89.9053
32.3019	89.9268
32.3035	89.9482
32.3051	89.9697
32.3067	89.9912
32.3083	90.0127
32.3099	90.0342
32.3115	90.0557
32.3131	90.0771
32.3147	90.0986
32.3163	90.1201
32.3179	90.1416
32.3195	90.1631
32.3211	90.1846
32.3227	90.2061
32.3243	90.2275
32.3259	90.249
32.3275	90.2705
32.3829	90.292
32.3845	90.3135
32.3861	90.335
32.3877	90.3564
32.3893	90.3779
32.3909	90.3994
32.3925	90.4209
32.3941	90.4424
32.3957	90.4639
32.3973	90.4854
32.3989	90.5068
32.4005	90.5283
32.4021	90.5498
32.4037	90.5713
32.4053	90.5928
32.4069	90.6143
32.4085	90.6357
32.4101	90.6572
32.4117	90.6787
32.4133	90.7002
32.4149	90.7217
32.4165	90.7432
32.4181	90.7646
32.4197	90.7861
32.4213	90.8076
32.4229	90.8291
32.4245	90.8506
32.4261	90.8721
32.4277	90.8936
32.4293	90.915
32.4309	90.9365
32.4879	90.958
32.4895	90.9795
32.4911	91.001
32.4927	91.0225
32.4943	91.0439
32.4959	91.0654
32.4975	91.0869
32.4992	91.1084
32.5008	91.1299
32.5024	91.1514
32.504	91.1729
32.5056	91.1943
32.5072	91.2158
32.5088	91.2373
32.5104	91.2588
32.512	91.2803
32.5136	91.3018
32.5152	91.3232
32.5168	91.3447
32.5184	91.3662
32.52	91.3877
32.5216	91.4092
32.5232	91.4307
32.5248	91.4521
32.5264	91.4736
32.528	91.4951
32.5296	91.5166
32.5312	91.5381
32.5328	91.5596
32.5344	91.5811
32.536	91.6025
32.5376	91.624
32.5922	91.6455
32.5938	91.667
32.5954	91.6885
32.597	91.71
32.5986	91.7314
32.6002	91.7529
32.6018	91.7744
32.6034	91.7959
32.605	91.8174
32.6066	91.8389
32.6082	91.8604
32.6098	91.8818
32.6114	91.9033
32.613	91.9248
32.6146	91.9463
32.6162	91.9678
32.6178	91.9893
32.6194	92.0107
32.621	92.0322
32.6226	92.0537
32.6242	92.0752
32.6258	92.0967
32.6274	92.1182
32.629	92.1396
32.6306	92.1611
32.6322	92.1826
32.6338	92.2041
32.6354	92.2256
32.637	92.2471
32.6387	92.2686
32.6403	92.29
32.6419	92.3115
32.6964	92.333
32.698	92.3545
32.6996	92.376
32.7012	92.3975
32.7029	92.4189
32.7045	92.4404
32.7061	92.4619
32.7077	92.4834
32.7093	92.5049
32.7109	92.5264
32.7125	92.5479
32.7141	92.5693
32.7157	92.5908
32.7173	92.6123
32.7189	92.6338
32.7205	92.6553
32.7221	92.6768
32.7237	92.6982
32.7253	92.7197
32.7269	92.7412
32.7285	92.7627
32.7301	92.7842
32.7317	92.8057
32.7333	92.8271
32.7349	92.8486
32.7365	92.8701
32.7381	92.8916
32.7397	92.9131
32.7413	92.9346
32.7429	92.9561
32.7445	92.9775
32.7461	92.999
32.8006	93.0205
32.8022	93.042
32.8038	93.0635
32.8054	93.085
32.807	93.1055
32.8086	93.126
32.8102	93.1465
32.8118	93.167
32.8134	93.1875
32.815	93.208
32.8166	93.2285
32.8182	93.249
32.8198	93.2695
32.8214	93.29
32.823	93.3105
32.8246	93.3311
32.8262	93.3516
32.8278	93.3721
32.8294	93.3926
32.831	93.4131
32.8326	93.4336
32.8342	93.4541
32.8358	93.4746
32.8374	93.4951
32.839	93.5156
32.8406	93.5361
32.8422	93.5566
32.8438	93.5771
32.8454	93.5977
32.847	93.6182
32.8486	93.6387
32.8502	93.6592
32.9056	93.6797
32.9072	93.7002
32.9088	93.7207
32.9104	93.7412
32.912	93.7617
32.9136	93.7822
32.9152	93.8027
32.9169	93.8232
32.9185	93.8438
32.9201	93.8643
32.9217	93.8848
32.9233	93.9053
32.9249	93.9258
32.9265	93.9463
32.9281	93.9668
32.9297	93.9873
32.9313	94.0078
32.9329	94.0283
32.9345	94.0488
32.9361	94.0693
32.9377	94.0898
32.9393	94.1104
32.9409	94.1309
32.9425	94.1514
32.9441	94.1719
32.9457	94.1924
32.9473	94.2129
32.9489	94.2334
32.9505	94.2539
32.9521	94.2744
32.9537	94.2949
32.9553	94.3154
32.9569	94.3359
33.0114	94.3564
33.013	94.377
33.0146	94.3975
33.0162	94.418
33.0178	94.4385
33.0194	94.459
33.021	94.4795
33.0226	94.5
33.0242	94.5205
33.0258	94.541
33.0274	94.5615
33.029	94.582
33.0306	94.6025
33.0322	94.623
33.0338	94.6436
33.0354	94.6641
33.037	94.6846
33.0386	94.7051
33.0402	94.7256
33.0418	94.7461
33.0434	94.7666
33.045	94.7871
33.0466	94.8076
33.0482	94.8281
33.0498	94.8486
33.0514	94.8691
33.053	94.8896
33.0546	94.9102
33.0562	94.9307
33.0578	94.9512
33.0594	94.9717
33.061	94.9922
33.0626	95.0127
33.1179	95.0332
33.1195	95.0537
33.1211	95.0742
33.1227	95.0947
33.1243	95.1152
33.1259	95.1357
33.1275	95.1562
33.1291	95.1768
33.1307	95.1973
33.1323	95.2178
33.1339	95.2383
33.1355	95.2588
33.1371	95.2793
33.1387	95.2998
33.1403	95.3203
33.142	95.3408
33.1436	95.3613
33.1452	95.3818
33.1468	95.4023
33.1484	95.4229
33.15	95.4434
33.1516	95.4639
33.1532	95.4844
33.1548	95.5049
33.1564	95.5254
33.158	95.5459
33.1596	95.5664
33.1612	95.5869
33.1628	95.6074
33.1644	95.6279
33.166	95.6484
33.1676	95.6689
33.1692	95.6895
33.2253	95.71
33.2269	95.7305
33.2285	95.751
33.2301	95.7715
33.2317	95.792
33.2333	95.8125
33.2349	95.833
33.2365	95.8535
33.2381	95.874
33.2397	95.8945
33.2413	95.915
33.2429	95.9355
33.2445	95.9561
33.2461	95.9766
33.2477	95.9971
33.2493	96.0176
33.2509	96.0381
33.2525	96.0586
33.2541	96.0791
33.2557	96.0996
33.2573	96.1201
33.2589	96.1406
33.2605	96.1611
33.2621	96.1816
33.2637	96.2021
33.2653	96.2227
33.2669	96.2432
33.2685	96.2637
33.2701	96.2842
33.2717	96.3047
33.2733	96.3252
33.2749	96.3457
33.2765	96.3662
33.3326	96.3867
33.3342	96.4072
33.3358	96.4277
33.3374	96.4482
33.339	96.4688
33.3406	96.4893
33.3422	96.5098
33.3438	96.5303
33.3454	96.5508
33.347	96.5713
33.3486	96.5918
33.3502	96.6123
33.3518	96.6328
33.3534	96.6533
33.355	96.6738
33.3566	96.6943
33.3582	96.7148
33.3598	96.7354
33.3614	96.7559
33.363	96.7764
33.3646	96.7969
33.3662	96.8174
33.3679	96.8379
33.3695	96.8584
33.3711	96.8789
33.3727	96.8994
33.3743	96.9199
33.3759	96.9404
33.3775	96.9609
33.3791	96.9814
33.3807	97.002
33.3823	97.0225
33.3839	97.043
33.3855	97.0635
33.4424	97.084
33.444	97.1045
33.4456	97.125
33.4472	97.1455
33.4488	97.166
33.4504	97.1865
33.452	97.207
33.4536	97.2275
33.4552	97.248
33.4568	97.2686
33.4584	97.2891
33.46	97.3096
33.4616	97.3301
33.4632	97.3506
33.4648	97.3711
33.4664	97.3916
33.468	97.4121
33.4696	97.4326
33.4712	97.4531
33.4728	97.4736
33.4744	97.4941
33.476	97.5146
33.4776	97.5342
33.4792	97.5537
33.4808	97.5732
33.4824	97.5928
33.484	97.6123
33.4856	97.6318
33.4872	97.6514
33.4888	97.6709
33.4904	97.6904
33.492	97.71
33.4936	97.7295
33.4952	97.749
33.5513	97.7686
33.5529	97.7881
33.5545	97.8076
33.5561	97.8271
33.5577	97.8467
33.5593	97.8662
33.5609	97.8857
33.5625	97.9053
33.5641	97.9248
33.5657	97.9443
33.5673	97.9639
33.5689	97.9834
33.5705	98.0029
33.5721	98.0225
33.5737	98.042
33.5753	98.0615
33.5769	98.0811
33.5785	98.1006
33.5801	98.1201
33.5817	98.1396
33.5833	98.1592
33.5849	98.1787
33.5865	98.1982
33.5881	98.2178
33.5897	98.2373
33.5913	98.2568
33.593	98.2764
33.5946	98.2959
33.5962	98.3154
33.5978	98.335
33.5994	98.3545
33.601	98.374
33.6026	98.3936
33.6042	98.4131
33.661	98.4326
33.6626	98.4521
33.6642	98.4717
33.6658	98.4912
33.6675	98.5107
33.6691	98.5303
33.6707	98.5498
33.6723	98.5693
33.6739	98.5889
33.6755	98.6084
33.6771	98.6279
33.6787	98.6475
33.6803	98.667
33.6819	98.6865
33.6835	98.7061
33.6851	98.7256
33.6867	98.7451
33.6883	98.7646
33.6899	98.7842
33.6915	98.8037
33.6931	98.8232
33.6947	98.8428
33.6963	98.8623
33.6979	98.8818
33.6995	98.9014
33.7011	98.9209
33.7027	98.9404
33.7043	98.96
33.7059	98.9795
33.7075	98.999
33.7091	99.0186
33.7107	99.0381
33.7123	99.0576
33.7139	99.0771
33.7716	99.0967
33.7732	99.1162
33.7748	99.1357
33.7764	99.1553
33.778	99.1748
33.7796	99.1943
33.7812	99.2139
33.7828	99.2334
33.7844	99.2529
33.786	99.2725
33.7876	99.292
33.7892	99.3115
33.7908	99.3311
33.7924	99.3506
33.794	99.3701
33.7956	99.3896
33.7972	99.4092
33.7988	99.4287
33.8004	99.4482
33.802	99.4678
33.8036	99.4873
33.8052	99.5068
33.8068	99.5264
33.8084	99.5459
33.81	99.5654
33.8116	99.585
33.8132	99.6045
33.8148	99.624
33.8164	99.6436
33.8181	99.6631
33.8197	99.6826
33.8213	99.7021
33.8229	99.7217
33.8245	99.7412
33.8261	99.7607
33.8845	99.7803
33.8861	99.7998
33.8877	99.8193
33.8893	99.8389
33.8909	99.8584
33.8925	99.8779
33.8942	99.8975
33.8958	99.917
33.8974	99.9365
33.899	99.9561
33.9006	99.9756
33.9022	99.9951
33.9038	100.015
33.9054	100.034
33.907	100.054
33.9086	100.073
33.9102	100.093
33.9118	100.112
33.9134	100.132
33.915	100.151
33.9166	100.171
33.9182	100.19
33.9198	100.21
33.9214	100.229
33.923	100.249
33.9246	100.269
33.9262	100.288
33.9278	100.308
33.9294	100.327
33.931	100.347
33.9326	100.366
33.9342	100.386
33.9358	100.405
33.9374	100.425
33.939	100.444
33.9967	100.464
33.9983	100.483
33.9999	100.503
34.0015	100.522
34.0031	100.542
34.0047	100.562
34.0063	100.581
34.0079	100.601
34.0095	100.62
34.0111	100.64
34.0127	100.659
34.0143	100.679
34.0159	100.698
34.0175	100.718
34.0191	100.737
34.0207	100.757
34.0223	100.776
34.0239	100.796
34.0255	100.815
34.0271	100.835
34.0287	100.854
34.0303	100.874
34.0319	100.894
34.0335	100.913
34.0351	100.933
34.0367	100.952
34.0383	100.972
34.0399	100.991
34.0415	101.011
34.0432	101.03
34.0448	101.05
34.0464	101.069
34.048	101.089
34.0496	101.108
34.0512	101.128
34.1096	101.147
34.1112	101.167
34.1128	101.187
34.1144	101.206
34.116	101.226
34.1176	101.245
34.1193	101.265
34.1209	101.284
34.1225	101.304
34.1241	101.323
34.1257	101.343
34.1273	101.362
34.1289	101.382
34.1305	101.401
34.1321	101.421
34.1337	101.44
34.1353	101.46
34.1369	101.479
34.1385	101.499
34.1401	101.519
34.1417	101.538
34.1433	101.558
34.1449	101.577
34.1465	101.597
34.1481	101.616
34.1497	101.636
34.1513	101.655
34.1529	101.675
34.1545	101.694
34.1561	101.714
34.1577	101.733
34.1593	101.753
34.1609	101.772
34.1625	101.792
34.1641	101.812
34.2234	101.831
34.225	101.851
34.2266	101.87
34.2282	101.89
34.2298	101.909
34.2314	101.929
34.233	101.948
34.2346	101.968
34.2362	101.987
34.2378	102.007
34.2394	102.026
34.241	102.046
34.2426	102.065
34.2442	102.085
34.2458	102.104
34.2474	102.124
34.249	102.144
34.2506	102.163
34.2522	102.183
34.2538	102.202
34.2554	102.222
34.257	102.241
34.2586	102.261
34.2602	102.28
34.2618	102.3
34.2634	102.319
34.265	102.339
34.2666	102.358
34.2683	102.378
34.2699	102.397
34.2715	102.416
34.2731	102.435
34.2747	102.453
34.2763	102.472
34.2779	102.49
34.3379	102.509
34.3395	102.527
34.3411	102.546
34.3427	102.564
34.3444	102.583
34.346	102.602
34.3476	102.62
34.3492	102.639
34.3508	102.657
34.3524	102.676
34.354	102.694
34.3556	102.713
34.3572	102.731
34.3588	102.75
34.3604	102.769
34.362	102.787
34.3636	102.806
34.3652	102.824
34.3668	102.843
34.3684	102.861
34.37	102.88
34.3716	102.898
34.3732	102.917
34.3748	102.936
34.3764	102.954
34.378	102.973
34.3796	102.991
34.3812	103.01
34.3828	103.028
34.3844	103.047
34.386	103.065
34.3876	103.084
34.3892	103.103
34.3908	103.121
34.3924	103.14
34.394	103.158
34.4533	103.177
34.4549	103.195
34.4565	103.214
34.4581	103.232
34.4597	103.251
34.4613	103.27
34.4629	103.288
34.4645	103.307
34.4661	103.325
34.4677	103.344
34.4693	103.362
34.4709	103.381
34.4725	103.399
34.4741	103.418
34.4757	103.437
34.4773	103.455
34.4789	103.474
34.4805	103.492
34.4821	103.511
34.4837	103.529
34.4853	103.548
34.4869	103.566
34.4885	103.585
34.4901	103.604
34.4917	103.622
34.4934	103.641
34.495	103.659
34.4966	103.678
34.4982	103.696
34.4998	103.715
34.5014	103.733
34.503	103.752
34.5046	103.771
34.5062	103.789
34.5078	103.808
34.5094	103.826
34.5695	103.845
34.5711	103.863
34.5727	103.882
34.5743	103.9
34.5759	103.919
34.5775	103.938
34.5791	103.956
34.5807	103.975
34.5823	103.993
34.5839	104.012
34.5855	104.03
34.5871	104.049
34.5887	104.067
34.5903	104.086
34.5919	104.104
34.5935	104.123
34.5951	104.142
34.5967	104.16
34.5983	104.179
34.5999	104.197
34.6015	104.216
34.6031	104.234
34.6047	104.253
34.6063	104.271
34.6079	104.29
34.6095	104.309
34.6111	104.327
34.6127	104.346
34.6143	104.364
34.6159	104.383
34.6175	104.401
34.6191	104.42
34.6207	104.438
34.6223	104.457
34.6239	104.476
34.6255	104.494
34.6864	104.513
34.688	104.531
34.6896	104.55
34.6912	104.568
34.6928	104.587
34.6944	104.605
34.696	104.624
34.6976	104.643
34.6992	104.661
34.7008	104.68
34.7024	104.698
34.704	104.717
34.7056	104.735
34.7072	104.754
34.7088	104.772
34.7104	104.791
34.712	104.81
34.7136	104.828
34.7152	104.847
34.7168	104.865
34.7185	104.884
34.7201	104.902
34.7217	104.921
34.7233	104.939
34.7249	104.958
34.7265	104.977
34.7281	104.995
34.7297	105.014
34.7313	105.032
34.7329	105.051
34.7345	105.069
34.7361	105.088
34.7377	105.106
34.7393	105.125
34.7409	105.144
34.7425	105.162
34.8042	105.181
34.8058	105.199
34.8074	105.218
34.809	105.236
34.8106	105.255
34.8122	105.273
34.8138	105.292
34.8154	105.311
34.817	105.329
34.8186	105.348
34.8202	105.366
34.8218	105.385
34.8234	105.403
34.825	105.422
34.8266	105.44
34.8282	105.459
34.8298	105.478
34.8314	105.496
34.833	105.515
34.8346	105.533
34.8362	105.552
34.8378	105.57
34.8394	105.589
34.841	105.607
34.8426	105.626
34.8442	105.645
34.8458	105.663
34.8474	105.682
34.849	105.7
34.8506	105.719
34.8522	105.737
34.8538	105.756
34.8554	105.774
34.857	105.793
34.8586	105.812
34.8602	105.83
34.8618	105.849
34.9227	105.867
34.9243	105.886
34.9259	105.904
34.9275	105.923
34.9291	105.941
34.9307	105.96
34.9323	105.979
34.9339	105.997
34.9355	106.016
34.9371	106.034
34.9387	106.053
34.9403	106.071
34.9419	106.09
34.9435	106.108
34.9452	106.127
34.9468	106.146
34.9484	106.164
34.95	106.183
34.9516	106.201
34.9532	106.22
34.9548	106.238
34.9564	106.257
34.958	106.275
34.9596	106.294
34.9612	106.312
34.9628	106.331
34.9644	106.35
34.966	106.368
34.9676	106.387
34.9692	106.405
34.9708	106.424
34.9724	106.442
34.974	106.461
34.9756	106.479
34.9772	106.498
34.9788	106.517
34.9804	106.535
35.0421	106.554
35.0437	106.572
35.0453	106.591
35.0469	106.609
35.0485	106.628
35.0501	106.646
35.0517	106.665
35.0533	106.684
35.0549	106.702
35.0565	106.721
35.0581	106.739
35.0597	106.758
35.0613	106.776
35.0629	106.795
35.0645	106.813
35.0661	106.832
35.0677	106.851
35.0693	106.869
35.0709	106.888
35.0725	106.906
35.0741	106.925
35.0757	106.943
35.0773	106.962
35.0789	106.98
35.0805	106.999
35.0821	107.018
35.0837	107.036
35.0853	107.055
35.0869	107.073
35.0885	107.092
35.0901	107.11
35.0917	107.129
35.0933	107.147
35.095	107.166
35.0966	107.185
35.0982	107.203
35.0998	107.222
35.1622	107.24
35.1638	107.259
35.1654	107.277
35.167	107.296
35.1686	107.314
35.1703	107.333
35.1719	107.352
35.1735	107.37
35.1751	107.389
35.1767	107.407
35.1783	107.426
35.1799	107.444
35.1815	107.463
35.1831	107.481
35.1847	107.5
35.1863	107.519
35.1879	107.537
35.1895	107.556
35.1911	107.574
35.1927	107.593
35.1943	107.611
35.1959	107.63
35.1975	107.648
35.1991	107.667
35.2007	107.686
35.2023	107.704
35.2039	107.723
35.2055	107.741
35.2071	107.76
35.2087	107.778
35.2103	107.796
35.2119	107.813
35.2135	107.831
35.2151	107.849
35.2167	107.866
35.2183	107.884
35.2199	107.901
35.2832	107.919
35.2848	107.937
35.2864	107.954
35.288	107.972
35.2896	107.989
35.2912	108.007
35.2928	108.024
35.2944	108.042
35.296	108.06
35.2976	108.077
35.2992	108.095
35.3008	108.112
35.3024	108.13
35.304	108.147
35.3056	108.165
35.3072	108.183
35.3088	108.2
35.3104	108.218
35.312	108.235
35.3136	108.253
35.3152	108.271
35.3168	108.288
35.3184	108.306
35.3201	108.323
35.3217	108.341
35.3233	108.358
35.3249	108.376
35.3265	108.394
35.3281	108.411
35.3297	108.429
35.3313	108.446
35.3329	108.464
35.3345	108.481
35.3361	108.499
35.3377	108.517
35.3393	108.534
35.3409	108.552
35.3425	108.569
35.405	108.587
35.4066	108.604
35.4082	108.622
35.4098	108.64
35.4114	108.657
35.413	108.675
35.4146	108.692
35.4162	108.71
35.4178	108.728
35.4194	108.745
35.421	108.763
35.4226	108.78
35.4242	108.798
35.4258	108.815
35.4274	108.833
35.429	108.851
35.4306	108.868
35.4322	108.886
35.4338	108.903
35.4354	108.921
35.437	108.938
35.4386	108.956
35.4402	108.974
35.4418	108.991
35.4434	109.009
35.445	109.026
35.4466	109.044
35.4482	109.062
35.4498	109.079
35.4514	109.097
35.453	109.114
35.4546	109.132
35.4562	109.149
35.4578	109.167
35.4594	109.185
35.461	109.202
35.4626	109.22
35.4642	109.237
35.5275	109.255
35.5291	109.272
35.5307	109.29
35.5323	109.308
35.5339	109.325
35.5355	109.343
35.5371	109.36
35.5387	109.378
35.5403	109.396
35.5419	109.413
35.5435	109.431
35.5452	109.448
35.5468	109.466
35.5484	109.483
35.55	109.501
35.5516	109.519
35.5532	109.536
35.5548	109.554
35.5564	109.571
35.558	109.589
35.5596	109.606
35.5612	109.624
35.5628	109.642
35.5644	109.659
35.566	109.677
35.5676	109.694
35.5692	109.712
35.5708	109.729
35.5724	109.747
35.574	109.765
35.5756	109.782
35.5772	109.8
35.5788	109.817
35.5804	109.835
35.582	109.853
35.5836	109.87
35.5852	109.888
35.5868	109.905
35.6509	109.923
35.6525	109.94
35.6541	109.958
35.6557	109.976
35.6573	109.993
35.6589	110.011
35.6605	110.028
35.6621	110.046
35.6637	110.063
35.6653	110.081
35.6669	110.099
35.6685	110.116
35.6701	110.134
35.6717	110.151
35.6733	110.169
35.6749	110.187
35.6765	110.204
35.6781	110.222
35.6797	110.239
35.6813	110.257
35.6829	110.274
35.6845	110.292
35.6861	110.31
35.6877	110.327
35.6893	110.345
35.6909	110.362
35.6925	110.38
35.6941	110.397
35.6958	110.415
35.6974	110.433
35.699	110.45
35.7006	110.468
35.7022	110.485
35.7038	110.503
35.7054	110.521
35.707	110.538
35.7086	110.556
35.7102	110.573
35.7751	110.591
35.7767	110.608
35.7783	110.626
35.7799	110.644
35.7815	110.661
35.7831	110.679
35.7847	110.696
35.7863	110.714
35.7879	110.731
35.7895	110.749
35.7911	110.767
35.7927	110.784
35.7943	110.802
35.7959	110.819
35.7975	110.837
35.7991	110.854
35.8007	110.872
35.8023	110.89
35.8039	110.907
35.8055	110.925
35.8071	110.942
35.8087	110.96
35.8103	110.978
35.8119	110.995
35.8135	111.013
35.8151	111.03
35.8167	111.048
35.8183	111.065
35.8199	111.083
35.8215	111.101
35.8231	111.118
35.8247	111.136
35.8263	111.153
35.8279	111.171
35.8295	111.188
35.8311	111.206
35.8327	111.224
35.8343	111.241
35.8359	111.259
35.9	111.276
35.9016	111.294
35.9032	111.312
35.9048	111.329
35.9064	111.347
35.908	111.364
35.9096	111.382
35.9112	111.399
35.9128	111.417
35.9144	111.435
35.916	111.452
35.9176	111.47
35.9192	111.487
35.9209	111.505
35.9225	111.522
35.9241	111.54
35.9257	111.558
35.9273	111.575
35.9289	111.593
35.9305	111.61
35.9321	111.628
35.9337	111.646
35.9353	111.663
35.9369	111.681
35.9385	111.698
35.9401	111.716
35.9417	111.733
35.9433	111.751
35.9449	111.769
35.9465	111.786
35.9481	111.804
35.9497	111.821
35.9513	111.839
35.9529	111.856
35.9545	111.874
35.9561	111.892
35.9577	111.909
35.9593	111.927
35.9609	111.944
36.0258	111.962
36.0274	111.979
36.029	111.997
36.0306	112.015
36.0322	112.032
36.0338	112.05
36.0354	112.067
36.037	112.085
36.0386	112.103
36.0402	112.12
36.0418	112.138
36.0434	112.155
36.045	112.173
36.0466	112.19
36.0482	112.208
36.0498	112.226
36.0514	112.243
36.053	112.261
36.0546	112.278
36.0562	112.296
36.0578	112.313
36.0594	112.331
36.061	112.349
36.0626	112.366
36.0642	112.384
36.0658	112.401
36.0674	112.419
36.069	112.437
36.0707	112.454
36.0723	112.472
36.0739	112.489
36.0755	112.507
36.0771	112.524
36.0787	112.542
36.0803	112.56
36.0819	112.577
36.0835	112.595
36.0851	112.612
36.0867	112.63
36.1524	112.647
36.154	112.665
36.1556	112.683
36.1572	112.7
36.1588	112.718
36.1604	112.735
36.162	112.753
36.1636	112.771
36.1652	112.788
36.1668	112.806
36.1684	112.823
36.17	112.841
36.1716	112.858
36.1732	112.876
36.1748	112.894
36.1764	112.911
36.178	112.929
36.1796	112.946
36.1812	112.964
36.1828	112.981
36.1844	112.999
36.186	113.017
36.1876	113.034
36.1892	113.052
36.1908	113.069
36.1924	113.087
36.194	113.104
36.1956	113.122
36.1972	113.14
36.1988	113.157
36.2004	113.175
36.202	113.192
36.2036	113.21
36.2052	113.228
36.2068	113.245
36.2084	113.263
36.21	113.28
36.2116	113.298
36.2132	113.315
36.2789	113.333
36.2805	113.351
36.2821	113.368
36.2837	113.386
36.2853	113.403
36.2869	113.421
36.2885	113.438
36.2901	113.456
36.2917	113.474
36.2933	113.491
36.2949	113.509
36.2966	113.526
36.2982	113.544
36.2998	113.562
36.3014	113.579
36.303	113.597
36.3046	113.614
36.3062	113.632
36.3078	113.649
36.3094	113.667
36.311	113.685
36.3126	113.702
36.3142	113.72
36.3158	113.737
36.3174	113.755
36.319	113.771
36.3206	113.788
36.3222	113.805
36.3238	113.821
36.3254	113.838
36.327	113.854
36.3286	113.871
36.3302	113.888
36.3318	113.904
36.3334	113.921
36.335	113.938
36.3366	113.954
36.3382	113.971
36.3398	113.987
36.3414	114.004
36.4079	114.021
36.4095	114.037
36.4111	114.054
36.4127	114.07
36.4143	114.087
36.4159	114.104
36.4175	114.12
36.4191	114.137
36.4207	114.153
36.4223	114.17
36.4239	114.187
36.4255	114.203
36.4271	114.22
36.4287	114.236
36.4303	114.253
36.4319	114.27
36.4335	114.286
36.4351	114.303
36.4367	114.319
36.4383	114.336
36.4399	114.353
36.4415	114.369
36.4431	114.386
36.4447	114.402
36.4464	114.419
36.448	114.436
36.4496	114.452
36.4512	114.469
36.4528	114.485
36.4544	114.502
36.456	114.519
36.4576	114.535
36.4592	114.552
36.4608	114.568
36.4624	114.585
36.464	114.602
36.4656	114.618
36.4672	114.635
36.4688	114.651
36.4704	114.668
36.5361	114.685
36.5377	114.701
36.5393	114.718
36.5409	114.734
36.5425	114.751
36.5441	114.768
36.5457	114.784
36.5473	114.801
36.5489	114.817
36.5505	114.834
36.5521	114.851
36.5537	114.867
36.5553	114.884
36.5569	114.9
36.5585	114.917
36.5601	114.934
36.5617	114.95
36.5633	114.967
36.5649	114.983
36.5665	115
36.5681	115.017
36.5697	115.033
36.5713	115.05
36.5729	115.066
36.5745	115.083
36.5761	115.1
36.5777	115.116
36.5793	115.133
36.5809	115.149
36.5825	115.166
36.5841	115.183
36.5857	115.199
36.5873	115.216
36.5889	115.232
36.5905	115.249
36.5921	115.266
36.5937	115.282
36.5953	115.299
36.597	115.315
36.5986	115.332
36.665	115.349
36.6666	115.365
36.6682	115.382
36.6698	115.398
36.6715	115.415
36.6731	115.432
36.6747	115.448
36.6763	115.465
36.6779	115.481
36.6795	115.498
36.6811	115.515
36.6827	115.531
36.6843	115.548
36.6859	115.564
36.6875	115.581
36.6891	115.598
36.6907	115.614
36.6923	115.631
36.6939	115.647
36.6955	115.664
36.6971	115.681
36.6987	115.697
36.7003	115.714
36.7019	115.73
36.7035	115.747
36.7051	115.764
36.7067	115.78
36.7083	115.797
36.7099	115.813
36.7115	115.83
36.7131	115.847
36.7147	115.863
36.7163	115.88
36.7179	115.896
36.7195	115.913
36.7211	115.93
36.7227	115.946
36.7243	115.963
36.7259	115.979
36.7275	115.996
36.7948	116.013
36.7964	116.029
36.798	116.046
36.7996	116.062
36.8012	116.079
36.8028	116.096
36.8044	116.112
36.806	116.129
36.8076	116.146
36.8092	116.162
36.8108	116.179
36.8124	116.195
36.814	116.212
36.8156	116.229
36.8172	116.245
36.8188	116.262
36.8204	116.278
36.8221	116.295
36.8237	116.312
36.8253	116.328
36.8269	116.345
36.8285	116.361
36.8301	116.378
36.8317	116.395
36.8333	116.411
36.8349	116.428
36.8365	116.444
36.8381	116.461
36.8397	116.478
36.8413	116.494
36.8429	116.511
36.8445	116.527
36.8461	116.544
36.8477	116.561
36.8493	116.577
36.8509	116.594
36.8525	116.61
36.8541	116.627
36.8557	116.644
36.8573	116.66
36.8589	116.677
36.927	116.693
36.9286	116.71
36.9302	116.727
36.9318	116.743
36.9334	116.76
36.935	116.776
36.9366	116.793
36.9382	116.81
36.9398	116.826
36.9414	116.843
36.943	116.859
36.9446	116.876
36.9462	116.893
36.9478	116.909
36.9494	116.926
36.951	116.942
36.9526	116.959
36.9542	116.976
36.9558	116.992
36.9574	117.009
36.959	117.025
36.9606	117.042
36.9622	117.059
36.9638	117.075
36.9654	117.092
36.967	117.108
36.9686	117.125
36.9702	117.142
36.9719	117.158
36.9735	117.175
36.9751	117.191
36.9767	117.208
36.9783	117.225
36.9799	117.241
36.9815	117.258
36.9831	117.274
36.9847	117.291
36.9863	117.308
36.9879	117.324
36.9895	117.341
36.9911	117.357
37.0584	117.374
37.06	117.391
37.0616	117.407
37.0632	117.424
37.0648	117.44
37.0664	117.457
37.068	117.474
37.0696	117.49
37.0712	117.507
37.0728	117.523
37.0744	117.54
37.076	117.557
37.0776	117.573
37.0792	117.59
37.0808	117.606
37.0824	117.623
37.084	117.64
37.0856	117.656
37.0872	117.673
37.0888	117.689
37.0904	117.706
37.092	117.723
37.0936	117.739
37.0952	117.756
37.0968	117.772
37.0984	117.789
37.1	117.806
37.1016	117.822
37.1032	117.839
37.1048	117.855
37.1064	117.872
37.108	117.889
37.1096	117.905
37.1112	117.922
37.1128	117.938
37.1144	117.955
37.116	117.972
37.1176	117.988
37.1192	118.005
37.1208	118.021
37.1225	118.038
37.1905	118.055
37.1921	118.071
37.1937	118.088
37.1953	118.104
37.197	118.121
37.1986	118.138
37.2002	118.154
37.2018	118.171
37.2034	118.188
37.205	118.204
37.2066	118.221
37.2082	118.237
37.2098	118.254
37.2114	118.271
37.213	118.287
37.2146	118.304
37.2162	118.32
37.2178	118.337
37.2194	118.354
37.221	118.37
37.2226	118.387
37.2242	118.403
37.2258	118.42
37.2274	118.437
37.229	118.453
37.2306	118.47
37.2322	118.486
37.2338	118.503
37.2354	118.52
37.237	118.536
37.2386	118.553
37.2402	118.569
37.2418	118.586
37.2434	118.603
37.245	118.619
37.2466	118.636
37.2482	118.652
37.2498	118.669
37.2514	118.686
37.253	118.702
37.2546	118.719
37.3235	118.735
37.3251	118.752
37.3267	118.769
37.3283	118.785
37.3299	118.802
37.3315	118.818
37.3331	118.835
37.3347	118.852
37.3363	118.868
37.3379	118.885
37.3395	118.901
37.3411	118.918
37.3427	118.935
37.3443	118.951
37.3459	118.968
37.3476	118.984
37.3492	119.001
37.3508	119.018
37.3524	119.034
37.354	119.051
37.3556	119.067
37.3572	119.084
37.3588	119.101
37.3604	119.117
37.362	119.134
37.3636	119.15
37.3652	119.167
37.3668	119.184
37.3684	119.2
37.37	119.217
37.3716	119.233
37.3732	119.25
37.3748	119.267
37.3764	119.283
37.378	119.3
37.3796	119.316
37.3812	119.333
37.3828	119.35
37.3844	119.366
37.386	119.383
37.3876	119.399
37.4573	119.416
37.4589	119.433
37.4605	119.449
37.4621	119.466
37.4637	119.482
37.4653	119.499
37.4669	119.516
37.4685	119.532
37.4701	119.549
37.4717	119.565
37.4733	119.582
37.4749	119.599
37.4765	119.615
37.4781	119.632
37.4797	119.648
37.4813	119.665
37.4829	119.682
37.4845	119.698
37.4861	119.715
37.4877	119.731
37.4893	119.748
37.4909	119.765
37.4925	119.781
37.4941	119.798
37.4957	119.814
37.4974	119.831
37.499	119.848
37.5006	119.864
37.5022	119.881
37.5038	119.897
37.5054	119.914
37.507	119.931
37.5086	119.947
37.5102	119.964
37.5118	119.98
37.5134	119.997
37.515	120.014
37.5166	120.03
37.5182	120.047
37.5198	120.063
37.5214	120.08
37.523	120.097
37.5919	120.113
37.5935	120.13
37.5951	120.146
37.5967	120.163
37.5983	120.18
37.5999	120.196
37.6015	120.213
37.6031	120.229
37.6047	120.246
37.6063	120.263
37.6079	120.279
37.6095	120.296
37.6111	120.312
37.6127	120.329
37.6143	120.346
37.6159	120.362
37.6175	120.379
37.6191	120.396
37.6207	120.412
37.6223	120.429
37.6239	120.445
37.6255	120.461
37.6271	120.477
37.6287	120.492
37.6303	120.508
37.6319	120.523
37.6335	120.539
37.6351	120.555
37.6367	120.57
37.6383	120.586
37.6399	120.602
37.6415	120.617
37.6431	120.633
37.6447	120.648
37.6463	120.664
37.648	120.68
37.6496	120.695
37.6512	120.711
37.6528	120.727
37.6544	120.742
37.656	120.758
37.6576	120.773
37.7273	120.789
37.7289	120.805
37.7305	120.82
37.7321	120.836
37.7337	120.852
37.7353	120.867
37.7369	120.883
37.7385	120.898
37.7401	120.914
37.7417	120.93
37.7433	120.945
37.7449	120.961
37.7465	120.977
37.7481	120.992
37.7497	121.008
37.7513	121.023
37.7529	121.039
37.7545	121.055
37.7561	121.07
37.7577	121.086
37.7593	121.102
37.7609	121.117
37.7625	121.133
37.7641	121.148
37.7657	121.164
37.7673	121.18
37.7689	121.195
37.7705	121.211
37.7721	121.227
37.7737	121.242
37.7753	121.258
37.7769	121.273
37.7785	121.289
37.7801	121.305
37.7817	121.32
37.7833	121.336
37.7849	121.352
37.7865	121.367
37.7881	121.383
37.7897	121.398
37.7913	121.414
37.7929	121.43
37.8634	121.445
37.865	121.461
37.8666	121.477
37.8682	121.492
37.8698	121.508
37.8714	121.523
37.8731	121.539
37.8747	121.555
37.8763	121.57
37.8779	121.586
37.8795	121.602
37.8811	121.617
37.8827	121.633
37.8843	121.648
37.8859	121.664
37.8875	121.68
37.8891	121.695
37.8907	121.711
37.8923	121.727
37.8939	121.742
37.8955	121.758
37.8971	121.773
37.8987	121.789
37.9003	121.805
37.9019	121.82
37.9035	121.836
37.9051	121.852
37.9067	121.867
37.9083	121.883
37.9099	121.898
37.9115	121.914
37.9131	121.93
37.9147	121.945
37.9163	121.961
37.9179	121.977
37.9195	121.992
37.9211	122.008
37.9227	122.023
37.9243	122.039
37.9259	122.055
37.9275	122.07
37.9291	122.086
38.0004	122.102
38.002	122.117
38.0036	122.133
38.0052	122.148
38.0068	122.164
38.0084	122.18
38.01	122.195
38.0116	122.211
38.0132	122.227
38.0148	122.242
38.0164	122.258
38.018	122.273
38.0196	122.289
38.0212	122.305
38.0229	122.32
38.0245	122.336
38.0261	122.352
38.0277	122.367
38.0293	122.383
38.0309	122.398
38.0325	122.414
38.0341	122.43
38.0357	122.445
38.0373	122.461
38.0389	122.477
38.0405	122.492
38.0421	122.508
38.0437	122.523
38.0453	122.539
38.0469	122.555
38.0485	122.57
38.0501	122.586
38.0517	122.602
38.0533	122.617
38.0549	122.633
38.0565	122.648
38.0581	122.664
38.0597	122.68
38.0613	122.695
38.0629	122.711
38.0645	122.727
38.0661	122.742
38.0677	122.758
38.1382	122.773
38.1398	122.789
38.1414	122.805
38.143	122.82
38.1446	122.836
38.1462	122.852
38.1478	122.867
38.1494	122.883
38.151	122.898
38.1526	122.914
38.1542	122.93
38.1558	122.945
38.1574	122.961
38.159	122.977
38.1606	122.992
38.1622	123.008
38.1638	123.023
38.1654	123.039
38.167	123.055
38.1686	123.07
38.1702	123.086
38.1718	123.102
38.1735	123.117
38.1751	123.133
38.1767	123.148
38.1783	123.164
38.1799	123.18
38.1815	123.195
38.1831	123.211
38.1847	123.227
38.1863	123.242
38.1879	123.258
38.1895	123.273
38.1911	123.289
38.1927	123.305
38.1943	123.32
38.1959	123.336
38.1975	123.352
38.1991	123.367
38.2007	123.383
38.2023	123.398
38.2039	123.414
38.2055	123.43
38.2768	123.445
38.2784	123.461
38.28	123.477
38.2816	123.492
38.2832	123.508
38.2848	123.523
38.2864	123.539
38.288	123.555
38.2896	123.57
38.2912	123.586
38.2928	123.602
38.2944	123.617
38.296	123.633
38.2976	123.648
38.2992	123.664
38.3008	123.68
38.3024	123.695
38.304	123.711
38.3056	123.727
38.3072	123.742
38.3088	123.758
38.3104	123.773
38.312	123.789
38.3136	123.805
38.3152	123.82
38.3168	123.836
38.3184	123.852
38.32	123.867
38.3216	123.883
38.3233	123.898
38.3249	123.914
38.3265	123.93
38.3281	123.945
38.3297	123.961
38.3313	123.977
38.3329	123.992
38.3345	124.008
38.3361	124.023
38.3377	124.039
38.3393	124.055
38.3409	124.07
38.3425	124.086
38.3441	124.102
38.4162	124.117
38.4178	124.133
38.4194	124.148
38.421	124.164
38.4226	124.18
38.4242	124.195
38.4258	124.211
38.4274	124.227
38.429	124.242
38.4306	124.258
38.4322	124.273
38.4338	124.289
38.4354	124.305
38.437	124.32
38.4386	124.336
38.4402	124.352
38.4418	124.367
38.4434	124.383
38.445	124.398
38.4466	124.414
38.4482	124.43
38.4498	124.445
38.4514	124.461
38.453	124.477
38.4546	124.492
38.4562	124.508
38.4578	124.523
38.4594	124.539
38.461	124.555
38.4626	124.57
38.4642	124.586
38.4658	124.602
38.4674	124.617
38.469	124.633
38.4706	124.648
38.4722	124.664
38.4739	124.68
38.4755	124.695
38.4771	124.711
38.4787	124.727
38.4803	124.742
38.4819	124.758
38.4835	124.773
38.5564	124.789
38.558	124.805
38.5596	124.82
38.5612	124.836
38.5628	124.852
38.5644	124.867
38.566	124.883
38.5676	124.898
38.5692	124.914
38.5708	124.93
38.5724	124.945
38.574	124.961
38.5756	124.977
38.5772	124.992
38.5788	125.008
38.5804	125.023
38.582	125.039
38.5836	125.055
38.5852	125.07
38.5868	125.086
38.5884	125.102
38.59	125.117
38.5916	125.133
38.5932	125.148
38.5948	125.164
38.5964	125.18
38.598	125.195
38.5996	125.211
38.6012	125.227
38.6028	125.242
38.6044	125.258
38.606	125.273
38.6076	125.289
38.6092	125.305
38.6108	125.32
38.6124	125.336
38.614	125.352
38.6156	125.367
38.6172	125.383
38.6188	125.398
38.6204	125.414
38.622	125.43
38.6237	125.445
38.6253	125.461
38.6973	125.477
38.699	125.492
38.7006	125.508
38.7022	125.523
38.7038	125.539
38.7054	125.555
38.707	125.57
38.7086	125.586
38.7102	125.602
38.7118	125.617
38.7134	125.633
38.715	125.648
38.7166	125.664
38.7182	125.68
38.7198	125.695
38.7214	125.711
38.723	125.727
38.7246	125.742
38.7262	125.758
38.7278	125.773
38.7294	125.789
38.731	125.805
38.7326	125.82
38.7342	125.836
38.7358	125.852
38.7374	125.867
38.739	125.883
38.7406	125.898
38.7422	125.914
38.7438	125.93
38.7454	125.945
38.747	125.961
38.7486	125.977
38.7502	125.992
38.7518	126.008
38.7534	126.023
38.755	126.039
38.7566	126.055
38.7582	126.07
38.7598	126.086
38.7614	126.102
38.763	126.117
38.7646	126.133
38.7662	126.148
38.8391	126.164
38.8407	126.18
38.8423	126.195
38.8439	126.211
38.8455	126.227
38.8471	126.242
38.8488	126.258
38.8504	126.273
38.852	126.289
38.8536	126.305
38.8552	126.32
38.8568	126.336
38.8584	126.352
38.86	126.367
38.8616	126.383
38.8632	126.398
38.8648	126.414
38.8664	126.43
38.868	126.445
38.8696	126.461
38.8712	126.477
38.8728	126.492
38.8744	126.508
38.876	126.523
38.8776	126.539
38.8792	126.555
38.8808	126.57
38.8824	126.586
38.884	126.602
38.8856	126.617
38.8872	126.633
38.8888	126.648
38.8904	126.664
38.892	126.68
38.8936	126.695
38.8952	126.711
38.8968	126.727
38.8984	126.742
38.9	126.758
38.9016	126.773
38.9032	126.789
38.9048	126.805
38.9064	126.82
38.908	126.836
38.9775	126.852
38.98	126.867
38.983	126.883
38.9863	126.898
38.9889	126.914
38.9905	126.93
38.9921	126.945
38.9937	126.961
38.9953	126.977
38.9969	126.992
38.9985	127.008
39.0001	127.023
39.0017	127.039
39.0033	127.055
39.0049	127.07
39.0065	127.086
39.0081	127.102
39.0097	127.117
39.0113	127.133
39.0129	127.148
39.0145	127.164
39.0161	127.18
39.0177	127.195
39.0193	127.211
39.0209	127.227
39.0225	127.242
39.0241	127.258
39.0257	127.273
39.0273	127.289
39.0289	127.305
39.0305	127.32
39.0321	127.336
39.0337	127.352
39.0353	127.367
39.0369	127.383
39.0385	127.398
39.0401	127.414
39.0417	127.43
39.0433	127.445
39.0449	127.461
39.0465	127.477
39.0481	127.492
39.0497	127.508
39.0513	127.523
39.11	127.539
39.1134	127.555
39.1172	127.57
39.1212	127.586
39.1237	127.602
39.1269	127.617
39.13	127.633
39.1336	127.648
39.1366	127.664
39.1396	127.68
39.1424	127.695
39.144	127.711
39.1457	127.727
39.1473	127.742
39.1489	127.758
39.1505	127.773
39.1521	127.789
39.1537	127.805
39.1553	127.82
39.1569	127.836
39.1585	127.852
39.1601	127.867
39.1617	127.883
39.1633	127.898
39.1649	127.914
39.1665	127.93
39.1681	127.945
39.1697	127.961
39.1713	127.977
39.1729	127.991
39.1745	128.006
39.1761	128.021
39.1777	128.035
39.1793	128.05
39.1809	128.064
39.1825	128.079
39.1841	128.094
39.1857	128.108
39.1873	128.123
39.1889	128.138
39.1905	128.152
39.1921	128.167
39.1937	128.182
39.1953	128.196
39.1969	128.211
39.243	128.226
39.2467	128.24
39.2523	128.255
39.2561	128.27
39.258	128.284
39.2611	128.299
39.2652	128.313
39.2669	128.328
39.2696	128.343
39.2741	128.357
39.278	128.372
39.2797	128.387
39.2824	128.401
39.2855	128.416
39.2881	128.431
39.2905	128.445
39.2935	128.46
39.2963	128.475
39.2972	128.489
39.2988	128.504
39.3004	128.519
39.3012	128.533
39.3028	128.548
39.3037	128.562
39.3053	128.577
39.3069	128.592
39.3078	128.606
39.3094	128.621
39.3109	128.636
39.3125	128.65
39.3134	128.665
39.3149	128.68
39.3158	128.694
39.3174	128.709
39.3183	128.724
39.3197	128.738
39.3206	128.753
39.3222	128.768
39.3232	128.782
39.3246	128.797
39.3255	128.812
39.3271	128.826
39.328	128.841
39.3295	128.855
39.3304	128.87
39.332	128.885
39.3337	128.899
39.3372	128.914
39.3398	128.929
39.3417	128.943
39.3435	128.958
39.3469	128.973
39.3495	128.987
39.3515	129.002
39.3532	129.017
39.376	129.031
39.3786	129.046
39.3808	129.061
39.3848	129.075
39.3889	129.09
39.3912	129.104
39.3929	129.119
39.3954	129.134
39.3978	129.148
39.3995	129.163
39.4013	129.178
39.403	129.192
39.4069	129.207
39.4104	129.222
39.4132	129.236
39.415	129.251
39.4165	129.266
39.4198	129.28
39.4211	129.295
39.4234	129.31
39.4259	129.324
39.4283	129.339
39.4305	129.354
39.4328	129.368
39.4353	129.383
39.4376	129.397
39.4398	129.412
39.4413	129.427
39.4435	129.441
39.4462	129.456
39.4486	129.471
39.4501	129.485
39.4532	129.5
39.4547	129.515
39.4561	129.529
39.4571	129.544
39.4585	129.559
39.4594	129.573
39.4608	129.588
39.4619	129.603
39.4633	129.617
39.4642	129.632
39.4656	129.646
39.4668	129.661
39.4704	129.676
39.4719	129.69
39.4742	129.705
39.4765	129.72
39.4794	129.734
39.4817	129.749
39.484	129.764
39.4863	129.778
39.4891	129.793
39.4922	129.808
39.4945	129.822
39.4968	129.837
39.4989	129.852
39.502	129.866
39.5043	129.881
39.5063	129.896
39.5095	129.91
39.5112	129.925
39.5135	129.939
39.5161	129.954
39.5195	129.969
39.521	129.983
39.5241	129.998
39.5259	130.013
39.5276	130.027
39.5299	130.042
39.5328	130.057
39.5345	130.071
39.5362	130.086
39.5382	130.101
39.5413	130.115
39.5436	130.13
39.5471	130.145
39.5486	130.159
39.5505	130.174
39.5537	130.188
39.556	130.203
39.5578	130.218
39.5595	130.232
39.5629	130.247
39.5647	130.262
39.567	130.276
39.5692	130.291
39.5724	130.306
39.5742	130.32
39.5758	130.335
39.5781	130.35
39.5802	130.364
39.5822	130.379
39.585	130.394
39.5871	130.408
39.5897	130.423
39.5919	130.438
39.5953	130.452
39.5968	130.467
39.5993	130.481
39.6015	130.496
39.6035	130.511
39.6057	130.525
39.6066	130.54
39.6088	130.555
39.6108	130.569
39.6122	130.584
39.6131	130.599
39.6145	130.613
39.6164	130.628
39.6179	130.643
39.6195	130.657
39.621	130.672
39.6221	130.687
39.6243	130.701
39.6268	130.716
39.6282	130.73
39.6302	130.745
39.6316	130.76
39.6333	130.774
39.6355	130.789
39.6375	130.804
39.6397	130.818
39.6406	130.833
39.6428	130.848
39.6439	130.862
39.647	130.877
39.6478	130.892
39.6501	130.906
39.6512	130.921
39.6529	130.936
39.6543	130.95
39.656	130.965
39.6571	130.979
39.658	130.994
39.6594	131.009
39.6609	131.023
39.6617	131.038
39.6632	131.053
39.664	131.067
39.6652	131.082
39.6666	131.097
39.6675	131.111
39.6684	131.126
39.6698	131.141
39.6709	131.155
39.6724	131.17
39.674	131.185
39.6763	131.199
39.6787	131.214
39.6799	131.229
39.6816	131.243
39.6838	131.258
39.6855	131.272
39.6869	131.287
39.6894	131.302
39.6912	131.316
39.6935	131.331
39.6961	131.346
39.7	131.36
39.7014	131.375
39.7038	131.39
39.7056	131.404
39.7073	131.419
39.7098	131.434
39.7107	131.448
39.7129	131.463
39.7146	131.478
39.7163	131.492
39.7171	131.507
39.7186	131.521
39.7202	131.536
39.7219	131.551
39.7231	131.565
39.725	131.58
39.7262	131.595
39.7284	131.609
39.7303	131.624
39.7323	131.639
39.734	131.653
39.7357	131.668
39.7368	131.683
39.7396	131.697
39.7413	131.712
39.7438	131.727
39.7446	131.741
39.7469	131.756
39.748	131.771
39.751	131.785
39.7519	131.8
39.7541	131.814
39.7553	131.829
39.7564	131.844
39.7584	131.858
39.7595	131.873
39.7609	131.888
39.7618	131.902
39.7635	131.917
39.7649	131.932
39.7658	131.946
39.7672	131.961
39.7681	131.976
39.7693	131.99
39.7707	132.005
39.7716	132.02
39.7724	132.034
39.7739	132.049
39.775	132.063
39.7764	132.078
39.7776	132.093
39.7803	132.107
39.7823	132.122
39.7837	132.137
39.7851	132.151
39.7879	132.166
39.789	132.181
39.791	132.195
39.7929	132.21
39.7952	132.225
39.7973	132.239
39.8002	132.254
39.8038	132.269
39.8055	132.283
39.84	132.298
39.8414	132.312
39.8426	132.327
39.844	132.342
39.8449	132.356
39.8463	132.371
39.8475	132.386
39.8489	132.4
39.8498	132.415
39.8512	132.43
39.8523	132.444
39.8538	132.459
39.8546	132.474
39.8561	132.488
39.8572	132.503
39.8586	132.518
39.8595	132.532
39.8609	132.547
39.8621	132.562
39.8635	132.576
39.8644	132.591
39.8658	132.605
39.8669	132.62
39.8684	132.635
39.8692	132.649
39.8707	132.664
39.8718	132.679
39.8732	132.693
39.8741	132.708
39.8755	132.723
39.8767	132.737
39.8776	132.752
39.879	132.767
39.8799	132.781
39.881	132.796
39.8819	132.811
39.8833	132.825
39.8847	132.84
39.8856	132.854
39.887	132.869
39.8879	132.884
39.8891	132.898
39.8905	132.913
39.8914	132.928
39.8922	132.942
39.8937	132.957
39.8948	132.972
39.8962	132.986
39.8971	133.001
39.8985	133.016
39.8994	133.03
39.9006	133.045
39.9014	133.06
39.9029	133.074
39.9037	133.089
39.9052	133.104
39.906	133.118
39.9075	133.133
39.9086	133.147
39.91	133.162
39.9112	133.177
39.9126	133.191
39.9479	133.206
39.9494	133.221
39.9505	133.235
39.9519	133.25
39.9528	133.265
39.9542	133.279
39.9554	133.294
39.9568	133.309
39.9577	133.323
39.9591	133.338
39.9603	133.353
39.9617	133.367
39.9626	133.382
39.964	133.396
39.9651	133.411
39.9665	133.426
39.9674	133.44
39.9688	133.455
39.97	133.47
39.9714	133.484
39.9723	133.499
39.9737	133.514
39.9749	133.528
39.9763	133.543
39.9772	133.558
39.9786	133.572
39.9797	133.587
39.9812	133.602
39.982	133.616
39.9835	133.631
39.9846	133.646
39.9855	133.66
39.9869	133.675
39.9878	133.689
39.9889	133.704
39.9898	133.719
39.9912	133.733
39.9927	133.748
39.9935	133.763
39.995	133.777
39.9958	133.792
39.997	133.807
39.9984	133.821
39.9993	133.836
40.0002	133.851
40.0016	133.865
40.0027	133.88
40.0042	133.895
40.005	133.909
40.0065	133.924
40.0073	133.938
40.0085	133.953
40.0094	133.968
40.0108	133.982
40.0117	133.997
40.0131	134.012
40.014	134.026
40.0154	134.041
40.0165	134.056
40.018	134.07
40.0191	134.085
40.0205	134.1
40.0567	134.114
40.0581	134.129
40.0592	134.144
40.0607	134.158
40.0615	134.173
40.063	134.188
40.0641	134.202
40.0655	134.217
40.0664	134.231
40.0678	134.246
40.069	134.261
40.0704	134.275
40.0713	134.29
40.0727	134.305
40.0738	134.319
40.0753	134.334
40.0761	134.349
40.0776	134.363
40.0787	134.378
40.0801	134.393
40.081	134.407
40.0824	134.422
40.0836	134.437
40.085	134.451
40.0859	134.466
40.0873	134.48
40.0885	134.495
40.0899	134.51
40.0908	134.524
40.0922	134.539
40.0933	134.554
40.0942	134.568
40.0956	134.583
40.0965	134.598
40.0977	134.612
40.0985	134.627
40.1	134.642
40.1014	134.656
40.1023	134.671
40.1037	134.686
40.1046	134.7
40.1057	134.715
40.1071	134.729
40.108	134.744
40.1089	134.759
40.1103	134.773
40.1115	134.788
40.1129	134.803
40.1138	134.817
40.1152	134.832
40.1161	134.847
40.1172	134.861
40.1181	134.876
40.1195	134.891
40.1204	134.905
40.1218	134.92
40.1227	134.935
40.1241	134.949
40.1253	134.964
40.1267	134.979
40.1278	134.993
40.1293	135.008
40.1662	135.022
40.1676	135.037
40.1688	135.052
40.1702	135.066
40.1711	135.081
40.1725	135.096
40.1736	135.11
40.175	135.125
40.1759	135.14
40.1773	135.154
40.1785	135.169
40.1799	135.184
40.1808	135.198
40.1822	135.213
40.1834	135.228
40.1848	135.242
40.1857	135.257
40.1871	135.271
40.1882	135.286
40.1897	135.301
40.1905	135.315
40.192	135.33
40.1931	135.345
40.1945	135.359
40.1954	135.374
40.1968	135.389
40.198	135.403
40.1994	135.418
40.2003	135.433
40.2017	135.447
40.2029	135.462
40.2037	135.477
40.2052	135.491
40.206	135.506
40.2072	135.521
40.2081	135.535
40.2095	135.55
40.2109	135.564
40.2118	135.579
40.2132	135.594
40.2141	135.608
40.2152	135.623
40.2167	135.638
40.2175	135.652
40.2184	135.667
40.2198	135.682
40.221	135.696
40.2224	135.711
40.2233	135.726
40.2247	135.74
40.2256	135.755
40.2267	135.77
40.2276	135.784
40.229	135.799
40.2299	135.813
40.2313	135.828
40.2322	135.843
40.2336	135.857
40.2348	135.872
40.2362	135.887
40.2374	135.901
40.2388	135.916
40.2749	135.931
40.2763	135.945
40.2775	135.96
40.2789	135.975
40.2798	135.989
40.2812	136.004
40.2823	136.019
40.2838	136.033
40.2846	136.048
40.2861	136.062
40.2872	136.077
40.2886	136.092
40.2895	136.106
40.2909	136.121
40.2921	136.136
40.2935	136.15
40.2944	136.165
40.2958	136.18
40.297	136.194
40.2984	136.209
40.2993	136.224
40.3007	136.238
40.3018	136.253
40.3033	136.268
40.3041	136.282
40.3056	136.297
40.3067	136.312
40.3081	136.326
40.309	136.341
40.3104	136.355
40.3116	136.37
40.3125	136.385
40.3139	136.399
40.3148	136.414
40.3159	136.429
40.3168	136.443
40.3182	136.458
40.3196	136.473
40.3205	136.487
40.3219	136.502
40.3228	136.517
40.324	136.53
40.3254	136.544
40.3263	136.558
40.3271	136.571
40.3286	136.585
40.3297	136.599
40.3311	136.612
40.332	136.626
40.3334	136.64
40.3343	136.653
40.3355	136.667
40.3363	136.681
40.3378	136.694
40.3386	136.708
40.3401	136.722
40.3409	136.735
40.3424	136.749
40.3435	136.763
40.3449	136.776
40.3461	136.79
40.3475	136.804
40.3844	136.817
40.3859	136.831
40.387	136.845
40.3884	136.858
40.3893	136.872
40.3907	136.886
40.3919	136.899
40.3933	136.913
40.3942	136.927
40.3956	136.94
40.3967	136.954
40.3982	136.968
40.399	136.981
40.4005	136.995
40.4016	137.009
40.403	137.022
40.4039	137.036
40.4053	137.05
40.4065	137.063
40.4079	137.077
40.4088	137.091
40.4102	137.104
40.4114	137.118
40.4128	137.132
40.4137	137.146
40.4151	137.159
40.4162	137.173
40.4177	137.187
40.4185	137.2
40.42	137.214
40.4211	137.228
40.422	137.241
40.4234	137.255
40.4243	137.269
40.4254	137.282
40.4263	137.296
40.4277	137.31
40.4292	137.323
40.43	137.337
40.4315	137.351
40.4323	137.364
40.4335	137.378
40.4349	137.392
40.4358	137.405
40.4367	137.419
40.4381	137.433
40.4392	137.446
40.4407	137.46
40.4415	137.474
40.443	137.487
40.4438	137.501
40.445	137.515
40.4459	137.528
40.4473	137.542
40.4482	137.556
40.4496	137.569
40.4505	137.583
40.4519	137.597
40.453	137.61
40.4545	137.624
40.4556	137.638
40.457	137.651
40.4948	137.665
40.4962	137.679
40.4973	137.692
40.4987	137.706
40.4996	137.72
40.501	137.733
40.5022	137.747
40.5036	137.761
40.5045	137.774
40.5059	137.788
40.5071	137.802
40.5085	137.815
40.5094	137.829
40.5108	137.843
40.5119	137.856
40.5134	137.87
40.5142	137.884
40.5157	137.897
40.5168	137.911
40.5182	137.925
40.5191	137.938
40.5205	137.952
40.5217	137.966
40.5231	137.979
40.524	137.993
40.5254	138.007
40.5266	138.021
40.528	138.034
40.5289	138.048
40.5303	138.062
40.5314	138.075
40.5323	138.089
40.5337	138.103
40.5346	138.116
40.5358	138.13
40.5366	138.144
40.5381	138.157
40.5395	138.171
40.5404	138.185
40.5418	138.198
40.5427	138.212
40.5438	138.226
40.5452	138.239
40.5461	138.253
40.547	138.267
40.5484	138.28
40.5496	138.294
40.551	138.308
40.5519	138.321
40.5533	138.335
40.5542	138.349
40.5553	138.362
40.5562	138.376
40.5576	138.39
40.5585	138.403
40.5599	138.417
40.5608	138.431
40.5622	138.444
40.5634	138.458
40.5648	138.472
40.5659	138.485
40.5674	138.499
40.6059	138.513
40.6073	138.526
40.6085	138.54
40.6099	138.554
40.6108	138.567
40.6122	138.581
40.6133	138.595
40.6147	138.608
40.6156	138.622
40.617	138.636
40.6182	138.649
40.6196	138.663
40.6205	138.677
40.6219	138.69
40.6231	138.704
40.6245	138.718
40.6254	138.731
40.6268	138.745
40.6279	138.759
40.6294	138.772
40.6302	138.786
40.6317	138.8
40.6328	138.813
40.6342	138.827
40.6351	138.841
40.6365	138.854
40.6377	138.868
40.6391	138.882
40.64	138.896
40.6414	138.909
40.6426	138.923
40.6434	138.937
40.6449	138.95
40.6457	138.964
40.6469	138.978
40.6478	138.991
40.6492	139.005
40.6506	139.019
40.6515	139.032
40.6529	139.046
40.6538	139.06
40.6549	139.073
40.6564	139.087
40.6572	139.101
40.6581	139.114
40.6595	139.128
40.6607	139.142
40.6621	139.155
40.663	139.169
40.6644	139.183
40.6653	139.196
40.6664	139.21
40.6673	139.224
40.6687	139.237
40.6696	139.251
40.671	139.265
40.6719	139.278
40.6733	139.292
40.6745	139.306
40.6759	139.319
40.6771	139.333
40.6785	139.347
40.7162	139.36
40.7176	139.374
40.7188	139.388
40.7202	139.401
40.7211	139.415
40.7225	139.429
40.7237	139.442
40.7251	139.456
40.7259	139.47
40.7274	139.483
40.7285	139.497
40.7299	139.511
40.7308	139.524
40.7322	139.538
40.7334	139.552
40.7348	139.565
40.7357	139.579
40.7371	139.593
40.7383	139.606
40.7397	139.62
40.7406	139.634
40.742	139.647
40.7431	139.661
40.7446	139.675
40.7454	139.688
40.7469	139.702
40.748	139.716
40.7494	139.729
40.7503	139.743
40.7517	139.757
40.7529	139.771
40.7538	139.784
40.7552	139.798
40.7561	139.812
40.7572	139.825
40.7581	139.839
40.7595	139.853
40.7609	139.866
40.7618	139.88
40.7632	139.894
40.7641	139.907
40.7653	139.921
40.7667	139.935
40.7676	139.948
40.7684	139.962
40.7699	139.976
40.771	139.989
40.7724	140.003
40.7733	140.017
40.7747	140.03
40.7756	140.044
40.7768	140.058
40.7776	140.071
40.7791	140.085
40.7799	140.099
40.7814	140.112
40.7822	140.126
40.7837	140.14
40.7848	140.153
40.7862	140.167
40.7874	140.181
40.7888	140.194
40.8265	140.208
40.828	140.222
40.8291	140.235
40.8305	140.249
40.8314	140.263
40.8328	140.276
40.834	140.29
40.8354	140.304
40.8363	140.317
40.8377	140.331
40.8388	140.345
40.8403	140.358
40.8411	140.372
40.8426	140.386
40.8437	140.399
40.8451	140.413
40.846	140.427
40.8474	140.44
40.8486	140.454
40.85	140.468
40.8509	140.481
40.8523	140.495
40.8535	140.509
40.8549	140.522
40.8558	140.536
40.8572	140.55
40.8583	140.563
40.8598	140.577
40.8606	140.591
40.8621	140.604
40.8632	140.618
40.8641	140.632
40.8655	140.646
40.8664	140.659
40.8675	140.673
40.8684	140.687
40.8698	140.7
40.8713	140.714
40.8721	140.728
40.8736	140.741
40.8744	140.755
40.8756	140.769
40.877	140.782
40.8779	140.796
40.8788	140.81
40.8802	140.823
40.8813	140.837
40.8828	140.851
40.8836	140.864
40.8851	140.878
40.8859	140.892
40.8871	140.905
40.888	140.919
40.8894	140.933
40.8903	140.946
40.8917	140.96
40.8926	140.974
40.894	140.987
40.8951	141.001
40.8966	141.015
40.8977	141.028
40.8991	141.042
40.9377	141.056
40.9391	141.069
40.9402	141.083
40.9417	141.097
40.9425	141.11
40.944	141.124
40.9451	141.138
40.9465	141.151
40.9474	141.165
40.9488	141.179
40.95	141.192
40.9514	141.206
40.9523	141.22
40.9537	141.233
40.9548	141.247
40.9563	141.261
40.9571	141.274
40.9586	141.288
40.9597	141.302
40.9611	141.315
40.962	141.329
40.9634	141.343
40.9646	141.356
40.966	141.37
40.9669	141.384
40.9683	141.397
40.9695	141.411
40.9709	141.425
40.9718	141.438
40.9732	141.452
40.9743	141.466
40.9752	141.479
40.9766	141.493
40.9775	141.507
40.9787	141.521
40.9795	141.534
40.981	141.548
40.9824	141.562
40.9833	141.575
40.9847	141.589
40.9856	141.603
40.9867	141.616
40.9881	141.63
40.989	141.644
40.9899	141.657
40.9913	141.671
40.9925	141.685
40.9939	141.698
40.9948	141.712
40.9962	141.726
40.9971	141.739
40.9982	141.753
40.9991	141.767
41.0005	141.78
41.0014	141.794
41.0028	141.808
41.0037	141.821
41.0051	141.835
41.0063	141.849
41.0077	141.862
41.0088	141.876
41.0103	141.89
41.0496	141.903
41.051	141.917
41.0522	141.931
41.0536	141.944
41.0545	141.958
41.0559	141.972
41.057	141.985
41.0585	141.999
41.0593	142.013
41.0608	142.026
41.0619	142.04
41.0633	142.054
41.0642	142.067
41.0656	142.081
41.0668	142.095
41.0682	142.108
41.0691	142.122
41.0705	142.136
41.0716	142.149
41.0731	142.163
41.0739	142.177
41.0754	142.19
41.0765	142.204
41.0779	142.218
41.0788	142.231
41.0802	142.245
41.0814	142.259
41.0828	142.272
41.0837	142.286
41.0851	142.3
41.0863	142.313
41.0871	142.327
41.0886	142.341
41.0894	142.354
41.0906	142.368
41.0915	142.382
41.0929	142.396
41.0943	142.409
41.0952	142.423
41.0966	142.437
41.0975	142.45
41.0986	142.464
41.1001	142.478
41.1009	142.491
41.1018	142.505
41.1032	142.519
41.1044	142.532
41.1058	142.546
41.1067	142.56
41.1081	142.573
41.109	142.587
41.1101	142.601
41.111	142.614
41.1124	142.628
41.1133	142.642
41.1147	142.655
41.1156	142.669
41.117	142.683
41.1182	142.696
41.1196	142.71
41.1208	142.724
41.1222	142.737
41.1623	142.751
41.1637	142.765
41.1649	142.778
41.1663	142.792
41.1672	142.806
41.1686	142.819
41.1698	142.833
41.1712	142.847
41.1721	142.86
41.1735	142.874
41.1746	142.888
41.1761	142.901
41.1769	142.915
41.1784	142.929
41.1795	142.942
41.1809	142.956
41.1818	142.97
41.1832	142.983
41.1844	142.997
41.1858	143.011
41.1867	143.024
41.1881	143.038
41.1892	143.052
41.1907	143.065
41.1915	143.079
41.193	143.093
41.1941	143.106
41.1955	143.12
41.1964	143.134
41.1978	143.147
41.199	143.161
41.1999	143.175
41.2013	143.188
41.2022	143.202
41.2033	143.216
41.2042	143.229
41.2056	143.243
41.207	143.257
41.2079	143.271
41.2093	143.284
41.2102	143.298
41.2114	143.312
41.2128	143.325
41.2137	143.339
41.2145	143.353
41.216	143.366
41.2171	143.38
41.2185	143.394
41.2194	143.407
41.2208	143.421
41.2217	143.435
41.2229	143.448
41.2237	143.462
41.2252	143.476
41.226	143.489
41.2275	143.503
41.2283	143.517
41.2298	143.53
41.2309	143.544
41.2323	143.558
41.2335	143.571
41.2349	143.585
41.2742	143.599
41.2757	143.612
41.2768	143.626
41.2782	143.64
41.2791	143.653
41.2805	143.667
41.2817	143.681
41.2831	143.694
41.284	143.708
41.2854	143.722
41.2866	143.735
41.288	143.749
41.2889	143.763
41.2903	143.776
41.2914	143.79
41.2929	143.804
41.2937	143.817
41.2952	143.831
41.2963	143.845
41.2977	143.858
41.2986	143.872
41.3	143.886
41.3012	143.899
41.3026	143.913
41.3035	143.927
41.3049	143.94
41.306	143.954
41.3075	143.968
41.3083	143.981
41.3098	143.995
41.3109	144.009
41.3118	144.022
41.3132	144.036
41.3141	144.05
41.3152	144.063
41.3161	144.077
41.3175	144.091
41.319	144.104
41.3198	144.118
41.3213	144.132
41.3221	144.146
41.3233	144.159
41.3247	144.173
41.3256	144.187
41.3265	144.2
41.3279	144.214
41.329	144.228
41.3305	144.241
41.3313	144.255
41.3328	144.269
41.3336	144.282
41.3348	144.296
41.3357	144.31
41.3371	144.323
41.338	144.337
41.3394	144.351
41.3403	144.364
41.3417	144.378
41.3428	144.392
41.3443	144.405
41.3454	144.419
41.3468	144.433
41.387	144.446
41.3884	144.46
41.3895	144.474
41.391	144.487
41.3918	144.501
41.3933	144.515
41.3944	144.528
41.3958	144.542
41.3967	144.556
41.3981	144.569
41.3993	144.583
41.4007	144.597
41.4016	144.61
41.403	144.624
41.4042	144.638
41.4056	144.651
41.4065	144.665
41.4079	144.679
41.409	144.692
41.4105	144.706
41.4113	144.72
41.4128	144.733
41.4139	144.747
41.4153	144.761
41.4162	144.774
41.4176	144.788
41.4188	144.802
41.4202	144.815
41.4211	144.829
41.4225	144.843
41.4236	144.856
41.4245	144.87
41.4259	144.884
41.4268	144.897
41.428	144.911
41.4289	144.925
41.4303	144.938
41.4317	144.952
41.4326	144.966
41.434	144.979
41.4349	144.993
41.436	145.007
41.4374	145.021
41.4383	145.034
41.4392	145.048
41.4406	145.062
41.4418	145.075
41.4432	145.089
41.4441	145.103
41.4455	145.116
41.4464	145.13
41.4475	145.144
41.4484	145.157
41.4498	145.171
41.4507	145.185
41.4521	145.198
41.453	145.212
41.4544	145.226
41.4556	145.239
41.457	145.253
41.4581	145.267
41.4596	145.28
41.5005	145.294
41.5019	145.308
41.5031	145.321
41.5045	145.335
41.5054	145.349
41.5068	145.362
41.5079	145.376
41.5094	145.39
41.5102	145.403
41.5117	145.417
41.5128	145.431
41.5142	145.444
41.5151	145.458
41.5165	145.472
41.5177	145.485
41.5191	145.499
41.52	145.513
41.5214	145.526
41.5226	145.54
41.524	145.554
41.5249	145.567
41.5263	145.581
41.5274	145.595
41.5289	145.608
41.5297	145.622
41.5312	145.636
41.5323	145.649
41.5337	145.663
41.5346	145.677
41.536	145.69
41.5372	145.704
41.5381	145.718
41.5395	145.731
41.5404	145.745
41.5415	145.759
41.5424	145.772
41.5438	145.786
41.5452	145.8
41.5461	145.813
41.5475	145.827
41.5484	145.841
41.5496	145.854
41.551	145.868
41.5519	145.882
41.5527	145.896
41.5542	145.909
41.5553	145.923
41.5567	145.937
41.5576	145.95
41.559	145.964
41.5599	145.978
41.5611	145.991
41.5619	146.005
41.5634	146.019
41.5642	146.032
41.5657	146.046
41.5665	146.06
41.568	146.073
41.5691	146.087
41.5705	146.101
41.5717	146.114
41.5731	146.128
41.6148	146.142
41.6163	146.155
41.6174	146.169
41.6188	146.183
41.6197	146.196
41.6211	146.21
41.6223	146.224
41.6237	146.237
41.6246	146.251
41.626	146.265
41.6271	146.277
41.6286	146.29
41.6294	146.303
41.6309	146.315
41.632	146.328
41.6334	146.341
41.6343	146.354
41.6357	146.366
41.6369	146.379
41.6383	146.392
41.6392	146.404
41.6406	146.417
41.6418	146.43
41.6432	146.442
41.6441	146.455
41.6455	146.468
41.6466	146.48
41.6481	146.493
41.6489	146.506
41.6504	146.519
41.6515	146.531
41.6524	146.544
41.6538	146.557
41.6547	146.569
41.6558	146.582
41.6567	146.595
41.6581	146.607
41.6596	146.62
41.6604	146.633
41.6619	146.646
41.6627	146.658
41.6639	146.671
41.6653	146.684
41.6662	146.696
41.6671	146.709
41.6685	146.722
41.6696	146.734
41.6711	146.747
41.6719	146.76
41.6734	146.772
41.6742	146.785
41.6754	146.798
41.6763	146.811
41.6777	146.823
41.6786	146.836
41.68	146.849
41.6809	146.861
41.6823	146.874
41.6834	146.887
41.6849	146.899
41.686	146.912
41.6874	146.925
41.7284	146.938
41.7298	146.95
41.7309	146.963
41.7324	146.976
41.7332	146.988
41.7347	147.001
41.7358	147.014
41.7372	147.026
41.7381	147.039
41.7395	147.052
41.7407	147.064
41.7421	147.077
41.743	147.09
41.7444	147.103
41.7455	147.115
41.747	147.128
41.7478	147.141
41.7493	147.153
41.7504	147.166
41.7518	147.179
41.7527	147.191
41.7541	147.204
41.7553	147.217
41.7567	147.229
41.7576	147.242
41.759	147.255
41.7602	147.268
41.7616	147.28
41.7625	147.293
41.7639	147.306
41.765	147.318
41.7659	147.331
41.7673	147.344
41.7682	147.356
41.7694	147.369
41.7702	147.382
41.7717	147.395
41.7731	147.407
41.774	147.42
41.7754	147.433
41.7763	147.445
41.7774	147.458
41.7788	147.471
41.7797	147.483
41.7806	147.496
41.782	147.509
41.7832	147.521
41.7846	147.534
41.7855	147.547
41.7869	147.56
41.7878	147.572
41.7889	147.585
41.7898	147.598
41.7912	147.61
41.7921	147.623
41.7935	147.636
41.7944	147.648
41.7958	147.661
41.797	147.674
41.7984	147.687
41.7995	147.699
41.801	147.712
41.8427	147.725
41.8441	147.737
41.8453	147.75
41.8467	147.763
41.8476	147.775
41.849	147.788
41.8501	147.801
41.8516	147.813
41.8524	147.826
41.8539	147.839
41.855	147.852
41.8564	147.864
41.8573	147.877
41.8587	147.89
41.8599	147.902
41.8613	147.915
41.8622	147.928
41.8636	147.94
41.8648	147.953
41.8662	147.966
41.8671	147.979
41.8685	147.991
41.8696	148.004
41.871	148.017
41.8719	148.029
41.8733	148.042
41.8745	148.055
41.8759	148.067
41.8768	148.08
41.8782	148.093
41.8794	148.105
41.8802	148.118
41.8817	148.131
41.8825	148.144
41.8837	148.156
41.8846	148.169
41.886	148.182
41.8874	148.194
41.8883	148.207
41.8897	148.22
41.8906	148.232
41.8917	148.245
41.8932	148.258
41.894	148.271
41.8949	148.283
41.8963	148.296
41.8975	148.309
41.8989	148.321
41.8998	148.334
41.9012	148.347
41.9021	148.359
41.9032	148.372
41.9041	148.385
41.9055	148.397
41.9064	148.41
41.9078	148.423
41.9087	148.436
41.9101	148.448
41.9113	148.461
41.9127	148.474
41.9139	148.486
41.9153	148.499
41.9578	148.512
41.9592	148.524
41.9604	148.537
41.9618	148.55
41.9627	148.562
41.9641	148.575
41.9653	148.588
41.9667	148.601
41.9676	148.613
41.969	148.626
41.9701	148.639
41.9716	148.651
41.9724	148.664
41.9739	148.677
41.975	148.689
41.9764	148.702
41.9773	148.715
41.9787	148.728
41.9799	148.74
41.9813	148.753
41.9822	148.766
41.9836	148.778
41.9848	148.791
41.9862	148.804
41.9871	148.816
41.9885	148.829
41.9896	148.842
41.9911	148.854
41.9919	148.867
41.9934	148.88
41.9945	148.893
41.9954	148.905
41.9968	148.918
41.9977	148.931
41.9988	148.943
41.9997	148.956
42.0011	148.969
42.0026	148.981
42.0034	148.994
42.0049	149.007
42.0057	149.02
42.0069	149.032
42.0083	149.045
42.0092	149.058
42.0101	149.07
42.0115	149.083
42.0126	149.096
42.014	149.108
42.0149	149.121
42.0163	149.134
42.0172	149.146
42.0184	149.159
42.0193	149.172
42.0207	149.185
42.0216	149.197
42.023	149.21
42.0239	149.223
42.0253	149.235
42.0264	149.248
42.0278	149.261
42.029	149.273
42.0304	149.286
42.0738	149.299
42.0752	149.312
42.0763	149.324
42.0777	149.337
42.0786	149.35
42.08	149.362
42.0812	149.375
42.0826	149.388
42.0835	149.4
42.0849	149.413
42.0861	149.426
42.0875	149.438
42.0884	149.451
42.0898	149.464
42.0909	149.477
42.0924	149.489
42.0932	149.502
42.0947	149.515
42.0958	149.527
42.0972	149.54
42.0981	149.553
42.0995	149.565
42.1007	149.578
42.1021	149.591
42.103	149.604
42.1044	149.616
42.1056	149.629
42.107	149.642
42.1079	149.654
42.1093	149.667
42.1104	149.68
42.1113	149.692
42.1127	149.705
42.1136	149.718
42.1148	149.73
42.1156	149.743
42.1171	149.756
42.1185	149.769
42.1194	149.781
42.1208	149.794
42.1217	149.807
42.1228	149.819
42.1242	149.832
42.1251	149.845
42.126	149.857
42.1274	149.87
42.1286	149.883
42.13	149.896
42.1309	149.908
42.1323	149.921
42.1332	149.934
42.1343	149.946
42.1352	149.959
42.1366	149.972
42.1375	149.984
42.1389	149.997
42.1398	150.01
42.1412	150.022
42.1424	150.035
42.1438	150.048
42.1449	150.061
42.1464	150.073
42.1889	150.086
42.1903	150.099
42.1915	150.111
42.1929	150.124
42.1938	150.137
42.1952	150.149
42.1963	150.162
42.1978	150.175
42.1986	150.188
42.2001	150.2
42.2012	150.213
42.2026	150.226
42.2035	150.238
42.2049	150.251
42.2061	150.264
42.2075	150.276
42.2084	150.289
42.2098	150.302
42.2109	150.314
42.2124	150.327
42.2132	150.34
42.2147	150.353
42.2158	150.365
42.2172	150.378
42.2181	150.391
42.2195	150.403
42.2207	150.416
42.2221	150.429
42.223	150.441
42.2244	150.454
42.2256	150.467
42.2264	150.479
42.2279	150.492
42.2287	150.505
42.2299	150.518
42.2308	150.53
42.2322	150.543
42.2336	150.556
42.2345	150.568
42.2359	150.581
42.2368	150.594
42.2379	150.606
42.2394	150.619
42.2402	150.632
42.2411	150.645
42.2425	150.657
42.2437	150.67
42.2451	150.683
42.246	150.695
42.2474	150.708
42.2483	150.721
42.2494	150.733
42.2503	150.746
42.2517	150.759
42.2526	150.771
42.254	150.784
42.2549	150.797
42.2563	150.81
42.2575	150.822
42.2589	150.835
42.2601	150.848
42.2615	150.86
42.3048	150.873
42.3062	150.886
42.3074	150.898
42.3088	150.911
42.3097	150.924
42.3111	150.937
42.3123	150.949
42.3137	150.962
42.3146	150.975
42.316	150.987
42.3171	151
42.3186	151.013
42.3194	151.025
42.3209	151.038
42.322	151.051
42.3234	151.063
42.3243	151.076
42.3257	151.089
42.3269	151.102
42.3283	151.114
42.3292	151.127
42.3306	151.14
42.3318	151.152
42.3332	151.165
42.3341	151.178
42.3355	151.19
42.3366	151.203
42.338	151.216
42.3389	151.229
42.3403	151.241
42.3415	151.254
42.3424	151.267
42.3438	151.279
42.3447	151.292
42.3458	151.305
42.3467	151.317
42.3481	151.33
42.3495	151.343
42.3504	151.355
42.3518	151.368
42.3527	151.381
42.3539	151.394
42.3553	151.406
42.3562	151.419
42.3571	151.432
42.3585	151.444
42.3596	151.457
42.361	151.47
42.3619	151.482
42.3633	151.495
42.3642	151.508
42.3654	151.521
42.3663	151.533
42.3677	151.546
42.3685	151.559
42.37	151.571
42.3708	151.584
42.3723	151.597
42.3734	151.609
42.3748	151.622
42.376	151.635
42.3774	151.647
42.4216	151.66
42.423	151.673
42.4241	151.686
42.4255	151.698
42.4264	151.711
42.4278	151.724
42.429	151.736
42.4304	151.749
42.4313	151.762
42.4327	151.774
42.4339	151.787
42.4353	151.8
42.4362	151.812
42.4376	151.825
42.4387	151.838
42.4402	151.851
42.441	151.863
42.4425	151.876
42.4436	151.889
42.445	151.901
42.4459	151.914
42.4473	151.927
42.4485	151.939
42.4499	151.952
42.4508	151.965
42.4522	151.978
42.4534	151.99
42.4548	152.003
42.4557	152.016
42.4571	152.028
42.4582	152.041
42.4591	152.054
42.4605	152.066
42.4614	152.079
42.4626	152.092
42.4634	152.104
42.4649	152.117
42.4663	152.13
42.4672	152.143
42.4686	152.155
42.4695	152.168
42.4706	152.181
42.472	152.193
42.4729	152.206
42.4738	152.219
42.4752	152.231
42.4764	152.244
42.4778	152.257
42.4787	152.27
42.4801	152.282
42.481	152.295
42.4821	152.308
42.483	152.32
42.4844	152.333
42.4853	152.346
42.4867	152.358
42.4876	152.371
42.489	152.384
42.4902	152.396
42.4916	152.409
42.4927	152.422
42.4942	152.435
42.5391	152.447
42.5405	152.46
42.5417	152.473
42.5431	152.485
42.544	152.498
42.5454	152.511
42.5465	152.523
42.548	152.536
42.5488	152.549
42.5503	152.562
42.5514	152.574
42.5528	152.587
42.5537	152.6
42.5551	152.612
42.5563	152.625
42.5577	152.638
42.5586	152.65
42.56	152.663
42.5612	152.676
42.5626	152.688
42.5635	152.701
42.5649	152.714
42.566	152.727
42.5674	152.739
42.5683	152.752
42.5697	152.765
42.5709	152.777
42.5723	152.79
42.5732	152.803
42.5746	152.815
42.5758	152.828
42.5766	152.841
42.5781	152.854
42.5789	152.866
42.5801	152.879
42.581	152.892
42.5824	152.904
42.5838	152.917
42.5847	152.93
42.5861	152.942
42.587	152.955
42.5881	152.968
42.5896	152.98
42.5904	152.993
42.5913	153.006
42.5927	153.019
42.5939	153.031
42.5953	153.044
42.5962	153.057
42.5976	153.069
42.5985	153.082
42.5996	153.095
42.6005	153.107
42.6019	153.12
42.6028	153.133
42.6042	153.146
42.6051	153.158
42.6065	153.171
42.6077	153.184
42.6091	153.196
42.6103	153.209
42.6117	153.222
42.6558	153.234
42.6572	153.247
42.6584	153.26
42.6598	153.272
42.6607	153.285
42.6621	153.298
42.6633	153.311
42.6647	153.323
42.6656	153.336
42.667	153.349
42.6681	153.361
42.6696	153.374
42.6704	153.387
42.6719	153.399
42.673	153.412
42.6744	153.425
42.6753	153.438
42.6767	153.45
42.6779	153.463
42.6793	153.476
42.6802	153.488
42.6816	153.501
42.6828	153.514
42.6842	153.526
42.6851	153.539
42.6865	153.552
42.6876	153.564
42.6891	153.577
42.6899	153.59
42.6914	153.603
42.6925	153.615
42.6934	153.628
42.6948	153.641
42.6957	153.653
42.6968	153.666
42.6977	153.679
42.6991	153.691
42.7006	153.704
42.7014	153.717
42.7029	153.729
42.7037	153.742
42.7049	153.755
42.7063	153.768
42.7072	153.78
42.7081	153.793
42.7095	153.806
42.7106	153.818
42.712	153.831
42.7129	153.844
42.7143	153.856
42.7152	153.869
42.7164	153.882
42.7173	153.895
42.7187	153.907
42.7196	153.92
42.721	153.933
42.7219	153.945
42.7233	153.958
42.7244	153.971
42.7258	153.983
42.727	153.996
42.7284	154.009
42.7734	154.021
42.7748	154.034
42.7759	154.047
42.7774	154.06
42.7782	154.072
42.7797	154.085
42.7808	154.098
42.7822	154.11
42.7831	154.123
42.7845	154.136
42.7857	154.148
42.7871	154.161
42.788	154.174
42.7894	154.187
42.7905	154.199
42.792	154.212
42.7928	154.225
42.7943	154.237
42.7954	154.25
42.7968	154.263
42.7977	154.275
42.7991	154.288
42.8003	154.301
42.8017	154.313
42.8026	154.326
42.804	154.339
42.8052	154.352
42.8066	154.364
42.8075	154.377
42.8089	154.39
42.81	154.402
42.8109	154.415
42.8123	154.428
42.8132	154.44
42.8144	154.453
42.8152	154.466
42.8167	154.479
42.8181	154.491
42.819	154.504
42.8204	154.517
42.8213	154.529
42.8224	154.542
42.8238	154.555
42.8247	154.567
42.8256	154.58
42.827	154.593
42.8282	154.605
42.8296	154.618
42.8305	154.631
42.8319	154.644
42.8328	154.656
42.8339	154.669
42.8348	154.682
42.8362	154.694
42.8371	154.707
42.8385	154.72
42.8394	154.732
42.8408	154.745
42.842	154.758
42.8434	154.771
42.8445	154.783
42.846	154.796
42.8917	154.809
42.8931	154.821
42.8943	154.834
42.8957	154.847
42.8966	154.859
42.898	154.872
42.8991	154.885
42.9006	154.897
42.9014	154.91
42.9029	154.923
42.904	154.936
42.9054	154.948
42.9063	154.961
42.9077	154.974
42.9089	154.986
42.9103	154.999
42.9112	155.012
42.9126	155.024
42.9138	155.037
42.9152	155.05
42.9161	155.062
42.9175	155.075
42.9186	155.088
42.9201	155.101
42.9209	155.113
42.9224	155.126
42.9235	155.139
42.9249	155.151
42.9258	155.164
42.9272	155.177
42.9284	155.189
42.9292	155.202
42.9307	155.215
42.9315	155.228
42.9327	155.24
42.9336	155.253
42.935	155.266
42.9364	155.278
42.9373	155.291
42.9387	155.304
42.9396	155.316
42.9407	155.329
42.9422	155.342
42.943	155.354
42.9439	155.367
42.9453	155.38
42.9465	155.393
42.9479	155.405
42.9488	155.418
42.9502	155.431
42.9511	155.443
42.9522	155.456
42.9531	155.469
42.9545	155.481
42.9554	155.494
42.9568	155.507
42.9577	155.52
42.9591	155.532
42.9603	155.545
42.9617	155.558
42.9629	155.57
42.9643	155.583
43.0108	155.596
43.0123	155.608
43.0134	155.621
43.0148	155.634
43.0157	155.646
43.0171	155.659
43.0183	155.672
43.0197	155.685
43.0206	155.697
43.022	155.71
43.0231	155.723
43.0246	155.735
43.0254	155.748
43.0269	155.761
43.028	155.773
43.0294	155.786
43.0303	155.799
43.0317	155.812
43.0329	155.824
43.0343	155.837
43.0352	155.85
43.0366	155.862
43.0378	155.875
43.0392	155.888
43.0401	155.9
43.0415	155.913
43.0426	155.926
43.0441	155.938
43.0449	155.951
43.0464	155.964
43.0475	155.977
43.0484	155.989
43.0498	156.002
43.0507	156.015
43.0518	156.027
43.0527	156.04
43.0541	156.053
43.0556	156.065
43.0564	156.078
43.0579	156.091
43.0587	156.104
43.0599	156.116
43.0613	156.129
43.0622	156.142
43.0631	156.154
43.0645	156.167
43.0656	156.18
43.0671	156.192
43.0679	156.205
43.0694	156.218
43.0702	156.23
43.0714	156.243
43.0723	156.256
43.0737	156.269
43.0746	156.281
43.076	156.294
43.0769	156.307
43.0783	156.319
43.0794	156.332
43.0809	156.345
43.082	156.357
43.0834	156.37
43.1292	156.383
43.1306	156.396
43.1317	156.408
43.1332	156.421
43.134	156.434
43.1355	156.446
43.1366	156.459
43.138	156.472
43.1389	156.484
43.1403	156.497
43.1415	156.51
43.1429	156.522
43.1438	156.535
43.1452	156.548
43.1464	156.561
43.1478	156.573
43.1487	156.586
43.1501	156.599
43.1512	156.611
43.1527	156.624
43.1535	156.637
43.155	156.649
43.1561	156.662
43.1575	156.675
43.1584	156.688
43.1598	156.7
43.161	156.713
43.1624	156.726
43.1633	156.738
43.1647	156.751
43.1658	156.764
43.1667	156.776
43.1681	156.789
43.169	156.802
43.1702	156.814
43.171	156.827
43.1725	156.84
43.1739	156.853
43.1748	156.865
43.1762	156.878
43.1771	156.891
43.1782	156.903
43.1796	156.916
43.1805	156.929
43.1814	156.941
43.1828	156.954
43.184	156.967
43.1854	156.979
43.1863	156.992
43.1877	157.005
43.1886	157.018
43.1897	157.03
43.1906	157.043
43.192	157.056
43.1929	157.068
43.1943	157.081
43.1952	157.094
43.1966	157.106
43.1978	157.119
43.1992	157.132
43.2003	157.145
43.2018	157.157
43.2483	157.17
43.2497	157.183
43.2509	157.195
43.2523	157.208
43.2532	157.221
43.2546	157.233
43.2557	157.246
43.2572	157.259
43.258	157.271
43.2595	157.284
43.2606	157.297
43.262	157.31
43.2629	157.322
43.2643	157.335
43.2655	157.348
43.2669	157.36
43.2678	157.373
43.2692	157.386
43.2704	157.398
43.2718	157.411
43.2727	157.424
43.2741	157.437
43.2752	157.449
43.2767	157.462
43.2775	157.475
43.279	157.487
43.2801	157.5
43.2815	157.513
43.2824	157.524
43.2838	157.536
43.285	157.548
43.2859	157.56
43.2873	157.571
43.2882	157.583
43.2893	157.595
43.2902	157.606
43.2916	157.618
43.293	157.63
43.2939	157.642
43.2953	157.653
43.2962	157.665
43.2974	157.677
43.2988	157.688
43.2997	157.7
43.3005	157.712
43.302	157.724
43.3031	157.735
43.3045	157.747
43.3054	157.759
43.3068	157.771
43.3077	157.782
43.3089	157.794
43.3097	157.806
43.3112	157.817
43.312	157.829
43.3135	157.841
43.3143	157.853
43.3158	157.864
43.3169	157.876
43.3183	157.888
43.3195	157.899
43.3209	157.911
43.3682	157.923
43.3697	157.935
43.3708	157.946
43.3722	157.958
43.3731	157.97
43.3745	157.981
43.3757	157.993
43.3771	158.005
43.378	158.017
43.3794	158.028
43.3806	158.04
43.382	158.052
43.3829	158.063
43.3843	158.075
43.3854	158.087
43.3869	158.099
43.3877	158.11
43.3892	158.122
43.3903	158.134
43.3917	158.146
43.3926	158.157
43.394	158.169
43.3952	158.181
43.3966	158.192
43.3975	158.204
43.3989	158.216
43.4	158.228
43.4015	158.239
43.4023	158.251
43.4038	158.263
43.4049	158.274
43.4058	158.286
43.4072	158.298
43.4081	158.31
43.4092	158.321
43.4101	158.333
43.4115	158.345
43.413	158.356
43.4138	158.368
43.4153	158.38
43.4161	158.392
43.4173	158.403
43.4187	158.415
43.4196	158.427
43.4205	158.438
43.4219	158.45
43.423	158.462
43.4245	158.474
43.4253	158.485
43.4268	158.497
43.4276	158.509
43.4288	158.521
43.4297	158.532
43.4311	158.544
43.432	158.556
43.4334	158.567
43.4343	158.579
43.4357	158.591
43.4368	158.603
43.4383	158.614
43.4394	158.626
43.4408	158.638
43.489	158.649
43.4904	158.661
43.4916	158.673
43.493	158.685
43.4939	158.696
43.4953	158.708
43.4964	158.72
43.4978	158.731
43.4987	158.743
43.5001	158.755
43.5013	158.767
43.5027	158.778
43.5036	158.79
43.505	158.802
43.5062	158.813
43.5076	158.825
43.5085	158.837
43.5099	158.849
43.511	158.86
43.5125	158.872
43.5133	158.884
43.5148	158.896
43.5159	158.907
43.5173	158.919
43.5182	158.931
43.5196	158.942
43.5208	158.954
43.5222	158.966
43.5231	158.978
43.5245	158.989
43.5257	159.001
43.5265	159.013
43.528	159.024
43.5288	159.036
43.53	159.048
43.5309	159.06
43.5323	159.071
43.5337	159.083
43.5346	159.095
43.536	159.106
43.5369	159.118
43.538	159.13
43.5395	159.142
43.5403	159.153
43.5412	159.165
43.5426	159.177
43.5438	159.188
43.5452	159.2
43.5461	159.212
43.5475	159.224
43.5484	159.235
43.5495	159.247
43.5504	159.259
43.5518	159.271
43.5527	159.282
43.5541	159.294
43.555	159.306
43.5564	159.317
43.5576	159.329
43.559	159.341
43.5602	159.353
43.5616	159.364
43.6089	159.376
43.6103	159.388
43.6115	159.399
43.6129	159.411
43.6138	159.423
43.6152	159.435
43.6164	159.446
43.6178	159.458
43.6187	159.47
43.6201	159.481
43.6212	159.493
43.6227	159.505
43.6235	159.517
43.625	159.528
43.6261	159.54
43.6275	159.552
43.6284	159.563
43.6298	159.575
43.631	159.587
43.6324	159.599
43.6333	159.61
43.6347	159.622
43.6359	159.634
43.6373	159.646
43.6382	159.657
43.6396	159.669
43.6407	159.681
43.6421	159.692
43.643	159.704
43.6444	159.716
43.6456	159.728
43.6465	159.739
43.6479	159.751
43.6488	159.763
43.6499	159.774
43.6508	159.786
43.6522	159.798
43.6536	159.81
43.6545	159.821
43.6559	159.833
43.6568	159.845
43.658	159.856
43.6594	159.868
43.6603	159.88
43.6612	159.892
43.6626	159.903
43.6637	159.915
43.6651	159.927
43.666	159.938
43.6674	159.95
43.6683	159.962
43.6695	159.974
43.6703	159.985
43.6718	159.997
43.6726	160.009
43.6741	160.021
43.6749	160.032
43.6764	160.044
43.6775	160.056
43.6789	160.067
43.6801	160.079
43.6815	160.091
43.7289	160.103
43.7303	160.114
43.7314	160.126
43.7329	160.138
43.7337	160.149
43.7352	160.161
43.7363	160.173
43.7377	160.185
43.7386	160.196
43.74	160.208
43.7412	160.22
43.7426	160.231
43.7435	160.243
43.7449	160.255
43.746	160.267
43.7475	160.278
43.7483	160.29
43.7498	160.302
43.7509	160.313
43.7523	160.325
43.7532	160.337
43.7546	160.349
43.7558	160.36
43.7572	160.372
43.7581	160.384
43.7595	160.396
43.7607	160.407
43.7621	160.419
43.763	160.431
43.7644	160.442
43.7655	160.454
43.7664	160.466
43.7678	160.478
43.7687	160.489
43.7699	160.501
43.7707	160.513
43.7722	160.524
43.7736	160.536
43.7745	160.548
43.7759	160.56
43.7768	160.571
43.7779	160.583
43.7793	160.595
43.7802	160.606
43.7811	160.618
43.7825	160.63
43.7837	160.642
43.7851	160.653
43.786	160.665
43.7874	160.677
43.7883	160.688
43.7894	160.7
43.7903	160.712
43.7917	160.724
43.7926	160.735
43.794	160.747
43.7949	160.759
43.7963	160.771
43.7975	160.782
43.7989	160.794
43.8	160.806
43.8015	160.817
43.8496	160.829
43.851	160.841
43.8522	160.853
43.8536	160.864
43.8545	160.876
43.8559	160.888
43.857	160.899
43.8585	160.911
43.8593	160.923
43.8608	160.935
43.8619	160.946
43.8633	160.958
43.8642	160.97
43.8656	160.981
43.8668	160.993
43.8682	161.005
43.8691	161.017
43.8705	161.028
43.8717	161.04
43.8731	161.052
43.874	161.063
43.8754	161.075
43.8765	161.087
43.878	161.099
43.8788	161.11
43.8803	161.122
43.8814	161.134
43.8828	161.146
43.8837	161.157
43.8851	161.169
43.8863	161.181
43.8872	161.192
43.8886	161.204
43.8895	161.216
43.8906	161.228
43.8915	161.239
43.8929	161.251
43.8943	161.263
43.8952	161.274
43.8966	161.286
43.8975	161.298
43.8987	161.31
43.9001	161.321
43.901	161.333
43.9018	161.345
43.9033	161.356
43.9044	161.368
43.9058	161.38
43.9067	161.392
43.9081	161.403
43.909	161.415
43.9102	161.427
43.911	161.438
43.9125	161.45
43.9133	161.462
43.9148	161.474
43.9156	161.485
43.917	161.497
43.9182	161.509
43.9196	161.521
43.9208	161.532
43.9222	161.544
43.9711	161.556
43.9726	161.567
43.9737	161.579
43.9751	161.591
43.976	161.603
43.9774	161.614
43.9786	161.626
43.98	161.638
43.9809	161.649
43.9823	161.661
43.9835	161.673
43.9849	161.685
43.9858	161.696
43.9872	161.708
43.9883	161.72
43.9897	161.731
43.9906	161.743
43.992	161.755
43.9932	161.767
43.9946	161.778
43.9955	161.79
43.9969	161.802
43.9981	161.813
43.9995	161.825
44.0004	161.837
44.0018	161.849
44.0029	161.86
44.0044	161.872
44.0052	161.884
44.0067	161.896
44.0078	161.907
44.0087	161.919
44.0101	161.931
44.011	161.942
44.0121	161.954
44.013	161.966
44.0144	161.978
44.0159	161.989
44.0167	162.001
44.0182	162.013
44.019	162.024
44.0202	162.036
44.0216	162.048
44.0225	162.06
44.0234	162.071
44.0248	162.083
44.0259	162.095
44.0274	162.106
44.0282	162.118
44.0297	162.13
44.0305	162.142
44.0317	162.153
44.0326	162.165
44.034	162.177
44.0349	162.188
44.0363	162.2
44.0372	162.212
44.0386	162.224
44.0397	162.235
44.0412	162.247
44.0423	162.259
44.0437	162.271
44.0935	162.282
44.0949	162.294
44.0961	162.306
44.0975	162.317
44.0984	162.329
44.0998	162.341
44.1009	162.353
44.1023	162.364
44.1032	162.376
44.1046	162.388
44.1058	162.399
44.1072	162.411
44.1081	162.423
44.1095	162.435
44.1107	162.446
44.1121	162.458
44.113	162.47
44.1144	162.481
44.1155	162.493
44.117	162.505
44.1178	162.517
44.1193	162.528
44.1204	162.54
44.1218	162.552
44.1227	162.563
44.1241	162.575
44.1253	162.587
44.1267	162.599
44.1276	162.61
44.129	162.622
44.1302	162.634
44.131	162.646
44.1325	162.657
44.1333	162.669
44.1345	162.681
44.1354	162.692
44.1368	162.704
44.1382	162.716
44.1391	162.728
44.1405	162.739
44.1414	162.751
44.1425	162.763
44.144	162.774
44.1448	162.786
44.1457	162.798
44.1471	162.81
44.1483	162.821
44.1497	162.833
44.1506	162.845
44.152	162.856
44.1529	162.868
44.154	162.88
44.1549	162.892
44.1563	162.903
44.1572	162.915
44.1586	162.927
44.1595	162.938
44.1609	162.95
44.1621	162.962
44.1635	162.974
44.1647	162.985
44.1661	162.997
44.215	163.009
44.2164	163.021
44.2176	163.032
44.219	163.044
44.2199	163.056
44.2213	163.067
44.2225	163.079
44.2239	163.091
44.2248	163.103
44.2262	163.114
44.2273	163.126
44.2288	163.138
44.2296	163.149
44.2311	163.161
44.2322	163.173
44.2336	163.185
44.2345	163.196
44.2359	163.208
44.2371	163.22
44.2385	163.231
44.2394	163.243
44.2408	163.255
44.242	163.267
44.2434	163.278
44.2443	163.29
44.2457	163.302
44.2468	163.313
44.2482	163.325
44.2491	163.337
44.2505	163.349
44.2517	163.36
44.2526	163.372
44.254	163.384
44.2549	163.396
44.256	163.407
44.2569	163.419
44.2583	163.431
44.2597	163.442
44.2606	163.454
44.262	163.466
44.2629	163.478
44.2641	163.489
44.2655	163.501
44.2664	163.513
44.2673	163.524
44.2687	163.536
44.2698	163.548
44.2712	163.56
44.2721	163.571
44.2735	163.583
44.2744	163.595
44.2756	163.606
44.2764	163.618
44.2779	163.63
44.2787	163.642
44.2802	163.653
44.281	163.665
44.2825	163.677
44.2836	163.688
44.285	163.7
44.2862	163.712
44.2876	163.724
44.3374	163.735
44.3388	163.747
44.3399	163.759
44.3414	163.771
44.3422	163.782
44.3437	163.794
44.3448	163.806
44.3462	163.817
44.3471	163.829
44.3485	163.841
44.3497	163.853
44.3511	163.864
44.352	163.876
44.3534	163.888
44.3545	163.899
44.356	163.911
44.3568	163.923
44.3583	163.935
44.3594	163.946
44.3608	163.958
44.3617	163.97
44.3631	163.981
44.3643	163.993
44.3657	164.005
44.3666	164.017
44.368	164.028
44.3692	164.04
44.3706	164.052
44.3715	164.063
44.3729	164.075
44.374	164.087
44.3749	164.099
44.3763	164.11
44.3772	164.122
44.3784	164.134
44.3792	164.146
44.3807	164.157
44.3821	164.169
44.383	164.181
44.3844	164.192
44.3853	164.204
44.3864	164.216
44.3878	164.228
44.3887	164.239
44.3896	164.251
44.391	164.263
44.3922	164.274
44.3936	164.286
44.3945	164.298
44.3959	164.31
44.3968	164.321
44.3979	164.333
44.3988	164.345
44.4002	164.356
44.4011	164.368
44.4025	164.38
44.4034	164.392
44.4048	164.403
44.406	164.415
44.4074	164.427
44.4085	164.438
44.41	164.45
44.4605	164.462
44.4619	164.474
44.4631	164.485
44.4645	164.497
44.4654	164.509
44.4668	164.521
44.4679	164.532
44.4694	164.544
44.4702	164.556
44.4717	164.567
44.4728	164.579
44.4742	164.591
44.4751	164.603
44.4765	164.614
44.4777	164.626
44.4791	164.638
44.48	164.649
44.4814	164.661
44.4826	164.673
44.484	164.685
44.4849	164.696
44.4863	164.708
44.4874	164.72
44.4889	164.731
44.4897	164.743
44.4912	164.755
44.4923	164.767
44.4937	164.778
44.4946	164.79
44.496	164.802
44.4972	164.813
44.4981	164.825
44.4995	164.837
44.5004	164.849
44.5015	164.86
44.5024	164.872
44.5038	164.884
44.5052	164.896
44.5061	164.907
44.5075	164.919
44.5084	164.931
44.5096	164.942
44.511	164.954
44.5119	164.966
44.5127	164.978
44.5142	164.989
44.5153	165.001
44.5167	165.013
44.5176	165.024
44.519	165.036
44.5199	165.048
44.5211	165.06
44.5219	165.071
44.5234	165.083
44.5242	165.095
44.5257	165.106
44.5265	165.118
44.528	165.13
44.5291	165.142
44.5305	165.153
44.5317	165.165
44.5331	165.177
44.5844	165.188
44.5859	165.2
44.587	165.212
44.5884	165.224
44.5893	165.235
44.5907	165.247
44.5919	165.259
44.5933	165.271
44.5942	165.282
44.5956	165.294
44.5968	165.306
44.5982	165.317
44.5991	165.329
44.6005	165.341
44.6016	165.353
44.6031	165.364
44.6039	165.376
44.6054	165.388
44.6065	165.399
44.6079	165.411
44.6088	165.423
44.6102	165.435
44.6114	165.446
44.6128	165.458
44.6137	165.47
44.6151	165.481
44.6163	165.493
44.6177	165.505
44.6186	165.517
44.62	165.528
44.6211	165.54
44.622	165.552
44.6234	165.563
44.6243	165.575
44.6255	165.587
44.6263	165.599
44.6278	165.61
44.6292	165.622
44.6301	165.634
44.6315	165.646
44.6324	165.657
44.6335	165.669
44.6349	165.681
44.6358	165.692
44.6367	165.704
44.6381	165.716
44.6393	165.728
44.6407	165.739
44.6416	165.751
44.643	165.763
44.6438	165.774
44.645	165.786
44.6459	165.798
44.6473	165.81
44.6482	165.821
44.6496	165.833
44.6505	165.845
44.6519	165.856
44.653	165.868
44.6545	165.88
44.6556	165.892
44.657	165.903
44.7076	165.915
44.709	165.927
44.7102	165.938
44.7116	165.95
44.7125	165.962
44.7139	165.974
44.715	165.985
44.7165	165.997
44.7173	166.009
44.7188	166.021
44.7199	166.032
44.7213	166.044
44.7222	166.056
44.7236	166.067
44.7248	166.079
44.7262	166.091
44.7271	166.103
44.7285	166.114
44.7297	166.126
44.7311	166.138
44.732	166.149
44.7334	166.161
44.7345	166.173
44.7359	166.185
44.7368	166.196
44.7382	166.208
44.7394	166.22
44.7408	166.231
44.7417	166.243
44.7431	166.255
44.7443	166.267
44.7451	166.278
44.7466	166.29
44.7474	166.302
44.7486	166.313
44.7495	166.325
44.7509	166.337
44.7523	166.349
44.7532	166.36
44.7546	166.372
44.7555	166.384
44.7566	166.396
44.7581	166.407
44.7589	166.419
44.7598	166.431
44.7612	166.442
44.7624	166.454
44.7638	166.466
44.7647	166.478
44.7661	166.489
44.767	166.501
44.7681	166.513
44.769	166.524
44.7704	166.536
44.7713	166.548
44.7727	166.56
44.7736	166.571
44.775	166.583
44.7762	166.595
44.7776	166.606
44.7788	166.618
44.7802	166.63
44.8315	166.642
44.833	166.653
44.8341	166.665
44.8355	166.677
44.8364	166.688
44.8378	166.7
44.839	166.712
44.8404	166.724
44.8413	166.735
44.8427	166.747
44.8438	166.759
44.8453	166.771
44.8461	166.782
44.8476	166.794
44.8487	166.806
44.8501	166.817
44.851	166.829
44.8524	166.841
44.8536	166.853
44.855	166.864
44.8559	166.876
44.8573	166.888
44.8585	166.899
44.8599	166.911
44.8608	166.923
44.8622	166.935
44.8633	166.946
44.8648	166.958
44.8656	166.97
44.8671	166.981
44.8682	166.993
44.8691	167.005
44.8705	167.017
44.8714	167.028
44.8725	167.04
44.8734	167.052
44.8748	167.063
44.8763	167.075
44.8771	167.087
44.8786	167.099
44.8794	167.11
44.8806	167.122
44.882	167.134
44.8829	167.146
44.8838	167.157
44.8852	167.169
44.8863	167.181
44.8878	167.192
44.8886	167.204
44.8901	167.216
44.8909	167.228
44.8921	167.239
44.893	167.251
44.8944	167.263
44.8953	167.274
44.8967	167.286
44.8976	167.298
44.899	167.31
44.9001	167.321
44.9016	167.333
44.9027	167.345
44.9041	167.356
44.9563	167.368
44.9577	167.38
44.9588	167.392
44.9603	167.403
44.9611	167.415
44.9626	167.427
44.9637	167.438
44.9651	167.45
44.966	167.462
44.9674	167.474
44.9686	167.485
44.97	167.497
44.9709	167.509
44.9723	167.521
44.9735	167.532
44.9749	167.544
44.9758	167.556
44.9772	167.567
44.9783	167.579
44.9798	167.591
44.9806	167.603
44.9821	167.614
44.9832	167.626
44.9846	167.638
44.9855	167.649
44.9869	167.661
44.9881	167.673
44.9895	167.685
44.9904	167.696
44.9918	167.708
44.993	167.72
44.9938	167.731
44.9953	167.743
44.9961	167.755
44.9973	167.767
44.9982	167.778
44.9996	167.79
45.001	167.802
45.0019	167.813
45.0033	167.825
45.0042	167.837
45.0053	167.849
45.0068	167.86
45.0076	167.872
45.0085	167.884
45.0099	167.896
45.0111	167.907
45.0125	167.919
45.0134	167.931
45.0148	167.942
45.0157	167.954
45.0168	167.966
45.0177	167.978
45.0191	167.989
45.02	168.001
45.0214	168.013
45.0223	168.024
45.0237	168.036
45.0249	168.048
45.0263	168.06
45.0275	168.071
45.0289	168.083
45.0818	168.095
45.0832	168.106
45.0844	168.118
45.0858	168.13
45.0867	168.142
45.0881	168.153
45.0893	168.165
45.0907	168.177
45.0916	168.188
45.093	168.2
45.0941	168.212
45.0956	168.224
45.0964	168.235
45.0979	168.247
45.099	168.259
45.1004	168.271
45.1013	168.282
45.1027	168.294
45.1039	168.306
45.1053	168.317
45.1062	168.329
45.1076	168.341
45.1088	168.353
45.1102	168.364
45.1111	168.376
45.1125	168.388
45.1136	168.399
45.1151	168.411
45.1159	168.423
45.1174	168.435
45.1185	168.446
45.1194	168.458
45.1208	168.47
45.1217	168.481
45.1228	168.493
45.1237	168.505
45.1251	168.517
45.1266	168.528
45.1274	168.54
45.1289	168.552
45.1297	168.563
45.1309	168.575
45.1323	168.587
45.1332	168.599
45.1341	168.61
45.1355	168.622
45.1366	168.634
45.138	168.646
45.1389	168.657
45.1403	168.669
45.1412	168.681
45.1424	168.692
45.1433	168.704
45.1447	168.716
45.1456	168.728
45.147	168.739
45.1479	168.751
45.1493	168.763
45.1504	168.774
45.1518	168.786
45.153	168.798
45.1544	168.81
45.2066	168.821
45.208	168.833
45.2091	168.845
45.2106	168.856
45.2114	168.868
45.2129	168.88
45.214	168.892
45.2154	168.903
45.2163	168.915
45.2177	168.927
45.2189	168.938
45.2203	168.95
45.2212	168.962
45.2226	168.974
45.2238	168.985
45.2252	168.997
45.2261	169.009
45.2275	169.021
45.2286	169.032
45.2301	169.044
45.2309	169.056
45.2324	169.067
45.2335	169.079
45.2349	169.091
45.2358	169.103
45.2372	169.114
45.2384	169.126
45.2398	169.138
45.2407	169.149
45.2421	169.161
45.2432	169.173
45.2441	169.185
45.2455	169.196
45.2464	169.208
45.2476	169.22
45.2484	169.231
45.2499	169.243
45.2513	169.255
45.2522	169.267
45.2536	169.278
45.2545	169.29
45.2556	169.302
45.257	169.313
45.2579	169.325
45.2588	169.337
45.2602	169.349
45.2614	169.36
45.2628	169.372
45.2637	169.384
45.2651	169.396
45.266	169.407
45.2671	169.419
45.268	169.431
45.2694	169.442
45.2703	169.454
45.2717	169.466
45.2726	169.478
45.274	169.489
45.2752	169.501
45.2766	169.513
45.2777	169.524
45.2792	169.536
45.3321	169.548
45.3335	169.56
45.3347	169.571
45.3361	169.583
45.337	169.595
45.3384	169.606
45.3396	169.618
45.341	169.63
45.3419	169.642
45.3433	169.653
45.3444	169.665
45.3459	169.677
45.3467	169.688
45.3482	169.7
45.3493	169.712
45.3507	169.724
45.3516	169.735
45.353	169.747
45.3542	169.759
45.3556	169.771
45.3565	169.782
45.3579	169.794
45.359	169.806
45.3605	169.817
45.3613	169.829
45.3628	169.841
45.3639	169.853
45.3653	169.864
45.3662	169.876
45.3676	169.888
45.3688	169.899
45.3697	169.911
45.3711	169.923
45.372	169.935
45.3731	169.946
45.374	169.958
45.3754	169.97
45.3768	169.981
45.3777	169.993
45.3791	170.005
45.38	170.017
45.3812	170.028
45.3826	170.04
45.3835	170.052
45.3843	170.063
45.3858	170.075
45.3869	170.087
45.3883	170.099
45.3892	170.11
45.3906	170.122
45.3915	170.134
45.3927	170.146
45.3935	170.157
45.395	170.169
45.3958	170.181
45.3973	170.192
45.3981	170.204
45.3996	170.216
45.4007	170.228
45.4021	170.239
45.4033	170.251
45.4047	170.263
45.4585	170.274
45.4599	170.286
45.461	170.298
45.4625	170.31
45.4633	170.321
45.4648	170.333
45.4659	170.345
45.4673	170.356
45.4682	170.368
45.4696	170.38
45.4708	170.392
45.4722	170.403
45.4731	170.415
45.4745	170.427
45.4756	170.438
45.4771	170.45
45.4779	170.462
45.4794	170.474
45.4805	170.485
45.4819	170.497
45.4828	170.509
45.4842	170.521
45.4854	170.532
45.4868	170.544
45.4877	170.556
45.4891	170.567
45.4903	170.579
45.4917	170.591
45.4926	170.603
45.494	170.614
45.4951	170.626
45.496	170.638
45.4974	170.648
45.4983	170.659
45.4995	170.67
45.5003	170.681
45.5018	170.691
45.5032	170.702
45.5041	170.713
45.5055	170.724
45.5064	170.734
45.5075	170.745
45.5089	170.756
45.5098	170.767
45.5107	170.777
45.5121	170.788
45.5133	170.799
45.5147	170.81
45.5156	170.82
45.517	170.831
45.5179	170.842
45.519	170.853
45.5199	170.863
45.5213	170.874
45.5222	170.885
45.5236	170.896
45.5245	170.906
45.5259	170.917
45.5271	170.928
45.5285	170.938
45.5296	170.949
45.5311	170.96
45.5856	170.971
45.587	170.981
45.5882	170.992
45.5896	171.003
45.5905	171.014
45.5919	171.024
45.5931	171.035
45.5945	171.046
45.5954	171.057
45.5968	171.067
45.5979	171.078
45.5993	171.089
45.6002	171.1
45.6016	171.11
45.6028	171.121
45.6042	171.132
45.6051	171.143
45.6065	171.153
45.6077	171.164
45.6091	171.175
45.61	171.186
45.6114	171.196
45.6125	171.207
45.614	171.218
45.6148	171.229
45.6163	171.239
45.6174	171.25
45.6188	171.261
45.6197	171.271
45.6211	171.282
45.6223	171.293
45.6232	171.304
45.6246	171.314
45.6255	171.325
45.6266	171.336
45.6275	171.347
45.6289	171.357
45.6303	171.368
45.6312	171.379
45.6326	171.39
45.6335	171.4
45.6347	171.411
45.6361	171.422
45.637	171.433
45.6378	171.443
45.6393	171.454
45.6404	171.465
45.6418	171.476
45.6427	171.486
45.6441	171.497
45.645	171.508
45.6462	171.519
45.647	171.529
45.6485	171.54
45.6493	171.551
45.6508	171.562
45.6516	171.572
45.6531	171.583
45.6542	171.594
45.6556	171.604
45.6568	171.615
45.6582	171.626
45.712	171.637
45.7134	171.647
45.7145	171.658
45.7159	171.669
45.7168	171.68
45.7182	171.69
45.7194	171.701
45.7208	171.712
45.7217	171.723
45.7231	171.733
45.7243	171.744
45.7257	171.755
45.7266	171.766
45.728	171.776
45.7291	171.787
45.7306	171.798
45.7314	171.809
45.7329	171.819
45.734	171.83
45.7354	171.841
45.7363	171.852
45.7377	171.862
45.7389	171.873
45.7403	171.884
45.7412	171.895
45.7426	171.905
45.7438	171.916
45.7452	171.927
45.7461	171.938
45.7475	171.948
45.7486	171.959
45.7495	171.97
45.7509	171.98
45.7518	171.991
45.753	172.002
45.7538	172.013
45.7553	172.023
45.7567	172.034
45.7576	172.045
45.759	172.056
45.7599	172.066
45.761	172.077
45.7624	172.088
45.7633	172.099
45.7642	172.109
45.7656	172.12
45.7668	172.131
45.7682	172.142
45.7691	172.152
45.7705	172.163
45.7714	172.174
45.7725	172.185
45.7734	172.195
45.7748	172.206
45.7757	172.217
45.7771	172.228
45.778	172.238
45.7794	172.249
45.7806	172.26
45.782	172.271
45.7831	172.281
45.7846	172.292
45.8391	172.303
45.8405	172.313
45.8417	172.324
45.8431	172.335
45.844	172.346
45.8454	172.356
45.8465	172.367
45.848	172.378
45.8488	172.389
45.8503	172.399
45.8514	172.41
45.8528	172.421
45.8537	172.432
45.8551	172.442
45.8563	172.453
45.8577	172.464
45.8586	172.475
45.86	172.485
45.8612	172.496
45.8626	172.507
45.8635	172.518
45.8649	172.528
45.866	172.539
45.8675	172.55
45.8683	172.561
45.8698	172.571
45.8709	172.582
45.8723	172.593
45.8732	172.604
45.8746	172.614
45.8758	172.625
45.8767	172.636
45.8781	172.646
45.879	172.657
45.8801	172.668
45.881	172.679
45.8824	172.689
45.8838	172.7
45.8847	172.711
45.8861	172.722
45.887	172.732
45.8882	172.743
45.8896	172.754
45.8905	172.765
45.8913	172.775
45.8928	172.786
45.8939	172.797
45.8953	172.808
45.8962	172.818
45.8976	172.829
45.8985	172.84
45.8997	172.851
45.9005	172.861
45.902	172.872
45.9028	172.883
45.9043	172.894
45.9051	172.904
45.9066	172.915
45.9077	172.926
45.9091	172.937
45.9103	172.947
45.9117	172.958
45.967	172.969
45.9685	172.979
45.9696	172.99
45.971	173.001
45.9719	173.012
45.9733	173.022
45.9745	173.033
45.9759	173.044
45.9768	173.055
45.9782	173.065
45.9794	173.076
45.9808	173.087
45.9817	173.098
45.9831	173.108
45.9842	173.119
45.9857	173.13
45.9865	173.141
45.988	173.151
45.9891	173.162
45.9905	173.173
45.9914	173.184
45.9928	173.194
45.994	173.205
45.9954	173.216
45.9963	173.227
45.9977	173.237
45.9989	173.248
46.0003	173.259
46.0012	173.27
46.0026	173.28
46.0037	173.291
46.0046	173.302
46.006	173.312
46.0069	173.323
46.0081	173.334
46.0089	173.345
46.0104	173.355
46.0118	173.366
46.0127	173.377
46.0141	173.388
46.015	173.398
46.0161	173.409
46.0175	173.42
46.0184	173.431
46.0193	173.441
46.0207	173.452
46.0219	173.463
46.0233	173.474
46.0242	173.484
46.0256	173.495
46.0265	173.506
46.0276	173.517
46.0285	173.527
46.0299	173.538
46.0308	173.549
46.0322	173.56
46.0331	173.57
46.0345	173.581
46.0357	173.592
46.0371	173.603
46.0382	173.613
46.0396	173.624
46.0958	173.635
46.0972	173.646
46.0984	173.656
46.0998	173.667
46.1007	173.678
46.1021	173.688
46.1032	173.699
46.1047	173.71
46.1055	173.721
46.107	173.731
46.1081	173.742
46.1095	173.753
46.1104	173.764
46.1118	173.774
46.113	173.785
46.1144	173.796
46.1153	173.807
46.1167	173.817
46.1179	173.828
46.1193	173.839
46.1202	173.85
46.1216	173.86
46.1227	173.871
46.1242	173.882
46.125	173.893
46.1265	173.903
46.1276	173.914
46.129	173.925
46.1299	173.936
46.1313	173.946
46.1325	173.957
46.1334	173.968
46.1348	173.979
46.1357	173.989
46.1368	174
46.1377	174.011
46.1391	174.021
46.1405	174.032
46.1414	174.043
46.1428	174.054
46.1437	174.064
46.1449	174.075
46.1463	174.086
46.1472	174.097
46.148	174.107
46.1495	174.118
46.1506	174.129
46.152	174.14
46.1529	174.15
46.1543	174.161
46.1552	174.172
46.1564	174.183
46.1572	174.193
46.1587	174.204
46.1595	174.215
46.161	174.226
46.1618	174.236
46.1633	174.247
46.1644	174.258
46.1658	174.269
46.167	174.279
46.1684	174.29
46.2237	174.301
46.2252	174.312
46.2263	174.322
46.2277	174.333
46.2286	174.344
46.23	174.354
46.2312	174.365
46.2326	174.376
46.2335	174.387
46.2349	174.397
46.2361	174.408
46.2375	174.419
46.2384	174.43
46.2398	174.44
46.2409	174.451
46.2424	174.462
46.2432	174.473
46.2447	174.483
46.2458	174.494
46.2472	174.505
46.2481	174.516
46.2495	174.526
46.2507	174.537
46.2521	174.548
46.253	174.559
46.2544	174.569
46.2556	174.58
46.257	174.591
46.2579	174.602
46.2593	174.612
46.2604	174.623
46.2613	174.634
46.2627	174.645
46.2636	174.655
46.2648	174.666
46.2656	174.677
46.2671	174.688
46.2685	174.698
46.2694	174.709
46.2708	174.72
46.2717	174.73
46.2728	174.741
46.2742	174.752
46.2751	174.763
46.276	174.773
46.2774	174.784
46.2786	174.795
46.28	174.806
46.2809	174.816
46.2823	174.827
46.2832	174.838
46.2843	174.849
46.2852	174.859
46.2866	174.87
46.2875	174.881
46.2889	174.892
46.2898	174.902
46.2912	174.913
46.2924	174.924
46.2938	174.935
46.2949	174.945
46.2963	174.956
46.3525	174.967
46.3539	174.978
46.3551	174.988
46.3565	174.999
46.3574	175.01
46.3588	175.021
46.3599	175.031
46.3614	175.042
46.3622	175.053
46.3637	175.063
46.3648	175.074
46.3662	175.085
46.3671	175.096
46.3685	175.106
46.3697	175.117
46.3711	175.128
46.372	175.139
46.3734	175.149
46.3746	175.16
46.376	175.171
46.3769	175.182
46.3783	175.192
46.3794	175.203
46.3809	175.214
46.3817	175.225
46.3832	175.235
46.3843	175.246
46.3857	175.257
46.3866	175.268
46.388	175.278
46.3892	175.289
46.3901	175.3
46.3915	175.311
46.3924	175.321
46.3935	175.332
46.3944	175.343
46.3958	175.354
46.3972	175.364
46.3981	175.375
46.3995	175.386
46.4004	175.396
46.4016	175.407
46.403	175.418
46.4039	175.429
46.4047	175.439
46.4062	175.45
46.4073	175.461
46.4087	175.472
46.4096	175.482
46.411	175.493
46.4119	175.504
46.4131	175.515
46.4139	175.525
46.4154	175.536
46.4162	175.547
46.4177	175.558
46.4185	175.568
46.42	175.579
46.4211	175.59
46.4225	175.601
46.4237	175.611
46.4251	175.622
46.482	175.633
46.4835	175.644
46.4846	175.654
46.486	175.665
46.4869	175.676
46.4883	175.687
46.4895	175.697
46.4909	175.708
46.4918	175.719
46.4932	175.729
46.4944	175.74
46.4958	175.751
46.4967	175.762
46.4981	175.772
46.4992	175.783
46.5007	175.794
46.5015	175.805
46.503	175.815
46.5041	175.826
46.5055	175.837
46.5064	175.848
46.5078	175.858
46.509	175.869
46.5104	175.88
46.5113	175.891
46.5127	175.901
46.5139	175.912
46.5153	175.923
46.5162	175.934
46.5176	175.944
46.5187	175.955
46.5196	175.966
46.521	175.977
46.5219	175.987
46.5231	175.998
46.5239	176.009
46.5254	176.02
46.5268	176.03
46.5277	176.041
46.5291	176.052
46.53	176.062
46.5311	176.073
46.5325	176.084
46.5334	176.095
46.5343	176.105
46.5357	176.116
46.5369	176.127
46.5383	176.138
46.5392	176.148
46.5406	176.159
46.5415	176.17
46.5426	176.181
46.5435	176.191
46.5449	176.202
46.5458	176.213
46.5472	176.224
46.5481	176.234
46.5495	176.245
46.5507	176.256
46.5521	176.267
46.5532	176.277
46.5546	176.288
46.6116	176.299
46.613	176.31
46.6142	176.32
46.6156	176.331
46.6165	176.342
46.6179	176.353
46.619	176.363
46.6205	176.374
46.6213	176.385
46.6228	176.396
46.6239	176.406
46.6253	176.417
46.6262	176.428
46.6276	176.438
46.6288	176.449
46.6302	176.46
46.6311	176.471
46.6325	176.481
46.6337	176.492
46.6351	176.503
46.636	176.514
46.6374	176.524
46.6385	176.535
46.64	176.546
46.6408	176.557
46.6423	176.567
46.6434	176.578
46.6448	176.589
46.6457	176.6
46.6471	176.61
46.6483	176.621
46.6492	176.632
46.6506	176.643
46.6515	176.653
46.6526	176.664
46.6535	176.675
46.6549	176.686
46.6563	176.696
46.6572	176.707
46.6586	176.718
46.6595	176.729
46.6607	176.739
46.6621	176.75
46.663	176.761
46.6638	176.771
46.6653	176.782
46.6664	176.793
46.6678	176.804
46.6687	176.814
46.6701	176.825
46.671	176.836
46.6722	176.847
46.673	176.857
46.6745	176.868
46.6753	176.879
46.6768	176.89
46.6776	176.9
46.6791	176.911
46.6802	176.922
46.6816	176.933
46.6828	176.943
46.6842	176.954
46.742	176.965
46.7434	176.976
46.7445	176.986
46.7459	176.997
46.7468	177.008
46.7482	177.019
46.7494	177.029
46.7508	177.04
46.7517	177.051
46.7531	177.062
46.7543	177.072
46.7557	177.083
46.7566	177.094
46.758	177.104
46.7591	177.115
46.7606	177.126
46.7614	177.137
46.7629	177.147
46.764	177.158
46.7654	177.169
46.7663	177.18
46.7677	177.19
46.7689	177.201
46.7703	177.212
46.7712	177.223
46.7726	177.233
46.7738	177.244
46.7752	177.255
46.7761	177.266
46.7775	177.276
46.7786	177.287
46.7795	177.298
46.7809	177.309
46.7818	177.319
46.783	177.33
46.7838	177.341
46.7853	177.352
46.7867	177.362
46.7876	177.373
46.789	177.384
46.7899	177.395
46.791	177.405
46.7924	177.416
46.7933	177.427
46.7942	177.438
46.7956	177.448
46.7968	177.459
46.7982	177.47
46.7991	177.48
46.8005	177.491
46.8014	177.502
46.8025	177.513
46.8034	177.523
46.8048	177.534
46.8057	177.545
46.8071	177.556
46.808	177.566
46.8094	177.577
46.8106	177.588
46.812	177.599
46.8131	177.609
46.8146	177.62
46.8715	177.631
46.8729	177.642
46.8741	177.652
46.8755	177.663
46.8764	177.674
46.8778	177.685
46.8789	177.695
46.8804	177.706
46.8812	177.717
46.8827	177.728
46.8838	177.738
46.8852	177.749
46.8861	177.76
46.8875	177.771
46.8887	177.781
46.8901	177.792
46.891	177.803
46.8924	177.813
46.8936	177.824
46.895	177.835
46.8959	177.846
46.8973	177.856
46.8984	177.867
46.8999	177.878
46.9007	177.889
46.9022	177.899
46.9033	177.91
46.9047	177.921
46.9056	177.932
46.907	177.942
46.9082	177.953
46.9091	177.964
46.9105	177.975
46.9114	177.985
46.9125	177.996
46.9134	178.007
46.9148	178.018
46.9162	178.028
46.9171	178.039
46.9185	178.05
46.9194	178.061
46.9206	178.071
46.922	178.082
46.9229	178.093
46.9237	178.104
46.9252	178.114
46.9263	178.125
46.9277	178.136
46.9286	178.146
46.93	178.157
46.9309	178.168
46.9321	178.179
46.9329	178.189
46.9344	178.2
46.9352	178.211
46.9367	178.222
46.9375	178.232
46.939	178.243
46.9401	178.254
46.9415	178.265
46.9427	178.275
46.9441	178.286
47.0019	178.297
47.0033	178.308
47.0044	178.318
47.0059	178.329
47.0067	178.34
47.0082	178.351
47.0093	178.361
47.0107	178.372
47.0116	178.383
47.013	178.394
47.0142	178.404
47.0156	178.415
47.0165	178.426
47.0179	178.437
47.019	178.447
47.0205	178.458
47.0213	178.469
47.0228	178.479
47.0239	178.49
47.0253	178.501
47.0262	178.512
47.0276	178.522
47.0288	178.533
47.0302	178.544
47.0311	178.555
47.0325	178.565
47.0337	178.576
47.0351	178.587
47.036	178.598
47.0374	178.608
47.0385	178.619
47.0394	178.63
47.0408	178.641
47.0417	178.651
47.0429	178.662
47.0437	178.673
47.0452	178.684
47.0466	178.694
47.0475	178.705
47.0489	178.716
47.0498	178.727
47.0509	178.737
47.0523	178.748
47.0532	178.759
47.0541	178.77
47.0555	178.78
47.0567	178.791
47.0581	178.802
47.059	178.812
47.0604	178.823
47.0613	178.834
47.0624	178.845
47.0633	178.855
47.0647	178.866
47.0656	178.877
47.067	178.888
47.0679	178.898
47.0693	178.909
47.0705	178.92
47.0719	178.931
47.073	178.941
47.0745	178.952
47.133	178.963
47.1344	178.974
47.1356	178.984
47.137	178.995
47.1379	179.006
47.1393	179.017
47.1405	179.027
47.1419	179.038
47.1428	179.049
47.1442	179.06
47.1453	179.07
47.1467	179.081
47.1476	179.092
47.149	179.103
47.1502	179.113
47.1516	179.124
47.1525	179.135
47.1539	179.146
47.1551	179.156
47.1565	179.167
47.1574	179.178
47.1588	179.188
47.1599	179.199
47.1614	179.21
47.1622	179.221
47.1637	179.231
47.1648	179.242
47.1662	179.253
47.1671	179.264
47.1685	179.274
47.1697	179.285
47.1706	179.296
47.172	179.307
47.1729	179.317
47.174	179.328
47.1749	179.339
47.1763	179.35
47.1777	179.36
47.1786	179.371
47.18	179.382
47.1809	179.393
47.1821	179.403
47.1835	179.414
47.1844	179.425
47.1852	179.436
47.1867	179.446
47.1878	179.457
47.1892	179.468
47.1901	179.479
47.1915	179.489
47.1924	179.5
47.1936	179.511
47.1944	179.521
47.1959	179.532
47.1967	179.543
47.1982	179.554
47.199	179.564
47.2005	179.575
47.2016	179.586
47.203	179.597
47.2042	179.607
47.2056	179.618
47.265	179.629
47.2664	179.64
47.2675	179.65
47.269	179.661
47.2698	179.672
47.2713	179.683
47.2724	179.693
47.2738	179.704
47.2747	179.715
47.2761	179.726
47.2773	179.736
47.2787	179.747
47.2796	179.758
47.281	179.769
47.2822	179.779
47.2836	179.79
47.2845	179.801
47.2859	179.812
47.287	179.822
47.2884	179.833
47.2893	179.844
47.2907	179.854
47.2919	179.865
47.2933	179.876
47.2942	179.887
47.2956	179.897
47.2968	179.908
47.2982	179.919
47.2991	179.93
47.3005	179.94
47.3016	179.951
47.3025	179.962
47.3039	179.973
47.3048	179.983
47.306	179.994
47.3068	180.005
47.3083	180.016
47.3097	180.026
47.3106	180.037
47.312	180.048
47.3129	180.059
47.314	180.069
47.3154	180.08
47.3163	180.091
47.3172	180.102
47.3186	180.112
47.3198	180.123
47.3212	180.134
47.3221	180.145
47.3235	180.155
47.3244	180.166
47.3255	180.177
47.3264	180.188
47.3278	180.198
47.3287	180.209
47.3301	180.22
47.331	180.23
47.3324	180.241
47.3336	180.252
47.335	180.263
47.3361	180.273
47.3376	180.284
47.3961	180.295
47.3975	180.306
47.3987	180.316
47.4001	180.327
47.401	180.338
47.4024	180.349
47.4036	180.359
47.405	180.37
47.4059	180.381
47.4073	180.392
47.4084	180.402
47.4099	180.413
47.4107	180.424
47.4122	180.435
47.4133	180.445
47.4147	180.456
47.4156	180.467
47.417	180.478
47.4182	180.488
47.4196	180.499
47.4205	180.51
47.4219	180.521
47.4231	180.531
47.4245	180.542
47.4254	180.553
47.4268	180.563
47.4279	180.574
47.4293	180.585
47.4302	180.596
47.4316	180.606
47.4328	180.617
47.4337	180.628
47.4351	180.639
47.436	180.649
47.4371	180.66
47.438	180.671
47.4394	180.682
47.4408	180.692
47.4417	180.703
47.4431	180.714
47.444	180.725
47.4452	180.735
47.4466	180.746
47.4475	180.757
47.4483	180.768
47.4498	180.778
47.4509	180.789
47.4523	180.8
47.4532	180.811
47.4546	180.821
47.4555	180.832
47.4567	180.843
47.4575	180.854
47.459	180.864
47.4598	180.875
47.4613	180.886
47.4621	180.896
47.4636	180.907
47.4647	180.918
47.4661	180.929
47.4673	180.939
47.4687	180.95
47.5281	180.961
47.5295	180.972
47.5306	180.982
47.5321	180.993
47.5329	181.004
47.5344	181.015
47.5355	181.025
47.5369	181.036
47.5378	181.047
47.5392	181.058
47.5404	181.068
47.5418	181.079
47.5427	181.09
47.5441	181.101
47.5453	181.111
47.5467	181.122
47.5476	181.133
47.549	181.144
47.5501	181.154
47.5516	181.165
47.5524	181.176
47.5539	181.187
47.555	181.197
47.5564	181.208
47.5573	181.219
47.5587	181.229
47.5599	181.24
47.5613	181.251
47.5622	181.262
47.5636	181.272
47.5648	181.283
47.5656	181.294
47.567	181.305
47.5679	181.315
47.5691	181.326
47.57	181.337
47.5714	181.348
47.5728	181.358
47.5737	181.369
47.5751	181.38
47.576	181.391
47.5771	181.401
47.5785	181.412
47.5794	181.423
47.5803	181.434
47.5817	181.444
47.5829	181.455
47.5843	181.466
47.5852	181.477
47.5866	181.487
47.5875	181.498
47.5886	181.509
47.5895	181.52
47.5909	181.53
47.5918	181.541
47.5932	181.552
47.5941	181.562
47.5955	181.573
47.5967	181.584
47.5981	181.595
47.5992	181.605
47.6007	181.616
47.6608	181.627
47.6622	181.638
47.6634	181.648
47.6648	181.659
47.6657	181.67
47.6671	181.681
47.6683	181.691
47.6697	181.702
47.6706	181.713
47.672	181.724
47.6731	181.734
47.6746	181.745
47.6754	181.756
47.6769	181.767
47.678	181.777
47.6794	181.788
47.6803	181.799
47.6817	181.81
47.6829	181.82
47.6843	181.831
47.6852	181.842
47.6866	181.853
47.6878	181.863
47.6892	181.874
47.6901	181.885
47.6915	181.896
47.6926	181.906
47.6941	181.917
47.6949	181.928
47.6964	181.938
47.6975	181.949
47.6984	181.96
47.6998	181.971
47.7007	181.981
47.7018	181.992
47.7027	182.003
47.7041	182.014
47.7056	182.024
47.7064	182.035
47.7079	182.046
47.7087	182.057
47.7099	182.067
47.7113	182.078
47.7122	182.089
47.7131	182.1
47.7145	182.11
47.7156	182.121
47.7171	182.132
47.7179	182.143
47.7194	182.153
47.7202	182.164
47.7214	182.175
47.7223	182.186
47.7237	182.196
47.7246	182.207
47.726	182.218
47.7269	182.229
47.7283	182.239
47.7294	182.25
47.7309	182.261
47.732	182.271
47.7334	182.282
47.7944	182.293
47.7958	182.304
47.797	182.314
47.7984	182.325
47.7993	182.336
47.8007	182.347
47.8018	182.357
47.8032	182.368
47.8041	182.379
47.8055	182.39
47.8067	182.4
47.8081	182.411
47.809	182.422
47.8104	182.433
47.8116	182.443
47.813	182.454
47.8139	182.465
47.8153	182.476
47.8164	182.486
47.8179	182.497
47.8187	182.508
47.8202	182.519
47.8213	182.529
47.8227	182.54
47.8236	182.551
47.825	182.562
47.8262	182.572
47.8276	182.583
47.8285	182.594
47.8299	182.604
47.8311	182.615
47.8319	182.626
47.8334	182.637
47.8342	182.647
47.8354	182.658
47.8363	182.669
47.8377	182.68
47.8391	182.69
47.84	182.701
47.8414	182.712
47.8423	182.723
47.8434	182.733
47.8449	182.744
47.8457	182.755
47.8466	182.766
47.848	182.776
47.8492	182.787
47.8506	182.798
47.8515	182.809
47.8529	182.819
47.8538	182.83
47.8549	182.841
47.8558	182.852
47.8572	182.862
47.8581	182.873
47.8595	182.884
47.8604	182.895
47.8618	182.905
47.863	182.916
47.8644	182.927
47.8656	182.938
47.867	182.948
47.9271	182.959
47.9286	182.97
47.9297	182.98
47.9311	182.991
47.932	183.002
47.9334	183.013
47.9346	183.023
47.936	183.034
47.9369	183.045
47.9383	183.056
47.9395	183.066
47.9409	183.077
47.9418	183.088
47.9432	183.099
47.9443	183.109
47.9457	183.12
47.9466	183.131
47.948	183.142
47.9492	183.152
47.9506	183.163
47.9515	183.174
47.9529	183.185
47.9541	183.195
47.9555	183.206
47.9564	183.217
47.9578	183.228
47.9589	183.238
47.9604	183.249
47.9612	183.26
47.9627	183.271
47.9638	183.281
47.9647	183.292
47.9661	183.303
47.967	183.313
47.9681	183.324
47.969	183.335
47.9704	183.346
47.9719	183.356
47.9727	183.367
47.9742	183.378
47.975	183.389
47.9762	183.399
47.9776	183.41
47.9785	183.421
47.9794	183.432
47.9808	183.442
47.9819	183.453
47.9834	183.464
47.9842	183.475
47.9857	183.485
47.9865	183.496
47.9877	183.507
47.9886	183.518
47.99	183.528
47.9909	183.539
47.9923	183.55
47.9932	183.561
47.9946	183.571
47.9957	183.582
47.9972	183.593
47.9983	183.604
47.9997	183.614
48.0607	183.625
48.0621	183.636
48.0633	183.646
48.0647	183.657
48.0656	183.668
48.067	183.679
48.0681	183.689
48.0696	183.7
48.0704	183.711
48.0719	183.722
48.073	183.732
48.0744	183.743
48.0753	183.754
48.0767	183.765
48.0779	183.775
48.0793	183.786
48.0802	183.797
48.0816	183.808
48.0828	183.818
48.0842	183.829
48.0851	183.84
48.0865	183.851
48.0876	183.861
48.0891	183.872
48.0899	183.883
48.0914	183.894
48.0925	183.904
48.0939	183.915
48.0948	183.926
48.0962	183.937
48.0974	183.947
48.0983	183.958
48.0997	183.969
48.1005	183.979
48.1017	183.99
48.1026	184.001
48.104	184.012
48.1054	184.022
48.1063	184.033
48.1077	184.044
48.1086	184.055
48.1097	184.065
48.1112	184.076
48.112	184.087
48.1129	184.098
48.1143	184.108
48.1155	184.119
48.1169	184.13
48.1178	184.141
48.1192	184.151
48.1201	184.162
48.1212	184.173
48.1221	184.184
48.1235	184.194
48.1244	184.205
48.1258	184.216
48.1267	184.227
48.1281	184.237
48.1293	184.248
48.1307	184.259
48.1319	184.27
48.1333	184.28
48.1951	184.291
48.1965	184.302
48.1976	184.312
48.199	184.323
48.1999	184.334
48.2013	184.345
48.2025	184.355
48.2039	184.366
48.2048	184.377
48.2062	184.388
48.2074	184.398
48.2088	184.409
48.2097	184.42
48.2111	184.431
48.2122	184.441
48.2137	184.452
48.2145	184.463
48.216	184.474
48.2171	184.484
48.2185	184.495
48.2194	184.506
48.2208	184.517
48.222	184.527
48.2234	184.538
48.2243	184.549
48.2257	184.56
48.2269	184.57
48.2283	184.581
48.2292	184.592
48.2306	184.603
48.2317	184.613
48.2326	184.624
48.234	184.635
48.2349	184.646
48.2361	184.656
48.2369	184.667
48.2384	184.678
48.2398	184.688
48.2407	184.699
48.2421	184.71
48.243	184.721
48.2441	184.731
48.2455	184.742
48.2464	184.753
48.2473	184.764
48.2487	184.774
48.2499	184.785
48.2513	184.796
48.2522	184.807
48.2536	184.817
48.2545	184.828
48.2556	184.839
48.2565	184.85
48.2579	184.86
48.2588	184.871
48.2602	184.882
48.2611	184.893
48.2625	184.903
48.2637	184.914
48.2651	184.925
48.2662	184.936
48.2693	184.946
48.3302	184.957
48.3316	184.968
48.3328	184.979
48.3342	184.989
48.3351	185
48.3365	185.011
48.3377	185.021
48.3391	185.032
48.34	185.043
48.3414	185.054
48.3425	185.064
48.3439	185.075
48.3448	185.086
48.3462	185.097
48.3474	185.107
48.3488	185.118
48.3497	185.129
48.3511	185.14
48.3523	185.15
48.3537	185.161
48.3546	185.172
48.356	185.183
48.3571	185.193
48.3586	185.204
48.3594	185.215
48.3609	185.226
48.362	185.236
48.3634	185.247
48.3643	185.258
48.3657	185.269
48.3669	185.279
48.3678	185.29
48.3692	185.301
48.3701	185.312
48.3712	185.322
48.3721	185.333
48.3735	185.344
48.3749	185.354
48.3758	185.365
48.3772	185.376
48.3781	185.387
48.3793	185.397
48.3807	185.408
48.3816	185.419
48.3824	185.43
48.3839	185.44
48.385	185.451
48.3864	185.462
48.3873	185.473
48.3887	185.483
48.3896	185.494
48.3908	185.505
48.3916	185.516
48.3931	185.526
48.3939	185.537
48.3954	185.548
48.3962	185.559
48.3977	185.569
48.3988	185.58
48.4002	185.591
48.403	185.602
48.4052	185.612
48.4646	185.623
48.466	185.634
48.4671	185.645
48.4686	185.655
48.4694	185.666
48.4709	185.677
48.472	185.688
48.4734	185.698
48.4743	185.709
48.4757	185.72
48.4769	185.73
48.4783	185.741
48.4792	185.752
48.4806	185.763
48.4818	185.773
48.4832	185.784
48.4841	185.795
48.4855	185.806
48.4866	185.816
48.4881	185.827
48.4889	185.838
48.4904	185.849
48.4915	185.859
48.4929	185.87
48.4938	185.881
48.4952	185.892
48.4964	185.902
48.4978	185.913
48.4987	185.924
48.5001	185.935
48.5012	185.945
48.5021	185.956
48.5035	185.967
48.5044	185.978
48.5056	185.988
48.5064	185.999
48.5079	186.01
48.5093	186.021
48.5102	186.031
48.5116	186.042
48.5125	186.053
48.5136	186.063
48.515	186.074
48.5159	186.085
48.5168	186.096
48.5182	186.106
48.5194	186.117
48.5208	186.128
48.5217	186.139
48.5231	186.149
48.524	186.159
48.5251	186.169
48.526	186.179
48.5274	186.188
48.5283	186.198
48.5297	186.208
48.5306	186.218
48.532	186.228
48.5332	186.237
48.5362	186.247
48.5389	186.257
48.5412	186.267
48.5997	186.276
48.6011	186.286
48.6023	186.296
48.6037	186.306
48.6046	186.315
48.606	186.325
48.6072	186.335
48.6086	186.345
48.6095	186.354
48.6109	186.364
48.612	186.374
48.6135	186.384
48.6143	186.394
48.6158	186.403
48.6169	186.413
48.6183	186.423
48.6192	186.433
48.6206	186.442
48.6218	186.452
48.6232	186.462
48.6241	186.472
48.6255	186.481
48.6267	186.491
48.6281	186.501
48.629	186.511
48.6304	186.521
48.6315	186.53
48.633	186.54
48.6338	186.55
48.6353	186.56
48.6364	186.569
48.6373	186.579
48.6387	186.589
48.6396	186.599
48.6407	186.608
48.6416	186.618
48.643	186.628
48.6445	186.638
48.6453	186.647
48.6468	186.657
48.6476	186.667
48.6488	186.677
48.6502	186.687
48.6511	186.696
48.652	186.706
48.6534	186.716
48.6545	186.726
48.656	186.735
48.6568	186.745
48.6583	186.755
48.6591	186.765
48.6603	186.774
48.6612	186.784
48.6626	186.794
48.6635	186.804
48.6649	186.813
48.6658	186.823
48.6688	186.833
48.6699	186.843
48.673	186.853
48.6757	186.862
48.6779	186.872
48.7357	186.882
48.7371	186.892
48.7383	186.901
48.7397	186.911
48.7406	186.921
48.742	186.931
48.7431	186.94
48.7446	186.95
48.7454	186.96
48.7469	186.97
48.748	186.979
48.7494	186.989
48.7503	186.999
48.7517	187.009
48.7529	187.019
48.7543	187.028
48.7552	187.038
48.7566	187.048
48.7577	187.058
48.7592	187.067
48.76	187.077
48.7615	187.087
48.7626	187.097
48.764	187.106
48.7649	187.116
48.7663	187.126
48.7675	187.136
48.7689	187.146
48.7698	187.155
48.7712	187.165
48.7724	187.175
48.7732	187.185
48.7747	187.194
48.7755	187.204
48.7767	187.214
48.7776	187.224
48.779	187.233
48.7804	187.243
48.7813	187.253
48.7827	187.263
48.7836	187.272
48.7847	187.282
48.7862	187.292
48.787	187.302
48.7879	187.312
48.7893	187.321
48.7905	187.331
48.7919	187.341
48.7928	187.351
48.7942	187.36
48.7951	187.37
48.7962	187.38
48.7971	187.39
48.7985	187.399
48.7994	187.409
48.8024	187.419
48.8033	187.429
48.8063	187.438
48.8075	187.448
48.8105	187.458
48.8117	187.468
48.8147	187.478
48.8724	187.487
48.8739	187.497
48.875	187.507
48.8764	187.517
48.8773	187.526
48.8787	187.536
48.8799	187.546
48.8813	187.556
48.8822	187.565
48.8836	187.575
48.8848	187.585
48.8862	187.595
48.8871	187.604
48.8885	187.614
48.8896	187.624
48.8911	187.634
48.8919	187.644
48.8934	187.653
48.8945	187.663
48.8959	187.673
48.8968	187.683
48.8982	187.692
48.8994	187.702
48.9008	187.712
48.9017	187.722
48.9031	187.731
48.9043	187.741
48.9057	187.751
48.9066	187.761
48.908	187.771
48.9091	187.78
48.91	187.79
48.9114	187.8
48.9123	187.81
48.9135	187.819
48.9143	187.829
48.9158	187.839
48.9172	187.849
48.9181	187.858
48.9195	187.868
48.9204	187.878
48.9215	187.888
48.9229	187.897
48.9238	187.907
48.9247	187.917
48.9261	187.927
48.9272	187.937
48.9287	187.946
48.9295	187.956
48.931	187.966
48.9318	187.976
48.933	187.985
48.9355	187.995
48.9369	188.005
48.9394	188.015
48.9408	188.024
48.9417	188.034
48.9447	188.044
48.9459	188.054
48.9473	188.063
48.95	188.073
48.9531	188.083
49.0084	188.093
49.0098	188.103
49.011	188.112
49.0124	188.122
49.0133	188.132
49.0147	188.142
49.0158	188.151
49.0173	188.161
49.0181	188.171
49.0196	188.181
49.0207	188.19
49.0221	188.2
49.023	188.21
49.0244	188.22
49.0256	188.229
49.027	188.239
49.0279	188.249
49.0293	188.259
49.0305	188.269
49.0319	188.278
49.0328	188.288
49.0342	188.298
49.0353	188.308
49.0368	188.317
49.0376	188.327
49.0391	188.337
49.0402	188.347
49.0416	188.356
49.0425	188.366
49.0439	188.376
49.0451	188.386
49.046	188.396
49.0474	188.405
49.0483	188.415
49.0494	188.425
49.0503	188.435
49.0517	188.444
49.0531	188.454
49.054	188.464
49.0554	188.474
49.0563	188.483
49.0575	188.493
49.0589	188.503
49.0598	188.513
49.0606	188.522
49.0621	188.532
49.0632	188.542
49.0646	188.552
49.0655	188.562
49.0677	188.571
49.0694	188.581
49.0722	188.591
49.073	188.601
49.0745	188.61
49.0753	188.62
49.0784	188.63
49.0792	188.64
49.0807	188.649
49.0834	188.659
49.0856	188.669
49.0876	188.679
49.0906	188.688
49.1452	188.698
49.1466	188.708
49.1477	188.718
49.1492	188.728
49.15	188.737
49.1515	188.747
49.1526	188.757
49.154	188.767
49.1549	188.776
49.1563	188.786
49.1575	188.796
49.1589	188.806
49.1598	188.815
49.1612	188.825
49.1624	188.835
49.1638	188.845
49.1647	188.854
49.1661	188.864
49.1672	188.874
49.1687	188.884
49.1695	188.894
49.171	188.903
49.1721	188.913
49.1735	188.923
49.1744	188.933
49.1758	188.942
49.177	188.952
49.1784	188.962
49.1793	188.972
49.1807	188.981
49.1818	188.991
49.1827	189.001
49.1841	189.011
49.185	189.021
49.1862	189.03
49.187	189.04
49.1885	189.05
49.1899	189.06
49.1908	189.069
49.1922	189.079
49.1931	189.089
49.1942	189.099
49.1956	189.108
49.1965	189.118
49.1974	189.128
49.1988	189.138
49.2016	189.147
49.203	189.157
49.2055	189.167
49.2069	189.177
49.2078	189.187
49.2097	189.196
49.2114	189.206
49.2128	189.216
49.2137	189.226
49.2159	189.235
49.2176	189.245
49.2206	189.255
49.2218	189.265
49.2232	189.274
49.226	189.284
49.229	189.294
49.2827	189.304
49.2841	189.313
49.2853	189.323
49.2867	189.333
49.2876	189.343
49.289	189.353
49.2902	189.362
49.2916	189.372
49.2925	189.382
49.2939	189.392
49.295	189.401
49.2965	189.411
49.2973	189.421
49.2988	189.431
49.2999	189.44
49.3013	189.45
49.3022	189.46
49.3036	189.47
49.3048	189.479
49.3062	189.489
49.3071	189.499
49.3085	189.509
49.3097	189.519
49.3111	189.528
49.312	189.538
49.3134	189.548
49.3145	189.558
49.316	189.567
49.3168	189.577
49.3183	189.587
49.3194	189.597
49.3203	189.606
49.3217	189.616
49.3226	189.626
49.3237	189.636
49.3246	189.646
49.326	189.655
49.3275	189.665
49.3283	189.675
49.3298	189.685
49.3306	189.694
49.3318	189.704
49.3332	189.714
49.3357	189.724
49.3366	189.733
49.338	189.743
49.3407	189.753
49.3422	189.763
49.343	189.772
49.3461	189.782
49.3469	189.792
49.3481	189.802
49.349	189.812
49.352	189.821
49.3529	189.831
49.3559	189.841
49.3568	189.851
49.3582	189.86
49.3609	189.87
49.3624	189.88
49.3651	189.89
49.3673	189.899
49.4211	189.909
49.4225	189.919
49.4237	189.929
49.4251	189.938
49.426	189.948
49.4274	189.958
49.4285	189.968
49.43	189.978
49.4308	189.987
49.4323	189.997
49.4334	190.007
49.4348	190.017
49.4357	190.026
49.4371	190.036
49.4383	190.046
49.4397	190.056
49.4406	190.065
49.442	190.075
49.4432	190.085
49.4446	190.095
49.4455	190.104
49.4469	190.114
49.448	190.124
49.4494	190.134
49.4503	190.144
49.4517	190.153
49.4529	190.163
49.4543	190.173
49.4552	190.183
49.4566	190.192
49.4578	190.202
49.4586	190.212
49.4601	190.222
49.4609	190.231
49.4621	190.241
49.463	190.251
49.4644	190.261
49.4658	190.271
49.4667	190.28
49.4681	190.29
49.4706	190.3
49.4717	190.31
49.4748	190.319
49.4756	190.329
49.4765	190.339
49.4796	190.349
49.4807	190.358
49.4821	190.368
49.483	190.378
49.4844	190.388
49.4869	190.397
49.4881	190.407
49.4905	190.417
49.492	190.427
49.4928	190.437
49.4943	190.446
49.4967	190.456
49.4982	190.466
49.5009	190.476
49.5023	190.485
49.5051	190.495
49.5073	190.505
49.5587	190.515
49.5601	190.524
49.5612	190.534
49.5626	190.544
49.5635	190.554
49.5649	190.563
49.5661	190.573
49.5675	190.583
49.5684	190.593
49.5698	190.603
49.571	190.612
49.5724	190.622
49.5733	190.632
49.5747	190.642
49.5758	190.651
49.5773	190.661
49.5781	190.671
49.5796	190.681
49.5807	190.69
49.5821	190.7
49.583	190.71
49.5844	190.72
49.5856	190.729
49.587	190.739
49.5879	190.749
49.5893	190.759
49.5905	190.769
49.5919	190.778
49.5928	190.788
49.5942	190.798
49.5953	190.808
49.5962	190.817
49.5976	190.827
49.5985	190.837
49.5997	190.847
49.6005	190.856
49.602	190.866
49.605	190.876
49.6059	190.886
49.6089	190.896
49.6098	190.905
49.6109	190.915
49.6139	190.925
49.6148	190.935
49.6157	190.944
49.6171	190.954
49.6183	190.964
49.6213	190.974
49.6222	190.983
49.6244	190.993
49.6261	191.003
49.6272	191.013
49.6281	191.022
49.6295	191.032
49.632	191.042
49.6334	191.052
49.6359	191.062
49.6373	191.071
49.6401	191.081
49.6423	191.091
49.6458	191.101
49.6481	191.11
49.6962	191.12
49.6976	191.13
49.6988	191.14
49.7002	191.149
49.7011	191.159
49.7025	191.169
49.7037	191.179
49.7051	191.188
49.706	191.198
49.7074	191.208
49.7085	191.218
49.71	191.228
49.7108	191.237
49.7123	191.247
49.7134	191.257
49.7148	191.267
49.7157	191.276
49.7171	191.286
49.7183	191.296
49.7197	191.306
49.7206	191.315
49.722	191.325
49.7231	191.335
49.7246	191.345
49.7254	191.354
49.7269	191.364
49.728	191.374
49.7294	191.384
49.7303	191.394
49.7317	191.403
49.7329	191.413
49.7338	191.423
49.7352	191.433
49.7369	191.442
49.7396	191.452
49.7405	191.462
49.7435	191.472
49.7449	191.481
49.7458	191.491
49.7488	191.501
49.7497	191.511
49.7509	191.521
49.7523	191.53
49.7532	191.54
49.7557	191.55
49.7571	191.56
49.7598	191.569
49.7613	191.579
49.7621	191.589
49.7636	191.599
49.7644	191.608
49.7672	191.618
49.7681	191.628
49.7711	191.638
49.772	191.647
49.7734	191.657
49.7767	191.667
49.7789	191.677
49.7808	191.687
49.7839	191.696
49.7866	191.706
49.7888	191.716
49.8346	191.726
49.836	191.735
49.8371	191.745
49.8386	191.755
49.8394	191.765
49.8409	191.774
49.842	191.784
49.8434	191.794
49.8443	191.804
49.8457	191.813
49.8469	191.823
49.8483	191.833
49.8492	191.843
49.8506	191.853
49.8518	191.862
49.8532	191.872
49.8541	191.882
49.8555	191.892
49.8566	191.901
49.8581	191.911
49.8589	191.921
49.8604	191.931
49.8615	191.94
49.8629	191.95
49.8638	191.96
49.8652	191.97
49.8664	191.979
49.8678	191.989
49.8687	191.999
49.8701	192.009
49.8729	192.019
49.8753	192.028
49.8776	192.038
49.8792	192.048
49.8804	192.058
49.8813	192.067
49.8843	192.077
49.8857	192.087
49.8866	192.097
49.888	192.106
49.8889	192.116
49.8916	192.126
49.8931	192.136
49.8955	192.146
49.8964	192.155
49.8978	192.165
49.899	192.175
49.9004	192.185
49.9029	192.194
49.9043	192.204
49.9068	192.214
49.9079	192.224
49.9088	192.233
49.9118	192.243
49.9135	192.253
49.9158	192.263
49.9182	192.272
49.9197	192.282
49.9224	192.292
49.9254	192.302
49.9282	192.312
49.9304	192.321
49.9737	192.331
49.9752	192.341
49.9763	192.351
49.9777	192.36
49.9786	192.37
49.98	192.38
49.9812	192.39
49.9826	192.399
49.9835	192.409
49.9849	192.419
49.9861	192.429
49.9875	192.438
49.9884	192.448
49.9898	192.458
49.9909	192.468
49.9924	192.478
49.9932	192.487
49.9947	192.497
49.9958	192.507
49.9972	192.517
49.9981	192.526
49.9995	192.536
