1.1009	96.1562
1.10251	97.5703
1.10411	98.9844
1.10571	100.398
1.10731	101.812
1.10891	103.227
1.11052	104.641
1.11212	106.055
1.11372	107.469
1.11532	108.883
1.11693	110.297
1.11853	111.711
1.12013	113.125
1.12173	114.539
1.12333	115.953
1.12494	117.367
1.12654	118.781
1.12814	120.195
1.12974	121.609
1.13134	123.023
1.13295	124.438
1.13455	125.852
1.13615	127.266
1.13775	128.68
1.13935	130.094
1.14096	131.508
1.14256	132.922
1.14416	134.336
1.14576	135.75
1.14737	137.164
1.14897	138.578
1.15057	139.992
1.15217	141.406
1.15377	142.82
1.15538	144.234
1.15698	145.648
1.15858	147.062
1.16018	148.477
1.16178	149.891
1.16339	151.305
1.16499	152.719
1.16659	154.133
1.16819	155.547
1.1698	156.961
1.1714	158.375
1.173	159.789
1.1746	161.203
1.1762	162.617
1.17781	164.031
1.17941	165.445
1.18101	166.859
1.18261	168.273
1.18421	169.688
1.18582	171.102
1.18742	172.516
1.18902	173.93
1.19062	175.344
1.19223	176.758
1.19383	178.172
1.19543	179.586
1.19703	181
1.19863	182.414
1.20024	183.828
1.20184	185.242
1.20344	186.656
1.20504	188.07
1.20664	189.484
1.20825	190.898
1.20985	192.312
1.21099	193.727
1.21241	195.141
1.21334	196.555
1.21494	197.969
1.21586	199.383
1.21729	200.797
1.21821	202.211
1.21981	203.625
1.22074	205.039
1.22216	206.453
1.22308	207.867
1.22468	209.281
1.22561	210.695
1.22703	212.109
1.22795	213.523
1.22956	214.938
1.23048	216.352
1.2319	217.766
1.23283	219.18
1.23443	220.594
1.23535	222.008
1.23678	223.422
1.2377	224.836
1.2393	226.25
1.24023	227.664
1.24165	229.078
1.24257	230.492
1.24417	231.906
1.2451	233.32
1.24652	234.734
1.24744	236.148
1.24905	237.562
1.24997	238.977
1.25139	240.391
1.25232	241.805
1.25392	243.219
1.25484	244.633
1.25627	246.047
1.25719	247.461
1.25879	248.875
1.25972	250.289
1.26114	251.703
1.26206	253.117
1.26349	254.531
1.26509	255.945
1.26601	257.359
1.26693	258.773
1.26836	260.188
1.26996	261.602
1.27088	263.016
1.27181	264.43
1.27323	265.844
1.27483	267.258
1.27576	268.672
1.27668	270.086
1.2781	271.5
1.2797	272.914
1.28144	125.914
1.28224	123.859
1.28286	123.304
1.28366	122.579
1.28481	121.554
1.28543	120.997
1.28623	120.272
1.28658	119.973
1.28738	119.248
1.28801	118.691
1.28881	117.967
1.28968	117.198
1.29031	116.642
1.29111	115.917
1.29146	115.617
1.29226	114.893
1.29368	113.611
1.29456	112.843
1.29518	112.286
1.29598	111.562
1.29633	111.262
1.29713	110.537
1.29855	109.256
1.29943	108.487
1.30005	107.931
1.30085	107.206
1.3012	106.905
1.302	106.181
1.30342	104.9
1.3043	104.132
1.30492	103.575
1.30572	102.851
1.30607	102.55
1.30687	101.825
1.3083	100.545
1.30917	99.7754
1.3098	99.2197
1.3106	98.4951
1.31095	98.1943
1.31175	97.4697
1.31317	96.1885
1.31405	95.4199
1.31467	94.8643
1.31547	94.1396
1.31662	93.1143
1.31804	91.833
1.31812	91.7891
1.31892	91.0645
1.31954	89.2812
1.32034	87.8672
1.32069	87.2812
1.32149	85.8672
1.32211	84.7812
1.32291	83.3672
1.32299	83.2812
1.32379	81.8672
1.32441	80.7812
1.32521	79.3672
1.32556	78.7812
1.32636	77.3672
1.32699	76.2812
1.32779	74.8672
1.32786	74.7812
1.32866	73.3672
1.32929	72.2812
1.33009	70.8672
1.33044	70.2812
1.33124	68.8672
1.33186	67.7812
1.33266	66.3672
1.33274	66.2812
1.33354	64.8672
1.33416	63.7812
1.33496	62.3672
1.33531	62.25
1.33611	61.7812
1.33896	60.6953
1.33983	59.6094
1.34098	59.5234
1.3424	58.9375
1.34383	57.8516
1.3447	56.7656
1.34585	56.6797
1.34728	56.0938
1.3487	55.0078
1.34958	53.9219
1.35073	53.8359
1.35215	53.25
1.35277	51.8359
1.35289	62.25
1.35289	62.2812
1.38315	62.3125
1.38475	62.3438
1.38635	62.375
1.38795	62.4062
1.38956	62.4375
1.39116	62.4688
1.39276	62.5
1.39436	62.5312
1.39597	62.5625
1.39757	62.5938
1.39917	62.625
1.40077	62.6562
1.40237	62.6875
1.40398	62.7188
1.40558	62.75
1.40718	62.7812
1.40878	62.8125
1.41038	62.8438
1.41199	62.875
1.41359	62.9062
1.41519	62.9375
1.41679	62.9688
1.4184	63
1.42	63.0312
1.4216	63.0625
1.4232	63.0938
1.4248	63.125
1.42641	63.1562
1.42801	63.1875
1.42961	63.2188
1.43121	63.25
1.43281	63.2812
1.43442	63.3125
1.43602	63.3438
1.43762	63.375
1.43922	63.4062
1.44082	63.4375
1.44243	63.4688
1.44403	63.5
1.44563	63.5312
1.44723	63.5625
1.44884	63.5938
1.45044	63.625
1.45204	63.6562
1.45364	63.6875
1.45524	63.7188
1.45685	63.75
1.45845	63.7812
1.46005	63.8125
1.46165	63.8438
1.46325	63.875
1.46486	63.9062
1.46646	63.9375
1.46806	63.9688
1.46966	64
1.47127	64.0303
1.47287	64.0605
1.47447	64.0908
1.47607	64.1211
1.47767	64.1514
1.47928	64.1816
1.48088	64.2119
1.48248	64.2422
1.48408	64.2725
1.48568	64.3027
1.48729	64.333
1.48889	64.3633
1.49049	64.3936
1.49209	64.4238
1.4937	64.4541
1.4953	64.4844
1.4969	64.5146
1.4985	64.5449
1.5001	64.5752
1.50171	64.6055
1.50331	64.6357
1.50491	64.666
1.50651	64.6963
1.50811	64.7266
1.50972	64.7568
1.51132	64.7871
1.51292	64.8174
1.51452	64.8477
1.51613	64.8779
1.51773	64.9082
1.51933	64.9385
1.52093	64.9688
1.52253	64.999
1.52414	65.0293
1.52574	65.0596
1.52734	65.0898
1.52894	65.1201
1.53054	65.1504
1.53215	65.1807
1.53375	65.2109
1.53535	65.2412
1.53695	65.2715
1.53856	65.3018
1.54016	65.332
1.54176	65.3623
1.54336	65.3926
1.54496	65.4229
1.54657	65.4531
1.54817	65.4834
1.54977	65.5137
1.55137	65.5439
1.55297	65.5742
1.55458	65.6045
1.55618	65.6348
1.55778	65.665
1.55938	65.6953
1.56099	65.7256
1.56259	65.7559
1.56419	65.7861
1.56579	65.8164
1.56739	65.8467
1.569	65.877
1.5706	65.9072
1.5722	65.9375
1.5738	65.9678
1.5754	65.998
1.57701	66.0283
1.57861	66.0586
1.58021	66.0879
1.58181	66.1172
1.58341	66.1465
1.58502	66.1758
1.58662	66.2051
1.58822	66.2344
1.58982	66.2637
1.59143	66.293
1.59303	66.3223
1.59463	66.3516
1.59623	66.3809
1.59783	66.4102
1.59944	66.4395
1.60104	66.4688
1.60264	66.498
1.60424	66.5273
1.60584	66.5566
1.60745	66.5859
1.60905	66.6152
1.61065	66.6445
1.61225	66.6738
1.61386	66.7031
1.61546	66.7324
1.61706	66.7617
1.61866	66.791
1.62026	66.8203
1.62187	66.8496
1.62347	66.8789
1.62507	66.9082
1.62667	66.9375
1.62827	66.9668
1.62988	66.9961
1.63148	67.0254
1.63308	67.0547
1.63468	67.084
1.63629	67.1133
1.63789	67.1426
1.63949	67.1719
1.64109	67.2012
1.64269	67.2305
1.6443	67.2598
1.6459	67.2891
1.6475	67.3184
1.6491	67.3477
1.6507	67.377
1.65231	67.4062
1.65391	67.4355
1.65551	67.4648
1.65711	67.4941
1.65872	67.5234
1.66032	67.5527
1.66192	67.582
1.66352	67.6113
1.66512	67.6406
1.66673	67.6699
1.66833	67.6992
1.66993	67.7285
1.67153	67.7578
1.67313	67.7871
1.67474	67.8164
1.67634	67.8457
1.67794	67.875
1.67954	67.9043
1.68115	67.9336
1.68275	67.9629
1.68435	67.9922
1.68595	68.0215
1.68755	68.0508
1.68916	68.0801
1.69076	68.1094
1.69236	68.1387
1.69396	68.168
1.69556	68.1973
1.69717	68.2266
1.69877	68.2559
1.70037	68.2842
1.70197	68.3125
1.70357	68.3408
1.70518	68.3691
1.70678	68.3975
1.70838	68.4258
1.70998	68.4541
1.71159	68.4824
1.71319	68.5107
1.71479	68.5391
1.71639	68.5674
1.71799	68.5957
1.7196	68.624
1.7212	68.6523
1.7228	68.6807
1.7244	68.709
1.726	68.7373
1.72761	68.7656
1.72921	68.7939
1.73081	68.8223
1.73241	68.8506
1.73402	68.8789
1.73562	68.9072
1.73722	68.9355
1.73882	68.9639
1.74042	68.9922
1.74203	69.0205
1.74363	69.0488
1.74523	69.0771
1.74683	69.1055
1.74843	69.1338
1.75004	69.1621
1.75164	69.1904
1.75324	69.2188
1.75484	69.2471
1.75645	69.2754
1.75805	69.3037
1.75965	69.332
1.76125	69.3604
1.76285	69.3887
1.76446	69.417
1.76606	69.4453
1.76766	69.4736
1.76926	69.502
1.77086	69.5303
1.77247	69.5586
1.77407	69.5869
1.77567	69.6152
1.77727	69.6436
1.77888	69.6719
1.78048	69.7002
1.78208	69.7285
1.78368	69.7568
1.78528	69.7852
1.78689	69.8135
1.78849	69.8418
1.79009	69.8701
1.79169	69.8984
1.79329	69.9268
1.7949	69.9551
1.7965	69.9834
1.7981	70.0117
1.7997	70.04
1.80131	70.0684
1.80291	70.0967
1.80451	70.125
1.80611	70.1533
1.80771	70.1816
1.80932	70.21
1.81092	70.2383
1.81252	70.2666
1.81412	70.2949
1.81572	70.3232
1.81733	70.3516
1.81893	70.3799
1.82053	70.4082
1.82213	70.4365
1.82374	70.4648
1.82534	70.4932
1.82694	70.5215
1.82854	70.5498
1.83014	70.5781
1.83175	70.6064
1.83335	70.6338
1.83495	70.6611
1.83655	70.6885
1.83815	70.7158
1.83976	70.7432
1.84136	70.7705
1.84296	70.7979
1.84456	70.8252
1.84616	70.8525
1.84777	70.8799
1.84937	70.9072
1.85097	70.9346
1.85257	70.9619
1.85418	70.9893
1.85578	71.0166
1.85738	71.0439
1.85898	71.0713
1.86058	71.0986
1.86219	71.126
1.86379	71.1533
1.86539	71.1807
1.86699	71.208
1.86859	71.2354
1.8702	71.2627
1.8718	71.29
1.8734	71.3174
1.875	71.3447
1.87661	71.3721
1.87821	71.3994
1.87981	71.4268
1.88141	71.4541
1.88301	71.4814
1.88462	71.5088
1.88622	71.5361
1.88782	71.5635
1.88942	71.5908
1.89102	71.6182
1.89263	71.6455
1.89423	71.6729
1.89583	71.7002
1.89743	71.7275
1.89904	71.7549
1.90064	71.7822
1.90224	71.8096
1.90384	71.8369
1.90544	71.8643
1.90705	71.8916
1.90865	71.9189
1.91025	71.9463
1.91185	71.9736
1.91345	72.001
1.91506	72.0283
1.91666	72.0557
1.91826	72.083
1.91986	72.1104
1.92147	72.1377
1.92307	72.165
1.92467	72.1924
1.92627	72.2197
1.92787	72.2471
1.92948	72.2744
1.93108	72.3018
1.93268	72.3291
1.93428	72.3564
1.93588	72.3838
1.93749	72.4111
1.93909	72.4385
1.94069	72.4658
1.94229	72.4932
1.9439	72.5205
1.9455	72.5479
1.9471	72.5752
1.9487	72.6025
1.9503	72.6299
1.95191	72.6572
1.95351	72.6846
1.95511	72.7119
1.95671	72.7393
1.95831	72.7666
1.95992	72.7939
1.96152	72.8213
1.96312	72.8486
1.96472	72.876
1.96632	72.9033
1.96793	72.9307
1.96953	72.958
1.97113	72.9854
1.97273	73.0127
1.97434	73.04
1.97594	73.0674
1.97754	73.0947
1.97914	73.1221
1.98074	73.1494
1.98235	73.1758
1.98395	73.2021
1.98555	73.2285
1.98715	73.2549
1.98875	73.2812
1.99036	73.3076
1.99196	73.334
1.99356	73.3604
1.99516	73.3867
1.99677	73.4131
1.99837	73.4395
1.99997	73.4658
2.00157	73.4922
2.00317	73.5186
2.00478	73.5449
2.00638	73.5713
2.00798	73.5977
2.00958	73.624
2.01118	73.6504
2.01279	73.6768
2.01439	73.7031
2.01599	73.7295
2.01759	73.7559
2.0192	73.7822
2.0208	73.8086
2.0224	73.835
2.024	73.8613
2.0256	73.8877
2.02721	73.9141
2.02881	73.9404
2.03041	73.9668
2.03201	73.9932
2.03361	74.0195
2.03522	74.0459
2.03682	74.0723
2.03842	74.0986
2.04002	74.125
2.04163	74.1514
2.04323	74.1777
2.04483	74.2041
2.04643	74.2305
2.04803	74.2568
2.04964	74.2832
2.05124	74.3096
2.05284	74.3359
2.05444	74.3623
2.05604	74.3887
2.05765	74.415
2.05925	74.4414
2.06085	74.4678
2.06245	74.4941
2.06406	74.5205
2.06566	74.5469
2.06726	74.5732
2.06886	74.5996
2.07046	74.626
2.07207	74.6523
2.07367	74.6787
2.07527	74.7051
2.07687	74.7314
2.07847	74.7578
2.08008	74.7842
2.08168	74.8105
2.08328	74.8369
2.08488	74.8633
2.08648	74.8896
2.08809	74.916
2.08969	74.9424
2.09129	74.9688
2.09289	74.9951
2.0945	75.0215
2.0961	75.0479
2.0977	75.0742
2.0993	75.1006
2.1009	75.127
2.10251	75.1533
2.10411	75.1797
2.10571	75.2061
2.10731	75.2324
2.10891	75.2588
2.11052	75.2852
2.11212	75.3115
2.11372	75.3379
2.11532	75.3643
2.11693	75.3906
2.11853	75.417
2.12013	75.4434
2.12173	75.4697
2.12333	75.4961
2.12494	75.5225
2.12654	75.5488
2.12814	75.5752
2.12974	75.6016
2.13134	75.6279
2.13295	75.6543
2.13455	75.6807
2.13615	75.707
2.13775	75.7334
2.13936	75.7598
2.14096	75.7861
2.14256	75.8125
2.14416	75.8389
2.14576	75.8643
2.14737	75.8896
2.14897	75.915
2.15057	75.9404
2.15217	75.9658
2.15377	75.9912
2.15538	76.0166
2.15698	76.042
2.15858	76.0674
2.16018	76.0928
2.16179	76.1182
2.16339	76.1436
2.16499	76.1689
2.16659	76.1943
2.16819	76.2197
2.1698	76.2451
2.1714	76.2705
2.173	76.2959
2.1746	76.3213
2.1762	76.3467
2.17781	76.3721
2.17941	76.3975
2.18101	76.4229
2.18261	76.4482
2.18422	76.4736
2.18582	76.499
2.18742	76.5244
2.18902	76.5498
2.19062	76.5752
2.19223	76.6006
2.19383	76.626
2.19543	76.6514
2.19703	76.6768
2.19863	76.7021
2.20024	76.7275
2.20184	76.7529
2.20344	76.7783
2.20504	76.8037
2.20665	76.8291
2.20825	76.8545
2.20985	76.8799
2.21145	76.9053
2.21305	76.9307
2.21466	76.9561
2.21626	76.9814
2.21786	77.0068
2.21946	77.0322
2.22106	77.0576
2.22267	77.083
2.22427	77.1084
2.22587	77.1338
2.22747	77.1592
2.22907	77.1846
2.23068	77.21
2.23228	77.2354
2.23388	77.2607
2.23548	77.2861
2.23709	77.3115
2.23869	77.3369
2.24029	77.3623
2.24189	77.3877
2.24349	77.4131
2.2451	77.4385
2.2467	77.4639
2.2483	77.4893
2.2499	77.5146
2.2515	77.54
2.25311	77.5654
2.25471	77.5908
2.25631	77.6162
2.25791	77.6416
2.25952	77.667
2.26112	77.6924
2.26272	77.7178
2.26432	77.7432
2.26592	77.7686
2.26753	77.7939
2.26913	77.8193
2.27073	77.8447
2.27233	77.8701
2.27393	77.8955
2.27554	77.9209
2.27714	77.9463
2.27874	77.9717
2.28034	77.9971
2.28195	78.0225
2.28355	78.0479
2.28515	78.0732
2.28675	78.0986
2.28835	78.124
2.28996	78.1494
2.29156	78.1748
2.29316	78.2002
2.29476	78.2256
2.29636	78.251
2.29797	78.2764
2.29957	78.3018
2.30117	78.3271
2.30277	78.3525
2.30438	78.3779
2.30598	78.4033
2.30758	78.4287
2.30918	78.4541
2.31078	78.4795
2.31239	78.5049
2.31399	78.5303
2.31559	78.5557
2.31719	78.5811
2.31879	78.6064
2.3204	78.6318
2.322	78.6572
2.3236	78.6826
2.3252	78.708
2.32681	78.7334
2.32841	78.7588
2.33001	78.7832
2.33161	78.8076
2.33321	78.832
2.33482	78.8564
2.33642	78.8809
2.33802	78.9053
2.33962	78.9297
2.34122	78.9541
2.34283	78.9785
2.34443	79.0029
2.34603	79.0273
2.34763	79.0518
2.34923	79.0762
2.35084	79.1006
2.35244	79.125
2.35404	79.1494
2.35564	79.1738
2.35725	79.1982
2.35885	79.2227
2.36045	79.2471
2.36205	79.2715
2.36365	79.2959
2.36526	79.3203
2.36686	79.3447
2.36846	79.3691
2.37006	79.3936
2.37166	79.418
2.37327	79.4424
2.37487	79.4668
2.37647	79.4912
2.37807	79.5156
2.37968	79.54
2.38128	79.5645
2.38288	79.5889
2.38448	79.6133
2.38608	79.6377
2.38769	79.6621
2.38929	79.6865
2.39089	79.7109
2.39249	79.7354
2.39409	79.7598
2.3957	79.7842
2.3973	79.8086
2.3989	79.833
2.4005	79.8574
2.40211	79.8818
2.40371	79.9062
2.40531	79.9307
2.40691	79.9551
2.40851	79.9795
2.41012	80.0039
2.41172	80.0283
2.41332	80.0527
2.41492	80.0771
2.41652	80.1016
2.41813	80.126
2.41973	80.1504
2.42133	80.1748
2.42293	80.1992
2.42454	80.2236
2.42614	80.248
2.42774	80.2725
2.42934	80.2969
2.43094	80.3213
2.43255	80.3457
2.43415	80.3701
2.43575	80.3945
2.43735	80.4189
2.43895	80.4434
2.44056	80.4678
2.44216	80.4922
2.44376	80.5166
2.44536	80.541
2.44697	80.5654
2.44857	80.5898
2.45017	80.6143
2.45177	80.6387
2.45337	80.6631
2.45498	80.6875
2.45658	80.7119
2.45818	80.7363
2.45978	80.7607
2.46138	80.7852
2.46299	80.8096
2.46459	80.834
2.46619	80.8584
2.46779	80.8828
2.4694	80.9072
2.471	80.9316
2.4726	80.9561
2.4742	80.9805
2.4758	81.0049
2.47741	81.0293
2.47901	81.0537
2.48061	81.0781
2.48221	81.1025
2.48381	81.127
2.48542	81.1514
2.48702	81.1758
2.48862	81.2002
2.49022	81.2246
2.49182	81.249
2.49343	81.2734
2.49503	81.2979
2.49663	81.3223
2.49823	81.3467
2.49984	81.3711
2.50144	81.3955
2.50304	81.4199
2.50464	81.4443
2.50624	81.4688
2.50785	81.4932
2.50945	81.5176
2.51105	81.542
2.51265	81.5664
2.51425	81.5908
2.51586	81.6152
2.51746	81.6396
2.51906	81.6641
2.52066	81.6885
2.52227	81.7129
2.52387	81.7373
2.52547	81.7617
2.52707	81.7861
2.52867	81.8105
2.53028	81.835
2.53188	81.8594
2.53348	81.8838
2.53508	81.9082
2.53668	81.9316
2.53829	81.9551
2.53989	81.9785
2.54149	82.002
2.54309	82.0254
2.5447	82.0488
2.5463	82.0723
2.5479	82.0957
2.5495	82.1191
2.5511	82.1426
2.55271	82.166
2.55431	82.1895
2.55591	82.2129
2.55751	82.2363
2.55911	82.2598
2.56072	82.2832
2.56232	82.3066
2.56392	82.3301
2.56552	82.3535
2.56713	82.377
2.56873	82.4004
2.57033	82.4238
2.57193	82.4473
2.57353	82.4707
2.57514	82.4941
2.57674	82.5176
2.57834	82.541
2.57994	82.5645
2.58154	82.5879
2.58315	82.6113
2.58475	82.6348
2.58635	82.6582
2.58795	82.6816
2.58956	82.7051
2.59116	82.7285
2.59276	82.752
2.59436	82.7754
2.59596	82.7988
2.59757	82.8223
2.59917	82.8457
2.60077	82.8691
2.60237	82.8926
2.60397	82.916
2.60558	82.9395
2.60718	82.9629
2.60878	82.9863
2.61038	83.0098
2.61198	83.0332
2.61359	83.0566
2.61519	83.0801
2.61679	83.1035
2.61839	83.127
2.62	83.1504
2.6216	83.1738
2.6232	83.1973
2.6248	83.2207
2.6264	83.2441
2.62801	83.2676
2.62961	83.291
2.63121	83.3145
2.63281	83.3379
2.63441	83.3613
2.63602	83.3848
2.63762	83.4082
2.63922	83.4316
2.64082	83.4551
2.64243	83.4785
2.64403	83.502
2.64563	83.5254
2.64723	83.5488
2.64883	83.5723
2.65044	83.5957
2.65204	83.6191
2.65364	83.6426
2.65524	83.666
2.65684	83.6895
2.65845	83.7129
2.66005	83.7363
2.66165	83.7598
2.66325	83.7832
2.66486	83.8066
2.66646	83.8301
2.66806	83.8535
2.66966	83.877
2.67126	83.9004
2.67287	83.9238
2.67447	83.9473
2.67607	83.9707
2.67767	83.9941
2.67927	84.0176
2.68088	84.041
2.68248	84.0645
2.68408	84.0879
2.68568	84.1113
2.68729	84.1348
2.68889	84.1582
2.69049	84.1816
2.69209	84.2051
2.69369	84.2285
2.6953	84.252
2.6969	84.2754
2.6985	84.2988
2.7001	84.3223
2.7017	84.3457
2.70331	84.3691
2.70491	84.3926
2.70651	84.416
2.70811	84.4395
2.70972	84.4629
2.71132	84.4863
2.71292	84.5098
2.71452	84.5332
2.71612	84.5566
2.71773	84.5801
2.71933	84.6035
2.72093	84.627
2.72253	84.6504
2.72413	84.6738
2.72574	84.6973
2.72734	84.7207
2.72894	84.7441
2.73054	84.7676
2.73214	84.791
2.73375	84.8145
2.73535	84.8379
2.73695	84.8613
2.73855	84.8848
2.74016	84.9082
2.74176	84.9316
2.74336	84.9551
2.74496	84.9785
2.74656	85.002
2.74817	85.0254
2.74977	85.0488
2.75137	85.0723
2.75297	85.0957
2.75457	85.1191
2.75618	85.1426
2.75778	85.166
2.75938	85.1895
2.76098	85.2129
2.76259	85.2363
2.76419	85.2598
2.76579	85.2832
2.76739	85.3066
2.76899	85.3301
2.7706	85.3525
2.7722	85.375
2.7738	85.3975
2.7754	85.4199
2.777	85.4424
2.77861	85.4648
2.78021	85.4873
2.78181	85.5098
2.78341	85.5322
2.78502	85.5547
2.78662	85.5771
2.78822	85.5996
2.78982	85.6221
2.79142	85.6445
2.79303	85.667
2.79463	85.6895
2.79623	85.7119
2.79783	85.7344
2.79943	85.7568
2.80104	85.7793
2.80264	85.8018
2.80424	85.8242
2.80584	85.8467
2.80745	85.8691
2.80905	85.8916
2.81065	85.9141
2.81225	85.9365
2.81385	85.959
2.81546	85.9814
2.81706	86.0039
2.81866	86.0264
2.82026	86.0488
2.82186	86.0713
2.82347	86.0938
2.82507	86.1162
2.82667	86.1387
2.82827	86.1611
2.82988	86.1836
2.83148	86.2061
2.83308	86.2285
2.83468	86.251
2.83628	86.2734
2.83789	86.2959
2.83949	86.3184
2.84109	86.3408
2.84269	86.3633
2.84429	86.3857
2.8459	86.4082
2.8475	86.4307
2.8491	86.4531
2.8507	86.4756
2.85231	86.498
2.85391	86.5205
2.85551	86.543
2.85711	86.5654
2.85871	86.5879
2.86032	86.6104
2.86192	86.6328
2.86352	86.6553
2.86512	86.6777
2.86672	86.7002
2.86833	86.7227
2.86993	86.7451
2.87153	86.7676
2.87313	86.79
2.87473	86.8125
2.87634	86.835
2.87794	86.8574
2.87954	86.8799
2.88114	86.9023
2.88275	86.9248
2.88435	86.9473
2.88595	86.9697
2.88755	86.9922
2.88915	87.0146
2.89076	87.0371
2.89236	87.0596
2.89396	87.082
2.89556	87.1045
2.89716	87.127
2.89877	87.1494
2.90037	87.1719
2.90197	87.1943
2.90357	87.2168
2.90518	87.2393
2.90678	87.2617
2.90838	87.2842
2.90998	87.3066
2.91158	87.3291
2.91319	87.3516
2.91479	87.374
2.91639	87.3965
2.91799	87.4189
2.91959	87.4414
2.9212	87.4639
2.9228	87.4863
2.9244	87.5088
2.926	87.5312
2.92761	87.5537
2.92921	87.5762
2.93081	87.5986
2.93241	87.6211
2.93401	87.6436
2.93562	87.666
2.93722	87.6885
2.93882	87.7109
2.94042	87.7334
2.94202	87.7559
2.94363	87.7783
2.94523	87.8008
2.94683	87.8232
2.94843	87.8457
2.95004	87.8682
2.95164	87.8906
2.95324	87.9131
2.95484	87.9355
2.95644	87.958
2.95805	87.9805
2.95965	88.0029
2.96125	88.0254
2.96285	88.0479
2.96445	88.0703
2.96606	88.0928
2.96766	88.1152
2.96926	88.1377
2.97086	88.1602
2.97247	88.1826
2.97407	88.2051
2.97567	88.2275
2.97727	88.25
2.97887	88.2725
2.98048	88.2949
2.98208	88.3174
2.98368	88.3398
2.98528	88.3623
2.98688	88.3848
2.98849	88.4072
2.99009	88.4297
2.99169	88.4521
2.99329	88.4746
2.99489	88.4971
2.9965	88.5195
2.9981	88.542
2.9997	88.5645
3.0013	88.5869
3.00291	88.6094
3.00451	88.6318
3.00611	88.6543
3.00771	88.6768
3.00931	88.6992
3.01092	88.7217
3.01252	88.7441
3.01412	88.7666
3.01572	88.7891
3.01732	88.8115
3.01893	88.834
3.02053	88.8564
3.02213	88.8789
3.02373	88.9014
3.02534	88.9238
3.02694	88.9463
3.02854	88.9688
3.03014	88.9912
3.03174	89.0137
3.03335	89.0361
3.03495	89.0576
3.03655	89.0791
3.03815	89.1006
3.03975	89.1221
3.04136	89.1436
3.04296	89.165
3.04456	89.1865
3.04616	89.208
3.04777	89.2295
3.04937	89.251
3.05097	89.2725
3.05257	89.2939
3.05417	89.3154
3.05578	89.3369
3.05738	89.3584
3.05898	89.3799
3.06058	89.4014
3.06218	89.4229
3.06379	89.4443
3.06539	89.4658
3.06699	89.4873
3.06859	89.5088
3.0702	89.5303
3.0718	89.5518
3.0734	89.5732
3.075	89.5947
3.0766	89.6162
3.07821	89.6377
3.07981	89.6592
3.08141	89.6807
3.08301	89.7021
3.08461	89.7236
3.08622	89.7451
3.08782	89.7666
3.08942	89.7881
3.09102	89.8096
3.09263	89.8311
3.09423	89.8525
3.09583	89.874
3.09743	89.8955
3.09903	89.917
3.10064	89.9385
3.10224	89.96
3.10384	89.9814
3.10544	90.0029
3.10704	90.0244
3.10865	90.0459
3.11025	90.0674
3.11185	90.0889
3.11345	90.1104
3.11506	90.1318
3.11666	90.1533
3.11826	90.1748
3.11986	90.1963
3.12146	90.2178
3.12307	90.2393
3.12467	90.2607
3.12627	90.2822
3.12787	90.3037
3.12947	90.3252
3.13108	90.3467
3.13268	90.3682
3.13428	90.3896
3.13588	90.4111
3.13748	90.4326
3.13909	90.4541
3.14069	90.4756
3.14229	90.4971
3.14389	90.5186
3.1455	90.54
3.1471	90.5615
3.1487	90.583
3.1503	90.6045
3.1519	90.626
3.15351	90.6475
3.15511	90.6689
3.15671	90.6904
3.15831	90.7119
3.15991	90.7334
3.16152	90.7549
3.16312	90.7764
3.16472	90.7979
3.16632	90.8193
3.16793	90.8408
3.16953	90.8623
3.17113	90.8838
3.17273	90.9053
3.17433	90.9268
3.17594	90.9482
3.17754	90.9697
3.17914	90.9912
3.18074	91.0127
3.18234	91.0342
3.18395	91.0557
3.18555	91.0771
3.18715	91.0986
3.18875	91.1201
3.19036	91.1416
3.19196	91.1631
3.19356	91.1846
3.19516	91.2061
3.19676	91.2275
3.19837	91.249
3.19997	91.2705
3.20157	91.292
3.20317	91.3135
3.20477	91.335
3.20638	91.3564
3.20798	91.3779
3.20958	91.3994
3.21118	91.4209
3.21279	91.4424
3.21439	91.4639
3.21599	91.4854
3.21759	91.5068
3.21919	91.5283
3.2208	91.5498
3.2224	91.5713
3.224	91.5928
3.2256	91.6143
3.2272	91.6357
3.22881	91.6572
3.23041	91.6787
3.23201	91.7002
3.23361	91.7217
3.23522	91.7432
3.23682	91.7646
3.23842	91.7861
3.24002	91.8076
3.24162	91.8291
3.24323	91.8506
3.24483	91.8721
3.24643	91.8936
3.24803	91.915
3.24963	91.9365
3.25124	91.958
3.25284	91.9795
3.25444	92.001
3.25604	92.0225
3.25764	92.0439
3.25925	92.0654
3.26085	92.0869
3.26245	92.1084
3.26405	92.1299
3.26566	92.1514
3.26726	92.1729
3.26886	92.1943
3.27046	92.2158
3.27206	92.2373
3.27367	92.2588
3.27527	92.2803
3.27687	92.3018
3.27847	92.3232
3.28007	92.3447
3.28168	92.3662
3.28328	92.3877
3.28488	92.4092
3.28648	92.4307
3.28809	92.4521
3.28969	92.4736
3.29129	92.4951
3.29289	92.5166
3.29449	92.5381
3.2961	92.5596
3.2977	92.5811
3.2993	92.6025
3.3009	92.624
3.3025	92.6455
3.30411	92.667
3.30571	92.6885
3.30731	92.71
3.30891	92.7314
3.31052	92.7529
3.31212	92.7744
3.31372	92.7959
3.31532	92.8174
3.31692	92.8389
3.31853	92.8604
3.32013	92.8818
3.32173	92.9033
3.32333	92.9248
3.32493	92.9463
3.32654	92.9678
3.32814	92.9893
3.32974	93.0107
3.33134	93.0322
3.33295	93.0537
3.33455	93.0752
3.33615	93.0957
3.33775	93.1162
3.33935	93.1367
3.34096	93.1572
3.34256	93.1777
3.34416	93.1982
3.34576	93.2188
3.34736	93.2393
3.34897	93.2598
3.35057	93.2803
3.35217	93.3008
3.35377	93.3213
3.35538	93.3418
3.35698	93.3623
3.35858	93.3828
3.36018	93.4033
3.36178	93.4238
3.36339	93.4443
3.36499	93.4648
3.36659	93.4854
3.36819	93.5059
3.36979	93.5264
3.3714	93.5469
3.373	93.5674
3.3746	93.5879
3.3762	93.6084
3.3778	93.6289
3.37941	93.6494
3.38101	93.6699
3.38261	93.6904
3.38421	93.7109
3.38582	93.7314
3.38742	93.752
3.38902	93.7725
3.39062	93.793
3.39222	93.8135
3.39383	93.834
3.39543	93.8545
3.39703	93.875
3.39863	93.8955
3.40104	91.9141
3.40184	90.5
3.40265	89.6689
3.40345	88.9199
3.40425	88.1719
3.40505	87.4229
3.40585	86.6738
3.40665	85.9258
3.40745	85.1768
3.40825	84.4287
3.40905	83.6797
3.40986	82.9307
3.41066	82.1826
3.41146	81.4336
3.41226	80.6855
3.41306	79.9365
3.41386	79.1875
3.41466	78.4395
3.41546	77.6904
3.41626	76.9424
3.41706	76.1934
3.41787	75.4453
3.41867	74.6963
3.41947	73.9473
3.42027	73.1992
3.42107	72.4502
3.42187	71.7021
3.42267	70.9531
3.42347	70.2041
3.42427	69.4561
3.42508	68.707
3.42588	67.959
3.42668	67.21
3.42748	66.4609
3.42828	65.7129
3.42908	64.9639
3.42988	64.2158
3.43068	63.4668
3.43148	62.7188
3.43229	61.9697
3.43309	61.2207
3.43389	60.4727
3.43469	59.7236
3.43549	58.9756
3.43629	58.2266
3.43709	57.4775
3.43789	56.7295
3.43869	55.9805
3.43949	55.2324
3.4403	54.4834
3.4411	53.7344
3.4419	52.9863
3.4427	52.2373
3.4435	51.4893
3.4443	50.7402
3.4451	49.9922
3.4459	49.2432
3.4467	48.4941
3.44751	47.7461
3.44831	46.9971
3.44911	45.25
3.44991	44.4609
3.45311	45.25
3.45311	45.2939
3.45471	45.3379
3.45631	45.3818
3.45791	45.4258
3.45951	45.4697
3.46112	45.5137
3.46272	45.5566
3.46432	45.5996
3.46592	45.6426
3.46752	45.6855
3.46913	45.7285
3.47073	45.7715
3.47911	45.8145
3.48071	45.8574
3.48231	45.9004
3.48392	45.9434
3.48552	45.9863
3.48712	46.0293
3.48872	46.0723
3.49032	46.1152
3.49193	46.1582
3.49353	46.2012
3.49513	46.2441
3.49673	46.2871
3.49834	46.3301
3.49994	46.373
3.50154	46.416
3.50314	46.459
3.50474	46.502
3.50635	46.5449
3.50795	46.5869
3.50955	46.6289
3.51115	46.6709
3.51275	46.7129
3.51436	46.7549
3.51596	46.7969
3.51756	46.8389
3.51916	46.8809
3.52077	46.9229
3.52237	46.9648
3.52397	47.0068
3.52557	47.0488
3.52717	47.0908
3.52878	47.1328
3.53038	47.1748
3.53198	47.2168
3.53358	47.2588
3.53518	47.3008
3.53679	47.3428
3.53839	47.3848
3.53999	47.4268
3.54159	47.4688
3.54319	47.5107
3.5448	47.5527
3.5464	47.5947
3.548	47.6367
3.5496	47.6777
3.55121	47.7188
3.55281	47.7598
3.55441	47.8008
3.55601	47.8418
3.55761	47.8828
3.55922	47.9238
3.56082	47.9648
3.56242	48.0059
3.56402	48.0469
3.56562	48.0879
3.56723	48.1289
3.56883	48.1699
3.57043	48.2109
3.57203	48.252
3.57364	48.293
3.57524	48.334
3.57684	48.375
3.57844	48.416
3.58004	48.457
3.58165	48.498
3.58325	48.5391
3.58485	48.5801
3.58645	48.6211
3.58805	48.6621
3.58966	48.7031
3.59126	48.7441
3.59286	48.7852
3.59446	48.8252
3.59607	48.8652
3.59767	48.9053
3.59927	48.9453
3.60087	48.9854
3.60247	49.0254
3.60408	49.0654
3.60568	49.1055
3.60728	49.1455
3.60888	49.1855
3.61048	49.2256
3.61209	49.2656
3.61369	49.3057
3.61529	49.3457
3.61689	49.3857
3.6185	49.4258
3.6201	49.4658
3.6217	49.5059
3.6233	49.5459
3.6249	49.5859
3.62651	49.626
3.62811	49.666
3.62971	49.7061
3.63131	49.7461
3.63291	49.7861
3.63452	49.8262
3.63612	49.8662
3.63772	49.9062
3.63932	49.9463
3.64093	49.9854
3.64253	50.0244
3.64413	50.0635
3.64573	50.1025
3.64733	50.1416
3.64894	50.1807
3.65054	50.2197
3.65214	50.2588
3.65374	50.2979
3.65534	50.3369
3.65695	50.376
3.65855	50.415
3.66015	50.4541
3.66175	50.4932
3.66335	50.5322
3.66496	50.5713
3.66656	50.6104
3.66816	50.6494
3.66976	50.6885
3.67137	50.7275
3.67297	50.7666
3.67457	50.8057
3.67617	50.8447
3.67777	50.8838
3.67938	50.9229
3.68098	50.9619
3.68258	51.001
3.68418	51.04
3.68578	51.0791
3.68739	51.1182
3.68899	51.1572
3.69059	51.1963
3.69219	51.2344
3.6938	51.2725
3.6954	51.3105
3.697	51.3486
3.6986	51.3867
3.7002	51.4248
3.70181	51.4629
3.70341	51.501
3.70501	51.5391
3.70661	51.5771
3.70821	51.6152
3.70982	51.6533
3.71142	51.6914
3.71302	51.7295
3.71462	51.7676
3.71623	51.8057
3.71783	51.8438
3.71943	51.8818
3.72103	51.9199
3.72263	51.958
3.72424	51.9961
3.72584	52.0342
3.72744	52.0723
3.72904	52.1104
3.73064	52.1484
3.73225	52.1865
3.73385	52.2246
3.73545	52.2627
3.73705	52.3008
3.73866	52.3389
3.74026	52.377
3.74186	52.415
3.74346	52.4531
3.74506	52.4912
3.74667	52.5293
3.74827	52.5664
3.74987	52.6035
3.75147	52.6406
3.75307	52.6777
3.75468	52.7148
3.75628	52.752
3.75788	52.7891
3.75948	52.8262
3.76109	52.8633
3.76269	52.9004
3.76429	52.9375
3.76589	52.9746
3.76749	53.0117
3.7691	53.0488
3.7707	53.0859
3.7723	53.123
3.7739	53.1602
3.7755	53.1973
3.77711	53.2344
3.77871	53.2715
3.78031	53.3086
3.78191	53.3457
3.78352	53.3828
3.78512	53.4199
3.78672	53.457
3.78832	53.4941
3.78992	53.5312
3.79153	53.5684
3.79313	53.6055
3.79473	53.6426
3.79633	53.6797
3.79793	53.7168
3.79954	53.7539
3.80114	53.791
3.80274	53.8281
3.80434	53.8652
3.80594	53.9023
3.80755	53.9385
3.80915	53.9746
3.81075	54.0107
3.81235	54.0469
3.81396	54.083
3.81556	54.1191
3.81716	54.1553
3.81876	54.1914
3.82036	54.2275
3.82197	54.2637
3.82357	54.2998
3.82517	54.3359
3.82677	54.3721
3.82837	54.4082
3.82998	54.4443
3.83158	54.4805
3.83318	54.5166
3.83478	54.5527
3.83639	54.5889
3.83799	54.625
3.83959	54.6611
3.84119	54.6973
3.84279	54.7334
3.8444	54.7695
3.846	54.8057
3.8476	54.8418
3.8492	54.8779
3.8508	54.9141
3.85241	54.9502
3.85401	54.9863
3.85561	55.0225
3.85721	55.0586
3.85882	55.0947
3.86042	55.1309
3.86202	55.167
3.86362	55.2031
3.86522	55.2393
3.86683	55.2754
3.86843	55.3115
3.87003	55.3477
3.87163	55.3828
3.87323	55.418
3.87484	55.4531
3.87644	55.4883
3.87804	55.5234
3.87964	55.5586
3.88125	55.5938
3.88285	55.6289
3.88445	55.6641
3.88605	55.6992
3.88765	55.7344
3.88926	55.7695
3.89086	55.8047
3.89246	55.8398
3.89406	55.875
3.89566	55.9102
3.89727	55.9453
3.89887	55.9805
3.90047	56.0156
3.90207	56.0508
3.90368	56.0859
3.90528	56.1211
3.90688	56.1562
3.90848	56.1914
3.91008	56.2266
3.91169	56.2617
3.91329	56.2969
3.91489	56.332
3.91649	56.3672
3.91809	56.4023
3.9197	56.4375
3.9213	56.4727
3.9229	56.5078
3.9245	56.543
3.9261	56.5781
3.92771	56.6133
3.92931	56.6484
3.93091	56.6836
3.93251	56.7188
3.93412	56.7539
3.93572	56.7891
3.93732	56.8242
3.93892	56.8594
3.94052	56.8945
3.94213	56.9287
3.94373	56.9629
3.94533	56.9971
3.94693	57.0312
3.94853	57.0654
3.95014	57.0996
3.95174	57.1338
3.95334	57.168
3.95494	57.2021
3.95655	57.2363
3.95815	57.2705
3.95975	57.3047
3.96135	57.3389
3.96295	57.373
3.96456	57.4072
3.96616	57.4414
3.96776	57.4756
3.96936	57.5098
3.97096	57.5439
3.97257	57.5781
3.97417	57.6123
3.97577	57.6465
3.97737	57.6807
3.97898	57.7148
3.98058	57.749
3.98218	57.7832
3.98378	57.8174
3.98538	57.8516
3.98699	57.8857
3.98859	57.9199
3.99019	57.9541
3.99179	57.9883
3.99339	58.0225
3.995	58.0566
3.9966	58.0908
3.9982	58.125
3.9998	58.1592
4.00141	58.1934
4.00301	58.2275
4.00461	58.2617
4.00621	58.2959
4.00781	58.3301
4.00942	58.3643
4.01102	58.3984
4.01262	58.4326
4.01422	58.4668
4.01582	58.501
4.01743	58.5352
4.01903	58.5684
4.02063	58.6016
4.02223	58.6348
4.02384	58.668
4.02544	58.7012
4.02704	58.7344
4.02864	58.7676
4.03024	58.8008
4.03185	58.834
4.03345	58.8672
4.03505	58.9004
4.03665	58.9336
4.03825	58.9668
4.03986	59
4.04146	59.0332
4.04306	59.0664
4.04466	59.0996
4.04627	59.1328
4.04787	59.166
4.04947	59.1992
4.05107	59.2324
4.05267	59.2656
4.05428	59.2988
4.05588	59.332
4.05748	59.3652
4.05908	59.3984
4.06068	59.4316
4.06229	59.4648
4.06389	59.498
4.06549	59.5312
4.06709	59.5645
4.06869	59.5977
4.0703	59.6309
4.0719	59.6641
4.0735	59.6973
4.0751	59.7305
4.07671	59.7637
4.07831	59.7969
4.07991	59.8301
4.08151	59.8633
4.08311	59.8965
4.08472	59.9297
4.08632	59.9629
4.08792	59.9961
4.08952	60.0293
4.09112	60.0625
4.09273	60.0957
4.09433	60.1289
4.09593	60.1621
4.09753	60.1953
4.09914	60.2285
4.10074	60.2607
4.10234	60.293
4.10394	60.3252
4.10554	60.3574
4.10715	60.3896
4.10875	60.4219
4.11035	60.4541
4.11195	60.4863
4.11355	60.5186
4.11516	60.5508
4.11676	60.583
4.11836	60.6152
4.11996	60.6475
4.12157	60.6797
4.12317	60.7119
4.12477	60.7441
4.12637	60.7764
4.12797	60.8086
4.12958	60.8408
4.13118	60.873
4.13278	60.9053
4.13438	60.9375
4.13598	60.9697
4.13759	61.002
4.13919	61.0342
4.14079	61.0664
4.14239	61.0986
4.144	61.1309
4.1456	61.1631
4.1472	61.1953
4.1488	61.2275
4.1504	61.2598
4.15201	61.292
4.15361	61.3242
4.15521	61.3564
4.15681	61.3887
4.15841	61.4209
4.16002	61.4531
4.16162	61.4854
4.16322	61.5176
4.16482	61.5498
4.16643	61.582
4.16803	61.6143
4.16963	61.6465
4.17123	61.6787
4.17283	61.7109
4.17444	61.7432
4.17604	61.7754
4.17764	61.8076
4.17924	61.8398
4.18084	61.8721
4.18245	61.9043
4.18405	61.9365
4.18565	61.9688
4.18725	62.001
4.18885	62.0332
4.19046	62.0654
4.19206	62.0967
4.19366	62.1279
4.19526	62.1592
4.19687	62.1904
4.19847	62.2217
4.20007	62.2529
4.20167	62.2842
4.20327	62.3154
4.20488	62.3467
4.20648	62.3779
4.20808	62.4092
4.20968	62.4404
4.21128	62.4717
4.21289	62.5029
4.21449	62.5342
4.21609	62.5654
4.21769	62.5967
4.2193	62.6279
4.2209	62.6592
4.2225	62.6904
4.2241	62.7217
4.2257	62.7529
4.22731	62.7842
4.22891	62.8154
4.23051	62.8467
4.23211	62.8779
4.23371	62.9092
4.23532	62.9404
4.23692	62.9717
4.23852	63.0029
4.24012	63.0342
4.24173	63.0654
4.24333	63.0967
4.24493	63.1279
4.24653	63.1592
4.24813	63.1904
4.24974	63.2217
4.25134	63.2529
4.25294	63.2842
4.25454	63.3154
4.25614	63.3467
4.25775	63.3779
4.25935	63.4092
4.26095	63.4404
4.26255	63.4717
4.26416	63.5029
4.26576	63.5342
4.26736	63.5654
4.26896	63.5967
4.27056	63.6279
4.27217	63.6592
4.27377	63.6904
4.27537	63.7217
4.27697	63.7529
4.27857	63.7842
4.28018	63.8154
4.28178	63.8467
4.28338	63.8779
4.28498	63.9092
4.28659	63.9404
4.28819	63.9717
4.28979	64.0029
4.29139	64.0332
4.29299	64.0635
4.2946	64.0938
4.2962	64.124
4.2978	64.1543
4.2994	64.1846
4.301	64.2148
4.30261	64.2451
4.30421	64.2754
4.30581	64.3057
4.30741	64.3359
4.30901	64.3662
4.31062	64.3965
4.31222	64.4268
4.31382	64.457
4.31542	64.4873
4.31703	64.5176
4.31863	64.5479
4.32023	64.5781
4.32183	64.6084
4.32343	64.6387
4.32504	64.6689
4.32664	64.6992
4.32824	64.7295
4.32984	64.7598
4.33144	64.79
4.33305	64.8203
4.33465	64.8506
4.33625	64.8809
4.33785	64.9111
4.33946	64.9414
4.34106	64.9717
4.34266	65.002
4.34426	65.0322
4.34586	65.0625
4.34747	65.0928
4.34907	65.123
4.35067	65.1533
4.35227	65.1836
4.35387	65.2139
4.35548	65.2441
4.35708	65.2744
4.35868	65.3047
4.36028	65.335
4.36189	65.3652
4.36349	65.3955
4.36509	65.4258
4.36669	65.4561
4.36829	65.4863
4.3699	65.5166
4.3715	65.5469
4.3731	65.5771
4.3747	65.6074
4.3763	65.6377
4.37791	65.668
4.37951	65.6982
4.38111	65.7285
4.38271	65.7588
4.38432	65.7891
4.38592	65.8193
4.38752	65.8496
4.38912	65.8799
4.39072	65.9102
4.39233	65.9404
4.39393	65.9707
4.39553	66.001
4.39713	66.0312
4.39873	66.0615
4.40034	66.0908
4.40194	66.1201
4.40354	66.1494
4.40514	66.1787
4.40675	66.208
4.40835	66.2373
4.40995	66.2666
4.41155	66.2959
4.41315	66.3252
4.41476	66.3545
4.41636	66.3838
4.41796	66.4131
4.41956	66.4424
4.42116	66.4717
4.42277	66.501
4.42437	66.5303
4.42597	66.5596
4.42757	66.5889
4.42918	66.6182
4.43078	66.6475
4.43238	66.6768
4.43398	66.7061
4.43558	66.7354
4.43719	66.7646
4.43879	66.7939
4.44039	66.8232
4.44199	66.8525
4.44359	66.8818
4.4452	66.9111
4.4468	66.9404
4.4484	66.9697
4.45	66.999
4.4516	67.0283
4.45321	67.0576
4.45481	67.0869
4.45641	67.1162
4.45801	67.1455
4.45962	67.1748
4.46122	67.2041
4.46282	67.2334
4.46442	67.2627
4.46602	67.292
4.46763	67.3213
4.46923	67.3506
4.47083	67.3799
4.47243	67.4092
4.47403	67.4385
4.47564	67.4678
4.47724	67.4971
4.47884	67.5264
4.48044	67.5557
4.48205	67.585
4.48365	67.6143
4.48525	67.6436
4.48685	67.6729
4.48845	67.7021
4.49006	67.7314
4.49166	67.7607
4.49326	67.79
4.49486	67.8193
4.49646	67.8486
4.49807	67.8779
4.49967	67.9072
4.50127	67.9365
4.50287	67.9658
4.50448	67.9951
4.50608	68.0244
4.50768	68.0537
4.50928	68.083
4.51088	68.1123
4.51249	68.1416
4.51409	68.1709
4.51569	68.2002
4.51729	68.2295
4.51889	68.2588
4.5205	68.2871
4.5221	68.3154
4.5237	68.3438
4.5253	68.3721
4.52691	68.4004
4.52851	68.4287
4.53011	68.457
4.53171	68.4854
4.53331	68.5137
4.53492	68.542
4.53652	68.5703
4.53812	68.5986
4.53972	68.627
4.54132	68.6553
4.54293	68.6836
4.54453	68.7119
4.54613	68.7402
4.54773	68.7686
4.54934	68.7969
4.55094	68.8252
4.55254	68.8535
4.55414	68.8818
4.55574	68.9102
4.55735	68.9385
4.55895	68.9668
4.56055	68.9951
4.56215	69.0234
4.56375	69.0518
4.56536	69.0801
4.56696	69.1084
4.56856	69.1367
4.57016	69.165
4.57176	69.1934
4.57337	69.2217
4.57497	69.25
4.57657	69.2783
4.57817	69.3066
4.57978	69.335
4.58138	69.3633
4.58298	69.3916
4.58458	69.4199
4.58618	69.4482
4.58779	69.4766
4.58939	69.5049
4.59099	69.5332
4.59259	69.5615
4.59419	69.5898
4.5958	69.6182
4.5974	69.6465
4.599	69.6748
4.6006	69.7031
4.60221	69.7314
4.60381	69.7598
4.60541	69.7881
4.60701	69.8164
4.60861	69.8447
4.61022	69.873
4.61182	69.9014
4.61342	69.9297
4.61502	69.958
4.61662	69.9863
4.61823	70.0146
4.61983	70.043
4.62143	70.0713
4.62303	70.0996
4.62464	70.1279
4.62624	70.1562
4.62784	70.1846
4.62944	70.2129
4.63104	70.2412
4.63265	70.2695
4.63425	70.2979
4.63585	70.3262
4.63745	70.3545
4.63905	70.3828
4.64066	70.4111
4.64226	70.4395
4.64386	70.4678
4.64546	70.4961
4.64707	70.5244
4.64867	70.5527
4.65027	70.5811
4.65187	70.6094
4.65347	70.6367
4.65508	70.6641
4.65668	70.6914
4.65828	70.7188
4.65988	70.7461
4.66148	70.7734
4.66309	70.8008
4.66469	70.8281
4.66629	70.8555
4.66789	70.8828
4.6695	70.9102
4.6711	70.9375
4.6727	70.9648
4.6743	70.9922
4.6759	71.0195
4.67751	71.0469
4.67911	71.0742
4.68071	71.1016
4.68231	71.1289
4.68391	71.1562
4.68552	71.1836
4.68712	71.2109
4.68872	71.2383
4.69032	71.2656
4.69193	71.293
4.69353	71.3203
4.69513	71.3477
4.69673	71.375
4.69833	71.4023
4.69994	71.4297
4.70154	71.457
4.70314	71.4844
4.70474	71.5117
4.70634	71.5391
4.70795	71.5664
4.70955	71.5938
4.71115	71.6211
4.71275	71.6484
4.71435	71.6758
4.71596	71.7031
4.71756	71.7305
4.71916	71.7578
4.72076	71.7852
4.72237	71.8125
4.72397	71.8398
4.72557	71.8672
4.72717	71.8945
4.72877	71.9219
4.73038	71.9492
4.73198	71.9766
4.73358	72.0039
4.73518	72.0312
4.73678	72.0586
4.73839	72.0859
4.73999	72.1133
4.74159	72.1406
4.74319	72.168
4.7448	72.1953
4.7464	72.2227
4.748	72.25
4.7496	72.2773
4.7512	72.3047
4.75281	72.332
4.75441	72.3594
4.75601	72.3867
4.75761	72.4141
4.75921	72.4414
4.76082	72.4688
4.76242	72.4961
4.76402	72.5234
4.76562	72.5508
4.76723	72.5781
4.76883	72.6055
4.77043	72.6328
4.77203	72.6602
4.77363	72.6875
4.77524	72.7148
4.77684	72.7422
4.77844	72.7695
4.78004	72.7969
4.78164	72.8242
4.78325	72.8516
4.78485	72.8789
4.78645	72.9062
4.78805	72.9336
4.78966	72.9609
4.79126	72.9883
4.79286	73.0156
4.79446	73.043
4.79606	73.0703
4.79767	73.0977
4.79927	73.125
4.80087	73.1523
4.80247	73.1787
4.80407	73.2051
4.80568	73.2314
4.80728	73.2578
4.80888	73.2842
4.81048	73.3105
4.81209	73.3369
4.81369	73.3633
4.81529	73.3896
4.81689	73.416
4.81849	73.4424
4.8201	73.4688
4.8217	73.4951
4.8233	73.5215
4.8249	73.5479
4.8265	73.5742
4.82811	73.6006
4.82971	73.627
4.83131	73.6533
4.83291	73.6797
4.83451	73.7061
4.83612	73.7324
4.83772	73.7588
4.83932	73.7852
4.84092	73.8115
4.84253	73.8379
4.84413	73.8643
4.84573	73.8906
4.84733	73.917
4.84893	73.9434
4.85054	73.9697
4.85214	73.9961
4.85374	74.0225
4.85534	74.0488
4.85694	74.0752
4.85855	74.1016
4.86015	74.1279
4.86175	74.1543
4.86335	74.1807
4.86496	74.207
4.86656	74.2334
4.86816	74.2598
4.86976	74.2861
4.87136	74.3125
4.87297	74.3389
4.87457	74.3652
4.87617	74.3916
4.87777	74.418
4.87937	74.4443
4.88098	74.4707
4.88258	74.4971
4.88418	74.5234
4.88578	74.5498
4.88739	74.5762
4.88899	74.6025
4.89059	74.6289
4.89219	74.6553
4.89379	74.6816
4.8954	74.708
4.897	74.7344
4.8986	74.7607
4.9002	74.7871
4.9018	74.8135
4.90341	74.8398
4.90501	74.8662
4.90661	74.8926
4.90821	74.9189
4.90982	74.9453
4.91142	74.9717
4.91302	74.998
4.91462	75.0244
4.91622	75.0508
4.91783	75.0771
4.91943	75.1035
4.92103	75.1299
4.92263	75.1562
4.92423	75.1826
4.92584	75.209
4.92744	75.2354
4.92904	75.2617
4.93064	75.2881
4.93225	75.3145
4.93385	75.3408
4.93545	75.3672
4.93705	75.3936
4.93865	75.4199
4.94026	75.4463
4.94186	75.4727
4.94346	75.499
4.94506	75.5254
4.94666	75.5518
4.94827	75.5781
4.94987	75.6045
4.95147	75.6309
4.95307	75.6572
4.95467	75.6836
4.95628	75.71
4.95788	75.7363
4.95948	75.7627
4.96108	75.7891
4.96269	75.8154
4.96429	75.8418
4.96589	75.8672
4.96749	75.8926
4.96909	75.918
4.9707	75.9434
4.9723	75.9688
4.9739	75.9941
4.9755	76.0195
4.9771	76.0449
4.97871	76.0703
4.98031	76.0957
4.98191	76.1211
4.98351	76.1465
4.98512	76.1719
4.98672	76.1973
4.98832	76.2227
4.98992	76.248
4.99152	76.2734
4.99313	76.2988
4.99473	76.3242
4.99633	76.3496
4.99793	76.375
4.99953	76.4004
5.00114	76.4258
5.00274	76.4512
5.00434	76.4766
5.00594	76.502
5.00755	76.5273
5.00915	76.5527
5.01075	76.5781
5.01235	76.6035
5.01395	76.6289
5.01556	76.6543
5.01716	76.6797
5.01876	76.7051
5.02036	76.7305
5.02196	76.7559
5.02357	76.7812
5.02517	76.8066
5.02677	76.832
5.02837	76.8574
5.02998	76.8828
5.03158	76.9082
5.03318	76.9336
5.03478	76.959
5.03638	76.9844
5.03799	77.0098
5.03959	77.0352
5.04119	77.0605
5.04279	77.0859
5.04439	77.1113
5.046	77.1367
5.0476	77.1621
5.0492	77.1875
5.0508	77.2129
5.05241	77.2383
5.05401	77.2637
5.05561	77.2891
5.05721	77.3145
5.05881	77.3398
5.06042	77.3652
5.06202	77.3906
5.06362	77.416
5.06522	77.4414
5.06682	77.4668
5.06843	77.4922
5.07003	77.5176
5.07163	77.543
5.07323	77.5684
5.07484	77.5938
5.07644	77.6191
5.07804	77.6445
5.07964	77.6699
5.08124	77.6953
5.08285	77.7207
5.08445	77.7461
5.08605	77.7715
5.08765	77.7969
5.08925	77.8223
5.09086	77.8477
5.09246	77.873
5.09406	77.8984
5.09566	77.9238
5.09726	77.9492
5.09887	77.9746
5.10047	78
5.10207	78.0254
5.10367	78.0508
5.10528	78.0762
5.10688	78.1016
5.10848	78.127
5.11008	78.1523
5.11168	78.1777
5.11329	78.2031
5.11489	78.2285
5.11649	78.2539
5.11809	78.2793
5.11969	78.3047
5.1213	78.3301
5.1229	78.3555
5.1245	78.3809
5.1261	78.4062
5.12771	78.4316
5.12931	78.457
5.13091	78.4824
5.13251	78.5078
5.13411	78.5332
5.13572	78.5586
5.13732	78.584
5.13892	78.6094
5.14052	78.6348
5.14212	78.6602
5.14373	78.6855
5.14533	78.7109
5.14693	78.7363
5.14853	78.7617
5.15014	78.7861
5.15174	78.8105
5.15334	78.835
5.15494	78.8594
5.15654	78.8838
5.15815	78.9082
5.15975	78.9326
5.16135	78.957
5.16295	78.9814
5.16455	79.0059
5.16616	79.0303
5.16776	79.0547
5.16936	79.0791
5.17096	79.1035
5.17257	79.1279
5.17417	79.1523
5.17577	79.1768
5.17737	79.2012
5.17897	79.2256
5.18058	79.25
5.18218	79.2744
5.18378	79.2988
5.18538	79.3232
5.18698	79.3477
5.18859	79.3721
5.19019	79.3965
5.19179	79.4209
5.19339	79.4453
5.195	79.4697
5.1966	79.4941
5.1982	79.5186
5.1998	79.543
5.2014	79.5674
5.20301	79.5918
5.20461	79.6162
5.20621	79.6406
5.20781	79.665
5.20941	79.6895
5.21102	79.7139
5.21262	79.7383
5.21422	79.7627
5.21582	79.7871
5.21742	79.8115
5.21903	79.8359
5.22063	79.8604
5.22223	79.8848
5.22383	79.9092
5.22544	79.9336
5.22704	79.958
5.22864	79.9824
5.23024	80.0068
5.23184	80.0312
5.23345	80.0557
5.23505	80.0801
5.23665	80.1045
5.23825	80.1289
5.23985	80.1533
5.24146	80.1777
5.24306	80.2021
5.24466	80.2266
5.24626	80.251
5.24787	80.2754
5.24947	80.2998
5.25107	80.3242
5.25267	80.3486
5.25427	80.373
5.25588	80.3975
5.25748	80.4219
5.25908	80.4463
5.26068	80.4707
5.26228	80.4951
5.26389	80.5195
5.26549	80.5439
5.26709	80.5684
5.26869	80.5928
5.2703	80.6172
5.2719	80.6416
5.2735	80.666
5.2751	80.6904
5.2767	80.7148
5.27831	80.7393
5.27991	80.7637
5.28151	80.7881
5.28311	80.8125
5.28471	80.8369
5.28632	80.8613
5.28792	80.8857
5.28952	80.9102
5.29112	80.9346
5.29273	80.959
5.29433	80.9834
5.29593	81.0078
5.29753	81.0322
5.29913	81.0566
5.30074	81.0811
5.30234	81.1055
5.30394	81.1299
5.30554	81.1543
5.30714	81.1787
5.30875	81.2031
5.31035	81.2275
5.31195	81.252
5.31355	81.2764
5.31516	81.3008
5.31676	81.3252
5.31836	81.3496
5.31996	81.374
5.32156	81.3984
5.32317	81.4229
5.32477	81.4473
5.32637	81.4717
5.32797	81.4961
5.32957	81.5205
5.33118	81.5449
5.33278	81.5693
5.33438	81.5938
5.33598	81.6182
5.33759	81.6426
5.33919	81.667
5.34079	81.6914
5.34239	81.7158
5.34399	81.7402
5.3456	81.7646
5.3472	81.7891
5.3488	81.8135
5.3504	81.8379
5.352	81.8623
5.35361	81.8867
5.35521	81.9111
5.35681	81.9346
5.35841	81.958
5.36001	81.9814
5.36162	82.0049
5.36322	82.0283
5.36482	82.0518
5.36642	82.0752
5.36803	82.0986
5.36963	82.1221
5.37123	82.1455
5.37283	82.1689
5.37443	82.1924
5.37604	82.2158
5.37764	82.2393
5.37924	82.2627
5.38084	82.2861
5.38244	82.3096
5.38405	82.333
5.38565	82.3564
5.38725	82.3799
5.38885	82.4033
5.39046	82.4268
5.39206	82.4502
5.39366	82.4736
5.39526	82.4971
5.39686	82.5205
5.39847	82.5439
5.40007	82.5674
5.40167	82.5908
5.40327	82.6143
5.40487	82.6377
5.40648	82.6611
5.40808	82.6846
5.40968	82.708
5.41128	82.7314
5.41289	82.7549
5.41449	82.7783
5.41609	82.8018
5.41769	82.8252
5.41929	82.8486
5.4209	82.8721
5.4225	82.8955
5.4241	82.9189
5.4257	82.9424
5.4273	82.9658
5.42891	82.9893
5.43051	83.0127
5.43211	83.0361
5.43371	83.0596
5.43532	83.083
5.43692	83.1064
5.43852	83.1299
5.44012	83.1533
5.44172	83.1768
5.44333	83.2002
5.44493	83.2236
5.44653	83.2471
5.44813	83.2705
5.44973	83.2939
5.45134	83.3174
5.45294	83.3408
5.45454	83.3643
5.45614	83.3877
5.45775	83.4111
5.45935	83.4346
5.46095	83.458
5.46255	83.4814
5.46415	83.5049
5.46576	83.5283
5.46736	83.5518
5.46896	83.5752
5.47056	83.5986
5.47216	83.6221
5.47377	83.6455
5.47537	83.6689
5.47697	83.6924
5.47857	83.7158
5.48017	83.7393
5.48178	83.7627
5.48338	83.7861
5.48498	83.8096
5.48658	83.833
5.48819	83.8564
5.48979	83.8799
5.49139	83.9033
5.49299	83.9268
5.49459	83.9502
5.4962	83.9736
5.4978	83.9971
5.4994	84.0205
5.501	84.0439
5.5026	84.0674
5.50421	84.0908
5.50581	84.1143
5.50741	84.1377
5.50901	84.1611
5.51062	84.1846
5.51222	84.208
5.51382	84.2314
5.51542	84.2549
5.51702	84.2783
5.51863	84.3018
5.52023	84.3252
5.52183	84.3486
5.52343	84.3721
5.52503	84.3955
5.52664	84.4189
5.52824	84.4424
5.52984	84.4658
5.53144	84.4893
5.53305	84.5127
5.53465	84.5361
5.53625	84.5596
5.53785	84.583
5.53945	84.6064
5.54106	84.6299
5.54266	84.6533
5.54426	84.6768
5.54586	84.7002
5.54746	84.7236
5.54907	84.7471
5.55067	84.7705
5.55227	84.7939
5.55387	84.8174
5.55548	84.8408
5.55708	84.8643
5.55868	84.8877
5.56028	84.9111
5.56188	84.9346
5.56349	84.958
5.56509	84.9814
5.56669	85.0049
5.56829	85.0283
5.56989	85.0518
5.5715	85.0752
5.5731	85.0986
5.5747	85.1221
5.5763	85.1455
5.57791	85.1689
5.57951	85.1924
5.58111	85.2158
5.58271	85.2393
5.58431	85.2627
5.58592	85.2861
5.58752	85.3096
5.58912	85.333
5.59072	85.3555
5.59232	85.3779
5.59393	85.4004
5.59553	85.4229
5.59713	85.4453
5.59873	85.4678
5.60033	85.4902
5.60194	85.5127
5.60354	85.5352
5.60514	85.5576
5.60674	85.5801
5.60835	85.6025
5.60995	85.625
5.61155	85.6475
5.61315	85.6699
5.61475	85.6924
5.61636	85.7148
5.61796	85.7373
5.61956	85.7598
5.62116	85.7822
5.62276	85.8047
5.62437	85.8271
5.62597	85.8496
5.62757	85.8721
5.62917	85.8945
5.63078	85.917
5.63238	85.9395
5.63398	85.9619
5.63558	85.9844
5.63718	86.0068
5.63879	86.0293
5.64039	86.0518
5.64199	86.0742
5.64359	86.0967
5.64519	86.1191
5.6468	86.1416
5.6484	86.1641
5.65	86.1865
5.6516	86.209
5.65321	86.2314
5.65481	86.2539
5.65641	86.2764
5.65801	86.2988
5.65961	86.3213
5.66122	86.3438
5.66282	86.3662
5.66442	86.3887
5.66602	86.4111
5.66762	86.4336
5.66923	86.4561
5.67083	86.4785
5.67243	86.501
5.67403	86.5234
5.67564	86.5459
5.67724	86.5684
5.67884	86.5908
5.68044	86.6133
5.68204	86.6357
5.68365	86.6582
5.68525	86.6807
5.68685	86.7031
5.68845	86.7256
5.69005	86.748
5.69166	86.7705
5.69326	86.793
5.69486	86.8154
5.69646	86.8379
5.69807	86.8604
5.69967	86.8828
5.70127	86.9053
5.70287	86.9277
5.70447	86.9502
5.70608	86.9727
5.70768	86.9951
5.70928	87.0176
5.71088	87.04
5.71248	87.0625
5.71409	87.085
5.71569	87.1074
5.71729	87.1299
5.71889	87.1523
5.7205	87.1748
5.7221	87.1973
5.7237	87.2197
5.7253	87.2422
5.7269	87.2646
5.72851	87.2871
5.73011	87.3096
5.73171	87.332
5.73331	87.3545
5.73491	87.377
5.73652	87.3994
5.73812	87.4219
5.73972	87.4443
5.74132	87.4668
5.74292	87.4893
5.74453	87.5117
5.74613	87.5342
5.74773	87.5566
5.74933	87.5791
5.75094	87.6016
5.75254	87.624
5.75414	87.6465
5.75574	87.6689
5.75734	87.6914
5.75895	87.7139
5.76055	87.7363
5.76215	87.7588
5.76375	87.7812
5.76535	87.8037
5.76696	87.8262
5.76856	87.8486
5.77016	87.8711
5.77176	87.8936
5.77337	87.916
5.77497	87.9385
5.77657	87.9609
5.77817	87.9834
5.77977	88.0059
5.78138	88.0283
5.78298	88.0508
5.78458	88.0732
5.78618	88.0957
5.78778	88.1182
5.78939	88.1406
5.79099	88.1631
5.79259	88.1855
5.79419	88.208
5.7958	88.2305
5.7974	88.2529
5.799	88.2754
5.8006	88.2979
5.8022	88.3203
5.80381	88.3428
5.80541	88.3652
5.80701	88.3877
5.80861	88.4102
5.81021	88.4326
5.81182	88.4551
5.81342	88.4775
5.81502	88.5
5.81662	88.5225
5.81823	88.5449
5.81983	88.5674
5.82143	88.5898
5.82303	88.6123
5.82463	88.6348
5.82624	88.6572
5.82784	88.6797
5.82944	88.7021
5.83104	88.7246
5.83264	88.7471
5.83425	88.7695
5.83585	88.792
5.83745	88.8145
5.83905	88.8369
5.84066	88.8594
5.84226	88.8818
5.84386	88.9043
5.84546	88.9268
5.84706	88.9492
5.84867	88.9717
5.85027	88.9941
5.85187	89.0166
5.85347	89.0391
5.85507	89.0605
5.85668	89.082
5.85828	89.1035
5.85988	89.125
5.86148	89.1465
5.86308	89.168
5.86469	89.1895
5.86629	89.2109
5.86789	89.2324
5.86949	89.2539
5.8711	89.2754
5.8727	89.2969
5.8743	89.3184
5.8759	89.3398
5.8775	89.3613
5.87911	89.3828
5.88071	89.4043
5.88231	89.4258
5.88391	89.4473
5.88551	89.4688
5.88712	89.4902
5.88872	89.5117
5.89032	89.5332
5.89192	89.5547
5.89353	89.5762
5.89513	89.5977
5.89673	89.6191
5.89833	89.6406
5.89993	89.6621
5.90154	89.6836
5.90314	89.7051
5.90474	89.7266
5.90634	89.748
5.90794	89.7695
5.90955	89.791
5.91115	89.8125
5.91275	89.834
5.91435	89.8555
5.91596	89.877
5.91756	89.8984
5.91916	89.9199
5.92076	89.9414
5.92236	89.9629
5.92397	89.9844
5.92557	90.0059
5.92717	90.0273
5.92877	90.0488
5.93037	90.0703
5.93198	90.0918
5.93358	90.1133
5.93518	90.1348
5.93678	90.1562
5.93839	90.1777
5.93999	90.1992
5.94159	90.2207
5.94319	90.2422
5.94479	90.2637
5.9464	90.2852
5.948	90.3066
5.9496	90.3281
5.9512	90.3496
5.9528	90.3711
5.95441	90.3926
5.95601	90.4141
5.95761	90.4355
5.95921	90.457
5.96082	90.4785
5.96242	90.5
5.96402	90.5215
5.96562	90.543
5.96722	90.5645
5.96883	90.5859
5.97043	90.6074
5.97203	90.6289
5.97363	90.6504
5.97523	90.6719
5.97684	90.6934
5.97844	90.7148
5.98004	90.7363
5.98164	90.7578
5.98325	90.7793
5.98485	90.8008
5.98645	90.8223
5.98805	90.8438
5.98965	90.8652
5.99126	90.8867
5.99286	90.9082
5.99446	90.9297
5.99606	90.9512
5.99766	90.9727
5.99927	90.9941
6.00087	91.0156
6.00247	91.0371
6.00407	91.0586
6.00567	91.0801
6.00728	91.1016
6.00888	91.123
6.01048	91.1445
6.01208	91.166
6.01369	91.1875
6.01529	91.209
6.01689	91.2305
6.01849	91.252
6.02009	91.2734
6.0217	91.2949
6.0233	91.3164
6.0249	91.3379
6.0265	91.3594
6.0281	91.3809
6.02971	91.4023
6.03131	91.4238
6.03291	91.4453
6.03451	91.4668
6.03612	91.4883
6.03772	91.5098
6.03932	91.5312
6.04092	91.5527
6.04252	91.5742
6.04413	91.5957
6.04573	91.6172
6.04733	91.6387
6.04893	91.6602
6.05053	91.6816
6.05214	91.7031
6.05374	91.7246
6.05534	91.7461
6.05694	91.7676
6.05855	91.7891
6.06015	91.8105
6.06175	91.832
6.06335	91.8535
6.06495	91.875
6.06656	91.8965
6.06816	91.918
6.06976	91.9395
6.07136	91.9609
6.07296	91.9824
6.07457	92.0039
6.07617	92.0254
6.07777	92.0469
6.07937	92.0684
6.08098	92.0898
6.08258	92.1113
6.08418	92.1328
6.08578	92.1543
6.08738	92.1758
6.08899	92.1973
6.09059	92.2188
6.09219	92.2402
6.09379	92.2617
6.09539	92.2832
6.097	92.3047
6.0986	92.3262
6.1002	92.3477
6.1018	92.3691
6.10341	92.3906
6.10501	92.4121
6.10661	92.4336
6.10821	92.4551
6.10981	92.4766
6.11142	92.498
6.11302	92.5195
6.11462	92.541
6.11622	92.5625
6.11782	92.584
6.11943	92.6055
6.12103	92.627
6.12263	92.6484
6.12423	92.6699
6.12583	92.6914
6.12744	92.7129
6.12904	92.7344
6.13064	92.7559
6.13224	92.7773
6.13385	92.7988
6.13545	92.8203
6.13705	92.8418
6.13865	92.8633
6.14025	92.8848
6.14186	92.9062
6.14346	92.9277
6.14506	92.9492
6.14666	92.9707
6.14826	92.9922
6.14987	93.0137
6.15147	93.0352
6.15307	93.0566
6.15467	93.0781
6.15628	93.0986
6.15788	93.1191
6.15948	93.1396
6.16108	93.1602
6.16268	93.1807
6.16429	93.2012
6.16589	93.2217
6.16749	93.2422
6.16909	93.2627
6.17069	93.2832
6.1723	93.3037
6.1739	93.3242
6.1755	93.3447
6.1771	93.3652
6.17871	93.3857
6.18031	93.4062
6.18191	93.4268
6.18351	93.4473
6.18511	93.4678
6.18672	93.4883
6.18832	93.5088
6.18992	93.5293
6.19152	93.5498
6.19312	93.5703
6.19473	93.5908
6.19633	93.6113
6.19793	93.6318
6.19953	93.6523
6.20114	93.6729
6.20274	93.6934
6.20434	93.7139
6.20594	93.7344
6.20754	93.7549
6.20915	93.7754
6.21075	93.7959
6.21235	93.8164
6.21395	93.8369
6.21555	93.8574
6.21716	93.8779
6.21876	93.8984
6.22117	91.9141
6.22197	90.5
6.22277	89.6689
6.22357	88.9199
6.22437	88.1719
6.22517	87.4229
6.22598	86.6738
6.22678	85.9258
6.22758	85.1768
6.22838	84.4287
6.22918	83.6797
6.22998	82.9307
6.23078	82.1826
6.23158	81.4336
6.23238	80.6855
6.23319	79.9365
6.23399	79.1875
6.23479	78.4395
6.23559	77.6904
6.23639	76.9424
6.23719	76.1934
6.23799	75.4453
6.23879	74.6963
6.23959	73.9473
6.24039	73.1992
6.2412	72.4502
6.242	71.7021
6.2428	70.9531
6.2436	70.2041
6.2444	69.4561
6.2452	68.707
6.246	67.959
6.2468	67.21
6.2476	66.4609
6.24841	65.7129
6.24921	64.9639
6.25001	64.2158
6.25081	63.4668
6.25161	62.7188
6.25241	61.9697
6.25321	61.2207
6.25401	60.4727
6.25481	59.7236
6.25562	58.9756
6.25642	58.2266
6.25722	57.4775
6.25802	56.7295
6.25882	55.9805
6.25962	55.2324
6.26042	54.4834
6.26122	53.7344
6.26202	52.9863
6.26282	52.2373
6.26363	51.4893
6.26443	50.7402
6.26523	49.9922
6.26603	49.2432
6.26683	48.4941
6.26763	47.7461
6.26843	46.9971
6.26923	46.249
6.27003	45.25
6.27084	44.1484
6.27323	45.25
6.27323	45.2939
6.27483	45.3379
6.27644	45.3818
6.27804	45.4258
6.27964	45.4697
6.28124	45.5137
6.28284	45.5566
6.28445	45.5996
6.28605	45.6426
6.28765	45.6855
6.28925	45.7285
6.29085	45.7715
6.29186	45.8145
6.29906	45.8574
6.30067	45.9004
6.30227	45.9434
6.30387	45.9863
6.30547	46.0293
6.30708	46.0723
6.30868	46.1152
6.31028	46.1582
6.31188	46.2012
6.31348	46.2441
6.31509	46.2871
6.31669	46.3301
6.31829	46.373
6.31989	46.416
6.32149	46.459
6.3231	46.502
6.3247	46.5449
6.3263	46.5869
6.3279	46.6289
6.32951	46.6709
6.33111	46.7129
6.33271	46.7549
6.33431	46.7969
6.33591	46.8389
6.33752	46.8809
6.33912	46.9229
6.34072	46.9648
6.34232	47.0068
6.34392	47.0488
6.34553	47.0908
6.34713	47.1328
6.34873	47.1748
6.35033	47.2168
6.35194	47.2588
6.35354	47.3008
6.35514	47.3428
6.35674	47.3848
6.35834	47.4268
6.35995	47.4688
6.36155	47.5107
6.36315	47.5527
6.36475	47.5947
6.36635	47.6367
6.36796	47.6777
6.36956	47.7188
6.37116	47.7598
6.37276	47.8008
6.37437	47.8418
6.37597	47.8828
6.37757	47.9238
6.37917	47.9648
6.38077	48.0059
6.38238	48.0469
6.38398	48.0879
6.38558	48.1289
6.38718	48.1699
6.38878	48.2109
6.39039	48.252
6.39199	48.293
6.39359	48.334
6.39519	48.375
6.3968	48.416
6.3984	48.457
6.4	48.498
6.4016	48.5391
6.4032	48.5801
6.40481	48.6211
6.40641	48.6621
6.40801	48.7031
6.40961	48.7441
6.41121	48.7852
6.41282	48.8252
6.41442	48.8652
6.41602	48.9053
6.41762	48.9453
6.41922	48.9854
6.42083	49.0254
6.42243	49.0654
6.42403	49.1055
6.42563	49.1455
6.42724	49.1855
6.42884	49.2256
6.43044	49.2656
6.43204	49.3057
6.43364	49.3457
6.43525	49.3857
6.43685	49.4258
6.43845	49.4658
6.44005	49.5059
6.44165	49.5459
6.44326	49.5859
6.44486	49.626
6.44646	49.666
6.44806	49.7061
6.44967	49.7461
6.45127	49.7861
6.45287	49.8262
6.45447	49.8662
6.45607	49.9062
6.45768	49.9463
6.45928	49.9854
6.46088	50.0244
6.46248	50.0635
6.46408	50.1025
6.46569	50.1416
6.46729	50.1807
6.46889	50.2197
6.47049	50.2588
6.4721	50.2979
6.4737	50.3369
6.4753	50.376
6.4769	50.415
6.4785	50.4541
6.48011	50.4932
6.48171	50.5322
6.48331	50.5713
6.48491	50.6104
6.48651	50.6494
6.48812	50.6885
6.48972	50.7275
6.49132	50.7666
6.49292	50.8057
6.49453	50.8447
6.49613	50.8838
6.49773	50.9229
6.49933	50.9619
6.50093	51.001
6.50254	51.04
6.50414	51.0791
6.50574	51.1182
6.50734	51.1572
6.50894	51.1963
6.51055	51.2344
6.51215	51.2725
6.51375	51.3105
6.51535	51.3486
6.51696	51.3867
6.51856	51.4248
6.52016	51.4629
6.52176	51.501
6.52336	51.5391
6.52497	51.5771
6.52657	51.6152
6.52817	51.6533
6.52977	51.6914
6.53137	51.7295
6.53298	51.7676
6.53458	51.8057
6.53618	51.8438
6.53778	51.8818
6.53938	51.9199
6.54099	51.958
6.54259	51.9961
6.54419	52.0342
6.54579	52.0723
6.5474	52.1104
6.549	52.1484
6.5506	52.1865
6.5522	52.2246
6.5538	52.2627
6.55541	52.3008
6.55701	52.3389
6.55861	52.377
6.56021	52.415
6.56181	52.4531
6.56342	52.4912
6.56502	52.5293
6.56662	52.5664
6.56822	52.6035
6.56983	52.6406
6.57143	52.6777
6.57303	52.7148
6.57463	52.752
6.57623	52.7891
6.57784	52.8262
6.57944	52.8633
6.58104	52.9004
6.58264	52.9375
6.58424	52.9746
6.58585	53.0117
6.58745	53.0488
6.58905	53.0859
6.59065	53.123
6.59226	53.1602
6.59386	53.1973
6.59546	53.2344
6.59706	53.2715
6.59866	53.3086
6.60027	53.3457
6.60187	53.3828
6.60347	53.4199
6.60507	53.457
6.60667	53.4941
6.60828	53.5312
6.60988	53.5684
6.61148	53.6055
6.61308	53.6426
6.61469	53.6797
6.61629	53.7168
6.61789	53.7539
6.61949	53.791
6.62109	53.8281
6.6227	53.8652
6.6243	53.9023
6.6259	53.9385
6.6275	53.9746
6.6291	54.0107
6.63071	54.0469
6.63231	54.083
6.63391	54.1191
6.63551	54.1553
6.63712	54.1914
6.63872	54.2275
6.64032	54.2637
6.64192	54.2998
6.64352	54.3359
6.64513	54.3721
6.64673	54.4082
6.64833	54.4443
6.64993	54.4805
6.65153	54.5166
6.65314	54.5527
6.65474	54.5889
6.65634	54.625
6.65794	54.6611
6.65955	54.6973
6.66115	54.7334
6.66275	54.7695
6.66435	54.8057
6.66595	54.8418
6.66756	54.8779
6.66916	54.9141
6.67076	54.9502
6.67236	54.9863
6.67396	55.0225
6.67557	55.0586
6.67717	55.0947
6.67877	55.1309
6.68037	55.167
6.68197	55.2031
6.68358	55.2393
6.68518	55.2754
6.68678	55.3115
6.68838	55.3477
6.68999	55.3828
6.69159	55.418
6.69319	55.4531
6.69479	55.4883
6.69639	55.5234
6.698	55.5586
6.6996	55.5938
6.7012	55.6289
6.7028	55.6641
6.7044	55.6992
6.70601	55.7344
6.70761	55.7695
6.70921	55.8047
6.71081	55.8398
6.71242	55.875
6.71402	55.9102
6.71562	55.9453
6.71722	55.9805
6.71882	56.0156
6.72043	56.0508
6.72203	56.0859
6.72363	56.1211
6.72523	56.1562
6.72683	56.1914
6.72844	56.2266
6.73004	56.2617
6.73164	56.2969
6.73324	56.332
6.73485	56.3672
6.73645	56.4023
6.73805	56.4375
6.73965	56.4727
6.74125	56.5078
6.74286	56.543
6.74446	56.5781
6.74606	56.6133
6.74766	56.6484
6.74926	56.6836
6.75087	56.7188
6.75247	56.7539
6.75407	56.7891
6.75567	56.8242
6.75728	56.8594
6.75888	56.8945
6.76048	56.9287
6.76208	56.9629
6.76368	56.9971
6.76529	57.0312
6.76689	57.0654
6.76849	57.0996
6.77009	57.1338
6.77169	57.168
6.7733	57.2021
6.7749	57.2363
6.7765	57.2705
6.7781	57.3047
6.77971	57.3389
6.78131	57.373
6.78291	57.4072
6.78451	57.4414
6.78611	57.4756
6.78772	57.5098
6.78932	57.5439
6.79092	57.5781
6.79252	57.6123
6.79412	57.6465
6.79573	57.6807
6.79733	57.7148
6.79893	57.749
6.80053	57.7832
6.80213	57.8174
6.80374	57.8516
6.80534	57.8857
6.80694	57.9199
6.80854	57.9541
6.81015	57.9883
6.81175	58.0225
6.81335	58.0566
6.81495	58.0908
6.81655	58.125
6.81816	58.1592
6.81976	58.1934
6.82136	58.2275
6.82296	58.2617
6.82456	58.2959
6.82617	58.3301
6.82777	58.3643
6.82937	58.3984
6.83097	58.4326
6.83258	58.4668
6.83418	58.501
6.83578	58.5352
6.83738	58.5684
6.83898	58.6016
6.84059	58.6348
6.84219	58.668
6.84379	58.7012
6.84539	58.7344
6.84699	58.7676
6.8486	58.8008
6.8502	58.834
6.8518	58.8672
6.8534	58.9004
6.85501	58.9336
6.85661	58.9668
6.85821	59
6.85981	59.0332
6.86141	59.0664
6.86302	59.0996
6.86462	59.1328
6.86622	59.166
6.86782	59.1992
6.86942	59.2324
6.87103	59.2656
6.87263	59.2988
6.87423	59.332
6.87583	59.3652
6.87744	59.3984
6.87904	59.4316
6.88064	59.4648
6.88224	59.498
6.88384	59.5312
6.88545	59.5645
6.88705	59.5977
6.88865	59.6309
6.89025	59.6641
6.89185	59.6973
6.89346	59.7305
6.89506	59.7637
6.89666	59.7969
6.89826	59.8301
6.89987	59.8633
6.90147	59.8965
6.90307	59.9297
6.90467	59.9629
6.90627	59.9961
6.90788	60.0293
6.90948	60.0625
6.91108	60.0957
6.91268	60.1289
6.91428	60.1621
6.91589	60.1953
6.91749	60.2285
6.91909	60.2607
6.92069	60.293
6.92229	60.3252
6.9239	60.3574
6.9255	60.3896
6.9271	60.4219
6.9287	60.4541
6.93031	60.4863
6.93191	60.5186
6.93351	60.5508
6.93511	60.583
6.93671	60.6152
6.93832	60.6475
6.93992	60.6797
6.94152	60.7119
6.94312	60.7441
6.94472	60.7764
6.94633	60.8086
6.94793	60.8408
6.94953	60.873
6.95113	60.9053
6.95274	60.9375
6.95434	60.9697
6.95594	61.002
6.95754	61.0342
6.95914	61.0664
6.96075	61.0986
6.96235	61.1309
6.96395	61.1631
6.96555	61.1953
6.96715	61.2275
6.96876	61.2598
6.97036	61.292
6.97196	61.3242
6.97356	61.3564
6.97517	61.3887
6.97677	61.4209
6.97837	61.4531
6.97997	61.4854
6.98157	61.5176
6.98318	61.5498
6.98478	61.582
6.98638	61.6143
6.98798	61.6465
6.98958	61.6787
6.99119	61.7109
6.99279	61.7432
6.99439	61.7754
6.99599	61.8076
6.9976	61.8398
6.9992	61.8721
7.0008	61.9043
7.0024	61.9365
7.004	61.9688
7.00561	62.001
7.00721	62.0332
7.00881	62.0654
7.01041	62.0967
7.01201	62.1279
7.01362	62.1592
7.01522	62.1904
7.01682	62.2217
7.01842	62.2529
7.02003	62.2842
7.02163	62.3154
7.02323	62.3467
7.02483	62.3779
7.02643	62.4092
7.02804	62.4404
7.02964	62.4717
7.03124	62.5029
7.03284	62.5342
7.03444	62.5654
7.03605	62.5967
7.03765	62.6279
7.03925	62.6592
7.04085	62.6904
7.04246	62.7217
7.04406	62.7529
7.04566	62.7842
7.04726	62.8154
7.04886	62.8467
7.05047	62.8779
7.05207	62.9092
7.05367	62.9404
7.05527	62.9717
7.05687	63.0029
7.05848	63.0342
7.06008	63.0654
7.06168	63.0967
7.06328	63.1279
7.06488	63.1592
7.06649	63.1904
7.06809	63.2217
7.06969	63.2529
7.07129	63.2842
7.0729	63.3154
7.0745	63.3467
7.0761	63.3779
7.0777	63.4092
7.0793	63.4404
7.08091	63.4717
7.08251	63.5029
7.08411	63.5342
7.08571	63.5654
7.08731	63.5967
7.08892	63.6279
7.09052	63.6592
7.09212	63.6904
7.09372	63.7217
7.09533	63.7529
7.09693	63.7842
7.09853	63.8154
7.10013	63.8467
7.10173	63.8779
7.10334	63.9092
7.10494	63.9404
7.10654	63.9717
7.10814	64.0029
7.10974	64.0332
7.11135	64.0635
7.11295	64.0938
7.11455	64.124
7.11615	64.1543
7.11776	64.1846
7.11936	64.2148
7.12096	64.2451
7.12256	64.2754
7.12416	64.3057
7.12577	64.3359
7.12737	64.3662
7.12897	64.3965
7.13057	64.4268
7.13217	64.457
7.13378	64.4873
7.13538	64.5176
7.13698	64.5479
7.13858	64.5781
7.14019	64.6084
7.14179	64.6387
7.14339	64.6689
7.14499	64.6992
7.14659	64.7295
7.1482	64.7598
7.1498	64.79
7.1514	64.8203
7.153	64.8506
7.1546	64.8809
7.15621	64.9111
7.15781	64.9414
7.15941	64.9717
7.16101	65.002
7.16262	65.0322
7.16422	65.0625
7.16582	65.0928
7.16742	65.123
7.16902	65.1533
7.17063	65.1836
7.17223	65.2139
7.17383	65.2441
7.17543	65.2744
7.17703	65.3047
7.17864	65.335
7.18024	65.3652
7.18184	65.3955
7.18344	65.4258
7.18504	65.4561
7.18665	65.4863
7.18825	65.5166
7.18985	65.5469
7.19145	65.5771
7.19306	65.6074
7.19466	65.6377
7.19626	65.668
7.19786	65.6982
7.19946	65.7285
7.20107	65.7588
7.20267	65.7891
7.20427	65.8193
7.20587	65.8496
7.20747	65.8799
7.20908	65.9102
7.21068	65.9404
7.21228	65.9707
7.21388	66.001
7.21549	66.0312
7.21709	66.0615
7.21869	66.0908
7.22029	66.1201
7.22189	66.1494
7.2235	66.1787
7.2251	66.208
7.2267	66.2373
7.2283	66.2666
7.2299	66.2959
7.23151	66.3252
7.23311	66.3545
7.23471	66.3838
7.23631	66.4131
7.23792	66.4424
7.23952	66.4717
7.24112	66.501
7.24272	66.5303
7.24432	66.5596
7.24593	66.5889
7.24753	66.6182
7.24913	66.6475
7.25073	66.6768
7.25233	66.7061
7.25394	66.7354
7.25554	66.7646
7.25714	66.7939
7.25874	66.8232
7.26035	66.8525
7.26195	66.8818
7.26355	66.9111
7.26515	66.9404
7.26675	66.9697
7.26836	66.999
7.26996	67.0283
7.27156	67.0576
7.27316	67.0869
7.27476	67.1162
7.27637	67.1455
7.27797	67.1748
7.27957	67.2041
7.28117	67.2334
7.28278	67.2627
7.28438	67.292
7.28598	67.3213
7.28758	67.3506
7.28918	67.3799
7.29079	67.4092
7.29239	67.4385
7.29399	67.4678
7.29559	67.4971
7.29719	67.5264
7.2988	67.5557
7.3004	67.585
7.302	67.6143
7.3036	67.6436
7.30521	67.6729
7.30681	67.7021
7.30841	67.7314
7.31001	67.7607
7.31161	67.79
7.31322	67.8193
7.31482	67.8486
7.31642	67.8779
7.31802	67.9072
7.31962	67.9365
7.32123	67.9658
7.32283	67.9951
7.32443	68.0244
7.32603	68.0537
7.32763	68.083
7.32924	68.1123
7.33084	68.1416
7.33244	68.1709
7.33404	68.2002
7.33565	68.2295
7.33725	68.2588
7.33885	68.2871
7.34045	68.3154
7.34205	68.3438
7.34366	68.3721
7.34526	68.4004
7.34686	68.4287
7.34846	68.457
7.35006	68.4854
7.35167	68.5137
7.35327	68.542
7.35487	68.5703
7.35647	68.5986
7.35808	68.627
7.35968	68.6553
7.36128	68.6836
7.36288	68.7119
7.36448	68.7402
7.36609	68.7686
7.36769	68.7969
7.36929	68.8252
7.37089	68.8535
7.37249	68.8818
7.3741	68.9102
7.3757	68.9385
7.3773	68.9668
7.3789	68.9951
7.38051	69.0234
7.38211	69.0518
7.38371	69.0801
7.38531	69.1084
7.38691	69.1367
7.38852	69.165
7.39012	69.1934
7.39172	69.2217
7.39332	69.25
7.39492	69.2783
7.39653	69.3066
7.39813	69.335
7.39973	69.3633
7.40133	69.3916
7.40294	69.4199
7.40454	69.4482
7.40614	69.4766
7.40774	69.5049
7.40934	69.5332
7.41095	69.5615
7.41255	69.5898
7.41415	69.6182
7.41575	69.6465
7.41735	69.6748
7.41896	69.7031
7.42056	69.7314
7.42216	69.7598
7.42376	69.7881
7.42537	69.8164
7.42697	69.8447
7.42857	69.873
7.43017	69.9014
7.43177	69.9297
7.43338	69.958
7.43498	69.9863
7.43658	70.0146
7.43818	70.043
7.43978	70.0713
7.44139	70.0996
7.44299	70.1279
7.44459	70.1562
7.44619	70.1846
7.44779	70.2129
7.4494	70.2412
7.451	70.2695
7.4526	70.2979
7.4542	70.3262
7.45581	70.3545
7.45741	70.3828
7.45901	70.4111
7.46061	70.4395
7.46221	70.4678
7.46382	70.4961
7.46542	70.5244
7.46702	70.5527
7.46862	70.5811
7.47022	70.6094
7.47183	70.6367
7.47343	70.6641
7.47503	70.6914
7.47663	70.7188
7.47824	70.7461
7.47984	70.7734
7.48144	70.8008
7.48304	70.8281
7.48464	70.8555
7.48625	70.8828
7.48785	70.9102
7.48945	70.9375
7.49105	70.9648
7.49265	70.9922
7.49426	71.0195
7.49586	71.0469
7.49746	71.0742
7.49906	71.1016
7.50067	71.1289
7.50227	71.1562
7.50387	71.1836
7.50547	71.2109
7.50707	71.2383
7.50868	71.2656
7.51028	71.293
7.51188	71.3203
7.51348	71.3477
7.51508	71.375
7.51669	71.4023
7.51829	71.4297
7.51989	71.457
7.52149	71.4844
7.5231	71.5117
7.5247	71.5391
7.5263	71.5664
7.5279	71.5938
7.5295	71.6211
7.53111	71.6484
7.53271	71.6758
7.53431	71.7031
7.53591	71.7305
7.53751	71.7578
7.53912	71.7852
7.54072	71.8125
7.54232	71.8398
7.54392	71.8672
7.54553	71.8945
7.54713	71.9219
7.54873	71.9492
7.55033	71.9766
7.55193	72.0039
7.55354	72.0312
7.55514	72.0586
7.55674	72.0859
7.55834	72.1133
7.55994	72.1406
7.56155	72.168
7.56315	72.1953
7.56475	72.2227
7.56635	72.25
7.56796	72.2773
7.56956	72.3047
7.57116	72.332
7.57276	72.3594
7.57436	72.3867
7.57597	72.4141
7.57757	72.4414
7.57917	72.4688
7.58077	72.4961
7.58237	72.5234
7.58398	72.5508
7.58558	72.5781
7.58718	72.6055
7.58878	72.6328
7.59038	72.6602
7.59199	72.6875
7.59359	72.7148
7.59519	72.7422
7.59679	72.7695
7.5984	72.7969
7.6	72.8242
7.6016	72.8516
7.6032	72.8789
7.6048	72.9062
7.60641	72.9336
7.60801	72.9609
7.60961	72.9883
7.61121	73.0156
7.61281	73.043
7.61442	73.0703
7.61602	73.0977
7.61762	73.125
7.61922	73.1523
7.62083	73.1787
7.62243	73.2051
7.62403	73.2314
7.62563	73.2578
7.62723	73.2842
7.62884	73.3105
7.63044	73.3369
7.63204	73.3633
7.63364	73.3896
7.63524	73.416
7.63685	73.4424
7.63845	73.4688
7.64005	73.4951
7.64165	73.5215
7.64326	73.5479
7.64486	73.5742
7.64646	73.6006
7.64806	73.627
7.64966	73.6533
7.65127	73.6797
7.65287	73.7061
7.65447	73.7324
7.65607	73.7588
7.65767	73.7852
7.65928	73.8115
7.66088	73.8379
7.66248	73.8643
7.66408	73.8906
7.66569	73.917
7.66729	73.9434
7.66889	73.9697
7.67049	73.9961
7.67209	74.0225
7.6737	74.0488
7.6753	74.0752
7.6769	74.1016
7.6785	74.1279
7.6801	74.1543
7.68171	74.1807
7.68331	74.207
7.68491	74.2334
7.68651	74.2598
7.68812	74.2861
7.68972	74.3125
7.69132	74.3389
7.69292	74.3652
7.69452	74.3916
7.69613	74.418
7.69773	74.4443
7.69933	74.4707
7.70093	74.4971
7.70253	74.5234
7.70414	74.5498
7.70574	74.5762
7.70734	74.6025
7.70894	74.6289
7.71054	74.6553
7.71215	74.6816
7.71375	74.708
7.71535	74.7344
7.71695	74.7607
7.71856	74.7871
7.72016	74.8135
7.72176	74.8398
7.72336	74.8662
7.72496	74.8926
7.72657	74.9189
7.72817	74.9453
7.72977	74.9717
7.73137	74.998
7.73297	75.0244
7.73458	75.0508
7.73618	75.0771
7.73778	75.1035
7.73938	75.1299
7.74099	75.1562
7.74259	75.1826
7.74419	75.209
7.74579	75.2354
7.74739	75.2617
7.749	75.2881
7.7506	75.3145
7.7522	75.3408
7.7538	75.3672
7.7554	75.3936
7.75701	75.4199
7.75861	75.4463
7.76021	75.4727
7.76181	75.499
7.76342	75.5254
7.76502	75.5518
7.76662	75.5781
7.76822	75.6045
7.76982	75.6309
7.77143	75.6572
7.77303	75.6836
7.77463	75.71
7.77623	75.7363
7.77783	75.7627
7.77944	75.7891
7.78104	75.8154
7.78264	75.8418
7.78424	75.8672
7.78585	75.8926
7.78745	75.918
7.78905	75.9434
7.79065	75.9688
7.79225	75.9941
7.79386	76.0195
7.79546	76.0449
7.79706	76.0703
7.79866	76.0957
7.80026	76.1211
7.80187	76.1465
7.80347	76.1719
7.80507	76.1973
7.80667	76.2227
7.80828	76.248
7.80988	76.2734
7.81148	76.2988
7.81308	76.3242
7.81468	76.3496
7.81629	76.375
7.81789	76.4004
7.81949	76.4258
7.82109	76.4512
7.82269	76.4766
7.8243	76.502
7.8259	76.5273
7.8275	76.5527
7.8291	76.5781
7.8307	76.6035
7.83231	76.6289
7.83391	76.6543
7.83551	76.6797
7.83711	76.7051
7.83872	76.7305
7.84032	76.7559
7.84192	76.7812
7.84352	76.8066
7.84512	76.832
7.84673	76.8574
7.84833	76.8828
7.84993	76.9082
7.85153	76.9336
7.85313	76.959
7.85474	76.9844
7.85634	77.0098
7.85794	77.0352
7.85954	77.0605
7.86115	77.0859
7.86275	77.1113
7.86435	77.1367
7.86595	77.1621
7.86755	77.1875
7.86916	77.2129
7.87076	77.2383
7.87236	77.2637
7.87396	77.2891
7.87556	77.3145
7.87717	77.3398
7.87877	77.3652
7.88037	77.3906
7.88197	77.416
7.88358	77.4414
7.88518	77.4668
7.88678	77.4922
7.88838	77.5176
7.88998	77.543
7.89159	77.5684
7.89319	77.5938
7.89479	77.6191
7.89639	77.6445
7.89799	77.6699
7.8996	77.6953
7.9012	77.7207
7.9028	77.7461
7.9044	77.7715
7.90601	77.7969
7.90761	77.8223
7.90921	77.8477
7.91081	77.873
7.91241	77.8984
7.91402	77.9238
7.91562	77.9492
7.91722	77.9746
7.91882	78
7.92042	78.0254
7.92203	78.0508
7.92363	78.0762
7.92523	78.1016
7.92683	78.127
7.92844	78.1523
7.93004	78.1777
7.93164	78.2031
7.93324	78.2285
7.93484	78.2539
7.93645	78.2793
7.93805	78.3047
7.93965	78.3301
7.94125	78.3555
7.94285	78.3809
7.94446	78.4062
7.94606	78.4316
7.94766	78.457
7.94926	78.4824
7.95087	78.5078
7.95247	78.5332
7.95407	78.5586
7.95567	78.584
7.95727	78.6094
7.95888	78.6348
7.96048	78.6602
7.96208	78.6855
7.96368	78.7109
7.96528	78.7363
7.96689	78.7617
7.96849	78.7861
7.97009	78.8105
7.97169	78.835
7.97329	78.8594
7.9749	78.8838
7.9765	78.9082
7.9781	78.9326
7.9797	78.957
7.98131	78.9814
7.98291	79.0059
7.98451	79.0303
7.98611	79.0547
7.98771	79.0791
7.98932	79.1035
7.99092	79.1279
7.99252	79.1523
7.99412	79.1768
7.99572	79.2012
7.99733	79.2256
7.99893	79.25
8.00053	79.2744
8.00213	79.2988
8.00374	79.3232
8.00534	79.3477
8.00694	79.3721
8.00854	79.3965
8.01014	79.4209
8.01175	79.4453
8.01335	79.4697
8.01495	79.4941
8.01655	79.5186
8.01815	79.543
8.01976	79.5674
8.02136	79.5918
8.02296	79.6162
8.02456	79.6406
8.02617	79.665
8.02777	79.6895
8.02937	79.7139
8.03097	79.7383
8.03257	79.7627
8.03418	79.7871
8.03578	79.8115
8.03738	79.8359
8.03898	79.8604
8.04058	79.8848
8.04219	79.9092
8.04379	79.9336
8.04539	79.958
8.04699	79.9824
8.0486	80.0068
8.0502	80.0312
8.0518	80.0557
8.0534	80.0801
8.055	80.1045
8.05661	80.1289
8.05821	80.1533
8.05981	80.1777
8.06141	80.2021
8.06301	80.2266
8.06462	80.251
8.06622	80.2754
8.06782	80.2998
8.06942	80.3242
8.07103	80.3486
8.07263	80.373
8.07423	80.3975
8.07583	80.4219
8.07743	80.4463
8.07904	80.4707
8.08064	80.4951
8.08224	80.5195
8.08384	80.5439
8.08544	80.5684
8.08705	80.5928
8.08865	80.6172
8.09025	80.6416
8.09185	80.666
8.09345	80.6904
8.09506	80.7148
8.09666	80.7393
8.09826	80.7637
8.09986	80.7881
8.10147	80.8125
8.10307	80.8369
8.10467	80.8613
8.10627	80.8857
8.10787	80.9102
8.10948	80.9346
8.11108	80.959
8.11268	80.9834
8.11428	81.0078
8.11588	81.0322
8.11749	81.0566
8.11909	81.0811
8.12069	81.1055
8.12229	81.1299
8.1239	81.1543
8.1255	81.1787
8.1271	81.2031
8.1287	81.2275
8.1303	81.252
8.13191	81.2764
8.13351	81.3008
8.13511	81.3252
8.13671	81.3496
8.13831	81.374
8.13992	81.3984
8.14152	81.4229
8.14312	81.4473
8.14472	81.4717
8.14633	81.4961
8.14793	81.5205
8.14953	81.5449
8.15113	81.5693
8.15273	81.5938
8.15434	81.6182
8.15594	81.6426
8.15754	81.667
8.15914	81.6914
8.16074	81.7158
8.16235	81.7402
8.16395	81.7646
8.16555	81.7891
8.16715	81.8135
8.16876	81.8379
8.17036	81.8623
8.17196	81.8867
8.17356	81.9111
8.17516	81.9346
8.17677	81.958
8.17837	81.9814
8.17997	82.0049
8.18157	82.0283
8.18317	82.0518
8.18478	82.0752
8.18638	82.0986
8.18798	82.1221
8.18958	82.1455
8.19119	82.1689
8.19279	82.1924
8.19439	82.2158
8.19599	82.2393
8.19759	82.2627
8.1992	82.2861
8.2008	82.3096
8.2024	82.333
8.204	82.3564
8.2056	82.3799
8.20721	82.4033
8.20881	82.4268
8.21041	82.4502
8.21201	82.4736
8.21362	82.4971
8.21522	82.5205
8.21682	82.5439
8.21842	82.5674
8.22002	82.5908
8.22163	82.6143
8.22323	82.6377
8.22483	82.6611
8.22643	82.6846
8.22803	82.708
8.22964	82.7314
8.23124	82.7549
8.23284	82.7783
8.23444	82.8018
8.23604	82.8252
8.23765	82.8486
8.23925	82.8721
8.24085	82.8955
8.24245	82.9189
8.24406	82.9424
8.24566	82.9658
8.24726	82.9893
8.24886	83.0127
8.25046	83.0361
8.25207	83.0596
8.25367	83.083
8.25527	83.1064
8.25687	83.1299
8.25847	83.1533
8.26008	83.1768
8.26168	83.2002
8.26328	83.2236
8.26488	83.2471
8.26649	83.2705
8.26809	83.2939
8.26969	83.3174
8.27129	83.3408
8.27289	83.3643
8.2745	83.3877
8.2761	83.4111
8.2777	83.4346
8.2793	83.458
8.2809	83.4814
8.28251	83.5049
8.28411	83.5283
8.28571	83.5518
8.28731	83.5752
8.28892	83.5986
8.29052	83.6221
8.29212	83.6455
8.29372	83.6689
8.29532	83.6924
8.29693	83.7158
8.29853	83.7393
8.30013	83.7627
8.30173	83.7861
8.30333	83.8096
8.30494	83.833
8.30654	83.8564
8.30814	83.8799
8.30974	83.9033
8.31135	83.9268
8.31295	83.9502
8.31455	83.9736
8.31615	83.9971
8.31775	84.0205
8.31936	84.0439
8.32096	84.0674
8.32256	84.0908
8.32416	84.1143
8.32576	84.1377
8.32737	84.1611
8.32897	84.1846
8.33057	84.208
8.33217	84.2314
8.33378	84.2549
8.33538	84.2783
8.33698	84.3018
8.33858	84.3252
8.34018	84.3486
8.34179	84.3721
8.34339	84.3955
8.34499	84.4189
8.34659	84.4424
8.34819	84.4658
8.3498	84.4893
8.3514	84.5127
8.353	84.5361
8.3546	84.5596
8.3562	84.583
8.35781	84.6064
8.35941	84.6299
8.36101	84.6533
8.36261	84.6768
8.36422	84.7002
8.36582	84.7236
8.36742	84.7471
8.36902	84.7705
8.37062	84.7939
8.37223	84.8174
8.37383	84.8408
8.37543	84.8643
8.37703	84.8877
8.37863	84.9111
8.38024	84.9346
8.38184	84.958
8.38344	84.9814
8.38504	85.0049
8.38665	85.0283
8.38825	85.0518
8.38985	85.0752
8.39145	85.0986
8.39305	85.1221
8.39466	85.1455
8.39626	85.1689
8.39786	85.1924
8.39946	85.2158
8.40106	85.2393
8.40267	85.2627
8.40427	85.2861
8.40587	85.3096
8.40747	85.333
8.40908	85.3555
8.41068	85.3779
8.41228	85.4004
8.41388	85.4229
8.41548	85.4453
8.41709	85.4678
8.41869	85.4902
8.42029	85.5127
8.42189	85.5352
8.42349	85.5576
8.4251	85.5801
8.4267	85.6025
8.4283	85.625
8.4299	85.6475
8.43151	85.6699
8.43311	85.6924
8.43471	85.7148
8.43631	85.7373
8.43791	85.7598
8.43952	85.7822
8.44112	85.8047
8.44272	85.8271
8.44432	85.8496
8.44592	85.8721
8.44753	85.8945
8.44913	85.917
8.45073	85.9395
8.45233	85.9619
8.45394	85.9844
8.45554	86.0068
8.45714	86.0293
8.45874	86.0518
8.46034	86.0742
8.46195	86.0967
8.46355	86.1191
8.46515	86.1416
8.46675	86.1641
8.46835	86.1865
8.46996	86.209
8.47156	86.2314
8.47316	86.2539
8.47476	86.2764
8.47636	86.2988
8.47797	86.3213
8.47957	86.3438
8.48117	86.3662
8.48277	86.3887
8.48438	86.4111
8.48598	86.4336
8.48758	86.4561
8.48918	86.4785
8.49078	86.501
8.49239	86.5234
8.49399	86.5459
8.49559	86.5684
8.49719	86.5908
8.49879	86.6133
8.5004	86.6357
8.502	86.6582
8.5036	86.6807
8.5052	86.7031
8.50681	86.7256
8.50841	86.748
8.51001	86.7705
8.51161	86.793
8.51321	86.8154
8.51482	86.8379
8.51642	86.8604
8.51802	86.8828
8.51962	86.9053
8.52122	86.9277
8.52283	86.9502
8.52443	86.9727
8.52603	86.9951
8.52763	87.0176
8.52924	87.04
8.53084	87.0625
8.53244	87.085
8.53404	87.1074
8.53564	87.1299
8.53725	87.1523
8.53885	87.1748
8.54045	87.1973
8.54205	87.2197
8.54365	87.2422
8.54526	87.2646
8.54686	87.2871
8.54846	87.3096
8.55006	87.332
8.55167	87.3545
8.55327	87.377
8.55487	87.3994
8.55647	87.4219
8.55807	87.4443
8.55968	87.4668
8.56128	87.4893
8.56288	87.5117
8.56448	87.5342
8.56608	87.5566
8.56769	87.5791
8.56929	87.6016
8.57089	87.624
8.57249	87.6465
8.5741	87.6689
8.5757	87.6914
8.5773	87.7139
8.5789	87.7363
8.5805	87.7588
8.58211	87.7812
8.58371	87.8037
8.58531	87.8262
8.58691	87.8486
8.58851	87.8711
8.59012	87.8936
8.59172	87.916
8.59332	87.9385
8.59492	87.9609
8.59653	87.9834
8.59813	88.0059
8.59973	88.0283
8.60133	88.0508
8.60293	88.0732
8.60454	88.0957
8.60614	88.1182
8.60774	88.1406
8.60934	88.1631
8.61094	88.1855
8.61255	88.208
8.61415	88.2305
8.61575	88.2529
8.61735	88.2754
8.61895	88.2979
8.62056	88.3203
8.62216	88.3428
8.62376	88.3652
8.62536	88.3877
8.62697	88.4102
8.62857	88.4326
8.63017	88.4551
8.63177	88.4775
8.63337	88.5
8.63498	88.5225
8.63658	88.5449
8.63818	88.5674
8.63978	88.5898
8.64138	88.6123
8.64299	88.6348
8.64459	88.6572
8.64619	88.6797
8.64779	88.7021
8.6494	88.7246
8.651	88.7471
8.6526	88.7695
8.6542	88.792
8.6558	88.8145
8.65741	88.8369
8.65901	88.8594
8.66061	88.8818
8.66221	88.9043
8.66381	88.9268
8.66542	88.9492
8.66702	88.9717
8.66862	88.9941
8.67022	89.0166
8.67183	89.0391
8.67343	89.0605
8.67503	89.082
8.67663	89.1035
8.67823	89.125
8.67984	89.1465
8.68144	89.168
8.68304	89.1895
8.68464	89.2109
8.68624	89.2324
8.68785	89.2539
8.68945	89.2754
8.69105	89.2969
8.69265	89.3184
8.69426	89.3398
8.69586	89.3613
8.69746	89.3828
8.69906	89.4043
8.70066	89.4258
8.70227	89.4473
8.70387	89.4688
8.70547	89.4902
8.70707	89.5117
8.70867	89.5332
8.71028	89.5547
8.71188	89.5762
8.71348	89.5977
8.71508	89.6191
8.71669	89.6406
8.71829	89.6621
8.71989	89.6836
8.72149	89.7051
8.72309	89.7266
8.7247	89.748
8.7263	89.7695
8.7279	89.791
8.7295	89.8125
8.7311	89.834
8.73271	89.8555
8.73431	89.877
8.73591	89.8984
8.73751	89.9199
8.73911	89.9414
8.74072	89.9629
8.74232	89.9844
8.74392	90.0059
8.74552	90.0273
8.74713	90.0488
8.74873	90.0703
8.75033	90.0918
8.75193	90.1133
8.75353	90.1348
8.75514	90.1562
8.75674	90.1777
8.75834	90.1992
8.75994	90.2207
8.76154	90.2422
8.76315	90.2637
8.76475	90.2852
8.76635	90.3066
8.76795	90.3281
8.76956	90.3496
8.77116	90.3711
8.77276	90.3926
8.77436	90.4141
8.77596	90.4355
8.77757	90.457
8.77917	90.4785
8.78077	90.5
8.78237	90.5215
8.78397	90.543
8.78558	90.5645
8.78718	90.5859
8.78878	90.6074
8.79038	90.6289
8.79199	90.6504
8.79359	90.6719
8.79519	90.6934
8.79679	90.7148
8.79839	90.7363
8.8	90.7578
8.8016	90.7793
8.8032	90.8008
8.8048	90.8223
8.8064	90.8438
8.80801	90.8652
8.80961	90.8867
8.81121	90.9082
8.81281	90.9297
8.81442	90.9512
8.81602	90.9727
8.81762	90.9941
8.81922	91.0156
8.82082	91.0371
8.82243	91.0586
8.82403	91.0801
8.82563	91.1016
8.82723	91.123
8.82883	91.1445
8.83044	91.166
8.83204	91.1875
8.83364	91.209
8.83524	91.2305
8.83685	91.252
8.83845	91.2734
8.84005	91.2949
8.84165	91.3164
8.84325	91.3379
8.84486	91.3594
8.84646	91.3809
8.84806	91.4023
8.84966	91.4238
8.85126	91.4453
8.85287	91.4668
8.85447	91.4883
8.85607	91.5098
8.85767	91.5312
8.85928	91.5527
8.86088	91.5742
8.86248	91.5957
8.86408	91.6172
8.86568	91.6387
8.86729	91.6602
8.86889	91.6816
8.87049	91.7031
8.87209	91.7246
8.87369	91.7461
8.8753	91.7676
8.8769	91.7891
8.8785	91.8105
8.8801	91.832
8.8817	91.8535
8.88331	91.875
8.88491	91.8965
8.88651	91.918
8.88811	91.9395
8.88972	91.9609
8.89132	91.9824
8.89292	92.0039
8.89452	92.0254
8.89612	92.0469
8.89773	92.0684
8.89933	92.0898
8.90093	92.1113
8.90253	92.1328
8.90413	92.1543
8.90574	92.1758
8.90734	92.1973
8.90894	92.2188
8.91054	92.2402
8.91215	92.2617
8.91375	92.2832
8.91535	92.3047
8.91695	92.3262
8.91855	92.3477
8.92016	92.3691
8.92176	92.3906
8.92336	92.4121
8.92496	92.4336
8.92656	92.4551
8.92817	92.4766
8.92977	92.498
8.93137	92.5195
8.93297	92.541
8.93458	92.5625
8.93618	92.584
8.93778	92.6055
8.93938	92.627
8.94098	92.6484
8.94259	92.6699
8.94419	92.6914
8.94579	92.7129
8.94739	92.7344
8.94899	92.7559
8.9506	92.7773
8.9522	92.7988
8.9538	92.8203
8.9554	92.8418
8.95701	92.8633
8.95861	92.8848
8.96021	92.9062
8.96181	92.9277
8.96341	92.9492
8.96502	92.9707
8.96662	92.9922
8.96822	93.0137
8.96982	93.0352
8.97142	93.0566
8.97303	93.0781
8.97463	93.0986
8.97623	93.1191
8.97783	93.1396
8.97944	93.1602
8.98104	93.1807
8.98264	93.2012
8.98424	93.2217
8.98584	93.2422
8.98745	93.2627
8.98905	93.2832
8.99065	93.3037
8.99225	93.3242
8.99385	93.3447
8.99546	93.3652
8.99706	93.3857
8.99866	93.4062
9.00026	93.4268
9.00186	93.4473
9.00347	93.4678
9.00507	93.4883
9.00667	93.5088
9.00827	93.5293
9.00988	93.5498
9.01148	93.5703
9.01308	93.5908
9.01468	93.6113
9.01628	93.6318
9.01789	93.6523
9.01949	93.6729
9.02109	93.6934
9.02269	93.7139
9.02429	93.7344
9.0259	93.7549
9.0275	93.7754
9.0291	93.7959
9.0307	93.8164
9.03231	93.8369
9.03391	93.8574
9.03551	93.8779
9.03711	93.8984
9.03952	91.9141
9.04032	90.5
9.04112	89.6689
9.04193	88.9199
9.04273	88.1719
9.04353	87.4229
9.04433	86.6738
9.04513	85.9258
9.04593	85.1768
9.04673	84.4287
9.04753	83.6797
9.04833	82.9307
9.04914	82.1826
9.04994	81.4336
9.05074	80.6855
9.05154	79.9365
9.05234	79.1875
9.05314	78.4395
9.05394	77.6904
9.05474	76.9424
9.05554	76.1934
9.05634	75.4453
9.05715	74.6963
9.05795	73.9473
9.05875	73.1992
9.05955	72.4502
9.06035	71.7021
9.06115	70.9531
9.06195	70.2041
9.06275	69.4561
9.06355	68.707
9.06436	67.959
9.06516	67.21
9.06596	66.4609
9.06676	65.7129
9.06756	64.9639
9.06836	64.2158
9.06916	63.4668
9.06996	62.7188
9.07076	61.9697
9.07157	61.2207
9.07237	60.4727
9.07317	59.7236
9.07397	58.9756
9.07477	58.2266
9.07557	57.4775
9.07637	56.7295
9.07717	55.9805
9.07797	55.2324
9.07877	54.4834
9.07958	53.7344
9.08038	52.9863
9.08118	52.2373
9.08198	51.4893
9.08278	50.7402
9.08358	49.9922
9.08438	49.2432
9.08518	48.4941
9.08598	47.7461
9.08679	46.9971
9.08759	45.25
9.08839	44.4766
9.09158	45.25
9.09158	45.2939
9.09319	45.3379
9.09479	45.3818
9.09639	45.4258
9.09799	45.4697
9.0996	45.5137
9.1012	45.5566
9.1028	45.5996
9.1044	45.6426
9.106	45.6855
9.10761	45.7285
9.10921	45.7715
9.1176	45.8145
9.1192	45.8574
9.1208	45.9004
9.1224	45.9434
9.12401	45.9863
9.12561	46.0293
9.12721	46.0723
9.12881	46.1152
9.13041	46.1582
9.13202	46.2012
9.13362	46.2441
9.13522	46.2871
9.13682	46.3301
9.13842	46.373
9.14003	46.416
9.14163	46.459
9.14323	46.502
9.14483	46.5449
9.14644	46.5869
9.14804	46.6289
9.14964	46.6709
9.15124	46.7129
9.15284	46.7549
9.15445	46.7969
9.15605	46.8389
9.15765	46.8809
9.15925	46.9229
9.16085	46.9648
9.16246	47.0068
9.16406	47.0488
9.16566	47.0908
9.16726	47.1328
9.16887	47.1748
9.17047	47.2168
9.17207	47.2588
9.17367	47.3008
9.17527	47.3428
9.17688	47.3848
9.17848	47.4268
9.18008	47.4688
9.18168	47.5107
9.18328	47.5527
9.18489	47.5947
9.18649	47.6367
9.18809	47.6777
9.18969	47.7188
9.1913	47.7598
9.1929	47.8008
9.1945	47.8418
9.1961	47.8828
9.1977	47.9238
9.19931	47.9648
9.20091	48.0059
9.20251	48.0469
9.20411	48.0879
9.20571	48.1289
9.20732	48.1699
9.20892	48.2109
9.21052	48.252
9.21212	48.293
9.21373	48.334
9.21533	48.375
9.21693	48.416
9.21853	48.457
9.22013	48.498
9.22174	48.5391
9.22334	48.5801
9.22494	48.6211
9.22654	48.6621
9.22814	48.7031
9.22975	48.7441
9.23135	48.7852
9.23295	48.8252
9.23455	48.8652
9.23616	48.9053
9.23776	48.9453
9.23936	48.9854
9.24096	49.0254
9.24256	49.0654
9.24417	49.1055
9.24577	49.1455
9.24737	49.1855
9.24897	49.2256
9.25057	49.2656
9.25218	49.3057
9.25378	49.3457
9.25538	49.3857
9.25698	49.4258
9.25859	49.4658
9.26019	49.5059
9.26179	49.5459
9.26339	49.5859
9.26499	49.626
9.2666	49.666
9.2682	49.7061
9.2698	49.7461
9.2714	49.7861
9.273	49.8262
9.27461	49.8662
9.27621	49.9062
9.27781	49.9463
9.27941	49.9854
9.28101	50.0244
9.28262	50.0635
9.28422	50.1025
9.28582	50.1416
9.28742	50.1807
9.28903	50.2197
9.29063	50.2588
9.29223	50.2979
9.29383	50.3369
9.29543	50.376
9.29704	50.415
9.29864	50.4541
9.30024	50.4932
9.30184	50.5322
9.30344	50.5713
9.30505	50.6104
9.30665	50.6494
9.30825	50.6885
9.30985	50.7275
9.31146	50.7666
9.31306	50.8057
9.31466	50.8447
9.31626	50.8838
9.31786	50.9229
9.31947	50.9619
9.32107	51.001
9.32267	51.04
9.32427	51.0791
9.32587	51.1182
9.32748	51.1572
9.32908	51.1963
9.33068	51.2344
9.33228	51.2725
9.33389	51.3105
9.33549	51.3486
9.33709	51.3867
9.33869	51.4248
9.34029	51.4629
9.3419	51.501
9.3435	51.5391
9.3451	51.5771
9.3467	51.6152
9.3483	51.6533
9.34991	51.6914
9.35151	51.7295
9.35311	51.7676
9.35471	51.8057
9.35632	51.8438
9.35792	51.8818
9.35952	51.9199
9.36112	51.958
9.36272	51.9961
9.36433	52.0342
9.36593	52.0723
9.36753	52.1104
9.36913	52.1484
9.37073	52.1865
9.37234	52.2246
9.37394	52.2627
9.37554	52.3008
9.37714	52.3389
9.37875	52.377
9.38035	52.415
9.38195	52.4531
9.38355	52.4912
9.38515	52.5293
9.38676	52.5664
9.38836	52.6035
9.38996	52.6406
9.39156	52.6777
9.39316	52.7148
9.39477	52.752
9.39637	52.7891
9.39797	52.8262
9.39957	52.8633
9.40117	52.9004
9.40278	52.9375
9.40438	52.9746
9.40598	53.0117
9.40758	53.0488
9.40919	53.0859
9.41079	53.123
9.41239	53.1602
9.41399	53.1973
9.41559	53.2344
9.4172	53.2715
9.4188	53.3086
9.4204	53.3457
9.422	53.3828
9.4236	53.4199
9.42521	53.457
9.42681	53.4941
9.42841	53.5312
9.43001	53.5684
9.43162	53.6055
9.43322	53.6426
9.43482	53.6797
9.43642	53.7168
9.43802	53.7539
9.43963	53.791
9.44123	53.8281
9.44283	53.8652
9.44443	53.9023
9.44603	53.9385
9.44764	53.9746
9.44924	54.0107
9.45084	54.0469
9.45244	54.083
9.45405	54.1191
9.45565	54.1553
9.45725	54.1914
9.45885	54.2275
9.46045	54.2637
9.46206	54.2998
9.46366	54.3359
9.46526	54.3721
9.46686	54.4082
9.46846	54.4443
9.47007	54.4805
9.47167	54.5166
9.47327	54.5527
9.47487	54.5889
9.47648	54.625
9.47808	54.6611
9.47968	54.6973
9.48128	54.7334
9.48288	54.7695
9.48449	54.8057
9.48609	54.8418
9.48769	54.8779
9.48929	54.9141
9.49089	54.9502
9.4925	54.9863
9.4941	55.0225
9.4957	55.0586
9.4973	55.0947
9.49891	55.1309
9.50051	55.167
9.50211	55.2031
9.50371	55.2393
9.50531	55.2754
9.50692	55.3115
9.50852	55.3477
9.51012	55.3828
9.51172	55.418
9.51332	55.4531
9.51493	55.4883
9.51653	55.5234
9.51813	55.5586
9.51973	55.5938
9.52134	55.6289
9.52294	55.6641
9.52454	55.6992
9.52614	55.7344
9.52774	55.7695
9.52935	55.8047
9.53095	55.8398
9.53255	55.875
9.53415	55.9102
9.53575	55.9453
9.53736	55.9805
9.53896	56.0156
9.54056	56.0508
9.54216	56.0859
9.54376	56.1211
9.54537	56.1562
9.54697	56.1914
9.54857	56.2266
9.55017	56.2617
9.55178	56.2969
9.55338	56.332
9.55498	56.3672
9.55658	56.4023
9.55818	56.4375
9.55979	56.4727
9.56139	56.5078
9.56299	56.543
9.56459	56.5781
9.56619	56.6133
9.5678	56.6484
9.5694	56.6836
9.571	56.7188
9.5726	56.7539
9.57421	56.7891
9.57581	56.8242
9.57741	56.8594
9.57901	56.8945
9.58061	56.9287
9.58222	56.9629
9.58382	56.9971
9.58542	57.0312
9.58702	57.0654
9.58862	57.0996
9.59023	57.1338
9.59183	57.168
9.59343	57.2021
9.59503	57.2363
9.59664	57.2705
9.59824	57.3047
9.59984	57.3389
9.60144	57.373
9.60304	57.4072
9.60465	57.4414
9.60625	57.4756
9.60785	57.5098
9.60945	57.5439
9.61105	57.5781
9.61266	57.6123
9.61426	57.6465
9.61586	57.6807
9.61746	57.7148
9.61907	57.749
9.62067	57.7832
9.62227	57.8174
9.62387	57.8516
9.62547	57.8857
9.62708	57.9199
9.62868	57.9541
9.63028	57.9883
9.63188	58.0225
9.63348	58.0566
9.63509	58.0908
9.63669	58.125
9.63829	58.1592
9.63989	58.1934
9.6415	58.2275
9.6431	58.2617
9.6447	58.2959
9.6463	58.3301
9.6479	58.3643
9.64951	58.3984
9.65111	58.4326
9.65271	58.4668
9.65431	58.501
9.65591	58.5352
9.65752	58.5684
9.65912	58.6016
9.66072	58.6348
9.66232	58.668
9.66392	58.7012
9.66553	58.7344
9.66713	58.7676
9.66873	58.8008
9.67033	58.834
9.67194	58.8672
9.67354	58.9004
9.67514	58.9336
9.67674	58.9668
9.67834	59
9.67995	59.0332
9.68155	59.0664
9.68315	59.0996
9.68475	59.1328
9.68635	59.166
9.68796	59.1992
9.68956	59.2324
9.69116	59.2656
9.69276	59.2988
9.69437	59.332
9.69597	59.3652
9.69757	59.3984
9.69917	59.4316
9.70077	59.4648
9.70238	59.498
9.70398	59.5312
9.70558	59.5645
9.70718	59.5977
9.70878	59.6309
9.71039	59.6641
9.71199	59.6973
9.71359	59.7305
9.71519	59.7637
9.7168	59.7969
9.7184	59.8301
9.72	59.8633
9.7216	59.8965
9.7232	59.9297
9.72481	59.9629
9.72641	59.9961
9.72801	60.0293
9.72961	60.0625
9.73121	60.0957
9.73282	60.1289
9.73442	60.1621
9.73602	60.1953
9.73762	60.2285
9.73923	60.2607
9.74083	60.293
9.74243	60.3252
9.74403	60.3574
9.74563	60.3896
9.74724	60.4219
9.74884	60.4541
9.75044	60.4863
9.75204	60.5186
9.75364	60.5508
9.75525	60.583
9.75685	60.6152
9.75845	60.6475
9.76005	60.6797
9.76166	60.7119
9.76326	60.7441
9.76486	60.7764
9.76646	60.8086
9.76806	60.8408
9.76967	60.873
9.77127	60.9053
9.77287	60.9375
9.77447	60.9697
9.77607	61.002
9.77768	61.0342
9.77928	61.0664
9.78088	61.0986
9.78248	61.1309
9.78408	61.1631
9.78569	61.1953
9.78729	61.2275
9.78889	61.2598
9.79049	61.292
9.7921	61.3242
9.7937	61.3564
9.7953	61.3887
9.7969	61.4209
9.7985	61.4531
9.80011	61.4854
9.80171	61.5176
9.80331	61.5498
9.80491	61.582
9.80651	61.6143
9.80812	61.6465
9.80972	61.6787
9.81132	61.7109
9.81292	61.7432
9.81453	61.7754
9.81613	61.8076
9.81773	61.8398
9.81933	61.8721
9.82093	61.9043
9.82254	61.9365
9.82414	61.9688
9.82574	62.001
9.82734	62.0332
9.82894	62.0654
9.83055	62.0967
9.83215	62.1279
9.83375	62.1592
9.83535	62.1904
9.83696	62.2217
9.83856	62.2529
9.84016	62.2842
9.84176	62.3154
9.84336	62.3467
9.84497	62.3779
9.84657	62.4092
9.84817	62.4404
9.84977	62.4717
9.85137	62.5029
9.85298	62.5342
9.85458	62.5654
9.85618	62.5967
9.85778	62.6279
9.85939	62.6592
9.86099	62.6904
9.86259	62.7217
9.86419	62.7529
9.86579	62.7842
9.8674	62.8154
9.869	62.8467
9.8706	62.8779
9.8722	62.9092
9.8738	62.9404
9.87541	62.9717
9.87701	63.0029
9.87861	63.0342
9.88021	63.0654
9.88182	63.0967
9.88342	63.1279
9.88502	63.1592
9.88662	63.1904
9.88822	63.2217
9.88983	63.2529
9.89143	63.2842
9.89303	63.3154
9.89463	63.3467
9.89623	63.3779
9.89784	63.4092
9.89944	63.4404
9.90104	63.4717
9.90264	63.5029
9.90425	63.5342
9.90585	63.5654
9.90745	63.5967
9.90905	63.6279
9.91065	63.6592
9.91226	63.6904
9.91386	63.7217
9.91546	63.7529
9.91706	63.7842
9.91866	63.8154
9.92027	63.8467
9.92187	63.8779
9.92347	63.9092
9.92507	63.9404
9.92667	63.9717
9.92828	64.0029
9.92988	64.0332
9.93148	64.0635
9.93308	64.0938
9.93469	64.124
9.93629	64.1543
9.93789	64.1846
9.93949	64.2148
9.94109	64.2451
9.9427	64.2754
9.9443	64.3057
9.9459	64.3359
9.9475	64.3662
9.9491	64.3965
9.95071	64.4268
9.95231	64.457
9.95391	64.4873
9.95551	64.5176
9.95712	64.5479
9.95872	64.5781
9.96032	64.6084
9.96192	64.6387
9.96352	64.6689
9.96513	64.6992
9.96673	64.7295
9.96833	64.7598
9.96993	64.79
9.97153	64.8203
9.97314	64.8506
9.97474	64.8809
9.97634	64.9111
9.97794	64.9414
9.97955	64.9717
9.98115	65.002
9.98275	65.0322
9.98435	65.0625
9.98595	65.0928
9.98756	65.123
9.98916	65.1533
9.99076	65.1836
9.99236	65.2139
9.99396	65.2441
9.99557	65.2744
9.99717	65.3047
9.99877	65.335
10.0004	65.3652
10.002	65.3955
10.0036	65.4258
10.0052	65.4561
10.0068	65.4863
10.0084	65.5166
10.01	65.5469
10.0116	65.5771
10.0132	65.6074
10.0148	65.6377
10.0164	65.668
10.018	65.6982
10.0196	65.7285
10.0212	65.7588
10.0228	65.7891
10.0244	65.8193
10.026	65.8496
10.0276	65.8799
10.0292	65.9102
10.0308	65.9404
10.0324	65.9707
10.034	66.001
10.0356	66.0312
10.0372	66.0615
10.0388	66.0908
10.0404	66.1201
10.042	66.1494
10.0436	66.1787
10.0452	66.208
10.0468	66.2373
10.0484	66.2666
10.05	66.2959
10.0516	66.3252
10.0532	66.3545
10.0548	66.3838
10.0564	66.4131
10.058	66.4424
10.0597	66.4717
10.0613	66.501
10.0629	66.5303
10.0645	66.5596
10.0661	66.5889
10.0677	66.6182
10.0693	66.6475
10.0709	66.6768
10.0725	66.7061
10.0741	66.7354
10.0757	66.7646
10.0773	66.7939
10.0789	66.8232
10.0805	66.8525
10.0821	66.8818
10.0837	66.9111
10.0853	66.9404
10.0869	66.9697
10.0885	66.999
10.0901	67.0283
10.0917	67.0576
10.0933	67.0869
10.0949	67.1162
10.0965	67.1455
10.0981	67.1748
10.0997	67.2041
10.1013	67.2334
10.1029	67.2627
10.1045	67.292
10.1061	67.3213
10.1077	67.3506
10.1093	67.3799
10.1109	67.4092
10.1125	67.4385
10.1141	67.4678
10.1157	67.4971
10.1173	67.5264
10.1189	67.5557
10.1205	67.585
10.1221	67.6143
10.1237	67.6436
10.1253	67.6729
10.1269	67.7021
10.1285	67.7314
10.1301	67.7607
10.1317	67.79
10.1334	67.8193
10.135	67.8486
10.1366	67.8779
10.1382	67.9072
10.1398	67.9365
10.1414	67.9658
10.143	67.9951
10.1446	68.0244
10.1462	68.0537
10.1478	68.083
10.1494	68.1123
10.151	68.1416
10.1526	68.1709
10.1542	68.2002
10.1558	68.2295
10.1574	68.2588
10.159	68.2871
10.1606	68.3154
10.1622	68.3438
10.1638	68.3721
10.1654	68.4004
10.167	68.4287
10.1686	68.457
10.1702	68.4854
10.1718	68.5137
10.1734	68.542
10.175	68.5703
10.1766	68.5986
10.1782	68.627
10.1798	68.6553
10.1814	68.6836
10.183	68.7119
10.1846	68.7402
10.1862	68.7686
10.1878	68.7969
10.1894	68.8252
10.191	68.8535
10.1926	68.8818
10.1942	68.9102
10.1958	68.9385
10.1974	68.9668
10.199	68.9951
10.2006	69.0234
10.2022	69.0518
10.2038	69.0801
10.2054	69.1084
10.207	69.1367
10.2087	69.165
10.2103	69.1934
10.2119	69.2217
10.2135	69.25
10.2151	69.2783
10.2167	69.3066
10.2183	69.335
10.2199	69.3633
10.2215	69.3916
10.2231	69.4199
10.2247	69.4482
10.2263	69.4766
10.2279	69.5049
10.2295	69.5332
10.2311	69.5615
10.2327	69.5898
10.2343	69.6182
10.2359	69.6465
10.2375	69.6748
10.2391	69.7031
10.2407	69.7314
10.2423	69.7598
10.2439	69.7881
10.2455	69.8164
10.2471	69.8447
10.2487	69.873
10.2503	69.9014
10.2519	69.9297
10.2535	69.958
10.2551	69.9863
10.2567	70.0146
10.2583	70.043
10.2599	70.0713
10.2615	70.0996
10.2631	70.1279
10.2647	70.1562
10.2663	70.1846
10.2679	70.2129
10.2695	70.2412
10.2711	70.2695
10.2727	70.2979
10.2743	70.3262
10.2759	70.3545
10.2775	70.3828
10.2791	70.4111
10.2807	70.4395
10.2823	70.4678
10.284	70.4961
10.2856	70.5244
10.2872	70.5527
10.2888	70.5811
10.2904	70.6094
10.292	70.6367
10.2936	70.6641
10.2952	70.6914
10.2968	70.7188
10.2984	70.7461
10.3	70.7734
10.3016	70.8008
10.3032	70.8281
10.3048	70.8555
10.3064	70.8828
10.308	70.9102
10.3096	70.9375
10.3112	70.9648
10.3128	70.9922
10.3144	71.0195
10.316	71.0469
10.3176	71.0742
10.3192	71.1016
10.3208	71.1289
10.3224	71.1562
10.324	71.1836
10.3256	71.2109
10.3272	71.2383
10.3288	71.2656
10.3304	71.293
10.332	71.3203
10.3336	71.3477
10.3352	71.375
10.3368	71.4023
10.3384	71.4297
10.34	71.457
10.3416	71.4844
10.3432	71.5117
10.3448	71.5391
10.3464	71.5664
10.348	71.5938
10.3496	71.6211
10.3512	71.6484
10.3528	71.6758
10.3544	71.7031
10.356	71.7305
10.3576	71.7578
10.3593	71.7852
10.3609	71.8125
10.3625	71.8398
10.3641	71.8672
10.3657	71.8945
10.3673	71.9219
10.3689	71.9492
10.3705	71.9766
10.3721	72.0039
10.3737	72.0312
10.3753	72.0586
10.3769	72.0859
10.3785	72.1133
10.3801	72.1406
10.3817	72.168
10.3833	72.1953
10.3849	72.2227
10.3865	72.25
10.3881	72.2773
10.3897	72.3047
10.3913	72.332
10.3929	72.3594
10.3945	72.3867
10.3961	72.4141
10.3977	72.4414
10.3993	72.4688
10.4009	72.4961
10.4025	72.5234
10.4041	72.5508
10.4057	72.5781
10.4073	72.6055
10.4089	72.6328
10.4105	72.6602
10.4121	72.6875
10.4137	72.7148
10.4153	72.7422
10.4169	72.7695
10.4185	72.7969
10.4201	72.8242
10.4217	72.8516
10.4233	72.8789
10.4249	72.9062
10.4265	72.9336
10.4281	72.9609
10.4297	72.9883
10.4313	73.0156
10.4329	73.043
10.4346	73.0703
10.4362	73.0977
10.4378	73.125
10.4394	73.1523
10.441	73.1787
10.4426	73.2051
10.4442	73.2314
10.4458	73.2578
10.4474	73.2842
10.449	73.3105
10.4506	73.3369
10.4522	73.3633
10.4538	73.3896
10.4554	73.416
10.457	73.4424
10.4586	73.4688
10.4602	73.4951
10.4618	73.5215
10.4634	73.5479
10.465	73.5742
10.4666	73.6006
10.4682	73.627
10.4698	73.6533
10.4714	73.6797
10.473	73.7061
10.4746	73.7324
10.4762	73.7588
10.4778	73.7852
10.4794	73.8115
10.481	73.8379
10.4826	73.8643
10.4842	73.8906
10.4858	73.917
10.4874	73.9434
10.489	73.9697
10.4906	73.9961
10.4922	74.0225
10.4938	74.0488
10.4954	74.0752
10.497	74.1016
10.4986	74.1279
10.5002	74.1543
10.5018	74.1807
10.5034	74.207
10.505	74.2334
10.5066	74.2598
10.5082	74.2861
10.5099	74.3125
10.5115	74.3389
10.5131	74.3652
10.5147	74.3916
10.5163	74.418
10.5179	74.4443
10.5195	74.4707
10.5211	74.4971
10.5227	74.5234
10.5243	74.5498
10.5259	74.5762
10.5275	74.6025
10.5291	74.6289
10.5307	74.6553
10.5323	74.6816
10.5339	74.708
10.5355	74.7344
10.5371	74.7607
10.5387	74.7871
10.5403	74.8135
10.5419	74.8398
10.5435	74.8662
10.5451	74.8926
10.5467	74.9189
10.5483	74.9453
10.5499	74.9717
10.5515	74.998
10.5531	75.0244
10.5547	75.0508
10.5563	75.0771
10.5579	75.1035
10.5595	75.1299
10.5611	75.1562
10.5627	75.1826
10.5643	75.209
10.5659	75.2354
10.5675	75.2617
10.5691	75.2881
10.5707	75.3145
10.5723	75.3408
10.5739	75.3672
10.5755	75.3936
10.5771	75.4199
10.5787	75.4463
10.5803	75.4727
10.5819	75.499
10.5835	75.5254
10.5852	75.5518
10.5868	75.5781
10.5884	75.6045
10.59	75.6309
10.5916	75.6572
10.5932	75.6836
10.5948	75.71
10.5964	75.7363
10.598	75.7627
10.5996	75.7891
10.6012	75.8154
10.6028	75.8418
10.6044	75.8672
10.606	75.8926
10.6076	75.918
10.6092	75.9434
10.6108	75.9688
10.6124	75.9941
10.614	76.0195
10.6156	76.0449
10.6172	76.0703
10.6188	76.0957
10.6204	76.1211
10.622	76.1465
10.6236	76.1719
10.6252	76.1973
10.6268	76.2227
10.6284	76.248
10.63	76.2734
10.6316	76.2988
10.6332	76.3242
10.6348	76.3496
10.6364	76.375
10.638	76.4004
10.6396	76.4258
10.6412	76.4512
10.6428	76.4766
10.6444	76.502
10.646	76.5273
10.6476	76.5527
10.6492	76.5781
10.6508	76.6035
10.6524	76.6289
10.654	76.6543
10.6556	76.6797
10.6572	76.7051
10.6589	76.7305
10.6605	76.7559
10.6621	76.7812
10.6637	76.8066
10.6653	76.832
10.6669	76.8574
10.6685	76.8828
10.6701	76.9082
10.6717	76.9336
10.6733	76.959
10.6749	76.9844
10.6765	77.0098
10.6781	77.0352
10.6797	77.0605
10.6813	77.0859
10.6829	77.1113
10.6845	77.1367
10.6861	77.1621
10.6877	77.1875
10.6893	77.2129
10.6909	77.2383
10.6925	77.2637
10.6941	77.2891
10.6957	77.3145
10.6973	77.3398
10.6989	77.3652
10.7005	77.3906
10.7021	77.416
10.7037	77.4414
10.7053	77.4668
10.7069	77.4922
10.7085	77.5176
10.7101	77.543
10.7117	77.5684
10.7133	77.5938
10.7149	77.6191
10.7165	77.6445
10.7181	77.6699
10.7197	77.6953
10.7213	77.7207
10.7229	77.7461
10.7245	77.7715
10.7261	77.7969
10.7277	77.8223
10.7293	77.8477
10.7309	77.873
10.7325	77.8984
10.7342	77.9238
10.7358	77.9492
10.7374	77.9746
10.739	78
10.7406	78.0254
10.7422	78.0508
10.7438	78.0762
10.7454	78.1016
10.747	78.127
10.7486	78.1523
10.7502	78.1777
10.7518	78.2031
10.7534	78.2285
10.755	78.2539
10.7566	78.2793
10.7582	78.3047
10.7598	78.3301
10.7614	78.3555
10.763	78.3809
10.7646	78.4062
10.7662	78.4316
10.7678	78.457
10.7694	78.4824
10.771	78.5078
10.7726	78.5332
10.7742	78.5586
10.7758	78.584
10.7774	78.6094
10.779	78.6348
10.7806	78.6602
10.7822	78.6855
10.7838	78.7109
10.7854	78.7363
10.787	78.7617
10.7886	78.7861
10.7902	78.8105
10.7918	78.835
10.7934	78.8594
10.795	78.8838
10.7966	78.9082
10.7982	78.9326
10.7998	78.957
10.8014	78.9814
10.803	79.0059
10.8046	79.0303
10.8062	79.0547
10.8078	79.0791
10.8095	79.1035
10.8111	79.1279
10.8127	79.1523
10.8143	79.1768
10.8159	79.2012
10.8175	79.2256
10.8191	79.25
10.8207	79.2744
10.8223	79.2988
10.8239	79.3232
10.8255	79.3477
10.8271	79.3721
10.8287	79.3965
10.8303	79.4209
10.8319	79.4453
10.8335	79.4697
10.8351	79.4941
10.8367	79.5186
10.8383	79.543
10.8399	79.5674
10.8415	79.5918
10.8431	79.6162
10.8447	79.6406
10.8463	79.665
10.8479	79.6895
10.8495	79.7139
10.8511	79.7383
10.8527	79.7627
10.8543	79.7871
10.8559	79.8115
10.8575	79.8359
10.8591	79.8604
10.8607	79.8848
10.8623	79.9092
10.8639	79.9336
10.8655	79.958
10.8671	79.9824
10.8687	80.0068
10.8703	80.0312
10.8719	80.0557
10.8735	80.0801
10.8751	80.1045
10.8767	80.1289
10.8783	80.1533
10.8799	80.1777
10.8815	80.2021
10.8831	80.2266
10.8848	80.251
10.8864	80.2754
10.888	80.2998
10.8896	80.3242
10.8912	80.3486
10.8928	80.373
10.8944	80.3975
10.896	80.4219
10.8976	80.4463
10.8992	80.4707
10.9008	80.4951
10.9024	80.5195
10.904	80.5439
10.9056	80.5684
10.9072	80.5928
10.9088	80.6172
10.9104	80.6416
10.912	80.666
10.9136	80.6904
10.9152	80.7148
10.9168	80.7393
10.9184	80.7637
10.92	80.7881
10.9216	80.8125
10.9232	80.8369
10.9248	80.8613
10.9264	80.8857
10.928	80.9102
10.9296	80.9346
10.9312	80.959
10.9328	80.9834
10.9344	81.0078
10.936	81.0322
10.9376	81.0566
10.9392	81.0811
10.9408	81.1055
10.9424	81.1299
10.944	81.1543
10.9456	81.1787
10.9472	81.2031
10.9488	81.2275
10.9504	81.252
10.952	81.2764
10.9536	81.3008
10.9552	81.3252
10.9568	81.3496
10.9584	81.374
10.9601	81.3984
10.9617	81.4229
10.9633	81.4473
10.9649	81.4717
10.9665	81.4961
10.9681	81.5205
10.9697	81.5449
10.9713	81.5693
10.9729	81.5938
10.9745	81.6182
10.9761	81.6426
10.9777	81.667
10.9793	81.6914
10.9809	81.7158
10.9825	81.7402
10.9841	81.7646
10.9857	81.7891
10.9873	81.8135
10.9889	81.8379
10.9905	81.8623
10.9921	81.8867
10.9937	81.9111
10.9953	81.9346
10.9969	81.958
10.9985	81.9814
11.0001	82.0049
11.0017	82.0283
11.0033	82.0518
11.0049	82.0752
11.0065	82.0986
11.0081	82.1221
11.0097	82.1455
11.0113	82.1689
11.0129	82.1924
11.0145	82.2158
11.0161	82.2393
11.0177	82.2627
11.0193	82.2861
11.0209	82.3096
11.0225	82.333
11.0241	82.3564
11.0257	82.3799
11.0273	82.4033
11.0289	82.4268
11.0305	82.4502
11.0321	82.4736
11.0337	82.4971
11.0354	82.5205
11.037	82.5439
11.0386	82.5674
11.0402	82.5908
11.0418	82.6143
11.0434	82.6377
11.045	82.6611
11.0466	82.6846
11.0482	82.708
11.0498	82.7314
11.0514	82.7549
11.053	82.7783
11.0546	82.8018
11.0562	82.8252
11.0578	82.8486
11.0594	82.8721
11.061	82.8955
11.0626	82.9189
11.0642	82.9424
11.0658	82.9658
11.0674	82.9893
11.069	83.0127
11.0706	83.0361
11.0722	83.0596
11.0738	83.083
11.0754	83.1064
11.077	83.1299
11.0786	83.1533
11.0802	83.1768
11.0818	83.2002
11.0834	83.2236
11.085	83.2471
11.0866	83.2705
11.0882	83.2939
11.0898	83.3174
11.0914	83.3408
11.093	83.3643
11.0946	83.3877
11.0962	83.4111
11.0978	83.4346
11.0994	83.458
11.101	83.4814
11.1026	83.5049
11.1042	83.5283
11.1058	83.5518
11.1074	83.5752
11.109	83.5986
11.1107	83.6221
11.1123	83.6455
11.1139	83.6689
11.1155	83.6924
11.1171	83.7158
11.1187	83.7393
11.1203	83.7627
11.1219	83.7861
11.1235	83.8096
11.1251	83.833
11.1267	83.8564
11.1283	83.8799
11.1299	83.9033
11.1315	83.9268
11.1331	83.9502
11.1347	83.9736
11.1363	83.9971
11.1379	84.0205
11.1395	84.0439
11.1411	84.0674
11.1427	84.0908
11.1443	84.1143
11.1459	84.1377
11.1475	84.1611
11.1491	84.1846
11.1507	84.208
11.1523	84.2314
11.1539	84.2549
11.1555	84.2783
11.1571	84.3018
11.1587	84.3252
11.1603	84.3486
11.1619	84.3721
11.1635	84.3955
11.1651	84.4189
11.1667	84.4424
11.1683	84.4658
11.1699	84.4893
11.1715	84.5127
11.1731	84.5361
11.1747	84.5596
11.1763	84.583
11.1779	84.6064
11.1795	84.6299
11.1811	84.6533
11.1827	84.6768
11.1844	84.7002
11.186	84.7236
11.1876	84.7471
11.1892	84.7705
11.1908	84.7939
11.1924	84.8174
11.194	84.8408
11.1956	84.8643
11.1972	84.8877
11.1988	84.9111
11.2004	84.9346
11.202	84.958
11.2036	84.9814
11.2052	85.0049
11.2068	85.0283
11.2084	85.0518
11.21	85.0752
11.2116	85.0986
11.2132	85.1221
11.2148	85.1455
11.2164	85.1689
11.218	85.1924
11.2196	85.2158
11.2212	85.2393
11.2228	85.2627
11.2244	85.2861
11.226	85.3096
11.2276	85.333
11.2292	85.3555
11.2308	85.3779
11.2324	85.4004
11.234	85.4229
11.2356	85.4453
11.2372	85.4678
11.2388	85.4902
11.2404	85.5127
11.242	85.5352
11.2436	85.5576
11.2452	85.5801
11.2468	85.6025
11.2484	85.625
11.25	85.6475
11.2516	85.6699
11.2532	85.6924
11.2548	85.7148
11.2564	85.7373
11.258	85.7598
11.2597	85.7822
11.2613	85.8047
11.2629	85.8271
11.2645	85.8496
11.2661	85.8721
11.2677	85.8945
11.2693	85.917
11.2709	85.9395
11.2725	85.9619
11.2741	85.9844
11.2757	86.0068
11.2773	86.0293
11.2789	86.0518
11.2805	86.0742
11.2821	86.0967
11.2837	86.1191
11.2853	86.1416
11.2869	86.1641
11.2885	86.1865
11.2901	86.209
11.2917	86.2314
11.2933	86.2539
11.2949	86.2764
11.2965	86.2988
11.2981	86.3213
11.2997	86.3438
11.3013	86.3662
11.3029	86.3887
11.3045	86.4111
11.3061	86.4336
11.3077	86.4561
11.3093	86.4785
11.3109	86.501
11.3125	86.5234
11.3141	86.5459
11.3157	86.5684
11.3173	86.5908
11.3189	86.6133
11.3205	86.6357
11.3221	86.6582
11.3237	86.6807
11.3253	86.7031
11.3269	86.7256
11.3285	86.748
11.3301	86.7705
11.3317	86.793
11.3333	86.8154
11.335	86.8379
11.3366	86.8604
11.3382	86.8828
11.3398	86.9053
11.3414	86.9277
11.343	86.9502
11.3446	86.9727
11.3462	86.9951
11.3478	87.0176
11.3494	87.04
11.351	87.0625
11.3526	87.085
11.3542	87.1074
11.3558	87.1299
11.3574	87.1523
11.359	87.1748
11.3606	87.1973
11.3622	87.2197
11.3638	87.2422
11.3654	87.2646
11.367	87.2871
11.3686	87.3096
11.3702	87.332
11.3718	87.3545
11.3734	87.377
11.375	87.3994
11.3766	87.4219
11.3782	87.4443
11.3798	87.4668
11.3814	87.4893
11.383	87.5117
11.3846	87.5342
11.3862	87.5566
11.3878	87.5791
11.3894	87.6016
11.391	87.624
11.3926	87.6465
11.3942	87.6689
11.3958	87.6914
11.3974	87.7139
11.399	87.7363
11.4006	87.7588
11.4022	87.7812
11.4038	87.8037
11.4054	87.8262
11.407	87.8486
11.4086	87.8711
11.4103	87.8936
11.4119	87.916
11.4135	87.9385
11.4151	87.9609
11.4167	87.9834
11.4183	88.0059
11.4199	88.0283
11.4215	88.0508
11.4231	88.0732
11.4247	88.0957
11.4263	88.1182
11.4279	88.1406
11.4295	88.1631
11.4311	88.1855
11.4327	88.208
11.4343	88.2305
11.4359	88.2529
11.4375	88.2754
11.4391	88.2979
11.4407	88.3203
11.4423	88.3428
11.4439	88.3652
11.4455	88.3877
11.4471	88.4102
11.4487	88.4326
11.4503	88.4551
11.4519	88.4775
11.4535	88.5
11.4551	88.5225
11.4567	88.5449
11.4583	88.5674
11.4599	88.5898
11.4615	88.6123
11.4631	88.6348
11.4647	88.6572
11.4663	88.6797
11.4679	88.7021
11.4695	88.7246
11.4711	88.7471
11.4727	88.7695
11.4743	88.792
11.4759	88.8145
11.4775	88.8369
11.4791	88.8594
11.4807	88.8818
11.4823	88.9043
11.4839	88.9268
11.4856	88.9492
11.4872	88.9717
11.4888	88.9941
11.4904	89.0166
11.492	89.0391
11.4936	89.0605
11.4952	89.082
11.4968	89.1035
11.4984	89.125
11.5	89.1465
11.5016	89.168
11.5032	89.1895
11.5048	89.2109
11.5064	89.2324
11.508	89.2539
11.5096	89.2754
11.5112	89.2969
11.5128	89.3184
11.5144	89.3398
11.516	89.3613
11.5176	89.3828
11.5192	89.4043
11.5208	89.4258
11.5224	89.4473
11.524	89.4688
11.5256	89.4902
11.5272	89.5117
11.5288	89.5332
11.5304	89.5547
11.532	89.5762
11.5336	89.5977
11.5352	89.6191
11.5368	89.6406
11.5384	89.6621
11.54	89.6836
11.5416	89.7051
11.5432	89.7266
11.5448	89.748
11.5464	89.7695
11.548	89.791
11.5496	89.8125
11.5512	89.834
11.5528	89.8555
11.5544	89.877
11.556	89.8984
11.5576	89.9199
11.5592	89.9414
11.5609	89.9629
11.5625	89.9844
11.5641	90.0059
11.5657	90.0273
11.5673	90.0488
11.5689	90.0703
11.5705	90.0918
11.5721	90.1133
11.5737	90.1348
11.5753	90.1562
11.5769	90.1777
11.5785	90.1992
11.5801	90.2207
11.5817	90.2422
11.5833	90.2637
11.5849	90.2852
11.5865	90.3066
11.5881	90.3281
11.5897	90.3496
11.5913	90.3711
11.5929	90.3926
11.5945	90.4141
11.5961	90.4355
11.5977	90.457
11.5993	90.4785
11.6009	90.5
11.6025	90.5215
11.6041	90.543
11.6057	90.5645
11.6073	90.5859
11.6089	90.6074
11.6105	90.6289
11.6121	90.6504
11.6137	90.6719
11.6153	90.6934
11.6169	90.7148
11.6185	90.7363
11.6201	90.7578
11.6217	90.7793
11.6233	90.8008
11.6249	90.8223
11.6265	90.8438
11.6281	90.8652
11.6297	90.8867
11.6313	90.9082
11.6329	90.9297
11.6345	90.9512
11.6362	90.9727
11.6378	90.9941
11.6394	91.0156
11.641	91.0371
11.6426	91.0586
11.6442	91.0801
11.6458	91.1016
11.6474	91.123
11.649	91.1445
11.6506	91.166
11.6522	91.1875
11.6538	91.209
11.6554	91.2305
11.657	91.252
11.6586	91.2734
11.6602	91.2949
11.6618	91.3164
11.6634	91.3379
11.665	91.3594
11.6666	91.3809
11.6682	91.4023
11.6698	91.4238
11.6714	91.4453
11.673	91.4668
11.6746	91.4883
11.6762	91.5098
11.6778	91.5312
11.6794	91.5527
11.681	91.5742
11.6826	91.5957
11.6842	91.6172
11.6858	91.6387
11.6874	91.6602
11.689	91.6816
11.6906	91.7031
11.6922	91.7246
11.6938	91.7461
11.6954	91.7676
11.697	91.7891
11.6986	91.8105
11.7002	91.832
11.7018	91.8535
11.7034	91.875
11.705	91.8965
11.7066	91.918
11.7082	91.9395
11.7099	91.9609
11.7115	91.9824
11.7131	92.0039
11.7147	92.0254
11.7163	92.0469
11.7179	92.0684
11.7195	92.0898
11.7211	92.1113
11.7227	92.1328
11.7243	92.1543
11.7259	92.1758
11.7275	92.1973
11.7291	92.2188
11.7307	92.2402
11.7323	92.2617
11.7339	92.2832
11.7355	92.3047
11.7371	92.3262
11.7387	92.3477
11.7403	92.3691
11.7419	92.3906
11.7435	92.4121
11.7451	92.4336
11.7467	92.4551
11.7483	92.4766
11.7499	92.498
11.7515	92.5195
11.7531	92.541
11.7547	92.5625
11.7563	92.584
11.7579	92.6055
11.7595	92.627
11.7611	92.6484
11.7627	92.6699
11.7643	92.6914
11.7659	92.7129
11.7675	92.7344
11.7691	92.7559
11.7707	92.7773
11.7723	92.7988
11.7739	92.8203
11.7755	92.8418
11.7771	92.8633
11.7787	92.8848
11.7803	92.9062
11.7819	92.9277
11.7835	92.9492
11.7852	92.9707
11.7868	92.9922
11.7884	93.0137
11.79	93.0352
11.7916	93.0566
11.7932	93.0781
11.7948	93.0986
11.7964	93.1191
11.798	93.1396
11.7996	93.1602
11.8012	93.1807
11.8028	93.2012
11.8044	93.2217
11.806	93.2422
11.8076	93.2627
11.8092	93.2832
11.8108	93.3037
11.8124	93.3242
11.814	93.3447
11.8156	93.3652
11.8172	93.3857
11.8188	93.4062
11.8204	93.4268
11.822	93.4473
11.8236	93.4678
11.8252	93.4883
11.8268	93.5088
11.8284	93.5293
11.83	93.5498
11.8316	93.5703
11.8332	93.5908
11.8348	93.6113
11.8364	93.6318
11.838	93.6523
11.8396	93.6729
11.8412	93.6934
11.8428	93.7139
11.8444	93.7344
11.846	93.7549
11.8476	93.7754
11.8492	93.7959
11.8508	93.8164
11.8524	93.8369
11.854	93.8574
11.8556	93.8779
11.8572	93.8984
11.8597	91.9141
11.8605	90.5
11.8613	89.6689
11.8621	88.9199
11.8629	88.1719
11.8637	87.4229
11.8645	86.6738
11.8653	85.9258
11.8661	85.1768
11.8669	84.4287
11.8677	83.6797
11.8685	82.9307
11.8693	82.1826
11.8701	81.4336
11.8709	80.6855
11.8717	79.9365
11.8725	79.1875
11.8733	78.4395
11.8741	77.6904
11.8749	76.9424
11.8757	76.1934
11.8765	75.4453
11.8773	74.6963
11.8781	73.9473
11.8789	73.1992
11.8797	72.4502
11.8805	71.7021
11.8813	70.9531
11.8821	70.2041
11.8829	69.4561
11.8837	68.707
11.8845	67.959
11.8853	67.21
11.8861	66.4609
11.8869	65.7129
11.8877	64.9639
11.8885	64.2158
11.8893	63.4668
11.8901	62.7188
11.8909	61.9697
11.8917	61.2207
11.8925	60.4727
11.8933	59.7236
11.8941	58.9756
11.8949	58.2266
11.8957	57.4775
11.8965	56.7295
11.8973	55.9805
11.8981	55.2324
11.8989	54.4834
11.8997	53.7344
11.9005	52.9863
11.9013	52.2373
11.9021	51.4893
11.9029	50.7402
11.9037	49.9922
11.9045	49.2432
11.9053	48.4941
11.9061	47.7461
11.9069	46.9971
11.9077	46.249
11.9085	45.25
11.9093	44.1484
11.9117	45.25
11.9117	45.2939
11.9133	45.3379
11.9149	45.3818
11.9165	45.4258
11.9181	45.4697
11.9197	45.5137
11.9213	45.5566
11.9229	45.5996
11.9245	45.6426
11.9261	45.6855
11.9277	45.7285
11.9293	45.7715
11.9376	45.8145
11.9392	45.8574
11.9408	45.9004
11.9424	45.9434
11.944	45.9863
11.9456	46.0293
11.9472	46.0723
11.9488	46.1152
11.9504	46.1582
11.952	46.2012
11.9536	46.2441
11.9552	46.2871
11.9568	46.3301
11.9584	46.373
11.96	46.416
11.9616	46.459
11.9632	46.502
11.9648	46.5449
11.9664	46.5869
11.968	46.6289
11.9696	46.6709
11.9712	46.7129
11.9728	46.7549
11.9744	46.7969
11.976	46.8389
11.9776	46.8809
11.9792	46.9229
11.9808	46.9648
11.9824	47.0068
11.984	47.0488
11.9856	47.0908
11.9872	47.1328
11.9888	47.1748
11.9904	47.2168
11.992	47.2588
11.9936	47.3008
11.9952	47.3428
11.9968	47.3848
11.9984	47.4268
12	47.4688
12.0016	47.5107
12.0032	47.5527
12.0048	47.5947
12.0064	47.6367
12.008	47.6777
12.0096	47.7188
12.0113	47.7598
12.0129	47.8008
12.0145	47.8418
12.0161	47.8828
12.0177	47.9238
12.0193	47.9648
12.0209	48.0059
12.0225	48.0469
12.0241	48.0879
12.0257	48.1289
12.0273	48.1699
12.0289	48.2109
12.0305	48.252
12.0321	48.293
12.0337	48.334
12.0353	48.375
12.0369	48.416
12.0385	48.457
12.0401	48.498
12.0417	48.5391
12.0433	48.5801
12.0449	48.6211
12.0465	48.6621
12.0481	48.7031
12.0497	48.7441
12.0513	48.7852
12.0529	48.8252
12.0545	48.8652
12.0561	48.9053
12.0577	48.9453
12.0593	48.9854
12.0609	49.0254
12.0625	49.0654
12.0641	49.1055
12.0657	49.1455
12.0673	49.1855
12.0689	49.2256
12.0705	49.2656
12.0721	49.3057
12.0737	49.3457
12.0753	49.3857
12.0769	49.4258
12.0785	49.4658
12.0801	49.5059
12.0817	49.5459
12.0833	49.5859
12.0849	49.626
12.0866	49.666
12.0882	49.7061
12.0898	49.7461
12.0914	49.7861
12.093	49.8262
12.0946	49.8662
12.0962	49.9062
12.0978	49.9463
12.0994	49.9854
12.101	50.0244
12.1026	50.0635
12.1042	50.1025
12.1058	50.1416
12.1074	50.1807
12.109	50.2197
12.1106	50.2588
12.1122	50.2979
12.1138	50.3369
12.1154	50.376
12.117	50.415
12.1186	50.4541
12.1202	50.4932
12.1218	50.5322
12.1234	50.5713
12.125	50.6104
12.1266	50.6494
12.1282	50.6885
12.1298	50.7275
12.1314	50.7666
12.133	50.8057
12.1346	50.8447
12.1362	50.8838
12.1378	50.9229
12.1394	50.9619
12.141	51.001
12.1426	51.04
12.1442	51.0791
12.1458	51.1182
12.1474	51.1572
12.149	51.1963
12.1506	51.2344
12.1522	51.2725
12.1538	51.3105
12.1554	51.3486
12.157	51.3867
12.1586	51.4248
12.1602	51.4629
12.1619	51.501
12.1635	51.5391
12.1651	51.5771
12.1667	51.6152
12.1683	51.6533
12.1699	51.6914
12.1715	51.7295
12.1731	51.7676
12.1747	51.8057
12.1763	51.8438
12.1779	51.8818
12.1795	51.9199
12.1811	51.958
12.1827	51.9961
12.1843	52.0342
12.1859	52.0723
12.1875	52.1104
12.1891	52.1484
12.1907	52.1865
12.1923	52.2246
12.1939	52.2627
12.1955	52.3008
12.1971	52.3389
12.1987	52.377
12.2003	52.415
12.2019	52.4531
12.2035	52.4912
12.2051	52.5293
12.2067	52.5664
12.2083	52.6035
12.2099	52.6406
12.2115	52.6777
12.2131	52.7148
12.2147	52.752
12.2163	52.7891
12.2179	52.8262
12.2195	52.8633
12.2211	52.9004
12.2227	52.9375
12.2243	52.9746
12.2259	53.0117
12.2275	53.0488
12.2291	53.0859
12.2307	53.123
12.2323	53.1602
12.2339	53.1973
12.2355	53.2344
12.2372	53.2715
12.2388	53.3086
12.2404	53.3457
12.242	53.3828
12.2436	53.4199
12.2452	53.457
12.2468	53.4941
12.2484	53.5312
12.25	53.5684
12.2516	53.6055
12.2532	53.6426
12.2548	53.6797
12.2564	53.7168
12.258	53.7539
12.2596	53.791
12.2612	53.8281
12.2628	53.8652
12.2644	53.9023
12.266	53.9385
12.2676	53.9746
12.2692	54.0107
12.2708	54.0469
12.2724	54.083
12.274	54.1191
12.2756	54.1553
12.2772	54.1914
12.2788	54.2275
12.2804	54.2637
12.282	54.2998
12.2836	54.3359
12.2852	54.3721
12.2868	54.4082
12.2884	54.4443
12.29	54.4805
12.2916	54.5166
12.2932	54.5527
12.2948	54.5889
12.2964	54.625
12.298	54.6611
12.2996	54.6973
12.3012	54.7334
12.3028	54.7695
12.3044	54.8057
12.306	54.8418
12.3076	54.8779
12.3092	54.9141
12.3108	54.9502
12.3125	54.9863
12.3141	55.0225
12.3157	55.0586
12.3173	55.0947
12.3189	55.1309
12.3205	55.167
12.3221	55.2031
12.3237	55.2393
12.3253	55.2754
12.3269	55.3115
12.3285	55.3477
12.3301	55.3828
12.3317	55.418
12.3333	55.4531
12.3349	55.4883
12.3365	55.5234
12.3381	55.5586
12.3397	55.5938
12.3413	55.6289
12.3429	55.6641
12.3445	55.6992
12.3461	55.7344
12.3477	55.7695
12.3493	55.8047
12.3509	55.8398
12.3525	55.875
12.3541	55.9102
12.3557	55.9453
12.3573	55.9805
12.3589	56.0156
12.3605	56.0508
12.3621	56.0859
12.3637	56.1211
12.3653	56.1562
12.3669	56.1914
12.3685	56.2266
12.3701	56.2617
12.3717	56.2969
12.3733	56.332
12.3749	56.3672
12.3765	56.4023
12.3781	56.4375
12.3797	56.4727
12.3813	56.5078
12.3829	56.543
12.3845	56.5781
12.3862	56.6133
12.3878	56.6484
12.3894	56.6836
12.391	56.7188
12.3926	56.7539
12.3942	56.7891
12.3958	56.8242
12.3974	56.8594
12.399	56.8945
12.4006	56.9287
12.4022	56.9629
12.4038	56.9971
12.4054	57.0312
12.407	57.0654
12.4086	57.0996
12.4102	57.1338
12.4118	57.168
12.4134	57.2021
12.415	57.2363
12.4166	57.2705
12.4182	57.3047
12.4198	57.3389
12.4214	57.373
12.423	57.4072
12.4246	57.4414
12.4262	57.4756
12.4278	57.5098
12.4294	57.5439
12.431	57.5781
12.4326	57.6123
12.4342	57.6465
12.4358	57.6807
12.4374	57.7148
12.439	57.749
12.4406	57.7832
12.4422	57.8174
12.4438	57.8516
12.4454	57.8857
12.447	57.9199
12.4486	57.9541
12.4502	57.9883
12.4518	58.0225
12.4534	58.0566
12.455	58.0908
12.4566	58.125
12.4582	58.1592
12.4598	58.1934
12.4615	58.2275
12.4631	58.2617
12.4647	58.2959
12.4663	58.3301
12.4679	58.3643
12.4695	58.3984
12.4711	58.4326
12.4727	58.4668
12.4743	58.501
12.4759	58.5352
12.4775	58.5684
12.4791	58.6016
12.4807	58.6348
12.4823	58.668
12.4839	58.7012
12.4855	58.7344
12.4871	58.7676
12.4887	58.8008
12.4903	58.834
12.4919	58.8672
12.4935	58.9004
12.4951	58.9336
12.4967	58.9668
12.4983	59
12.4999	59.0332
12.5015	59.0664
12.5031	59.0996
12.5047	59.1328
12.5063	59.166
12.5079	59.1992
12.5095	59.2324
12.5111	59.2656
12.5127	59.2988
12.5143	59.332
12.5159	59.3652
12.5175	59.3984
12.5191	59.4316
12.5207	59.4648
12.5223	59.498
12.5239	59.5312
12.5255	59.5645
12.5271	59.5977
12.5287	59.6309
12.5303	59.6641
12.5319	59.6973
12.5335	59.7305
12.5351	59.7637
12.5368	59.7969
12.5384	59.8301
12.54	59.8633
12.5416	59.8965
12.5432	59.9297
12.5448	59.9629
12.5464	59.9961
12.548	60.0293
12.5496	60.0625
12.5512	60.0957
12.5528	60.1289
12.5544	60.1621
12.556	60.1953
12.5576	60.2285
12.5592	60.2607
12.5608	60.293
12.5624	60.3252
12.564	60.3574
12.5656	60.3896
12.5672	60.4219
12.5688	60.4541
12.5704	60.4863
12.572	60.5186
12.5736	60.5508
12.5752	60.583
12.5768	60.6152
12.5784	60.6475
12.58	60.6797
12.5816	60.7119
12.5832	60.7441
12.5848	60.7764
12.5864	60.8086
12.588	60.8408
12.5896	60.873
12.5912	60.9053
12.5928	60.9375
12.5944	60.9697
12.596	61.002
12.5976	61.0342
12.5992	61.0664
12.6008	61.0986
12.6024	61.1309
12.604	61.1631
12.6056	61.1953
12.6072	61.2275
12.6088	61.2598
12.6104	61.292
12.6121	61.3242
12.6137	61.3564
12.6153	61.3887
12.6169	61.4209
12.6185	61.4531
12.6201	61.4854
12.6217	61.5176
12.6233	61.5498
12.6249	61.582
12.6265	61.6143
12.6281	61.6465
12.6297	61.6787
12.6313	61.7109
12.6329	61.7432
12.6345	61.7754
12.6361	61.8076
12.6377	61.8398
12.6393	61.8721
12.6409	61.9043
12.6425	61.9365
12.6441	61.9688
12.6457	62.001
12.6473	62.0332
12.6489	62.0654
12.6505	62.0967
12.6521	62.1279
12.6537	62.1592
12.6553	62.1904
12.6569	62.2217
12.6585	62.2529
12.6601	62.2842
12.6617	62.3154
12.6633	62.3467
12.6649	62.3779
12.6665	62.4092
12.6681	62.4404
12.6697	62.4717
12.6713	62.5029
12.6729	62.5342
12.6745	62.5654
12.6761	62.5967
12.6777	62.6279
12.6793	62.6592
12.6809	62.6904
12.6825	62.7217
12.6841	62.7529
12.6857	62.7842
12.6874	62.8154
12.689	62.8467
12.6906	62.8779
12.6922	62.9092
12.6938	62.9404
12.6954	62.9717
12.697	63.0029
12.6986	63.0342
12.7002	63.0654
12.7018	63.0967
12.7034	63.1279
12.705	63.1592
12.7066	63.1904
12.7082	63.2217
12.7098	63.2529
12.7114	63.2842
12.713	63.3154
12.7146	63.3467
12.7162	63.3779
12.7178	63.4092
12.7194	63.4404
12.721	63.4717
12.7226	63.5029
12.7242	63.5342
12.7258	63.5654
12.7274	63.5967
12.729	63.6279
12.7306	63.6592
12.7322	63.6904
12.7338	63.7217
12.7354	63.7529
12.737	63.7842
12.7386	63.8154
12.7402	63.8467
12.7418	63.8779
12.7434	63.9092
12.745	63.9404
12.7466	63.9717
12.7482	64.0029
12.7498	64.0332
12.7514	64.0635
12.753	64.0938
12.7546	64.124
12.7562	64.1543
12.7578	64.1846
12.7594	64.2148
12.761	64.2451
12.7627	64.2754
12.7643	64.3057
12.7659	64.3359
12.7675	64.3662
12.7691	64.3965
12.7707	64.4268
12.7723	64.457
12.7739	64.4873
12.7755	64.5176
12.7771	64.5479
12.7787	64.5781
12.7803	64.6084
12.7819	64.6387
12.7835	64.6689
12.7851	64.6992
12.7867	64.7295
12.7883	64.7598
12.7899	64.79
12.7915	64.8203
12.7931	64.8506
12.7947	64.8809
12.7963	64.9111
12.7979	64.9414
12.7995	64.9717
12.8011	65.002
12.8027	65.0322
12.8043	65.0625
12.8059	65.0928
12.8075	65.123
12.8091	65.1533
12.8107	65.1836
12.8123	65.2139
12.8139	65.2441
12.8155	65.2744
12.8171	65.3047
12.8187	65.335
12.8203	65.3652
12.8219	65.3955
12.8235	65.4258
12.8251	65.4561
12.8267	65.4863
12.8283	65.5166
12.8299	65.5469
12.8315	65.5771
12.8331	65.6074
12.8347	65.6377
12.8363	65.668
12.838	65.6982
12.8396	65.7285
12.8412	65.7588
12.8428	65.7891
12.8444	65.8193
12.846	65.8496
12.8476	65.8799
12.8492	65.9102
12.8508	65.9404
12.8524	65.9707
12.854	66.001
12.8556	66.0312
12.8572	66.0615
12.8588	66.0908
12.8604	66.1201
12.862	66.1494
12.8636	66.1787
12.8652	66.208
12.8668	66.2373
12.8684	66.2666
12.87	66.2959
12.8716	66.3252
12.8732	66.3545
12.8748	66.3838
12.8764	66.4131
12.878	66.4424
12.8796	66.4717
12.8812	66.501
12.8828	66.5303
12.8844	66.5596
12.886	66.5889
12.8876	66.6182
12.8892	66.6475
12.8908	66.6768
12.8924	66.7061
12.894	66.7354
12.8956	66.7646
12.8972	66.7939
12.8988	66.8232
12.9004	66.8525
12.902	66.8818
12.9036	66.9111
12.9052	66.9404
12.9068	66.9697
12.9084	66.999
12.91	67.0283
12.9117	67.0576
12.9133	67.0869
12.9149	67.1162
12.9165	67.1455
12.9181	67.1748
12.9197	67.2041
12.9213	67.2334
12.9229	67.2627
12.9245	67.292
12.9261	67.3213
12.9277	67.3506
12.9293	67.3799
12.9309	67.4092
12.9325	67.4385
12.9341	67.4678
12.9357	67.4971
12.9373	67.5264
12.9389	67.5557
12.9405	67.585
12.9421	67.6143
12.9437	67.6436
12.9453	67.6729
12.9469	67.7021
12.9485	67.7314
12.9501	67.7607
12.9517	67.79
12.9533	67.8193
12.9549	67.8486
12.9565	67.8779
12.9581	67.9072
12.9597	67.9365
12.9613	67.9658
12.9629	67.9951
12.9645	68.0244
12.9661	68.0537
12.9677	68.083
12.9693	68.1123
12.9709	68.1416
12.9725	68.1709
12.9741	68.2002
12.9757	68.2295
12.9773	68.2588
12.9789	68.2871
12.9805	68.3154
12.9821	68.3438
12.9837	68.3721
12.9853	68.4004
12.987	68.4287
12.9886	68.457
12.9902	68.4854
12.9918	68.5137
12.9934	68.542
12.995	68.5703
12.9966	68.5986
12.9982	68.627
12.9998	68.6553
13.0014	68.6836
13.003	68.7119
13.0046	68.7402
13.0062	68.7686
13.0078	68.7969
13.0094	68.8252
13.011	68.8535
13.0126	68.8818
13.0142	68.9102
13.0158	68.9385
13.0174	68.9668
13.019	68.9951
13.0206	69.0234
13.0222	69.0518
13.0238	69.0801
13.0254	69.1084
13.027	69.1367
13.0286	69.165
13.0302	69.1934
13.0318	69.2217
13.0334	69.25
13.035	69.2783
13.0366	69.3066
13.0382	69.335
13.0398	69.3633
13.0414	69.3916
13.043	69.4199
13.0446	69.4482
13.0462	69.4766
13.0478	69.5049
13.0494	69.5332
13.051	69.5615
13.0526	69.5898
13.0542	69.6182
13.0558	69.6465
13.0574	69.6748
13.059	69.7031
13.0606	69.7314
13.0623	69.7598
13.0639	69.7881
13.0655	69.8164
13.0671	69.8447
13.0687	69.873
13.0703	69.9014
13.0719	69.9297
13.0735	69.958
13.0751	69.9863
13.0767	70.0146
13.0783	70.043
13.0799	70.0713
13.0815	70.0996
13.0831	70.1279
13.0847	70.1562
13.0863	70.1846
13.0879	70.2129
13.0895	70.2412
13.0911	70.2695
13.0927	70.2979
13.0943	70.3262
13.0959	70.3545
13.0975	70.3828
13.0991	70.4111
13.1007	70.4395
13.1023	70.4678
13.1039	70.4961
13.1055	70.5244
13.1071	70.5527
13.1087	70.5811
13.1103	70.6094
13.1119	70.6367
13.1135	70.6641
13.1151	70.6914
13.1167	70.7188
13.1183	70.7461
13.1199	70.7734
13.1215	70.8008
13.1231	70.8281
13.1247	70.8555
13.1263	70.8828
13.1279	70.9102
13.1295	70.9375
13.1311	70.9648
13.1327	70.9922
13.1343	71.0195
13.1359	71.0469
13.1376	71.0742
13.1392	71.1016
13.1408	71.1289
13.1424	71.1562
13.144	71.1836
13.1456	71.2109
13.1472	71.2383
13.1488	71.2656
13.1504	71.293
13.152	71.3203
13.1536	71.3477
13.1552	71.375
13.1568	71.4023
13.1584	71.4297
13.16	71.457
13.1616	71.4844
13.1632	71.5117
13.1648	71.5391
13.1664	71.5664
13.168	71.5938
13.1696	71.6211
13.1712	71.6484
13.1728	71.6758
13.1744	71.7031
13.176	71.7305
13.1776	71.7578
13.1792	71.7852
13.1808	71.8125
13.1824	71.8398
13.184	71.8672
13.1856	71.8945
13.1872	71.9219
13.1888	71.9492
13.1904	71.9766
13.192	72.0039
13.1936	72.0312
13.1952	72.0586
13.1968	72.0859
13.1984	72.1133
13.2	72.1406
13.2016	72.168
13.2032	72.1953
13.2048	72.2227
13.2064	72.25
13.208	72.2773
13.2096	72.3047
13.2112	72.332
13.2129	72.3594
13.2145	72.3867
13.2161	72.4141
13.2177	72.4414
13.2193	72.4688
13.2209	72.4961
13.2225	72.5234
13.2241	72.5508
13.2257	72.5781
13.2273	72.6055
13.2289	72.6328
13.2305	72.6602
13.2321	72.6875
13.2337	72.7148
13.2353	72.7422
13.2369	72.7695
13.2385	72.7969
13.2401	72.8242
13.2417	72.8516
13.2433	72.8789
13.2449	72.9062
13.2465	72.9336
13.2481	72.9609
13.2497	72.9883
13.2513	73.0156
13.2529	73.043
13.2545	73.0703
13.2561	73.0977
13.2577	73.125
13.2593	73.1523
13.2609	73.1787
13.2625	73.2051
13.2641	73.2314
13.2657	73.2578
13.2673	73.2842
13.2689	73.3105
13.2705	73.3369
13.2721	73.3633
13.2737	73.3896
13.2753	73.416
13.2769	73.4424
13.2785	73.4688
13.2801	73.4951
13.2817	73.5215
13.2833	73.5479
13.2849	73.5742
13.2865	73.6006
13.2882	73.627
13.2898	73.6533
13.2914	73.6797
13.293	73.7061
13.2946	73.7324
13.2962	73.7588
13.2978	73.7852
13.2994	73.8115
13.301	73.8379
13.3026	73.8643
13.3042	73.8906
13.3058	73.917
13.3074	73.9434
13.309	73.9697
13.3106	73.9961
13.3122	74.0225
13.3138	74.0488
13.3154	74.0752
13.317	74.1016
13.3186	74.1279
13.3202	74.1543
13.3218	74.1807
13.3234	74.207
13.325	74.2334
13.3266	74.2598
13.3282	74.2861
13.3298	74.3125
13.3314	74.3389
13.333	74.3652
13.3346	74.3916
13.3362	74.418
13.3378	74.4443
13.3394	74.4707
13.341	74.4971
13.3426	74.5234
13.3442	74.5498
13.3458	74.5762
13.3474	74.6025
13.349	74.6289
13.3506	74.6553
13.3522	74.6816
13.3538	74.708
13.3554	74.7344
13.357	74.7607
13.3586	74.7871
13.3602	74.8135
13.3618	74.8398
13.3635	74.8662
13.3651	74.8926
13.3667	74.9189
13.3683	74.9453
13.3699	74.9717
13.3715	74.998
13.3731	75.0244
13.3747	75.0508
13.3763	75.0771
13.3779	75.1035
13.3795	75.1299
13.3811	75.1562
13.3827	75.1826
13.3843	75.209
13.3859	75.2354
13.3875	75.2617
13.3891	75.2881
13.3907	75.3145
13.3923	75.3408
13.3939	75.3672
13.3955	75.3936
13.3971	75.4199
13.3987	75.4463
13.4003	75.4727
13.4019	75.499
13.4035	75.5254
13.4051	75.5518
13.4067	75.5781
13.4083	75.6045
13.4099	75.6309
13.4115	75.6572
13.4131	75.6836
13.4147	75.71
13.4163	75.7363
13.4179	75.7627
13.4195	75.7891
13.4211	75.8154
13.4227	75.8418
13.4243	75.8672
13.4259	75.8926
13.4275	75.918
13.4291	75.9434
13.4307	75.9688
13.4323	75.9941
13.4339	76.0195
13.4355	76.0449
13.4371	76.0703
13.4388	76.0957
13.4404	76.1211
13.442	76.1465
13.4436	76.1719
13.4452	76.1973
13.4468	76.2227
13.4484	76.248
13.45	76.2734
13.4516	76.2988
13.4532	76.3242
13.4548	76.3496
13.4564	76.375
13.458	76.4004
13.4596	76.4258
13.4612	76.4512
13.4628	76.4766
13.4644	76.502
13.466	76.5273
13.4676	76.5527
13.4692	76.5781
13.4708	76.6035
13.4724	76.6289
13.474	76.6543
13.4756	76.6797
13.4772	76.7051
13.4788	76.7305
13.4804	76.7559
13.482	76.7812
13.4836	76.8066
13.4852	76.832
13.4868	76.8574
13.4884	76.8828
13.49	76.9082
13.4916	76.9336
13.4932	76.959
13.4948	76.9844
13.4964	77.0098
13.498	77.0352
13.4996	77.0605
13.5012	77.0859
13.5028	77.1113
13.5044	77.1367
13.506	77.1621
13.5076	77.1875
13.5092	77.2129
13.5108	77.2383
13.5125	77.2637
13.5141	77.2891
13.5157	77.3145
13.5173	77.3398
13.5189	77.3652
13.5205	77.3906
13.5221	77.416
13.5237	77.4414
13.5253	77.4668
13.5269	77.4922
13.5285	77.5176
13.5301	77.543
13.5317	77.5684
13.5333	77.5938
13.5349	77.6191
13.5365	77.6445
13.5381	77.6699
13.5397	77.6953
13.5413	77.7207
13.5429	77.7461
13.5445	77.7715
13.5461	77.7969
13.5477	77.8223
13.5493	77.8477
13.5509	77.873
13.5525	77.8984
13.5541	77.9238
13.5557	77.9492
13.5573	77.9746
13.5589	78
13.5605	78.0254
13.5621	78.0508
13.5637	78.0762
13.5653	78.1016
13.5669	78.127
13.5685	78.1523
13.5701	78.1777
13.5717	78.2031
13.5733	78.2285
13.5749	78.2539
13.5765	78.2793
13.5781	78.3047
13.5797	78.3301
13.5813	78.3555
13.5829	78.3809
13.5845	78.4062
13.5861	78.4316
13.5878	78.457
13.5894	78.4824
13.591	78.5078
13.5926	78.5332
13.5942	78.5586
13.5958	78.584
13.5974	78.6094
13.599	78.6348
13.6006	78.6602
13.6022	78.6855
13.6038	78.7109
13.6054	78.7363
13.607	78.7617
13.6086	78.7861
13.6102	78.8105
13.6118	78.835
13.6134	78.8594
13.615	78.8838
13.6166	78.9082
13.6182	78.9326
13.6198	78.957
13.6214	78.9814
13.623	79.0059
13.6246	79.0303
13.6262	79.0547
13.6278	79.0791
13.6294	79.1035
13.631	79.1279
13.6326	79.1523
13.6342	79.1768
13.6358	79.2012
13.6374	79.2256
13.639	79.25
13.6406	79.2744
13.6422	79.2988
13.6438	79.3232
13.6454	79.3477
13.647	79.3721
13.6486	79.3965
13.6502	79.4209
13.6518	79.4453
13.6534	79.4697
13.655	79.4941
13.6566	79.5186
13.6582	79.543
13.6598	79.5674
13.6614	79.5918
13.6631	79.6162
13.6647	79.6406
13.6663	79.665
13.6679	79.6895
13.6695	79.7139
13.6711	79.7383
13.6727	79.7627
13.6743	79.7871
13.6759	79.8115
13.6775	79.8359
13.6791	79.8604
13.6807	79.8848
13.6823	79.9092
13.6839	79.9336
13.6855	79.958
13.6871	79.9824
13.6887	80.0068
13.6903	80.0312
13.6919	80.0557
13.6935	80.0801
13.6951	80.1045
13.6967	80.1289
13.6983	80.1533
13.6999	80.1777
13.7015	80.2021
13.7031	80.2266
13.7047	80.251
13.7063	80.2754
13.7079	80.2998
13.7095	80.3242
13.7111	80.3486
13.7127	80.373
13.7143	80.3975
13.7159	80.4219
13.7175	80.4463
13.7191	80.4707
13.7207	80.4951
13.7223	80.5195
13.7239	80.5439
13.7255	80.5684
13.7271	80.5928
13.7287	80.6172
13.7303	80.6416
13.7319	80.666
13.7335	80.6904
13.7351	80.7148
13.7367	80.7393
13.7384	80.7637
13.74	80.7881
13.7416	80.8125
13.7432	80.8369
13.7448	80.8613
13.7464	80.8857
13.748	80.9102
13.7496	80.9346
13.7512	80.959
13.7528	80.9834
13.7544	81.0078
13.756	81.0322
13.7576	81.0566
13.7592	81.0811
13.7608	81.1055
13.7624	81.1299
13.764	81.1543
13.7656	81.1787
13.7672	81.2031
13.7688	81.2275
13.7704	81.252
13.772	81.2764
13.7736	81.3008
13.7752	81.3252
13.7768	81.3496
13.7784	81.374
13.78	81.3984
13.7816	81.4229
13.7832	81.4473
13.7848	81.4717
13.7864	81.4961
13.788	81.5205
13.7896	81.5449
13.7912	81.5693
13.7928	81.5938
13.7944	81.6182
13.796	81.6426
13.7976	81.667
13.7992	81.6914
13.8008	81.7158
13.8024	81.7402
13.804	81.7646
13.8056	81.7891
13.8072	81.8135
13.8088	81.8379
13.8104	81.8623
13.812	81.8867
13.8137	81.9111
13.8153	81.9346
13.8169	81.958
13.8185	81.9814
13.8201	82.0049
13.8217	82.0283
13.8233	82.0518
13.8249	82.0752
13.8265	82.0986
13.8281	82.1221
13.8297	82.1455
13.8313	82.1689
13.8329	82.1924
13.8345	82.2158
13.8361	82.2393
13.8377	82.2627
13.8393	82.2861
13.8409	82.3096
13.8425	82.333
13.8441	82.3564
13.8457	82.3799
13.8473	82.4033
13.8489	82.4268
13.8505	82.4502
13.8521	82.4736
13.8537	82.4971
13.8553	82.5205
13.8569	82.5439
13.8585	82.5674
13.8601	82.5908
13.8617	82.6143
13.8633	82.6377
13.8649	82.6611
13.8665	82.6846
13.8681	82.708
13.8697	82.7314
13.8713	82.7549
13.8729	82.7783
13.8745	82.8018
13.8761	82.8252
13.8777	82.8486
13.8793	82.8721
13.8809	82.8955
13.8825	82.9189
13.8841	82.9424
13.8857	82.9658
13.8873	82.9893
13.889	83.0127
13.8906	83.0361
13.8922	83.0596
13.8938	83.083
13.8954	83.1064
13.897	83.1299
13.8986	83.1533
13.9002	83.1768
13.9018	83.2002
13.9034	83.2236
13.905	83.2471
13.9066	83.2705
13.9082	83.2939
13.9098	83.3174
13.9114	83.3408
13.913	83.3643
13.9146	83.3877
13.9162	83.4111
13.9178	83.4346
13.9194	83.458
13.921	83.4814
13.9226	83.5049
13.9242	83.5283
13.9258	83.5518
13.9274	83.5752
13.929	83.5986
13.9306	83.6221
13.9322	83.6455
13.9338	83.6689
13.9354	83.6924
13.937	83.7158
13.9386	83.7393
13.9402	83.7627
13.9418	83.7861
13.9434	83.8096
13.945	83.833
13.9466	83.8564
13.9482	83.8799
13.9498	83.9033
13.9514	83.9268
13.953	83.9502
13.9546	83.9736
13.9562	83.9971
13.9578	84.0205
13.9594	84.0439
13.961	84.0674
13.9626	84.0908
13.9643	84.1143
13.9659	84.1377
13.9675	84.1611
13.9691	84.1846
13.9707	84.208
13.9723	84.2314
13.9739	84.2549
13.9755	84.2783
13.9771	84.3018
13.9787	84.3252
13.9803	84.3486
13.9819	84.3721
13.9835	84.3955
13.9851	84.4189
13.9867	84.4424
13.9883	84.4658
13.9899	84.4893
13.9915	84.5127
13.9931	84.5361
13.9947	84.5596
13.9963	84.583
13.9979	84.6064
13.9995	84.6299
14.0011	84.6533
14.0027	84.6768
14.0043	84.7002
14.0059	84.7236
14.0075	84.7471
14.0091	84.7705
14.0107	84.7939
14.0123	84.8174
14.0139	84.8408
14.0155	84.8643
14.0171	84.8877
14.0187	84.9111
14.0203	84.9346
14.0219	84.958
14.0235	84.9814
14.0251	85.0049
14.0267	85.0283
14.0283	85.0518
14.0299	85.0752
14.0315	85.0986
14.0331	85.1221
14.0347	85.1455
14.0363	85.1689
14.038	85.1924
14.0396	85.2158
14.0412	85.2393
14.0428	85.2627
14.0444	85.2861
14.046	85.3096
14.0476	85.333
14.0492	85.3555
14.0508	85.3779
14.0524	85.4004
14.054	85.4229
14.0556	85.4453
14.0572	85.4678
14.0588	85.4902
14.0604	85.5127
14.062	85.5352
14.0636	85.5576
14.0652	85.5801
14.0668	85.6025
14.0684	85.625
14.07	85.6475
14.0716	85.6699
14.0732	85.6924
14.0748	85.7148
14.0764	85.7373
14.078	85.7598
14.0796	85.7822
14.0812	85.8047
14.0828	85.8271
14.0844	85.8496
14.086	85.8721
14.0876	85.8945
14.0892	85.917
14.0908	85.9395
14.0924	85.9619
14.094	85.9844
14.0956	86.0068
14.0972	86.0293
14.0988	86.0518
14.1004	86.0742
14.102	86.0967
14.1036	86.1191
14.1052	86.1416
14.1068	86.1641
14.1084	86.1865
14.11	86.209
14.1116	86.2314
14.1133	86.2539
14.1149	86.2764
14.1165	86.2988
14.1181	86.3213
14.1197	86.3438
14.1213	86.3662
14.1229	86.3887
14.1245	86.4111
14.1261	86.4336
14.1277	86.4561
14.1293	86.4785
14.1309	86.501
14.1325	86.5234
14.1341	86.5459
14.1357	86.5684
14.1373	86.5908
14.1389	86.6133
14.1405	86.6357
14.1421	86.6582
14.1437	86.6807
14.1453	86.7031
14.1469	86.7256
14.1485	86.748
14.1501	86.7705
14.1517	86.793
14.1533	86.8154
14.1549	86.8379
14.1565	86.8604
14.1581	86.8828
14.1597	86.9053
14.1613	86.9277
14.1629	86.9502
14.1645	86.9727
14.1661	86.9951
14.1677	87.0176
14.1693	87.04
14.1709	87.0625
14.1725	87.085
14.1741	87.1074
14.1757	87.1299
14.1773	87.1523
14.1789	87.1748
14.1805	87.1973
14.1821	87.2197
14.1837	87.2422
14.1853	87.2646
14.1869	87.2871
14.1886	87.3096
14.1902	87.332
14.1918	87.3545
14.1934	87.377
14.195	87.3994
14.1966	87.4219
14.1982	87.4443
14.1998	87.4668
14.2014	87.4893
14.203	87.5117
14.2046	87.5342
14.2062	87.5566
14.2078	87.5791
14.2094	87.6016
14.211	87.624
14.2126	87.6465
14.2142	87.6689
14.2158	87.6914
14.2174	87.7139
14.219	87.7363
14.2206	87.7588
14.2222	87.7812
14.2238	87.8037
14.2254	87.8262
14.227	87.8486
14.2286	87.8711
14.2302	87.8936
14.2318	87.916
14.2334	87.9385
14.235	87.9609
14.2366	87.9834
14.2382	88.0059
14.2398	88.0283
14.2414	88.0508
14.243	88.0732
14.2446	88.0957
14.2462	88.1182
14.2478	88.1406
14.2494	88.1631
14.251	88.1855
14.2526	88.208
14.2542	88.2305
14.2558	88.2529
14.2574	88.2754
14.259	88.2979
14.2606	88.3203
14.2622	88.3428
14.2639	88.3652
14.2655	88.3877
14.2671	88.4102
14.2687	88.4326
14.2703	88.4551
14.2719	88.4775
14.2735	88.5
14.2751	88.5225
14.2767	88.5449
14.2783	88.5674
14.2799	88.5898
14.2815	88.6123
14.2831	88.6348
14.2847	88.6572
14.2863	88.6797
14.2879	88.7021
14.2895	88.7246
14.2911	88.7471
14.2927	88.7695
14.2943	88.792
14.2959	88.8145
14.2975	88.8369
14.2991	88.8594
14.3007	88.8818
14.3023	88.9043
14.3039	88.9268
14.3055	88.9492
14.3071	88.9717
14.3087	88.9941
14.3103	89.0166
14.3119	89.0391
14.3135	89.0605
14.3151	89.082
14.3167	89.1035
14.3183	89.125
14.3199	89.1465
14.3215	89.168
14.3231	89.1895
14.3247	89.2109
14.3263	89.2324
14.3279	89.2539
14.3295	89.2754
14.3311	89.2969
14.3327	89.3184
14.3343	89.3398
14.3359	89.3613
14.3375	89.3828
14.3392	89.4043
14.3408	89.4258
14.3424	89.4473
14.344	89.4688
14.3456	89.4902
14.3472	89.5117
14.3488	89.5332
14.3504	89.5547
14.352	89.5762
14.3536	89.5977
14.3552	89.6191
14.3568	89.6406
14.3584	89.6621
14.36	89.6836
14.3616	89.7051
14.3632	89.7266
14.3648	89.748
14.3664	89.7695
14.368	89.791
14.3696	89.8125
14.3712	89.834
14.3728	89.8555
14.3744	89.877
14.376	89.8984
14.3776	89.9199
14.3792	89.9414
14.3808	89.9629
14.3824	89.9844
14.384	90.0059
14.3856	90.0273
14.3872	90.0488
14.3888	90.0703
14.3904	90.0918
14.392	90.1133
14.3936	90.1348
14.3952	90.1562
14.3968	90.1777
14.3984	90.1992
14.4	90.2207
14.4016	90.2422
14.4032	90.2637
14.4048	90.2852
14.4064	90.3066
14.408	90.3281
14.4096	90.3496
14.4112	90.3711
14.4128	90.3926
14.4145	90.4141
14.4161	90.4355
14.4177	90.457
14.4193	90.4785
14.4209	90.5
14.4225	90.5215
14.4241	90.543
14.4257	90.5645
14.4273	90.5859
14.4289	90.6074
14.4305	90.6289
14.4321	90.6504
14.4337	90.6719
14.4353	90.6934
14.4369	90.7148
14.4385	90.7363
14.4401	90.7578
14.4417	90.7793
14.4433	90.8008
14.4449	90.8223
14.4465	90.8438
14.4481	90.8652
14.4497	90.8867
14.4513	90.9082
14.4529	90.9297
14.4545	90.9512
14.4561	90.9727
14.4577	90.9941
14.4593	91.0156
14.4609	91.0371
14.4625	91.0586
14.4641	91.0801
14.4657	91.1016
14.4673	91.123
14.4689	91.1445
14.4705	91.166
14.4721	91.1875
14.4737	91.209
14.4753	91.2305
14.4769	91.252
14.4785	91.2734
14.4801	91.2949
14.4817	91.3164
14.4833	91.3379
14.4849	91.3594
14.4865	91.3809
14.4881	91.4023
14.4898	91.4238
14.4914	91.4453
14.493	91.4668
14.4946	91.4883
14.4962	91.5098
14.4978	91.5312
14.4994	91.5527
14.501	91.5742
14.5026	91.5957
14.5042	91.6172
14.5058	91.6387
14.5074	91.6602
14.509	91.6816
14.5106	91.7031
14.5122	91.7246
14.5138	91.7461
14.5154	91.7676
14.517	91.7891
14.5186	91.8105
14.5202	91.832
14.5218	91.8535
14.5234	91.875
14.525	91.8965
14.5266	91.918
14.5282	91.9395
14.5298	91.9609
14.5314	91.9824
14.533	92.0039
14.5346	92.0254
14.5362	92.0469
14.5378	92.0684
14.5394	92.0898
14.541	92.1113
14.5426	92.1328
14.5442	92.1543
14.5458	92.1758
14.5474	92.1973
14.549	92.2188
14.5506	92.2402
14.5522	92.2617
14.5538	92.2832
14.5554	92.3047
14.557	92.3262
14.5586	92.3477
14.5602	92.3691
14.5618	92.3906
14.5635	92.4121
14.5651	92.4336
14.5667	92.4551
14.5683	92.4766
14.5699	92.498
14.5715	92.5195
14.5731	92.541
14.5747	92.5625
14.5763	92.584
14.5779	92.6055
14.5795	92.627
14.5811	92.6484
14.5827	92.6699
14.5843	92.6914
14.5859	92.7129
14.5875	92.7344
14.5891	92.7559
14.5907	92.7773
14.5923	92.7988
14.5939	92.8203
14.5955	92.8418
14.5971	92.8633
14.5987	92.8848
14.6003	92.9062
14.6019	92.9277
14.6035	92.9492
14.6051	92.9707
14.6067	92.9922
14.6083	93.0137
14.6099	93.0352
14.6115	93.0566
14.6131	93.0781
14.6147	93.0986
14.6163	93.1191
14.6179	93.1396
14.6195	93.1602
14.6211	93.1807
14.6227	93.2012
14.6243	93.2217
14.6259	93.2422
14.6275	93.2627
14.6291	93.2832
14.6307	93.3037
14.6323	93.3242
14.6339	93.3447
14.6355	93.3652
14.6371	93.3857
14.6388	93.4062
14.6404	93.4268
14.642	93.4473
14.6436	93.4678
14.6452	93.4883
14.6468	93.5088
14.6484	93.5293
14.65	93.5498
14.6516	93.5703
14.6532	93.5908
14.6548	93.6113
14.6564	93.6318
14.658	93.6523
14.6596	93.6729
14.6612	93.6934
14.6628	93.7139
14.6644	93.7344
14.666	93.7549
14.6676	93.7754
14.6692	93.7959
14.6708	93.8164
14.6724	93.8369
14.674	93.8574
14.6756	93.8779
14.6772	93.8984
14.6796	91.9141
14.6804	90.5
14.6812	89.6689
14.682	88.9199
14.6828	88.1719
14.6836	87.4229
14.6844	86.6738
14.6852	85.9258
14.686	85.1768
14.6868	84.4287
14.6876	83.6797
14.6884	82.9307
14.6892	82.1826
14.69	81.4336
14.6908	80.6855
14.6916	79.9365
14.6924	79.1875
14.6932	78.4395
14.694	77.6904
14.6948	76.9424
14.6956	76.1934
14.6964	75.4453
14.6972	74.6963
14.698	73.9473
14.6988	73.1992
14.6996	72.4502
14.7004	71.7021
14.7012	70.9531
14.702	70.2041
14.7028	69.4561
14.7036	68.707
14.7044	67.959
14.7052	67.21
14.706	66.4609
14.7068	65.7129
14.7076	64.9639
14.7085	64.2158
14.7093	63.4668
14.7101	62.7188
14.7109	61.9697
14.7117	61.2207
14.7125	60.4727
14.7133	59.7236
14.7141	58.9756
14.7149	58.2266
14.7157	57.4775
14.7165	56.7295
14.7173	55.9805
14.7181	55.2324
14.7189	54.4834
14.7197	53.7344
14.7205	52.9863
14.7213	52.2373
14.7221	51.4893
14.7229	50.7402
14.7237	49.9922
14.7245	49.2432
14.7253	48.4941
14.7261	47.7461
14.7269	46.9971
14.7277	46.249
14.7285	45.25
14.7293	44.1484
14.7317	45.25
14.7317	45.2939
14.7333	45.3379
14.7349	45.3818
14.7365	45.4258
14.7381	45.4697
14.7397	45.5137
14.7413	45.5566
14.7429	45.5996
14.7445	45.6426
14.7461	45.6855
14.7477	45.7285
14.7493	45.7715
14.7503	45.8145
14.7575	45.8574
14.7591	45.9004
14.7607	45.9434
14.7623	45.9863
14.7639	46.0293
14.7655	46.0723
14.7671	46.1152
14.7687	46.1582
14.7703	46.2012
14.7719	46.2441
14.7735	46.2871
14.7751	46.3301
14.7767	46.373
14.7783	46.416
14.7799	46.459
14.7815	46.502
14.7831	46.5449
14.7847	46.5869
14.7863	46.6289
14.7879	46.6709
14.7896	46.7129
14.7912	46.7549
14.7928	46.7969
14.7944	46.8389
14.796	46.8809
14.7976	46.9229
14.7992	46.9648
14.8008	47.0068
14.8024	47.0488
14.804	47.0908
14.8056	47.1328
14.8072	47.1748
14.8088	47.2168
14.8104	47.2588
14.812	47.3008
14.8136	47.3428
14.8152	47.3848
14.8168	47.4268
14.8184	47.4688
14.82	47.5107
14.8216	47.5527
14.8232	47.5947
14.8248	47.6367
14.8264	47.6777
14.828	47.7188
14.8296	47.7598
14.8312	47.8008
14.8328	47.8418
14.8344	47.8828
14.836	47.9238
14.8376	47.9648
14.8392	48.0059
14.8408	48.0469
14.8424	48.0879
14.844	48.1289
14.8456	48.1699
14.8472	48.2109
14.8488	48.252
14.8504	48.293
14.852	48.334
14.8536	48.375
14.8552	48.416
14.8568	48.457
14.8584	48.498
14.86	48.5391
14.8616	48.5801
14.8632	48.6211
14.8649	48.6621
14.8665	48.7031
14.8681	48.7441
14.8697	48.7852
14.8713	48.8252
14.8729	48.8652
14.8745	48.9053
14.8761	48.9453
14.8777	48.9854
14.8793	49.0254
14.8809	49.0654
14.8825	49.1055
14.8841	49.1455
14.8857	49.1855
14.8873	49.2256
14.8889	49.2656
14.8905	49.3057
14.8921	49.3457
14.8937	49.3857
14.8953	49.4258
14.8969	49.4658
14.8985	49.5059
14.9001	49.5459
14.9017	49.5859
14.9033	49.626
14.9049	49.666
14.9065	49.7061
14.9081	49.7461
14.9097	49.7861
14.9113	49.8262
14.9129	49.8662
14.9145	49.9062
14.9161	49.9463
14.9177	49.9854
14.9193	50.0244
14.9209	50.0635
14.9225	50.1025
14.9241	50.1416
14.9257	50.1807
14.9273	50.2197
14.9289	50.2588
14.9305	50.2979
14.9321	50.3369
14.9337	50.376
14.9353	50.415
14.9369	50.4541
14.9385	50.4932
14.9402	50.5322
14.9418	50.5713
14.9434	50.6104
14.945	50.6494
14.9466	50.6885
14.9482	50.7275
14.9498	50.7666
14.9514	50.8057
14.953	50.8447
14.9546	50.8838
14.9562	50.9229
14.9578	50.9619
14.9594	51.001
14.961	51.04
14.9626	51.0791
14.9642	51.1182
14.9658	51.1572
14.9674	51.1963
14.969	51.2344
14.9706	51.2725
14.9722	51.3105
14.9738	51.3486
14.9754	51.3867
14.977	51.4248
14.9786	51.4629
14.9802	51.501
14.9818	51.5391
14.9834	51.5771
14.985	51.6152
14.9866	51.6533
14.9882	51.6914
14.9898	51.7295
14.9914	51.7676
14.993	51.8057
14.9946	51.8438
14.9962	51.8818
14.9978	51.9199
14.9994	51.958
15.001	51.9961
15.0026	52.0342
15.0042	52.0723
15.0058	52.1104
15.0074	52.1484
15.009	52.1865
15.0106	52.2246
15.0122	52.2627
15.0138	52.3008
15.0155	52.3389
15.0171	52.377
15.0187	52.415
15.0203	52.4531
15.0219	52.4912
15.0235	52.5293
15.0251	52.5664
15.0267	52.6035
15.0283	52.6406
15.0299	52.6777
15.0315	52.7148
15.0331	52.752
15.0347	52.7891
15.0363	52.8262
15.0379	52.8633
15.0395	52.9004
15.0411	52.9375
15.0427	52.9746
15.0443	53.0117
15.0459	53.0488
15.0475	53.0859
15.0491	53.123
15.0507	53.1602
15.0523	53.1973
15.0539	53.2344
15.0555	53.2715
15.0571	53.3086
15.0587	53.3457
15.0603	53.3828
15.0619	53.4199
15.0635	53.457
15.0651	53.4941
15.0667	53.5312
15.0683	53.5684
15.0699	53.6055
15.0715	53.6426
15.0731	53.6797
15.0747	53.7168
15.0763	53.7539
15.0779	53.791
15.0795	53.8281
15.0811	53.8652
15.0827	53.9023
15.0843	53.9385
15.0859	53.9746
15.0875	54.0107
15.0891	54.0469
15.0908	54.083
15.0924	54.1191
15.094	54.1553
15.0956	54.1914
15.0972	54.2275
15.0988	54.2637
15.1004	54.2998
15.102	54.3359
15.1036	54.3721
15.1052	54.4082
15.1068	54.4443
15.1084	54.4805
15.11	54.5166
15.1116	54.5527
15.1132	54.5889
15.1148	54.625
15.1164	54.6611
15.118	54.6973
15.1196	54.7334
15.1212	54.7695
15.1228	54.8057
15.1244	54.8418
15.126	54.8779
15.1276	54.9141
15.1292	54.9502
15.1308	54.9863
15.1324	55.0225
15.134	55.0586
15.1356	55.0947
15.1372	55.1309
15.1388	55.167
15.1404	55.2031
15.142	55.2393
15.1436	55.2754
15.1452	55.3115
15.1468	55.3477
15.1484	55.3828
15.15	55.418
15.1516	55.4531
15.1532	55.4883
15.1548	55.5234
15.1564	55.5586
15.158	55.5938
15.1596	55.6289
15.1612	55.6641
15.1628	55.6992
15.1644	55.7344
15.1661	55.7695
15.1677	55.8047
15.1693	55.8398
15.1709	55.875
15.1725	55.9102
15.1741	55.9453
15.1757	55.9805
15.1773	56.0156
15.1789	56.0508
15.1805	56.0859
15.1821	56.1211
15.1837	56.1562
15.1853	56.1914
15.1869	56.2266
15.1885	56.2617
15.1901	56.2969
15.1917	56.332
15.1933	56.3672
15.1949	56.4023
15.1965	56.4375
15.1981	56.4727
15.1997	56.5078
15.2013	56.543
15.2029	56.5781
15.2045	56.6133
15.2061	56.6484
15.2077	56.6836
15.2093	56.7188
15.2109	56.7539
15.2125	56.7891
15.2141	56.8242
15.2157	56.8594
15.2173	56.8945
15.2189	56.9287
15.2205	56.9629
15.2221	56.9971
15.2237	57.0312
15.2253	57.0654
15.2269	57.0996
15.2285	57.1338
15.2301	57.168
15.2317	57.2021
15.2333	57.2363
15.2349	57.2705
15.2365	57.3047
15.2381	57.3389
15.2398	57.373
15.2414	57.4072
15.243	57.4414
15.2446	57.4756
15.2462	57.5098
15.2478	57.5439
15.2494	57.5781
15.251	57.6123
15.2526	57.6465
15.2542	57.6807
15.2558	57.7148
15.2574	57.749
15.259	57.7832
15.2606	57.8174
15.2622	57.8516
15.2638	57.8857
15.2654	57.9199
15.267	57.9541
15.2686	57.9883
15.2702	58.0225
15.2718	58.0566
15.2734	58.0908
15.275	58.125
15.2766	58.1592
15.2782	58.1934
15.2798	58.2275
15.2814	58.2617
15.283	58.2959
15.2846	58.3301
15.2862	58.3643
15.2878	58.3984
15.2894	58.4326
15.291	58.4668
15.2926	58.501
15.2942	58.5352
15.2958	58.5684
15.2974	58.6016
15.299	58.6348
15.3006	58.668
15.3022	58.7012
15.3038	58.7344
15.3054	58.7676
15.307	58.8008
15.3086	58.834
15.3102	58.8672
15.3118	58.9004
15.3134	58.9336
15.3151	58.9668
15.3167	59
15.3183	59.0332
15.3199	59.0664
15.3215	59.0996
15.3231	59.1328
15.3247	59.166
15.3263	59.1992
15.3279	59.2324
15.3295	59.2656
15.3311	59.2988
15.3327	59.332
15.3343	59.3652
15.3359	59.3984
15.3375	59.4316
15.3391	59.4648
15.3407	59.498
15.3423	59.5312
15.3439	59.5645
15.3455	59.5977
15.3471	59.6309
15.3487	59.6641
15.3503	59.6973
15.3519	59.7305
15.3535	59.7637
15.3551	59.7969
15.3567	59.8301
15.3583	59.8633
15.3599	59.8965
15.3615	59.9297
15.3631	59.9629
15.3647	59.9961
15.3663	60.0293
15.3679	60.0625
15.3695	60.0957
15.3711	60.1289
15.3727	60.1621
15.3743	60.1953
15.3759	60.2285
15.3775	60.2607
15.3791	60.293
15.3807	60.3252
15.3823	60.3574
15.3839	60.3896
15.3855	60.4219
15.3871	60.4541
15.3887	60.4863
15.3904	60.5186
15.392	60.5508
15.3936	60.583
15.3952	60.6152
15.3968	60.6475
15.3984	60.6797
15.4	60.7119
15.4016	60.7441
15.4032	60.7764
15.4048	60.8086
15.4064	60.8408
15.408	60.873
15.4096	60.9053
15.4112	60.9375
15.4128	60.9697
15.4144	61.002
15.416	61.0342
15.4176	61.0664
15.4192	61.0986
15.4208	61.1309
15.4224	61.1631
15.424	61.1953
15.4256	61.2275
15.4272	61.2598
15.4288	61.292
15.4304	61.3242
15.432	61.3564
15.4336	61.3887
15.4352	61.4209
15.4368	61.4531
15.4384	61.4854
15.44	61.5176
15.4416	61.5498
15.4432	61.582
15.4448	61.6143
15.4464	61.6465
15.448	61.6787
15.4496	61.7109
15.4512	61.7432
15.4528	61.7754
15.4544	61.8076
15.456	61.8398
15.4576	61.8721
15.4592	61.9043
15.4608	61.9365
15.4624	61.9688
15.464	62.001
15.4657	62.0332
15.4673	62.0654
15.4689	62.0967
15.4705	62.1279
15.4721	62.1592
15.4737	62.1904
15.4753	62.2217
15.4769	62.2529
15.4785	62.2842
15.4801	62.3154
15.4817	62.3467
15.4833	62.3779
15.4849	62.4092
15.4865	62.4404
15.4881	62.4717
15.4897	62.5029
15.4913	62.5342
15.4929	62.5654
15.4945	62.5967
15.4961	62.6279
15.4977	62.6592
15.4993	62.6904
15.5009	62.7217
15.5025	62.7529
15.5041	62.7842
15.5057	62.8154
15.5073	62.8467
15.5089	62.8779
15.5105	62.9092
15.5121	62.9404
15.5137	62.9717
15.5153	63.0029
15.5169	63.0342
15.5185	63.0654
15.5201	63.0967
15.5217	63.1279
15.5233	63.1592
15.5249	63.1904
15.5265	63.2217
15.5281	63.2529
15.5297	63.2842
15.5313	63.3154
15.5329	63.3467
15.5345	63.3779
15.5361	63.4092
15.5377	63.4404
15.5393	63.4717
15.541	63.5029
15.5426	63.5342
15.5442	63.5654
15.5458	63.5967
15.5474	63.6279
15.549	63.6592
15.5506	63.6904
15.5522	63.7217
15.5538	63.7529
15.5554	63.7842
15.557	63.8154
15.5586	63.8467
15.5602	63.8779
15.5618	63.9092
15.5634	63.9404
15.565	63.9717
15.5666	64.0029
15.5682	64.0332
15.5698	64.0635
15.5714	64.0938
15.573	64.124
15.5746	64.1543
15.5762	64.1846
15.5778	64.2148
15.5794	64.2451
15.581	64.2754
15.5826	64.3057
15.5842	64.3359
15.5858	64.3662
15.5874	64.3965
15.589	64.4268
15.5906	64.457
15.5922	64.4873
15.5938	64.5176
15.5954	64.5479
15.597	64.5781
15.5986	64.6084
15.6002	64.6387
15.6018	64.6689
15.6034	64.6992
15.605	64.7295
15.6066	64.7598
15.6082	64.79
15.6098	64.8203
15.6114	64.8506
15.613	64.8809
15.6146	64.9111
15.6163	64.9414
15.6179	64.9717
15.6195	65.002
15.6211	65.0322
15.6227	65.0625
15.6243	65.0928
15.6259	65.123
15.6275	65.1533
15.6291	65.1836
15.6307	65.2139
15.6323	65.2441
15.6339	65.2744
15.6355	65.3047
15.6371	65.335
15.6387	65.3652
15.6403	65.3955
15.6419	65.4258
15.6435	65.4561
15.6451	65.4863
15.6467	65.5166
15.6483	65.5469
15.6499	65.5771
15.6515	65.6074
15.6531	65.6377
15.6547	65.668
15.6563	65.6982
15.6579	65.7285
15.6595	65.7588
15.6611	65.7891
15.6627	65.8193
15.6643	65.8496
15.6659	65.8799
15.6675	65.9102
15.6691	65.9404
15.6707	65.9707
15.6723	66.001
15.6739	66.0312
15.6755	66.0615
15.6771	66.0908
15.6787	66.1201
15.6803	66.1494
15.6819	66.1787
15.6835	66.208
15.6851	66.2373
15.6867	66.2666
15.6883	66.2959
15.6899	66.3252
15.6916	66.3545
15.6932	66.3838
15.6948	66.4131
15.6964	66.4424
15.698	66.4717
15.6996	66.501
15.7012	66.5303
15.7028	66.5596
15.7044	66.5889
15.706	66.6182
15.7076	66.6475
15.7092	66.6768
15.7108	66.7061
15.7124	66.7354
15.714	66.7646
15.7156	66.7939
15.7172	66.8232
15.7188	66.8525
15.7204	66.8818
15.722	66.9111
15.7236	66.9404
15.7252	66.9697
15.7268	66.999
15.7284	67.0283
15.73	67.0576
15.7316	67.0869
15.7332	67.1162
15.7348	67.1455
15.7364	67.1748
15.738	67.2041
15.7396	67.2334
15.7412	67.2627
15.7428	67.292
15.7444	67.3213
15.746	67.3506
15.7476	67.3799
15.7492	67.4092
15.7508	67.4385
15.7524	67.4678
15.754	67.4971
15.7556	67.5264
15.7572	67.5557
15.7588	67.585
15.7604	67.6143
15.762	67.6436
15.7636	67.6729
15.7653	67.7021
15.7669	67.7314
15.7685	67.7607
15.7701	67.79
15.7717	67.8193
15.7733	67.8486
15.7749	67.8779
15.7765	67.9072
15.7781	67.9365
15.7797	67.9658
15.7813	67.9951
15.7829	68.0244
15.7845	68.0537
15.7861	68.083
15.7877	68.1123
15.7893	68.1416
15.7909	68.1709
15.7925	68.2002
15.7941	68.2295
15.7957	68.2588
15.7973	68.2871
15.7989	68.3154
15.8005	68.3438
15.8021	68.3721
15.8037	68.4004
15.8053	68.4287
15.8069	68.457
15.8085	68.4854
15.8101	68.5137
15.8117	68.542
15.8133	68.5703
15.8149	68.5986
15.8165	68.627
15.8181	68.6553
15.8197	68.6836
15.8213	68.7119
15.8229	68.7402
15.8245	68.7686
15.8261	68.7969
15.8277	68.8252
15.8293	68.8535
15.8309	68.8818
15.8325	68.9102
15.8341	68.9385
15.8357	68.9668
15.8373	68.9951
15.8389	69.0234
15.8406	69.0518
15.8422	69.0801
15.8438	69.1084
15.8454	69.1367
15.847	69.165
15.8486	69.1934
15.8502	69.2217
15.8518	69.25
15.8534	69.2783
15.855	69.3066
15.8566	69.335
15.8582	69.3633
15.8598	69.3916
15.8614	69.4199
15.863	69.4482
15.8646	69.4766
15.8662	69.5049
15.8678	69.5332
15.8694	69.5615
15.871	69.5898
15.8726	69.6182
15.8742	69.6465
15.8758	69.6748
15.8774	69.7031
15.879	69.7314
15.8806	69.7598
15.8822	69.7881
15.8838	69.8164
15.8854	69.8447
15.887	69.873
15.8886	69.9014
15.8902	69.9297
15.8918	69.958
15.8934	69.9863
15.895	70.0146
15.8966	70.043
15.8982	70.0713
15.8998	70.0996
15.9014	70.1279
15.903	70.1562
15.9046	70.1846
15.9062	70.2129
15.9078	70.2412
15.9094	70.2695
15.911	70.2979
15.9126	70.3262
15.9142	70.3545
15.9159	70.3828
15.9175	70.4111
15.9191	70.4395
15.9207	70.4678
15.9223	70.4961
15.9239	70.5244
15.9255	70.5527
15.9271	70.5811
15.9287	70.6094
15.9303	70.6367
15.9319	70.6641
15.9335	70.6914
15.9351	70.7188
15.9367	70.7461
15.9383	70.7734
15.9399	70.8008
15.9415	70.8281
15.9431	70.8555
15.9447	70.8828
15.9463	70.9102
15.9479	70.9375
15.9495	70.9648
15.9511	70.9922
15.9527	71.0195
15.9543	71.0469
15.9559	71.0742
15.9575	71.1016
15.9591	71.1289
15.9607	71.1562
15.9623	71.1836
15.9639	71.2109
15.9655	71.2383
15.9671	71.2656
15.9687	71.293
15.9703	71.3203
15.9719	71.3477
15.9735	71.375
15.9751	71.4023
15.9767	71.4297
15.9783	71.457
15.9799	71.4844
15.9815	71.5117
15.9831	71.5391
15.9847	71.5664
15.9863	71.5938
15.9879	71.6211
15.9895	71.6484
15.9912	71.6758
15.9928	71.7031
15.9944	71.7305
15.996	71.7578
15.9976	71.7852
15.9992	71.8125
16.0008	71.8398
16.0024	71.8672
16.004	71.8945
16.0056	71.9219
16.0072	71.9492
16.0088	71.9766
16.0104	72.0039
16.012	72.0312
16.0136	72.0586
16.0152	72.0859
16.0168	72.1133
16.0184	72.1406
16.02	72.168
16.0216	72.1953
16.0232	72.2227
16.0248	72.25
16.0264	72.2773
16.028	72.3047
16.0296	72.332
16.0312	72.3594
16.0328	72.3867
16.0344	72.4141
16.036	72.4414
16.0376	72.4688
16.0392	72.4961
16.0408	72.5234
16.0424	72.5508
16.044	72.5781
16.0456	72.6055
16.0472	72.6328
16.0488	72.6602
16.0504	72.6875
16.052	72.7148
16.0536	72.7422
16.0552	72.7695
16.0568	72.7969
16.0584	72.8242
16.06	72.8516
16.0616	72.8789
16.0632	72.9062
16.0648	72.9336
16.0665	72.9609
16.0681	72.9883
16.0697	73.0156
16.0713	73.043
16.0729	73.0703
16.0745	73.0977
16.0761	73.125
16.0777	73.1523
16.0793	73.1787
16.0809	73.2051
16.0825	73.2314
16.0841	73.2578
16.0857	73.2842
16.0873	73.3105
16.0889	73.3369
16.0905	73.3633
16.0921	73.3896
16.0937	73.416
16.0953	73.4424
16.0969	73.4688
16.0985	73.4951
16.1001	73.5215
16.1017	73.5479
16.1033	73.5742
16.1049	73.6006
16.1065	73.627
16.1081	73.6533
16.1097	73.6797
16.1113	73.7061
16.1129	73.7324
16.1145	73.7588
16.1161	73.7852
16.1177	73.8115
16.1193	73.8379
16.1209	73.8643
16.1225	73.8906
16.1241	73.917
16.1257	73.9434
16.1273	73.9697
16.1289	73.9961
16.1305	74.0225
16.1321	74.0488
16.1337	74.0752
16.1353	74.1016
16.1369	74.1279
16.1385	74.1543
16.1401	74.1807
16.1418	74.207
16.1434	74.2334
16.145	74.2598
16.1466	74.2861
16.1482	74.3125
16.1498	74.3389
16.1514	74.3652
16.153	74.3916
16.1546	74.418
16.1562	74.4443
16.1578	74.4707
16.1594	74.4971
16.161	74.5234
16.1626	74.5498
16.1642	74.5762
16.1658	74.6025
16.1674	74.6289
16.169	74.6553
16.1706	74.6816
16.1722	74.708
16.1738	74.7344
16.1754	74.7607
16.177	74.7871
16.1786	74.8135
16.1802	74.8398
16.1818	74.8662
16.1834	74.8926
16.185	74.9189
16.1866	74.9453
16.1882	74.9717
16.1898	74.998
16.1914	75.0244
16.193	75.0508
16.1946	75.0771
16.1962	75.1035
16.1978	75.1299
16.1994	75.1562
16.201	75.1826
16.2026	75.209
16.2042	75.2354
16.2058	75.2617
16.2074	75.2881
16.209	75.3145
16.2106	75.3408
16.2122	75.3672
16.2138	75.3936
16.2154	75.4199
16.2171	75.4463
16.2187	75.4727
16.2203	75.499
16.2219	75.5254
16.2235	75.5518
16.2251	75.5781
16.2267	75.6045
16.2283	75.6309
16.2299	75.6572
16.2315	75.6836
16.2331	75.71
16.2347	75.7363
16.2363	75.7627
16.2379	75.7891
16.2395	75.8154
16.2411	75.8418
16.2427	75.8672
16.2443	75.8926
16.2459	75.918
16.2475	75.9434
16.2491	75.9688
16.2507	75.9941
16.2523	76.0195
16.2539	76.0449
16.2555	76.0703
16.2571	76.0957
16.2587	76.1211
16.2603	76.1465
16.2619	76.1719
16.2635	76.1973
16.2651	76.2227
16.2667	76.248
16.2683	76.2734
16.2699	76.2988
16.2715	76.3242
16.2731	76.3496
16.2747	76.375
16.2763	76.4004
16.2779	76.4258
16.2795	76.4512
16.2811	76.4766
16.2827	76.502
16.2843	76.5273
16.2859	76.5527
16.2875	76.5781
16.2891	76.6035
16.2908	76.6289
16.2924	76.6543
16.294	76.6797
16.2956	76.7051
16.2972	76.7305
16.2988	76.7559
16.3004	76.7812
16.302	76.8066
16.3036	76.832
16.3052	76.8574
16.3068	76.8828
16.3084	76.9082
16.31	76.9336
16.3116	76.959
16.3132	76.9844
16.3148	77.0098
16.3164	77.0352
16.318	77.0605
16.3196	77.0859
16.3212	77.1113
16.3228	77.1367
16.3244	77.1621
16.326	77.1875
16.3276	77.2129
16.3292	77.2383
16.3308	77.2637
16.3324	77.2891
16.334	77.3145
16.3356	77.3398
16.3372	77.3652
16.3388	77.3906
16.3404	77.416
16.342	77.4414
16.3436	77.4668
16.3452	77.4922
16.3468	77.5176
16.3484	77.543
16.35	77.5684
16.3516	77.5938
16.3532	77.6191
16.3548	77.6445
16.3564	77.6699
16.358	77.6953
16.3596	77.7207
16.3612	77.7461
16.3628	77.7715
16.3644	77.7969
16.3661	77.8223
16.3677	77.8477
16.3693	77.873
16.3709	77.8984
16.3725	77.9238
16.3741	77.9492
16.3757	77.9746
16.3773	78
16.3789	78.0254
16.3805	78.0508
16.3821	78.0762
16.3837	78.1016
16.3853	78.127
16.3869	78.1523
16.3885	78.1777
16.3901	78.2031
16.3917	78.2285
16.3933	78.2539
16.3949	78.2793
16.3965	78.3047
16.3981	78.3301
16.3997	78.3555
16.4013	78.3809
16.4029	78.4062
16.4045	78.4316
16.4061	78.457
16.4077	78.4824
16.4093	78.5078
16.4109	78.5332
16.4125	78.5586
16.4141	78.584
16.4157	78.6094
16.4173	78.6348
16.4189	78.6602
16.4205	78.6855
16.4221	78.7109
16.4237	78.7363
16.4253	78.7617
16.4269	78.7861
16.4285	78.8105
16.4301	78.835
16.4317	78.8594
16.4333	78.8838
16.4349	78.9082
16.4365	78.9326
16.4381	78.957
16.4397	78.9814
16.4414	79.0059
16.443	79.0303
16.4446	79.0547
16.4462	79.0791
16.4478	79.1035
16.4494	79.1279
16.451	79.1523
16.4526	79.1768
16.4542	79.2012
16.4558	79.2256
16.4574	79.25
16.459	79.2744
16.4606	79.2988
16.4622	79.3232
16.4638	79.3477
16.4654	79.3721
16.467	79.3965
16.4686	79.4209
16.4702	79.4453
16.4718	79.4697
16.4734	79.4941
16.475	79.5186
16.4766	79.543
16.4782	79.5674
16.4798	79.5918
16.4814	79.6162
16.483	79.6406
16.4846	79.665
16.4862	79.6895
16.4878	79.7139
16.4894	79.7383
16.491	79.7627
16.4926	79.7871
16.4942	79.8115
16.4958	79.8359
16.4974	79.8604
16.499	79.8848
16.5006	79.9092
16.5022	79.9336
16.5038	79.958
16.5054	79.9824
16.507	80.0068
16.5086	80.0312
16.5102	80.0557
16.5118	80.0801
16.5134	80.1045
16.515	80.1289
16.5167	80.1533
16.5183	80.1777
16.5199	80.2021
16.5215	80.2266
16.5231	80.251
16.5247	80.2754
16.5263	80.2998
16.5279	80.3242
16.5295	80.3486
16.5311	80.373
16.5327	80.3975
16.5343	80.4219
16.5359	80.4463
16.5375	80.4707
16.5391	80.4951
16.5407	80.5195
16.5423	80.5439
16.5439	80.5684
16.5455	80.5928
16.5471	80.6172
16.5487	80.6416
16.5503	80.666
16.5519	80.6904
16.5535	80.7148
16.5551	80.7393
16.5567	80.7637
16.5583	80.7881
16.5599	80.8125
16.5615	80.8369
16.5631	80.8613
16.5647	80.8857
16.5663	80.9102
16.5679	80.9346
16.5695	80.959
16.5711	80.9834
16.5727	81.0078
16.5743	81.0322
16.5759	81.0566
16.5775	81.0811
16.5791	81.1055
16.5807	81.1299
16.5823	81.1543
16.5839	81.1787
16.5855	81.2031
16.5871	81.2275
16.5887	81.252
16.5903	81.2764
16.592	81.3008
16.5936	81.3252
16.5952	81.3496
16.5968	81.374
16.5984	81.3984
16.6	81.4229
16.6016	81.4473
16.6032	81.4717
16.6048	81.4961
16.6064	81.5205
16.608	81.5449
16.6096	81.5693
16.6112	81.5938
16.6128	81.6182
16.6144	81.6426
16.616	81.667
16.6176	81.6914
16.6192	81.7158
16.6208	81.7402
16.6224	81.7646
16.624	81.7891
16.6256	81.8135
16.6272	81.8379
16.6288	81.8623
16.6304	81.8867
16.632	81.9111
16.6336	81.9346
16.6352	81.958
16.6368	81.9814
16.6384	82.0049
16.64	82.0283
16.6416	82.0518
16.6432	82.0752
16.6448	82.0986
16.6464	82.1221
16.648	82.1455
16.6496	82.1689
16.6512	82.1924
16.6528	82.2158
16.6544	82.2393
16.656	82.2627
16.6576	82.2861
16.6592	82.3096
16.6608	82.333
16.6624	82.3564
16.664	82.3799
16.6656	82.4033
16.6673	82.4268
16.6689	82.4502
16.6705	82.4736
16.6721	82.4971
16.6737	82.5205
16.6753	82.5439
16.6769	82.5674
16.6785	82.5908
16.6801	82.6143
16.6817	82.6377
16.6833	82.6611
16.6849	82.6846
16.6865	82.708
16.6881	82.7314
16.6897	82.7549
16.6913	82.7783
16.6929	82.8018
16.6945	82.8252
16.6961	82.8486
16.6977	82.8721
16.6993	82.8955
16.7009	82.9189
16.7025	82.9424
16.7041	82.9658
16.7057	82.9893
16.7073	83.0127
16.7089	83.0361
16.7105	83.0596
16.7121	83.083
16.7137	83.1064
16.7153	83.1299
16.7169	83.1533
16.7185	83.1768
16.7201	83.2002
16.7217	83.2236
16.7233	83.2471
16.7249	83.2705
16.7265	83.2939
16.7281	83.3174
16.7297	83.3408
16.7313	83.3643
16.7329	83.3877
16.7345	83.4111
16.7361	83.4346
16.7377	83.458
16.7393	83.4814
16.7409	83.5049
16.7426	83.5283
16.7442	83.5518
16.7458	83.5752
16.7474	83.5986
16.749	83.6221
16.7506	83.6455
16.7522	83.6689
16.7538	83.6924
16.7554	83.7158
16.757	83.7393
16.7586	83.7627
16.7602	83.7861
16.7618	83.8096
16.7634	83.833
16.765	83.8564
16.7666	83.8799
16.7682	83.9033
16.7698	83.9268
16.7714	83.9502
16.773	83.9736
16.7746	83.9971
16.7762	84.0205
16.7778	84.0439
16.7794	84.0674
16.781	84.0908
16.7826	84.1143
16.7842	84.1377
16.7858	84.1611
16.7874	84.1846
16.789	84.208
16.7906	84.2314
16.7922	84.2549
16.7938	84.2783
16.7954	84.3018
16.797	84.3252
16.7986	84.3486
16.8002	84.3721
16.8018	84.3955
16.8034	84.4189
16.805	84.4424
16.8066	84.4658
16.8082	84.4893
16.8098	84.5127
16.8114	84.5361
16.813	84.5596
16.8146	84.583
16.8163	84.6064
16.8179	84.6299
16.8195	84.6533
16.8211	84.6768
16.8227	84.7002
16.8243	84.7236
16.8259	84.7471
16.8275	84.7705
16.8291	84.7939
16.8307	84.8174
16.8323	84.8408
16.8339	84.8643
16.8355	84.8877
16.8371	84.9111
16.8387	84.9346
16.8403	84.958
16.8419	84.9814
16.8435	85.0049
16.8451	85.0283
16.8467	85.0518
16.8483	85.0752
16.8499	85.0986
16.8515	85.1221
16.8531	85.1455
16.8547	85.1689
16.8563	85.1924
16.8579	85.2158
16.8595	85.2393
16.8611	85.2627
16.8627	85.2861
16.8643	85.3096
16.8659	85.333
16.8675	85.3555
16.8691	85.3779
16.8707	85.4004
16.8723	85.4229
16.8739	85.4453
16.8755	85.4678
16.8771	85.4902
16.8787	85.5127
16.8803	85.5352
16.8819	85.5576
16.8835	85.5801
16.8851	85.6025
16.8867	85.625
16.8883	85.6475
16.8899	85.6699
16.8916	85.6924
16.8932	85.7148
16.8948	85.7373
16.8964	85.7598
16.898	85.7822
16.8996	85.8047
16.9012	85.8271
16.9028	85.8496
16.9044	85.8721
16.906	85.8945
16.9076	85.917
16.9092	85.9395
16.9108	85.9619
16.9124	85.9844
16.914	86.0068
16.9156	86.0293
16.9172	86.0518
16.9188	86.0742
16.9204	86.0967
16.922	86.1191
16.9236	86.1416
16.9252	86.1641
16.9268	86.1865
16.9284	86.209
16.93	86.2314
16.9316	86.2539
16.9332	86.2764
16.9348	86.2988
16.9364	86.3213
16.938	86.3438
16.9396	86.3662
16.9412	86.3887
16.9428	86.4111
16.9444	86.4336
16.946	86.4561
16.9476	86.4785
16.9492	86.501
16.9508	86.5234
16.9524	86.5459
16.954	86.5684
16.9556	86.5908
16.9572	86.6133
16.9588	86.6357
16.9604	86.6582
16.962	86.6807
16.9636	86.7031
16.9652	86.7256
16.9669	86.748
16.9685	86.7705
16.9701	86.793
16.9717	86.8154
16.9733	86.8379
16.9749	86.8604
16.9765	86.8828
16.9781	86.9053
16.9797	86.9277
16.9813	86.9502
16.9829	86.9727
16.9845	86.9951
16.9861	87.0176
16.9877	87.04
16.9893	87.0625
16.9909	87.085
16.9925	87.1074
16.9941	87.1299
16.9957	87.1523
16.9973	87.1748
16.9989	87.1973
17.0005	87.2197
17.0021	87.2422
17.0037	87.2646
17.0053	87.2871
17.0069	87.3096
17.0085	87.332
17.0101	87.3545
17.0117	87.377
17.0133	87.3994
17.0149	87.4219
17.0165	87.4443
17.0181	87.4668
17.0197	87.4893
17.0213	87.5117
17.0229	87.5342
17.0245	87.5566
17.0261	87.5791
17.0277	87.6016
17.0293	87.624
17.0309	87.6465
17.0325	87.6689
17.0341	87.6914
17.0357	87.7139
17.0373	87.7363
17.0389	87.7588
17.0405	87.7812
17.0422	87.8037
17.0438	87.8262
17.0454	87.8486
17.047	87.8711
17.0486	87.8936
17.0502	87.916
17.0518	87.9385
17.0534	87.9609
17.055	87.9834
17.0566	88.0059
17.0582	88.0283
17.0598	88.0508
17.0614	88.0732
17.063	88.0957
17.0646	88.1182
17.0662	88.1406
17.0678	88.1631
17.0694	88.1855
17.071	88.208
17.0726	88.2305
17.0742	88.2529
17.0758	88.2754
17.0774	88.2979
17.079	88.3203
17.0806	88.3428
17.0822	88.3652
17.0838	88.3877
17.0854	88.4102
17.087	88.4326
17.0886	88.4551
17.0902	88.4775
17.0918	88.5
17.0934	88.5225
17.095	88.5449
17.0966	88.5674
17.0982	88.5898
17.0998	88.6123
17.1014	88.6348
17.103	88.6572
17.1046	88.6797
17.1062	88.7021
17.1078	88.7246
17.1094	88.7471
17.111	88.7695
17.1126	88.792
17.1142	88.8145
17.1158	88.8369
17.1175	88.8594
17.1191	88.8818
17.1207	88.9043
17.1223	88.9268
17.1239	88.9492
17.1255	88.9717
17.1271	88.9941
17.1287	89.0166
17.1303	89.0391
17.1319	89.0605
17.1335	89.082
17.1351	89.1035
17.1367	89.125
17.1383	89.1465
17.1399	89.168
17.1415	89.1895
17.1431	89.2109
17.1447	89.2324
17.1463	89.2539
17.1479	89.2754
17.1495	89.2969
17.1511	89.3184
17.1527	89.3398
17.1543	89.3613
17.1559	89.3828
17.1575	89.4043
17.1591	89.4258
17.1607	89.4473
17.1623	89.4688
17.1639	89.4902
17.1655	89.5117
17.1671	89.5332
17.1687	89.5547
17.1703	89.5762
17.1719	89.5977
17.1735	89.6191
17.1751	89.6406
17.1767	89.6621
17.1783	89.6836
17.1799	89.7051
17.1815	89.7266
17.1831	89.748
17.1847	89.7695
17.1863	89.791
17.1879	89.8125
17.1895	89.834
17.1911	89.8555
17.1928	89.877
17.1944	89.8984
17.196	89.9199
17.1976	89.9414
17.1992	89.9629
17.2008	89.9844
17.2024	90.0059
17.204	90.0273
17.2056	90.0488
17.2072	90.0703
17.2088	90.0918
17.2104	90.1133
17.212	90.1348
17.2136	90.1562
17.2152	90.1777
17.2168	90.1992
17.2184	90.2207
17.22	90.2422
17.2216	90.2637
17.2232	90.2852
17.2248	90.3066
17.2264	90.3281
17.228	90.3496
17.2296	90.3711
17.2312	90.3926
17.2328	90.4141
17.2344	90.4355
17.236	90.457
17.2376	90.4785
17.2392	90.5
17.2408	90.5215
17.2424	90.543
17.244	90.5645
17.2456	90.5859
17.2472	90.6074
17.2488	90.6289
17.2504	90.6504
17.252	90.6719
17.2536	90.6934
17.2552	90.7148
17.2568	90.7363
17.2584	90.7578
17.26	90.7793
17.2616	90.8008
17.2632	90.8223
17.2648	90.8438
17.2664	90.8652
17.2681	90.8867
17.2697	90.9082
17.2713	90.9297
17.2729	90.9512
17.2745	90.9727
17.2761	90.9941
17.2777	91.0156
17.2793	91.0371
17.2809	91.0586
17.2825	91.0801
17.2841	91.1016
17.2857	91.123
17.2873	91.1445
17.2889	91.166
17.2905	91.1875
17.2921	91.209
17.2937	91.2305
17.2953	91.252
17.2969	91.2734
17.2985	91.2949
17.3001	91.3164
17.3017	91.3379
17.3033	91.3594
17.3049	91.3809
17.3065	91.4023
17.3081	91.4238
17.3097	91.4453
17.3113	91.4668
17.3129	91.4883
17.3145	91.5098
17.3161	91.5312
17.3177	91.5527
17.3193	91.5742
17.3209	91.5957
17.3225	91.6172
17.3241	91.6387
17.3257	91.6602
17.3273	91.6816
17.3289	91.7031
17.3305	91.7246
17.3321	91.7461
17.3337	91.7676
17.3353	91.7891
17.3369	91.8105
17.3385	91.832
17.3401	91.8535
17.3418	91.875
17.3434	91.8965
17.345	91.918
17.3466	91.9395
17.3482	91.9609
17.3498	91.9824
17.3514	92.0039
17.353	92.0254
17.3546	92.0469
17.3562	92.0684
17.3578	92.0898
17.3594	92.1113
17.361	92.1328
17.3626	92.1543
17.3642	92.1758
17.3658	92.1973
17.3674	92.2188
17.369	92.2402
17.3706	92.2617
17.3722	92.2832
17.3738	92.3047
17.3754	92.3262
17.377	92.3477
17.3786	92.3691
17.3802	92.3906
17.3818	92.4121
17.3834	92.4336
17.385	92.4551
17.3866	92.4766
17.3882	92.498
17.3898	92.5195
17.3914	92.541
17.393	92.5625
17.3946	92.584
17.3962	92.6055
17.3978	92.627
17.3994	92.6484
17.401	92.6699
17.4026	92.6914
17.4042	92.7129
17.4058	92.7344
17.4074	92.7559
17.409	92.7773
17.4106	92.7988
17.4122	92.8203
17.4138	92.8418
17.4154	92.8633
17.4171	92.8848
17.4187	92.9062
17.4203	92.9277
17.4219	92.9492
17.4235	92.9707
17.4251	92.9922
17.4267	93.0137
17.4283	93.0352
17.4299	93.0566
17.4315	93.0781
17.4331	93.0986
17.4347	93.1191
17.4363	93.1396
17.4379	93.1602
17.4395	93.1807
17.4411	93.2012
17.4427	93.2217
17.4443	93.2422
17.4459	93.2627
17.4475	93.2832
17.4491	93.3037
17.4507	93.3242
17.4523	93.3447
17.4539	93.3652
17.4555	93.3857
17.4571	93.4062
17.4587	93.4268
17.4603	93.4473
17.4619	93.4678
17.4635	93.4883
17.4651	93.5088
17.4667	93.5293
17.4683	93.5498
17.4699	93.5703
17.4715	93.5908
17.4731	93.6113
17.4747	93.6318
17.4763	93.6523
17.4779	93.6729
17.4795	93.6934
17.4811	93.7139
17.4827	93.7344
17.4843	93.7549
17.4859	93.7754
17.4875	93.7959
17.4891	93.8164
17.4907	93.8369
17.4924	93.8574
17.494	93.8779
17.4956	93.8984
17.498	91.9141
17.4988	90.5
17.4996	89.6689
17.5004	88.9199
17.5012	88.1719
17.502	87.4229
17.5028	86.6738
17.5036	85.9258
17.5044	85.1768
17.5052	84.4287
17.506	83.6797
17.5068	82.9307
17.5076	82.1826
17.5084	81.4336
17.5092	80.6855
17.51	79.9365
17.5108	79.1875
17.5116	78.4395
17.5124	77.6904
17.5132	76.9424
17.514	76.1934
17.5148	75.4453
17.5156	74.6963
17.5164	73.9473
17.5172	73.1992
17.518	72.4502
17.5188	71.7021
17.5196	70.9531
17.5204	70.2041
17.5212	69.4561
17.522	68.707
17.5228	67.959
17.5236	67.21
17.5244	66.4609
17.5252	65.7129
17.526	64.9639
17.5268	64.2158
17.5276	63.4668
17.5284	62.7188
17.5292	61.9697
17.53	61.2207
17.5308	60.4727
17.5316	59.7236
17.5324	58.9756
17.5332	58.2266
17.534	57.4775
17.5348	56.7295
17.5356	55.9805
17.5364	55.2324
17.5372	54.4834
17.538	53.7344
17.5388	52.9863
17.5396	52.2373
17.5404	51.4893
17.5412	50.7402
17.542	49.9922
17.5428	49.2432
17.5436	48.4941
17.5444	47.7461
17.5452	46.9971
17.546	45.25
17.5468	44.4766
17.55	45.25
17.55	45.2939
17.5516	45.3379
17.5532	45.3818
17.5548	45.4258
17.5564	45.4697
17.558	45.5137
17.5596	45.5566
17.5612	45.5996
17.5628	45.6426
17.5644	45.6855
17.566	45.7285
17.5677	45.7715
17.576	45.8145
17.5776	45.8574
17.5792	45.9004
17.5808	45.9434
17.5824	45.9863
17.5841	46.0293
17.5857	46.0723
17.5873	46.1152
17.5889	46.1582
17.5905	46.2012
17.5921	46.2441
17.5937	46.2871
17.5953	46.3301
17.5969	46.373
17.5985	46.416
17.6001	46.459
17.6017	46.502
17.6033	46.5449
17.6049	46.5869
17.6065	46.6289
17.6081	46.6709
17.6097	46.7129
17.6113	46.7549
17.6129	46.7969
17.6145	46.8389
17.6161	46.8809
17.6177	46.9229
17.6193	46.9648
17.6209	47.0068
17.6225	47.0488
17.6241	47.0908
17.6257	47.1328
17.6273	47.1748
17.6289	47.2168
17.6305	47.2588
17.6321	47.3008
17.6337	47.3428
17.6353	47.3848
17.6369	47.4268
17.6385	47.4688
17.6401	47.5107
17.6417	47.5527
17.6433	47.5947
17.6449	47.6367
17.6465	47.6777
17.6481	47.7188
17.6497	47.7598
17.6513	47.8008
17.6529	47.8418
17.6545	47.8828
17.6561	47.9238
17.6577	47.9648
17.6594	48.0059
17.661	48.0469
17.6626	48.0879
17.6642	48.1289
17.6658	48.1699
17.6674	48.2109
17.669	48.252
17.6706	48.293
17.6722	48.334
17.6738	48.375
17.6754	48.416
17.677	48.457
17.6786	48.498
17.6802	48.5391
17.6818	48.5801
17.6834	48.6211
17.685	48.6621
17.6866	48.7031
17.6882	48.7441
17.6898	48.7852
17.6914	48.8252
17.693	48.8652
17.6946	48.9053
17.6962	48.9453
17.6978	48.9854
17.6994	49.0254
17.701	49.0654
17.7026	49.1055
17.7042	49.1455
17.7058	49.1855
17.7074	49.2256
17.709	49.2656
17.7106	49.3057
17.7122	49.3457
17.7138	49.3857
17.7154	49.4258
17.717	49.4658
17.7186	49.5059
17.7202	49.5459
17.7218	49.5859
17.7234	49.626
17.725	49.666
17.7266	49.7061
17.7282	49.7461
17.7298	49.7861
17.7314	49.8262
17.733	49.8662
17.7347	49.9062
17.7363	49.9463
17.7379	49.9854
17.7395	50.0244
17.7411	50.0635
17.7427	50.1025
17.7443	50.1416
17.7459	50.1807
17.7475	50.2197
17.7491	50.2588
17.7507	50.2979
17.7523	50.3369
17.7539	50.376
17.7555	50.415
17.7571	50.4541
17.7587	50.4932
17.7603	50.5322
17.7619	50.5713
17.7635	50.6104
17.7651	50.6494
17.7667	50.6885
17.7683	50.7275
17.7699	50.7666
17.7715	50.8057
17.7731	50.8447
17.7747	50.8838
17.7763	50.9229
17.7779	50.9619
17.7795	51.001
17.7811	51.04
17.7827	51.0791
17.7843	51.1182
17.7859	51.1572
17.7875	51.1963
17.7891	51.2344
17.7907	51.2725
17.7923	51.3105
17.7939	51.3486
17.7955	51.3867
17.7971	51.4248
17.7987	51.4629
17.8003	51.501
17.8019	51.5391
17.8035	51.5771
17.8051	51.6152
17.8067	51.6533
17.8083	51.6914
17.81	51.7295
17.8116	51.7676
17.8132	51.8057
17.8148	51.8438
17.8164	51.8818
17.818	51.9199
17.8196	51.958
17.8212	51.9961
17.8228	52.0342
17.8244	52.0723
17.826	52.1104
17.8276	52.1484
17.8292	52.1865
17.8308	52.2246
17.8324	52.2627
17.834	52.3008
17.8356	52.3389
17.8372	52.377
17.8388	52.415
17.8404	52.4531
17.842	52.4912
17.8436	52.5293
17.8452	52.5664
17.8468	52.6035
17.8484	52.6406
17.85	52.6777
17.8516	52.7148
17.8532	52.752
17.8548	52.7891
17.8564	52.8262
17.858	52.8633
17.8596	52.9004
17.8612	52.9375
17.8628	52.9746
17.8644	53.0117
17.866	53.0488
17.8676	53.0859
17.8692	53.123
17.8708	53.1602
17.8724	53.1973
17.874	53.2344
17.8756	53.2715
17.8772	53.3086
17.8788	53.3457
17.8804	53.3828
17.882	53.4199
17.8836	53.457
17.8853	53.4941
17.8869	53.5312
17.8885	53.5684
17.8901	53.6055
17.8917	53.6426
17.8933	53.6797
17.8949	53.7168
17.8965	53.7539
17.8981	53.791
17.8997	53.8281
17.9013	53.8652
17.9029	53.9023
17.9045	53.9385
17.9061	53.9746
17.9077	54.0107
17.9093	54.0469
17.9109	54.083
17.9125	54.1191
17.9141	54.1553
17.9157	54.1914
17.9173	54.2275
17.9189	54.2637
17.9205	54.2998
17.9221	54.3359
17.9237	54.3721
17.9253	54.4082
17.9269	54.4443
17.9285	54.4805
17.9301	54.5166
17.9317	54.5527
17.9333	54.5889
17.9349	54.625
17.9365	54.6611
17.9381	54.6973
17.9397	54.7334
17.9413	54.7695
17.9429	54.8057
17.9445	54.8418
17.9461	54.8779
17.9477	54.9141
17.9493	54.9502
17.9509	54.9863
17.9525	55.0225
17.9541	55.0586
17.9557	55.0947
17.9573	55.1309
17.959	55.167
17.9606	55.2031
17.9622	55.2393
17.9638	55.2754
17.9654	55.3115
17.967	55.3477
17.9686	55.3828
17.9702	55.418
17.9718	55.4531
17.9734	55.4883
17.975	55.5234
17.9766	55.5586
17.9782	55.5938
17.9798	55.6289
17.9814	55.6641
17.983	55.6992
17.9846	55.7344
17.9862	55.7695
17.9878	55.8047
17.9894	55.8398
17.991	55.875
17.9926	55.9102
17.9942	55.9453
17.9958	55.9805
17.9974	56.0156
17.999	56.0508
18.0006	56.0859
18.0022	56.1211
18.0038	56.1562
18.0054	56.1914
18.007	56.2266
18.0086	56.2617
18.0102	56.2969
18.0118	56.332
18.0134	56.3672
18.015	56.4023
18.0166	56.4375
18.0182	56.4727
18.0198	56.5078
18.0214	56.543
18.023	56.5781
18.0246	56.6133
18.0262	56.6484
18.0278	56.6836
18.0294	56.7188
18.031	56.7539
18.0326	56.7891
18.0343	56.8242
18.0359	56.8594
18.0375	56.8945
18.0391	56.9287
18.0407	56.9629
18.0423	56.9971
18.0439	57.0312
18.0455	57.0654
18.0471	57.0996
18.0487	57.1338
18.0503	57.168
18.0519	57.2021
18.0535	57.2363
18.0551	57.2705
18.0567	57.3047
18.0583	57.3389
18.0599	57.373
18.0615	57.4072
18.0631	57.4414
18.0647	57.4756
18.0663	57.5098
18.0679	57.5439
18.0695	57.5781
18.0711	57.6123
18.0727	57.6465
18.0743	57.6807
18.0759	57.7148
18.0775	57.749
18.0791	57.7832
18.0807	57.8174
18.0823	57.8516
18.0839	57.8857
18.0855	57.9199
18.0871	57.9541
18.0887	57.9883
18.0903	58.0225
18.0919	58.0566
18.0935	58.0908
18.0951	58.125
18.0967	58.1592
18.0983	58.1934
18.0999	58.2275
18.1015	58.2617
18.1031	58.2959
18.1047	58.3301
18.1063	58.3643
18.1079	58.3984
18.1096	58.4326
18.1112	58.4668
18.1128	58.501
18.1144	58.5352
18.116	58.5684
18.1176	58.6016
18.1192	58.6348
18.1208	58.668
18.1224	58.7012
18.124	58.7344
18.1256	58.7676
18.1272	58.8008
18.1288	58.834
18.1304	58.8672
18.132	58.9004
18.1336	58.9336
18.1352	58.9668
18.1368	59
18.1384	59.0332
18.14	59.0664
18.1416	59.0996
18.1432	59.1328
18.1448	59.166
18.1464	59.1992
18.148	59.2324
18.1496	59.2656
18.1512	59.2988
18.1528	59.332
18.1544	59.3652
18.156	59.3984
18.1576	59.4316
18.1592	59.4648
18.1608	59.498
18.1624	59.5312
18.164	59.5645
18.1656	59.5977
18.1672	59.6309
18.1688	59.6641
18.1704	59.6973
18.172	59.7305
18.1736	59.7637
18.1752	59.7969
18.1768	59.8301
18.1784	59.8633
18.18	59.8965
18.1816	59.9297
18.1832	59.9629
18.1849	59.9961
18.1865	60.0293
18.1881	60.0625
18.1897	60.0957
18.1913	60.1289
18.1929	60.1621
18.1945	60.1953
18.1961	60.2285
18.1977	60.2607
18.1993	60.293
18.2009	60.3252
18.2025	60.3574
18.2041	60.3896
18.2057	60.4219
18.2073	60.4541
18.2089	60.4863
18.2105	60.5186
18.2121	60.5508
18.2137	60.583
18.2153	60.6152
18.2169	60.6475
18.2185	60.6797
18.2201	60.7119
18.2217	60.7441
18.2233	60.7764
18.2249	60.8086
18.2265	60.8408
18.2281	60.873
18.2297	60.9053
18.2313	60.9375
18.2329	60.9697
18.2345	61.002
18.2361	61.0342
18.2377	61.0664
18.2393	61.0986
18.2409	61.1309
18.2425	61.1631
18.2441	61.1953
18.2457	61.2275
18.2473	61.2598
18.2489	61.292
18.2505	61.3242
18.2521	61.3564
18.2537	61.3887
18.2553	61.4209
18.2569	61.4531
18.2585	61.4854
18.2602	61.5176
18.2618	61.5498
18.2634	61.582
18.265	61.6143
18.2666	61.6465
18.2682	61.6787
18.2698	61.7109
18.2714	61.7432
18.273	61.7754
18.2746	61.8076
18.2762	61.8398
18.2778	61.8721
18.2794	61.9043
18.281	61.9365
18.2826	61.9688
18.2842	62.001
18.2858	62.0332
18.2874	62.0654
18.289	62.0967
18.2906	62.1279
18.2922	62.1592
18.2938	62.1904
18.2954	62.2217
18.297	62.2529
18.2986	62.2842
18.3002	62.3154
18.3018	62.3467
18.3034	62.3779
18.305	62.4092
18.3066	62.4404
18.3082	62.4717
18.3098	62.5029
18.3114	62.5342
18.313	62.5654
18.3146	62.5967
18.3162	62.6279
18.3178	62.6592
18.3194	62.6904
18.321	62.7217
18.3226	62.7529
18.3242	62.7842
18.3258	62.8154
18.3274	62.8467
18.329	62.8779
18.3306	62.9092
18.3322	62.9404
18.3338	62.9717
18.3355	63.0029
18.3371	63.0342
18.3387	63.0654
18.3403	63.0967
18.3419	63.1279
18.3435	63.1592
18.3451	63.1904
18.3467	63.2217
18.3483	63.2529
18.3499	63.2842
18.3515	63.3154
18.3531	63.3467
18.3547	63.3779
18.3563	63.4092
18.3579	63.4404
18.3595	63.4717
18.3611	63.5029
18.3627	63.5342
18.3643	63.5654
18.3659	63.5967
18.3675	63.6279
18.3691	63.6592
18.3707	63.6904
18.3723	63.7217
18.3739	63.7529
18.3755	63.7842
18.3771	63.8154
18.3787	63.8467
18.3803	63.8779
18.3819	63.9092
18.3835	63.9404
18.3851	63.9717
18.3867	64.0029
18.3883	64.0332
18.3899	64.0635
18.3915	64.0938
18.3931	64.124
18.3947	64.1543
18.3963	64.1846
18.3979	64.2148
18.3995	64.2451
18.4011	64.2754
18.4027	64.3057
18.4043	64.3359
18.4059	64.3662
18.4075	64.3965
18.4091	64.4268
18.4108	64.457
18.4124	64.4873
18.414	64.5176
18.4156	64.5479
18.4172	64.5781
18.4188	64.6084
18.4204	64.6387
18.422	64.6689
18.4236	64.6992
18.4252	64.7295
18.4268	64.7598
18.4284	64.79
18.43	64.8203
18.4316	64.8506
18.4332	64.8809
18.4348	64.9111
18.4364	64.9414
18.438	64.9717
18.4396	65.002
18.4412	65.0322
18.4428	65.0625
18.4444	65.0928
18.446	65.123
18.4476	65.1533
18.4492	65.1836
18.4508	65.2139
18.4524	65.2441
18.454	65.2744
18.4556	65.3047
18.4572	65.335
18.4588	65.3652
18.4604	65.3955
18.462	65.4258
18.4636	65.4561
18.4652	65.4863
18.4668	65.5166
18.4684	65.5469
18.47	65.5771
18.4716	65.6074
18.4732	65.6377
18.4748	65.668
18.4764	65.6982
18.478	65.7285
18.4796	65.7588
18.4812	65.7891
18.4828	65.8193
18.4845	65.8496
18.4861	65.8799
18.4877	65.9102
18.4893	65.9404
18.4909	65.9707
18.4925	66.001
18.4941	66.0312
18.4957	66.0615
18.4973	66.0908
18.4989	66.1201
18.5005	66.1494
18.5021	66.1787
18.5037	66.208
18.5053	66.2373
18.5069	66.2666
18.5085	66.2959
18.5101	66.3252
18.5117	66.3545
18.5133	66.3838
18.5149	66.4131
18.5165	66.4424
18.5181	66.4717
18.5197	66.501
18.5213	66.5303
18.5229	66.5596
18.5245	66.5889
18.5261	66.6182
18.5277	66.6475
18.5293	66.6768
18.5309	66.7061
18.5325	66.7354
18.5341	66.7646
18.5357	66.7939
18.5373	66.8232
18.5389	66.8525
18.5405	66.8818
18.5421	66.9111
18.5437	66.9404
18.5453	66.9697
18.5469	66.999
18.5485	67.0283
18.5501	67.0576
18.5517	67.0869
18.5533	67.1162
18.5549	67.1455
18.5565	67.1748
18.5581	67.2041
18.5598	67.2334
18.5614	67.2627
18.563	67.292
18.5646	67.3213
18.5662	67.3506
18.5678	67.3799
18.5694	67.4092
18.571	67.4385
18.5726	67.4678
18.5742	67.4971
18.5758	67.5264
18.5774	67.5557
18.579	67.585
18.5806	67.6143
18.5822	67.6436
18.5838	67.6729
18.5854	67.7021
18.587	67.7314
18.5886	67.7607
18.5902	67.79
18.5918	67.8193
18.5934	67.8486
18.595	67.8779
18.5966	67.9072
18.5982	67.9365
18.5998	67.9658
18.6014	67.9951
18.603	68.0244
18.6046	68.0537
18.6062	68.083
18.6078	68.1123
18.6094	68.1416
18.611	68.1709
18.6126	68.2002
18.6142	68.2295
18.6158	68.2588
18.6174	68.2871
18.619	68.3154
18.6206	68.3438
18.6222	68.3721
18.6238	68.4004
18.6254	68.4287
18.627	68.457
18.6286	68.4854
18.6302	68.5137
18.6318	68.542
18.6334	68.5703
18.6351	68.5986
18.6367	68.627
18.6383	68.6553
18.6399	68.6836
18.6415	68.7119
18.6431	68.7402
18.6447	68.7686
18.6463	68.7969
18.6479	68.8252
18.6495	68.8535
18.6511	68.8818
18.6527	68.9102
18.6543	68.9385
18.6559	68.9668
18.6575	68.9951
18.6591	69.0234
18.6607	69.0518
18.6623	69.0801
18.6639	69.1084
18.6655	69.1367
18.6671	69.165
18.6687	69.1934
18.6703	69.2217
18.6719	69.25
18.6735	69.2783
18.6751	69.3066
18.6767	69.335
18.6783	69.3633
18.6799	69.3916
18.6815	69.4199
18.6831	69.4482
18.6847	69.4766
18.6863	69.5049
18.6879	69.5332
18.6895	69.5615
18.6911	69.5898
18.6927	69.6182
18.6943	69.6465
18.6959	69.6748
18.6975	69.7031
18.6991	69.7314
18.7007	69.7598
18.7023	69.7881
18.7039	69.8164
18.7055	69.8447
18.7071	69.873
18.7087	69.9014
18.7104	69.9297
18.712	69.958
18.7136	69.9863
18.7152	70.0146
18.7168	70.043
18.7184	70.0713
18.72	70.0996
18.7216	70.1279
18.7232	70.1562
18.7248	70.1846
18.7264	70.2129
18.728	70.2412
18.7296	70.2695
18.7312	70.2979
18.7328	70.3262
18.7344	70.3545
18.736	70.3828
18.7376	70.4111
18.7392	70.4395
18.7408	70.4678
18.7424	70.4961
18.744	70.5244
18.7456	70.5527
18.7472	70.5811
18.7488	70.6094
18.7504	70.6367
18.752	70.6641
18.7536	70.6914
18.7552	70.7188
18.7568	70.7461
18.7584	70.7734
18.76	70.8008
18.7616	70.8281
18.7632	70.8555
18.7648	70.8828
18.7664	70.9102
18.768	70.9375
18.7696	70.9648
18.7712	70.9922
18.7728	71.0195
18.7744	71.0469
18.776	71.0742
18.7776	71.1016
18.7792	71.1289
18.7808	71.1562
18.7824	71.1836
18.784	71.2109
18.7857	71.2383
18.7873	71.2656
18.7889	71.293
18.7905	71.3203
18.7921	71.3477
18.7937	71.375
18.7953	71.4023
18.7969	71.4297
18.7985	71.457
18.8001	71.4844
18.8017	71.5117
18.8033	71.5391
18.8049	71.5664
18.8065	71.5938
18.8081	71.6211
18.8097	71.6484
18.8113	71.6758
18.8129	71.7031
18.8145	71.7305
18.8161	71.7578
18.8177	71.7852
18.8193	71.8125
18.8209	71.8398
18.8225	71.8672
18.8241	71.8945
18.8257	71.9219
18.8273	71.9492
18.8289	71.9766
18.8305	72.0039
18.8321	72.0312
18.8337	72.0586
18.8353	72.0859
18.8369	72.1133
18.8385	72.1406
18.8401	72.168
18.8417	72.1953
18.8433	72.2227
18.8449	72.25
18.8465	72.2773
18.8481	72.3047
18.8497	72.332
18.8513	72.3594
18.8529	72.3867
18.8545	72.4141
18.8561	72.4414
18.8577	72.4688
18.8593	72.4961
18.861	72.5234
18.8626	72.5508
18.8642	72.5781
18.8658	72.6055
18.8674	72.6328
18.869	72.6602
18.8706	72.6875
18.8722	72.7148
18.8738	72.7422
18.8754	72.7695
18.877	72.7969
18.8786	72.8242
18.8802	72.8516
18.8818	72.8789
18.8834	72.9062
18.885	72.9336
18.8866	72.9609
18.8882	72.9883
18.8898	73.0156
18.8914	73.043
18.893	73.0703
18.8946	73.0977
18.8962	73.125
18.8978	73.1523
18.8994	73.1787
18.901	73.2051
18.9026	73.2314
18.9042	73.2578
18.9058	73.2842
18.9074	73.3105
18.909	73.3369
18.9106	73.3633
18.9122	73.3896
18.9138	73.416
18.9154	73.4424
18.917	73.4688
18.9186	73.4951
18.9202	73.5215
18.9218	73.5479
18.9234	73.5742
18.925	73.6006
18.9266	73.627
18.9282	73.6533
18.9298	73.6797
18.9314	73.7061
18.933	73.7324
18.9346	73.7588
18.9363	73.7852
18.9379	73.8115
18.9395	73.8379
18.9411	73.8643
18.9427	73.8906
18.9443	73.917
18.9459	73.9434
18.9475	73.9697
18.9491	73.9961
18.9507	74.0225
18.9523	74.0488
18.9539	74.0752
18.9555	74.1016
18.9571	74.1279
18.9587	74.1543
18.9603	74.1807
18.9619	74.207
18.9635	74.2334
18.9651	74.2598
18.9667	74.2861
18.9683	74.3125
18.9699	74.3389
18.9715	74.3652
18.9731	74.3916
18.9747	74.418
18.9763	74.4443
18.9779	74.4707
18.9795	74.4971
18.9811	74.5234
18.9827	74.5498
18.9843	74.5762
18.9859	74.6025
18.9875	74.6289
18.9891	74.6553
18.9907	74.6816
18.9923	74.708
18.9939	74.7344
18.9955	74.7607
18.9971	74.7871
18.9987	74.8135
19.0003	74.8398
19.0019	74.8662
19.0035	74.8926
19.0051	74.9189
19.0067	74.9453
19.0083	74.9717
19.01	74.998
19.0116	75.0244
19.0132	75.0508
19.0148	75.0771
19.0164	75.1035
19.018	75.1299
19.0196	75.1562
19.0212	75.1826
19.0228	75.209
19.0244	75.2354
19.026	75.2617
19.0276	75.2881
19.0292	75.3145
19.0308	75.3408
19.0324	75.3672
19.034	75.3936
19.0356	75.4199
19.0372	75.4463
19.0388	75.4727
19.0404	75.499
19.042	75.5254
19.0436	75.5518
19.0452	75.5781
19.0468	75.6045
19.0484	75.6309
19.05	75.6572
19.0516	75.6836
19.0532	75.71
19.0548	75.7363
19.0564	75.7627
19.058	75.7891
19.0596	75.8154
19.0612	75.8418
19.0628	75.8672
19.0644	75.8926
19.066	75.918
19.0676	75.9434
19.0692	75.9688
19.0708	75.9941
19.0724	76.0195
19.074	76.0449
19.0756	76.0703
19.0772	76.0957
19.0788	76.1211
19.0804	76.1465
19.082	76.1719
19.0836	76.1973
19.0853	76.2227
19.0869	76.248
19.0885	76.2734
19.0901	76.2988
19.0917	76.3242
19.0933	76.3496
19.0949	76.375
19.0965	76.4004
19.0981	76.4258
19.0997	76.4512
19.1013	76.4766
19.1029	76.502
19.1045	76.5273
19.1061	76.5527
19.1077	76.5781
19.1093	76.6035
19.1109	76.6289
19.1125	76.6543
19.1141	76.6797
19.1157	76.7051
19.1173	76.7305
19.1189	76.7559
19.1205	76.7812
19.1221	76.8066
19.1237	76.832
19.1253	76.8574
19.1269	76.8828
19.1285	76.9082
19.1301	76.9336
19.1317	76.959
19.1333	76.9844
19.1349	77.0098
19.1365	77.0352
19.1381	77.0605
19.1397	77.0859
19.1413	77.1113
19.1429	77.1367
19.1445	77.1621
19.1461	77.1875
19.1477	77.2129
19.1493	77.2383
19.1509	77.2637
19.1525	77.2891
19.1541	77.3145
19.1557	77.3398
19.1573	77.3652
19.1589	77.3906
19.1606	77.416
19.1622	77.4414
19.1638	77.4668
19.1654	77.4922
19.167	77.5176
19.1686	77.543
19.1702	77.5684
19.1718	77.5938
19.1734	77.6191
19.175	77.6445
19.1766	77.6699
19.1782	77.6953
19.1798	77.7207
19.1814	77.7461
19.183	77.7715
19.1846	77.7969
19.1862	77.8223
19.1878	77.8477
19.1894	77.873
19.191	77.8984
19.1926	77.9238
19.1942	77.9492
19.1958	77.9746
19.1974	78
19.199	78.0254
19.2006	78.0508
19.2022	78.0762
19.2038	78.1016
19.2054	78.127
19.207	78.1523
19.2086	78.1777
19.2102	78.2031
19.2118	78.2285
19.2134	78.2539
19.215	78.2793
19.2166	78.3047
19.2182	78.3301
19.2198	78.3555
19.2214	78.3809
19.223	78.4062
19.2246	78.4316
19.2262	78.457
19.2278	78.4824
19.2294	78.5078
19.231	78.5332
19.2326	78.5586
19.2342	78.584
19.2359	78.6094
19.2375	78.6348
19.2391	78.6602
19.2407	78.6855
19.2423	78.7109
19.2439	78.7363
19.2455	78.7617
19.2471	78.7861
19.2487	78.8105
19.2503	78.835
19.2519	78.8594
19.2535	78.8838
19.2551	78.9082
19.2567	78.9326
19.2583	78.957
19.2599	78.9814
19.2615	79.0059
19.2631	79.0303
19.2647	79.0547
19.2663	79.0791
19.2679	79.1035
19.2695	79.1279
19.2711	79.1523
19.2727	79.1768
19.2743	79.2012
19.2759	79.2256
19.2775	79.25
19.2791	79.2744
19.2807	79.2988
19.2823	79.3232
19.2839	79.3477
19.2855	79.3721
19.2871	79.3965
19.2887	79.4209
19.2903	79.4453
19.2919	79.4697
19.2935	79.4941
19.2951	79.5186
19.2967	79.543
19.2983	79.5674
19.2999	79.5918
19.3015	79.6162
19.3031	79.6406
19.3047	79.665
19.3063	79.6895
19.3079	79.7139
19.3095	79.7383
19.3112	79.7627
19.3128	79.7871
19.3144	79.8115
19.316	79.8359
19.3176	79.8604
19.3192	79.8848
19.3208	79.9092
19.3224	79.9336
19.324	79.958
19.3256	79.9824
19.3272	80.0068
19.3288	80.0312
19.3304	80.0557
19.332	80.0801
19.3336	80.1045
19.3352	80.1289
19.3368	80.1533
19.3384	80.1777
19.34	80.2021
19.3416	80.2266
19.3432	80.251
19.3448	80.2754
19.3464	80.2998
19.348	80.3242
19.3496	80.3486
19.3512	80.373
19.3528	80.3975
19.3544	80.4219
19.356	80.4463
19.3576	80.4707
19.3592	80.4951
19.3608	80.5195
19.3624	80.5439
19.364	80.5684
19.3656	80.5928
19.3672	80.6172
19.3688	80.6416
19.3704	80.666
19.372	80.6904
19.3736	80.7148
19.3752	80.7393
19.3768	80.7637
19.3784	80.7881
19.38	80.8125
19.3816	80.8369
19.3832	80.8613
19.3848	80.8857
19.3865	80.9102
19.3881	80.9346
19.3897	80.959
19.3913	80.9834
19.3929	81.0078
19.3945	81.0322
19.3961	81.0566
19.3977	81.0811
19.3993	81.1055
19.4009	81.1299
19.4025	81.1543
19.4041	81.1787
19.4057	81.2031
19.4073	81.2275
19.4089	81.252
19.4105	81.2764
19.4121	81.3008
19.4137	81.3252
19.4153	81.3496
19.4169	81.374
19.4185	81.3984
19.4201	81.4229
19.4217	81.4473
19.4233	81.4717
19.4249	81.4961
19.4265	81.5205
19.4281	81.5449
19.4297	81.5693
19.4313	81.5938
19.4329	81.6182
19.4345	81.6426
19.4361	81.667
19.4377	81.6914
19.4393	81.7158
19.4409	81.7402
19.4425	81.7646
19.4441	81.7891
19.4457	81.8135
19.4473	81.8379
19.4489	81.8623
19.4505	81.8867
19.4521	81.9111
19.4537	81.9346
19.4553	81.958
19.4569	81.9814
19.4585	82.0049
19.4601	82.0283
19.4618	82.0518
19.4634	82.0752
19.465	82.0986
19.4666	82.1221
19.4682	82.1455
19.4698	82.1689
19.4714	82.1924
19.473	82.2158
19.4746	82.2393
19.4762	82.2627
19.4778	82.2861
19.4794	82.3096
19.481	82.333
19.4826	82.3564
19.4842	82.3799
19.4858	82.4033
19.4874	82.4268
19.489	82.4502
19.4906	82.4736
19.4922	82.4971
19.4938	82.5205
19.4954	82.5439
19.497	82.5674
19.4986	82.5908
19.5002	82.6143
19.5018	82.6377
19.5034	82.6611
19.505	82.6846
19.5066	82.708
19.5082	82.7314
19.5098	82.7549
19.5114	82.7783
19.513	82.8018
19.5146	82.8252
19.5162	82.8486
19.5178	82.8721
19.5194	82.8955
19.521	82.9189
19.5226	82.9424
19.5242	82.9658
19.5258	82.9893
19.5274	83.0127
19.529	83.0361
19.5306	83.0596
19.5322	83.083
19.5338	83.1064
19.5355	83.1299
19.5371	83.1533
19.5387	83.1768
19.5403	83.2002
19.5419	83.2236
19.5435	83.2471
19.5451	83.2705
19.5467	83.2939
19.5483	83.3174
19.5499	83.3408
19.5515	83.3643
19.5531	83.3877
19.5547	83.4111
19.5563	83.4346
19.5579	83.458
19.5595	83.4814
19.5611	83.5049
19.5627	83.5283
19.5643	83.5518
19.5659	83.5752
19.5675	83.5986
19.5691	83.6221
19.5707	83.6455
19.5723	83.6689
19.5739	83.6924
19.5755	83.7158
19.5771	83.7393
19.5787	83.7627
19.5803	83.7861
19.5819	83.8096
19.5835	83.833
19.5851	83.8564
19.5867	83.8799
19.5883	83.9033
19.5899	83.9268
19.5915	83.9502
19.5931	83.9736
19.5947	83.9971
19.5963	84.0205
19.5979	84.0439
19.5995	84.0674
19.6011	84.0908
19.6027	84.1143
19.6043	84.1377
19.6059	84.1611
19.6075	84.1846
19.6091	84.208
19.6108	84.2314
19.6124	84.2549
19.614	84.2783
19.6156	84.3018
19.6172	84.3252
19.6188	84.3486
19.6204	84.3721
19.622	84.3955
19.6236	84.4189
19.6252	84.4424
19.6268	84.4658
19.6284	84.4893
19.63	84.5127
19.6316	84.5361
19.6332	84.5596
19.6348	84.583
19.6364	84.6064
19.638	84.6299
19.6396	84.6533
19.6412	84.6768
19.6428	84.7002
19.6444	84.7236
19.646	84.7471
19.6476	84.7705
19.6492	84.7939
19.6508	84.8174
19.6524	84.8408
19.654	84.8643
19.6556	84.8877
19.6572	84.9111
19.6588	84.9346
19.6604	84.958
19.662	84.9814
19.6636	85.0049
19.6652	85.0283
19.6668	85.0518
19.6684	85.0752
19.67	85.0986
19.6716	85.1221
19.6732	85.1455
19.6748	85.1689
19.6764	85.1924
19.678	85.2158
19.6796	85.2393
19.6812	85.2627
19.6828	85.2861
19.6844	85.3096
19.6861	85.333
19.6877	85.3555
19.6893	85.3779
19.6909	85.4004
19.6925	85.4229
19.6941	85.4453
19.6957	85.4678
19.6973	85.4902
19.6989	85.5127
19.7005	85.5352
19.7021	85.5576
19.7037	85.5801
19.7053	85.6025
19.7069	85.625
19.7085	85.6475
19.7101	85.6699
19.7117	85.6924
19.7133	85.7148
19.7149	85.7373
19.7165	85.7598
19.7181	85.7822
19.7197	85.8047
19.7213	85.8271
19.7229	85.8496
19.7245	85.8721
19.7261	85.8945
19.7277	85.917
19.7293	85.9395
19.7309	85.9619
19.7325	85.9844
19.7341	86.0068
19.7357	86.0293
19.7373	86.0518
19.7389	86.0742
19.7405	86.0967
19.7421	86.1191
19.7437	86.1416
19.7453	86.1641
19.7469	86.1865
19.7485	86.209
19.7501	86.2314
19.7517	86.2539
19.7533	86.2764
19.7549	86.2988
19.7565	86.3213
19.7581	86.3438
19.7597	86.3662
19.7614	86.3887
19.763	86.4111
19.7646	86.4336
19.7662	86.4561
19.7678	86.4785
19.7694	86.501
19.771	86.5234
19.7726	86.5459
19.7742	86.5684
19.7758	86.5908
19.7774	86.6133
19.779	86.6357
19.7806	86.6582
19.7822	86.6807
19.7838	86.7031
19.7854	86.7256
19.787	86.748
19.7886	86.7705
19.7902	86.793
19.7918	86.8154
19.7934	86.8379
19.795	86.8604
19.7966	86.8828
19.7982	86.9053
19.7998	86.9277
19.8014	86.9502
19.803	86.9727
19.8046	86.9951
19.8062	87.0176
19.8078	87.04
19.8094	87.0625
19.811	87.085
19.8126	87.1074
19.8142	87.1299
19.8158	87.1523
19.8174	87.1748
19.819	87.1973
19.8206	87.2197
19.8222	87.2422
19.8238	87.2646
19.8254	87.2871
19.827	87.3096
19.8286	87.332
19.8302	87.3545
19.8318	87.377
19.8334	87.3994
19.835	87.4219
19.8367	87.4443
19.8383	87.4668
19.8399	87.4893
19.8415	87.5117
19.8431	87.5342
19.8447	87.5566
19.8463	87.5791
19.8479	87.6016
19.8495	87.624
19.8511	87.6465
19.8527	87.6689
19.8543	87.6914
19.8559	87.7139
19.8575	87.7363
19.8591	87.7588
19.8607	87.7812
19.8623	87.8037
19.8639	87.8262
19.8655	87.8486
19.8671	87.8711
19.8687	87.8936
19.8703	87.916
19.8719	87.9385
19.8735	87.9609
19.8751	87.9834
19.8767	88.0059
19.8783	88.0283
19.8799	88.0508
19.8815	88.0732
19.8831	88.0957
19.8847	88.1182
19.8863	88.1406
19.8879	88.1631
19.8895	88.1855
19.8911	88.208
19.8927	88.2305
19.8943	88.2529
19.8959	88.2754
19.8975	88.2979
19.8991	88.3203
19.9007	88.3428
19.9023	88.3652
19.9039	88.3877
19.9055	88.4102
19.9071	88.4326
19.9087	88.4551
19.9103	88.4775
19.912	88.5
19.9136	88.5225
19.9152	88.5449
19.9168	88.5674
19.9184	88.5898
19.92	88.6123
19.9216	88.6348
19.9232	88.6572
19.9248	88.6797
19.9264	88.7021
19.928	88.7246
19.9296	88.7471
19.9312	88.7695
19.9328	88.792
19.9344	88.8145
19.936	88.8369
19.9376	88.8594
19.9392	88.8818
19.9408	88.9043
19.9424	88.9268
19.944	88.9492
19.9456	88.9717
19.9472	88.9941
19.9488	89.0166
19.9504	89.0391
19.952	89.0605
19.9536	89.082
19.9552	89.1035
19.9568	89.125
19.9584	89.1465
19.96	89.168
19.9616	89.1895
19.9632	89.2109
19.9648	89.2324
19.9664	89.2539
19.968	89.2754
19.9696	89.2969
19.9712	89.3184
19.9728	89.3398
19.9744	89.3613
19.976	89.3828
19.9776	89.4043
19.9792	89.4258
19.9808	89.4473
19.9824	89.4688
19.984	89.4902
19.9856	89.5117
19.9873	89.5332
19.9889	89.5547
19.9905	89.5762
19.9921	89.5977
19.9937	89.6191
19.9953	89.6406
19.9969	89.6621
19.9985	89.6836
20.0001	89.7051
20.0017	89.7266
20.0033	89.748
20.0049	89.7695
20.0065	89.791
20.0081	89.8125
20.0097	89.834
20.0113	89.8555
20.0129	89.877
20.0145	89.8984
20.0161	89.9199
20.0177	89.9414
20.0193	89.9629
20.0209	89.9844
20.0225	90.0059
20.0241	90.0273
20.0257	90.0488
20.0273	90.0703
20.0289	90.0918
20.0305	90.1133
20.0321	90.1348
20.0337	90.1562
20.0353	90.1777
20.0369	90.1992
20.0385	90.2207
20.0401	90.2422
20.0417	90.2637
20.0433	90.2852
20.0449	90.3066
20.0465	90.3281
20.0481	90.3496
20.0497	90.3711
20.0513	90.3926
20.0529	90.4141
20.0545	90.4355
20.0561	90.457
20.0577	90.4785
20.0593	90.5
20.061	90.5215
20.0626	90.543
20.0642	90.5645
20.0658	90.5859
20.0674	90.6074
20.069	90.6289
20.0706	90.6504
20.0722	90.6719
20.0738	90.6934
20.0754	90.7148
20.077	90.7363
20.0786	90.7578
20.0802	90.7793
20.0818	90.8008
20.0834	90.8223
20.085	90.8438
20.0866	90.8652
20.0882	90.8867
20.0898	90.9082
20.0914	90.9297
20.093	90.9512
20.0946	90.9727
20.0962	90.9941
20.0978	91.0156
20.0994	91.0371
20.101	91.0586
20.1026	91.0801
20.1042	91.1016
20.1058	91.123
20.1074	91.1445
20.109	91.166
20.1106	91.1875
20.1122	91.209
20.1138	91.2305
20.1154	91.252
20.117	91.2734
20.1186	91.2949
20.1202	91.3164
20.1218	91.3379
20.1234	91.3594
20.125	91.3809
20.1266	91.4023
20.1282	91.4238
20.1298	91.4453
20.1314	91.4668
20.133	91.4883
20.1346	91.5098
20.1363	91.5312
20.1379	91.5527
20.1395	91.5742
20.1411	91.5957
20.1427	91.6172
20.1443	91.6387
20.1459	91.6602
20.1475	91.6816
20.1491	91.7031
20.1507	91.7246
20.1523	91.7461
20.1539	91.7676
20.1555	91.7891
20.1571	91.8105
20.1587	91.832
20.1603	91.8535
20.1619	91.875
20.1635	91.8965
20.1651	91.918
20.1667	91.9395
20.1683	91.9609
20.1699	91.9824
20.1715	92.0039
20.1731	92.0254
20.1747	92.0469
20.1763	92.0684
20.1779	92.0898
20.1795	92.1113
20.1811	92.1328
20.1827	92.1543
20.1843	92.1758
20.1859	92.1973
20.1875	92.2188
20.1891	92.2402
20.1907	92.2617
20.1923	92.2832
20.1939	92.3047
20.1955	92.3262
20.1971	92.3477
20.1987	92.3691
20.2003	92.3906
20.2019	92.4121
20.2035	92.4336
20.2051	92.4551
20.2067	92.4766
20.2083	92.498
20.2099	92.5195
20.2116	92.541
20.2132	92.5625
20.2148	92.584
20.2164	92.6055
20.218	92.627
20.2196	92.6484
20.2212	92.6699
20.2228	92.6914
20.2244	92.7129
20.226	92.7344
20.2276	92.7559
20.2292	92.7773
20.2308	92.7988
20.2324	92.8203
20.234	92.8418
20.2356	92.8633
20.2372	92.8848
20.2388	92.9062
20.2404	92.9277
20.242	92.9492
20.2436	92.9707
20.2452	92.9922
20.2468	93.0137
20.2484	93.0352
20.25	93.0566
20.2516	93.0781
20.2532	93.0986
20.2548	93.1191
20.2564	93.1396
20.258	93.1602
20.2596	93.1807
20.2612	93.2012
20.2628	93.2217
20.2644	93.2422
20.266	93.2627
20.2676	93.2832
20.2692	93.3037
20.2708	93.3242
20.2724	93.3447
20.274	93.3652
20.2756	93.3857
20.2772	93.4062
20.2788	93.4268
20.2804	93.4473
20.282	93.4678
20.2836	93.4883
20.2852	93.5088
20.2869	93.5293
20.2885	93.5498
20.2901	93.5703
20.2917	93.5908
20.2933	93.6113
20.2949	93.6318
20.2965	93.6523
20.2981	93.6729
20.2997	93.6934
20.3013	93.7139
20.3029	93.7344
20.3045	93.7549
20.3061	93.7754
20.3077	93.7959
20.3093	93.8164
20.3109	93.8369
20.3125	93.8574
20.3141	93.8779
20.3157	93.8984
20.3181	91.9141
20.3189	90.5
20.3197	89.6689
20.3205	88.9199
20.3213	88.1719
20.3221	87.4229
20.3229	86.6738
20.3237	85.9258
20.3245	85.1768
20.3253	84.4287
20.3261	83.6797
20.3269	82.9307
20.3277	82.1826
20.3285	81.4336
20.3293	80.6855
20.3301	79.9365
20.3309	79.1875
20.3317	78.4395
20.3325	77.6904
20.3333	76.9424
20.3341	76.1934
20.3349	75.4453
20.3357	74.6963
20.3365	73.9473
20.3373	73.1992
20.3381	72.4502
20.3389	71.7021
20.3397	70.9531
20.3405	70.2041
20.3413	69.4561
20.3421	68.707
20.3429	67.959
20.3437	67.21
20.3445	66.4609
20.3453	65.7129
20.3461	64.9639
20.3469	64.2158
20.3477	63.4668
20.3485	62.7188
20.3493	61.9697
20.3501	61.2207
20.3509	60.4727
20.3517	59.7236
20.3525	58.9756
20.3533	58.2266
20.3541	57.4775
20.3549	56.7295
20.3558	55.9805
20.3566	55.2324
20.3574	54.4834
20.3582	53.7344
20.359	52.9863
20.3598	52.2373
20.3606	51.4893
20.3614	50.7402
20.3622	49.9922
20.363	49.2432
20.3638	48.4941
20.3646	47.7461
20.3654	46.9971
20.3662	46.249
20.367	45.25
20.3678	44.1484
20.3702	45.25
20.3702	45.2939
20.3718	45.3379
20.3734	45.3818
20.375	45.4258
20.3766	45.4697
20.3782	45.5137
20.3798	45.5566
20.3814	45.5996
20.383	45.6426
20.3846	45.6855
20.3862	45.7285
20.3878	45.7715
20.396	45.8145
20.3976	45.8574
20.3992	45.9004
20.4008	45.9434
20.4024	45.9863
20.404	46.0293
20.4056	46.0723
20.4072	46.1152
20.4088	46.1582
20.4104	46.2012
20.412	46.2441
20.4136	46.2871
20.4152	46.3301
20.4168	46.373
20.4184	46.416
20.42	46.459
20.4216	46.502
20.4232	46.5449
20.4248	46.5869
20.4264	46.6289
20.428	46.6709
20.4296	46.7129
20.4312	46.7549
20.4328	46.7969
20.4344	46.8389
20.436	46.8809
20.4377	46.9229
20.4393	46.9648
20.4409	47.0068
20.4425	47.0488
20.4441	47.0908
20.4457	47.1328
20.4473	47.1748
20.4489	47.2168
20.4505	47.2588
20.4521	47.3008
20.4537	47.3428
20.4553	47.3848
20.4569	47.4268
20.4585	47.4688
20.4601	47.5107
20.4617	47.5527
20.4633	47.5947
20.4649	47.6367
20.4665	47.6777
20.4681	47.7188
20.4697	47.7598
20.4713	47.8008
20.4729	47.8418
20.4745	47.8828
20.4761	47.9238
20.4777	47.9648
20.4793	48.0059
20.4809	48.0469
20.4825	48.0879
20.4841	48.1289
20.4857	48.1699
20.4873	48.2109
20.4889	48.252
20.4905	48.293
20.4921	48.334
20.4937	48.375
20.4953	48.416
20.4969	48.457
20.4985	48.498
20.5001	48.5391
20.5017	48.5801
20.5033	48.6211
20.5049	48.6621
20.5065	48.7031
20.5081	48.7441
20.5097	48.7852
20.5113	48.8252
20.513	48.8652
20.5146	48.9053
20.5162	48.9453
20.5178	48.9854
20.5194	49.0254
20.521	49.0654
20.5226	49.1055
20.5242	49.1455
20.5258	49.1855
20.5274	49.2256
20.529	49.2656
20.5306	49.3057
20.5322	49.3457
20.5338	49.3857
20.5354	49.4258
20.537	49.4658
20.5386	49.5059
20.5402	49.5459
20.5418	49.5859
20.5434	49.626
20.545	49.666
20.5466	49.7061
20.5482	49.7461
20.5498	49.7861
20.5514	49.8262
20.553	49.8662
20.5546	49.9062
20.5562	49.9463
20.5578	49.9854
20.5594	50.0244
20.561	50.0635
20.5626	50.1025
20.5642	50.1416
20.5658	50.1807
20.5674	50.2197
20.569	50.2588
20.5706	50.2979
20.5722	50.3369
20.5738	50.376
20.5754	50.415
20.577	50.4541
20.5786	50.4932
20.5802	50.5322
20.5818	50.5713
20.5834	50.6104
20.585	50.6494
20.5866	50.6885
20.5883	50.7275
20.5899	50.7666
20.5915	50.8057
20.5931	50.8447
20.5947	50.8838
20.5963	50.9229
20.5979	50.9619
20.5995	51.001
20.6011	51.04
20.6027	51.0791
20.6043	51.1182
20.6059	51.1572
20.6075	51.1963
20.6091	51.2344
20.6107	51.2725
20.6123	51.3105
20.6139	51.3486
20.6155	51.3867
20.6171	51.4248
20.6187	51.4629
20.6203	51.501
20.6219	51.5391
20.6235	51.5771
20.6251	51.6152
20.6267	51.6533
20.6283	51.6914
20.6299	51.7295
20.6315	51.7676
20.6331	51.8057
20.6347	51.8438
20.6363	51.8818
20.6379	51.9199
20.6395	51.958
20.6411	51.9961
20.6427	52.0342
20.6443	52.0723
20.6459	52.1104
20.6475	52.1484
20.6491	52.1865
20.6507	52.2246
20.6523	52.2627
20.6539	52.3008
20.6555	52.3389
20.6571	52.377
20.6587	52.415
20.6603	52.4531
20.6619	52.4912
20.6636	52.5293
20.6652	52.5664
20.6668	52.6035
20.6684	52.6406
20.67	52.6777
20.6716	52.7148
20.6732	52.752
20.6748	52.7891
20.6764	52.8262
20.678	52.8633
20.6796	52.9004
20.6812	52.9375
20.6828	52.9746
20.6844	53.0117
20.686	53.0488
20.6876	53.0859
20.6892	53.123
20.6908	53.1602
20.6924	53.1973
20.694	53.2344
20.6956	53.2715
20.6972	53.3086
20.6988	53.3457
20.7004	53.3828
20.702	53.4199
20.7036	53.457
20.7052	53.4941
20.7068	53.5312
20.7084	53.5684
20.71	53.6055
20.7116	53.6426
20.7132	53.6797
20.7148	53.7168
20.7164	53.7539
20.718	53.791
20.7196	53.8281
20.7212	53.8652
20.7228	53.9023
20.7244	53.9385
20.726	53.9746
20.7276	54.0107
20.7292	54.0469
20.7308	54.083
20.7324	54.1191
20.734	54.1553
20.7356	54.1914
20.7373	54.2275
20.7389	54.2637
20.7405	54.2998
20.7421	54.3359
20.7437	54.3721
20.7453	54.4082
20.7469	54.4443
20.7485	54.4805
20.7501	54.5166
20.7517	54.5527
20.7533	54.5889
20.7549	54.625
20.7565	54.6611
20.7581	54.6973
20.7597	54.7334
20.7613	54.7695
20.7629	54.8057
20.7645	54.8418
20.7661	54.8779
20.7677	54.9141
20.7693	54.9502
20.7709	54.9863
20.7725	55.0225
20.7741	55.0586
20.7757	55.0947
20.7773	55.1309
20.7789	55.167
20.7805	55.2031
20.7821	55.2393
20.7837	55.2754
20.7853	55.3115
20.7869	55.3477
20.7885	55.3828
20.7901	55.418
20.7917	55.4531
20.7933	55.4883
20.7949	55.5234
20.7965	55.5586
20.7981	55.5938
20.7997	55.6289
20.8013	55.6641
20.8029	55.6992
20.8045	55.7344
20.8061	55.7695
20.8077	55.8047
20.8093	55.8398
20.8109	55.875
20.8126	55.9102
20.8142	55.9453
20.8158	55.9805
20.8174	56.0156
20.819	56.0508
20.8206	56.0859
20.8222	56.1211
20.8238	56.1562
20.8254	56.1914
20.827	56.2266
20.8286	56.2617
20.8302	56.2969
20.8318	56.332
20.8334	56.3672
20.835	56.4023
20.8366	56.4375
20.8382	56.4727
20.8398	56.5078
20.8414	56.543
20.843	56.5781
20.8446	56.6133
20.8462	56.6484
20.8478	56.6836
20.8494	56.7188
20.851	56.7539
20.8526	56.7891
20.8542	56.8242
20.8558	56.8594
20.8574	56.8945
20.859	56.9287
20.8606	56.9629
20.8622	56.9971
20.8638	57.0312
20.8654	57.0654
20.867	57.0996
20.8686	57.1338
20.8702	57.168
20.8718	57.2021
20.8734	57.2363
20.875	57.2705
20.8766	57.3047
20.8782	57.3389
20.8798	57.373
20.8814	57.4072
20.883	57.4414
20.8846	57.4756
20.8862	57.5098
20.8879	57.5439
20.8895	57.5781
20.8911	57.6123
20.8927	57.6465
20.8943	57.6807
20.8959	57.7148
20.8975	57.749
20.8991	57.7832
20.9007	57.8174
20.9023	57.8516
20.9039	57.8857
20.9055	57.9199
20.9071	57.9541
20.9087	57.9883
20.9103	58.0225
20.9119	58.0566
20.9135	58.0908
20.9151	58.125
20.9167	58.1592
20.9183	58.1934
20.9199	58.2275
20.9215	58.2617
20.9231	58.2959
20.9247	58.3301
20.9263	58.3643
20.9279	58.3984
20.9295	58.4326
20.9311	58.4668
20.9327	58.501
20.9343	58.5352
20.9359	58.5684
20.9375	58.6016
20.9391	58.6348
20.9407	58.668
20.9423	58.7012
20.9439	58.7344
20.9455	58.7676
20.9471	58.8008
20.9487	58.834
20.9503	58.8672
20.9519	58.9004
20.9535	58.9336
20.9551	58.9668
20.9567	59
20.9583	59.0332
20.9599	59.0664
20.9615	59.0996
20.9632	59.1328
20.9648	59.166
20.9664	59.1992
20.968	59.2324
20.9696	59.2656
20.9712	59.2988
20.9728	59.332
20.9744	59.3652
20.976	59.3984
20.9776	59.4316
20.9792	59.4648
20.9808	59.498
20.9824	59.5312
20.984	59.5645
20.9856	59.5977
20.9872	59.6309
20.9888	59.6641
20.9904	59.6973
20.992	59.7305
20.9936	59.7637
20.9952	59.7969
20.9968	59.8301
20.9984	59.8633
21	59.8965
21.0016	59.9297
21.0032	59.9629
21.0048	59.9961
21.0064	60.0293
21.008	60.0625
21.0096	60.0957
21.0112	60.1289
21.0128	60.1621
21.0144	60.1953
21.016	60.2285
21.0176	60.2607
21.0192	60.293
21.0208	60.3252
21.0224	60.3574
21.024	60.3896
21.0256	60.4219
21.0272	60.4541
21.0288	60.4863
21.0304	60.5186
21.032	60.5508
21.0336	60.583
21.0352	60.6152
21.0368	60.6475
21.0385	60.6797
21.0401	60.7119
21.0417	60.7441
21.0433	60.7764
21.0449	60.8086
21.0465	60.8408
21.0481	60.873
21.0497	60.9053
21.0513	60.9375
21.0529	60.9697
21.0545	61.002
21.0561	61.0342
21.0577	61.0664
21.0593	61.0986
21.0609	61.1309
21.0625	61.1631
21.0641	61.1953
21.0657	61.2275
21.0673	61.2598
21.0689	61.292
21.0705	61.3242
21.0721	61.3564
21.0737	61.3887
21.0753	61.4209
21.0769	61.4531
21.0785	61.4854
21.0801	61.5176
21.0817	61.5498
21.0833	61.582
21.0849	61.6143
21.0865	61.6465
21.0881	61.6787
21.0897	61.7109
21.0913	61.7432
21.0929	61.7754
21.0945	61.8076
21.0961	61.8398
21.0977	61.8721
21.0993	61.9043
21.1009	61.9365
21.1025	61.9688
21.1041	62.001
21.1057	62.0332
21.1073	62.0654
21.1089	62.0967
21.1105	62.1279
21.1121	62.1592
21.1138	62.1904
21.1154	62.2217
21.117	62.2529
21.1186	62.2842
21.1202	62.3154
21.1218	62.3467
21.1234	62.3779
21.125	62.4092
21.1266	62.4404
21.1282	62.4717
21.1298	62.5029
21.1314	62.5342
21.133	62.5654
21.1346	62.5967
21.1362	62.6279
21.1378	62.6592
21.1394	62.6904
21.141	62.7217
21.1426	62.7529
21.1442	62.7842
21.1458	62.8154
21.1474	62.8467
21.149	62.8779
21.1506	62.9092
21.1522	62.9404
21.1538	62.9717
21.1554	63.0029
21.157	63.0342
21.1586	63.0654
21.1602	63.0967
21.1618	63.1279
21.1634	63.1592
21.165	63.1904
21.1666	63.2217
21.1682	63.2529
21.1698	63.2842
21.1714	63.3154
21.173	63.3467
21.1746	63.3779
21.1762	63.4092
21.1778	63.4404
21.1794	63.4717
21.181	63.5029
21.1826	63.5342
21.1842	63.5654
21.1858	63.5967
21.1874	63.6279
21.1891	63.6592
21.1907	63.6904
21.1923	63.7217
21.1939	63.7529
21.1955	63.7842
21.1971	63.8154
21.1987	63.8467
21.2003	63.8779
21.2019	63.9092
21.2035	63.9404
21.2051	63.9717
21.2067	64.0029
21.2083	64.0332
21.2099	64.0635
21.2115	64.0938
21.2131	64.124
21.2147	64.1543
21.2163	64.1846
21.2179	64.2148
21.2195	64.2451
21.2211	64.2754
21.2227	64.3057
21.2243	64.3359
21.2259	64.3662
21.2275	64.3965
21.2291	64.4268
21.2307	64.457
21.2323	64.4873
21.2339	64.5176
21.2355	64.5479
21.2371	64.5781
21.2387	64.6084
21.2403	64.6387
21.2419	64.6689
21.2435	64.6992
21.2451	64.7295
21.2467	64.7598
21.2483	64.79
21.2499	64.8203
21.2515	64.8506
21.2531	64.8809
21.2547	64.9111
21.2563	64.9414
21.2579	64.9717
21.2595	65.002
21.2611	65.0322
21.2628	65.0625
21.2644	65.0928
21.266	65.123
21.2676	65.1533
21.2692	65.1836
21.2708	65.2139
21.2724	65.2441
21.274	65.2744
21.2756	65.3047
21.2772	65.335
21.2788	65.3652
21.2804	65.3955
21.282	65.4258
21.2836	65.4561
21.2852	65.4863
21.2868	65.5166
21.2884	65.5469
21.29	65.5771
21.2916	65.6074
21.2932	65.6377
21.2948	65.668
21.2964	65.6982
21.298	65.7285
21.2996	65.7588
21.3012	65.7891
21.3028	65.8193
21.3044	65.8496
21.306	65.8799
21.3076	65.9102
21.3092	65.9404
21.3108	65.9707
21.3124	66.001
21.314	66.0312
21.3156	66.0615
21.3172	66.0908
21.3188	66.1201
21.3204	66.1494
21.322	66.1787
21.3236	66.208
21.3252	66.2373
21.3268	66.2666
21.3284	66.2959
21.33	66.3252
21.3316	66.3545
21.3332	66.3838
21.3348	66.4131
21.3364	66.4424
21.3381	66.4717
21.3397	66.501
21.3413	66.5303
21.3429	66.5596
21.3445	66.5889
21.3461	66.6182
21.3477	66.6475
21.3493	66.6768
21.3509	66.7061
21.3525	66.7354
21.3541	66.7646
21.3557	66.7939
21.3573	66.8232
21.3589	66.8525
21.3605	66.8818
21.3621	66.9111
21.3637	66.9404
21.3653	66.9697
21.3669	66.999
21.3685	67.0283
21.3701	67.0576
21.3717	67.0869
21.3733	67.1162
21.3749	67.1455
21.3765	67.1748
21.3781	67.2041
21.3797	67.2334
21.3813	67.2627
21.3829	67.292
21.3845	67.3213
21.3861	67.3506
21.3877	67.3799
21.3893	67.4092
21.3909	67.4385
21.3925	67.4678
21.3941	67.4971
21.3957	67.5264
21.3973	67.5557
21.3989	67.585
21.4005	67.6143
21.4021	67.6436
21.4037	67.6729
21.4053	67.7021
21.4069	67.7314
21.4085	67.7607
21.4101	67.79
21.4117	67.8193
21.4134	67.8486
21.415	67.8779
21.4166	67.9072
21.4182	67.9365
21.4198	67.9658
21.4214	67.9951
21.423	68.0244
21.4246	68.0537
21.4262	68.083
21.4278	68.1123
21.4294	68.1416
21.431	68.1709
21.4326	68.2002
21.4342	68.2295
21.4358	68.2588
21.4374	68.2871
21.439	68.3154
21.4406	68.3438
21.4422	68.3721
21.4438	68.4004
21.4454	68.4287
21.447	68.457
21.4486	68.4854
21.4502	68.5137
21.4518	68.542
21.4534	68.5703
21.455	68.5986
21.4566	68.627
21.4582	68.6553
21.4598	68.6836
21.4614	68.7119
21.463	68.7402
21.4646	68.7686
21.4662	68.7969
21.4678	68.8252
21.4694	68.8535
21.471	68.8818
21.4726	68.9102
21.4742	68.9385
21.4758	68.9668
21.4774	68.9951
21.479	69.0234
21.4806	69.0518
21.4822	69.0801
21.4838	69.1084
21.4854	69.1367
21.487	69.165
21.4887	69.1934
21.4903	69.2217
21.4919	69.25
21.4935	69.2783
21.4951	69.3066
21.4967	69.335
21.4983	69.3633
21.4999	69.3916
21.5015	69.4199
21.5031	69.4482
21.5047	69.4766
21.5063	69.5049
21.5079	69.5332
21.5095	69.5615
21.5111	69.5898
21.5127	69.6182
21.5143	69.6465
21.5159	69.6748
21.5175	69.7031
21.5191	69.7314
21.5207	69.7598
21.5223	69.7881
21.5239	69.8164
21.5255	69.8447
21.5271	69.873
21.5287	69.9014
21.5303	69.9297
21.5319	69.958
21.5335	69.9863
21.5351	70.0146
21.5367	70.043
21.5383	70.0713
21.5399	70.0996
21.5415	70.1279
21.5431	70.1562
21.5447	70.1846
21.5463	70.2129
21.5479	70.2412
21.5495	70.2695
21.5511	70.2979
21.5527	70.3262
21.5543	70.3545
21.5559	70.3828
21.5575	70.4111
21.5591	70.4395
21.5607	70.4678
21.5623	70.4961
21.564	70.5244
21.5656	70.5527
21.5672	70.5811
21.5688	70.6094
21.5704	70.6367
21.572	70.6641
21.5736	70.6914
21.5752	70.7188
21.5768	70.7461
21.5784	70.7734
21.58	70.8008
21.5816	70.8281
21.5832	70.8555
21.5848	70.8828
21.5864	70.9102
21.588	70.9375
21.5896	70.9648
21.5912	70.9922
21.5928	71.0195
21.5944	71.0469
21.596	71.0742
21.5976	71.1016
21.5992	71.1289
21.6008	71.1562
21.6024	71.1836
21.604	71.2109
21.6056	71.2383
21.6072	71.2656
21.6088	71.293
21.6104	71.3203
21.612	71.3477
21.6136	71.375
21.6152	71.4023
21.6168	71.4297
21.6184	71.457
21.62	71.4844
21.6216	71.5117
21.6232	71.5391
21.6248	71.5664
21.6264	71.5938
21.628	71.6211
21.6296	71.6484
21.6312	71.6758
21.6328	71.7031
21.6344	71.7305
21.636	71.7578
21.6376	71.7852
21.6393	71.8125
21.6409	71.8398
21.6425	71.8672
21.6441	71.8945
21.6457	71.9219
21.6473	71.9492
21.6489	71.9766
21.6505	72.0039
21.6521	72.0312
21.6537	72.0586
21.6553	72.0859
21.6569	72.1133
21.6585	72.1406
21.6601	72.168
21.6617	72.1953
21.6633	72.2227
21.6649	72.25
21.6665	72.2773
21.6681	72.3047
21.6697	72.332
21.6713	72.3594
21.6729	72.3867
21.6745	72.4141
21.6761	72.4414
21.6777	72.4688
21.6793	72.4961
21.6809	72.5234
21.6825	72.5508
21.6841	72.5781
21.6857	72.6055
21.6873	72.6328
21.6889	72.6602
21.6905	72.6875
21.6921	72.7148
21.6937	72.7422
21.6953	72.7695
21.6969	72.7969
21.6985	72.8242
21.7001	72.8516
21.7017	72.8789
21.7033	72.9062
21.7049	72.9336
21.7065	72.9609
21.7081	72.9883
21.7097	73.0156
21.7113	73.043
21.7129	73.0703
21.7146	73.0977
21.7162	73.125
21.7178	73.1523
21.7194	73.1787
21.721	73.2051
21.7226	73.2314
21.7242	73.2578
21.7258	73.2842
21.7274	73.3105
21.729	73.3369
21.7306	73.3633
21.7322	73.3896
21.7338	73.416
21.7354	73.4424
21.737	73.4688
21.7386	73.4951
21.7402	73.5215
21.7418	73.5479
21.7434	73.5742
21.745	73.6006
21.7466	73.627
21.7482	73.6533
21.7498	73.6797
21.7514	73.7061
21.753	73.7324
21.7546	73.7588
21.7562	73.7852
21.7578	73.8115
21.7594	73.8379
21.761	73.8643
21.7626	73.8906
21.7642	73.917
21.7658	73.9434
21.7674	73.9697
21.769	73.9961
21.7706	74.0225
21.7722	74.0488
21.7738	74.0752
21.7754	74.1016
21.777	74.1279
21.7786	74.1543
21.7802	74.1807
21.7818	74.207
21.7834	74.2334
21.785	74.2598
21.7866	74.2861
21.7882	74.3125
21.7899	74.3389
21.7915	74.3652
21.7931	74.3916
21.7947	74.418
21.7963	74.4443
21.7979	74.4707
21.7995	74.4971
21.8011	74.5234
21.8027	74.5498
21.8043	74.5762
21.8059	74.6025
21.8075	74.6289
21.8091	74.6553
21.8107	74.6816
21.8123	74.708
21.8139	74.7344
21.8155	74.7607
21.8171	74.7871
21.8187	74.8135
21.8203	74.8398
21.8219	74.8662
21.8235	74.8926
21.8251	74.9189
21.8267	74.9453
21.8283	74.9717
21.8299	74.998
21.8315	75.0244
21.8331	75.0508
21.8347	75.0771
21.8363	75.1035
21.8379	75.1299
21.8395	75.1562
21.8411	75.1826
21.8427	75.209
21.8443	75.2354
21.8459	75.2617
21.8475	75.2881
21.8491	75.3145
21.8507	75.3408
21.8523	75.3672
21.8539	75.3936
21.8555	75.4199
21.8571	75.4463
21.8587	75.4727
21.8603	75.499
21.8619	75.5254
21.8636	75.5518
21.8652	75.5781
21.8668	75.6045
21.8684	75.6309
21.87	75.6572
21.8716	75.6836
21.8732	75.71
21.8748	75.7363
21.8764	75.7627
21.878	75.7891
21.8796	75.8154
21.8812	75.8418
21.8828	75.8672
21.8844	75.8926
21.886	75.918
21.8876	75.9434
21.8892	75.9688
21.8908	75.9941
21.8924	76.0195
21.894	76.0449
21.8956	76.0703
21.8972	76.0957
21.8988	76.1211
21.9004	76.1465
21.902	76.1719
21.9036	76.1973
21.9052	76.2227
21.9068	76.248
21.9084	76.2734
21.91	76.2988
21.9116	76.3242
21.9132	76.3496
21.9148	76.375
21.9164	76.4004
21.918	76.4258
21.9196	76.4512
21.9212	76.4766
21.9228	76.502
21.9244	76.5273
21.926	76.5527
21.9276	76.5781
21.9292	76.6035
21.9308	76.6289
21.9324	76.6543
21.934	76.6797
21.9356	76.7051
21.9372	76.7305
21.9389	76.7559
21.9405	76.7812
21.9421	76.8066
21.9437	76.832
21.9453	76.8574
21.9469	76.8828
21.9485	76.9082
21.9501	76.9336
21.9517	76.959
21.9533	76.9844
21.9549	77.0098
21.9565	77.0352
21.9581	77.0605
21.9597	77.0859
21.9613	77.1113
21.9629	77.1367
21.9645	77.1621
21.9661	77.1875
21.9677	77.2129
21.9693	77.2383
21.9709	77.2637
21.9725	77.2891
21.9741	77.3145
21.9757	77.3398
21.9773	77.3652
21.9789	77.3906
21.9805	77.416
21.9821	77.4414
21.9837	77.4668
21.9853	77.4922
21.9869	77.5176
21.9885	77.543
21.9901	77.5684
21.9917	77.5938
21.9933	77.6191
21.9949	77.6445
21.9965	77.6699
21.9981	77.6953
21.9997	77.7207
22.0013	77.7461
22.0029	77.7715
22.0045	77.7969
22.0061	77.8223
22.0077	77.8477
22.0093	77.873
22.0109	77.8984
22.0125	77.9238
22.0142	77.9492
22.0158	77.9746
22.0174	78
22.019	78.0254
22.0206	78.0508
22.0222	78.0762
22.0238	78.1016
22.0254	78.127
22.027	78.1523
22.0286	78.1777
22.0302	78.2031
22.0318	78.2285
22.0334	78.2539
22.035	78.2793
22.0366	78.3047
22.0382	78.3301
22.0398	78.3555
22.0414	78.3809
22.043	78.4062
22.0446	78.4316
22.0462	78.457
22.0478	78.4824
22.0494	78.5078
22.051	78.5332
22.0526	78.5586
22.0542	78.584
22.0558	78.6094
22.0574	78.6348
22.059	78.6602
22.0606	78.6855
22.0622	78.7109
22.0638	78.7363
22.0654	78.7617
22.067	78.7861
22.0686	78.8105
22.0702	78.835
22.0718	78.8594
22.0734	78.8838
22.075	78.9082
22.0766	78.9326
22.0782	78.957
22.0798	78.9814
22.0814	79.0059
22.083	79.0303
22.0846	79.0547
22.0862	79.0791
22.0878	79.1035
22.0895	79.1279
22.0911	79.1523
22.0927	79.1768
22.0943	79.2012
22.0959	79.2256
22.0975	79.25
22.0991	79.2744
22.1007	79.2988
22.1023	79.3232
22.1039	79.3477
22.1055	79.3721
22.1071	79.3965
22.1087	79.4209
22.1103	79.4453
22.1119	79.4697
22.1135	79.4941
22.1151	79.5186
22.1167	79.543
22.1183	79.5674
22.1199	79.5918
22.1215	79.6162
22.1231	79.6406
22.1247	79.665
22.1263	79.6895
22.1279	79.7139
22.1295	79.7383
22.1311	79.7627
22.1327	79.7871
22.1343	79.8115
22.1359	79.8359
22.1375	79.8604
22.1391	79.8848
22.1407	79.9092
22.1423	79.9336
22.1439	79.958
22.1455	79.9824
22.1471	80.0068
22.1487	80.0312
22.1503	80.0557
22.1519	80.0801
22.1535	80.1045
22.1551	80.1289
22.1567	80.1533
22.1583	80.1777
22.1599	80.2021
22.1615	80.2266
22.1631	80.251
22.1648	80.2754
22.1664	80.2998
22.168	80.3242
22.1696	80.3486
22.1712	80.373
22.1728	80.3975
22.1744	80.4219
22.176	80.4463
22.1776	80.4707
22.1792	80.4951
22.1808	80.5195
22.1824	80.5439
22.184	80.5684
22.1856	80.5928
22.1872	80.6172
22.1888	80.6416
22.1904	80.666
22.192	80.6904
22.1936	80.7148
22.1952	80.7393
22.1968	80.7637
22.1984	80.7881
22.2	80.8125
22.2016	80.8369
22.2032	80.8613
22.2048	80.8857
22.2064	80.9102
22.208	80.9346
22.2096	80.959
22.2112	80.9834
22.2128	81.0078
22.2144	81.0322
22.216	81.0566
22.2176	81.0811
22.2192	81.1055
22.2208	81.1299
22.2224	81.1543
22.224	81.1787
22.2256	81.2031
22.2272	81.2275
22.2288	81.252
22.2304	81.2764
22.232	81.3008
22.2336	81.3252
22.2352	81.3496
22.2368	81.374
22.2384	81.3984
22.2401	81.4229
22.2417	81.4473
22.2433	81.4717
22.2449	81.4961
22.2465	81.5205
22.2481	81.5449
22.2497	81.5693
22.2513	81.5938
22.2529	81.6182
22.2545	81.6426
22.2561	81.667
22.2577	81.6914
22.2593	81.7158
22.2609	81.7402
22.2625	81.7646
22.2641	81.7891
22.2657	81.8135
22.2673	81.8379
22.2689	81.8623
22.2705	81.8867
22.2721	81.9111
22.2737	81.9346
22.2753	81.958
22.2769	81.9814
22.2785	82.0049
22.2801	82.0283
22.2817	82.0518
22.2833	82.0752
22.2849	82.0986
22.2865	82.1221
22.2881	82.1455
22.2897	82.1689
22.2913	82.1924
22.2929	82.2158
22.2945	82.2393
22.2961	82.2627
22.2977	82.2861
22.2993	82.3096
22.3009	82.333
22.3025	82.3564
22.3041	82.3799
22.3057	82.4033
22.3073	82.4268
22.3089	82.4502
22.3105	82.4736
22.3121	82.4971
22.3137	82.5205
22.3154	82.5439
22.317	82.5674
22.3186	82.5908
22.3202	82.6143
22.3218	82.6377
22.3234	82.6611
22.325	82.6846
22.3266	82.708
22.3282	82.7314
22.3298	82.7549
22.3314	82.7783
22.333	82.8018
22.3346	82.8252
22.3362	82.8486
22.3378	82.8721
22.3394	82.8955
22.341	82.9189
22.3426	82.9424
22.3442	82.9658
22.3458	82.9893
22.3474	83.0127
22.349	83.0361
22.3506	83.0596
22.3522	83.083
22.3538	83.1064
22.3554	83.1299
22.357	83.1533
22.3586	83.1768
22.3602	83.2002
22.3618	83.2236
22.3634	83.2471
22.365	83.2705
22.3666	83.2939
22.3682	83.3174
22.3698	83.3408
22.3714	83.3643
22.373	83.3877
22.3746	83.4111
22.3762	83.4346
22.3778	83.458
22.3794	83.4814
22.381	83.5049
22.3826	83.5283
22.3842	83.5518
22.3858	83.5752
22.3874	83.5986
22.3891	83.6221
22.3907	83.6455
22.3923	83.6689
22.3939	83.6924
22.3955	83.7158
22.3971	83.7393
22.3987	83.7627
22.4003	83.7861
22.4019	83.8096
22.4035	83.833
22.4051	83.8564
22.4067	83.8799
22.4083	83.9033
22.4099	83.9268
22.4115	83.9502
22.4131	83.9736
22.4147	83.9971
22.4163	84.0205
22.4179	84.0439
22.4195	84.0674
22.4211	84.0908
22.4227	84.1143
22.4243	84.1377
22.4259	84.1611
22.4275	84.1846
22.4291	84.208
22.4307	84.2314
22.4323	84.2549
22.4339	84.2783
22.4355	84.3018
22.4371	84.3252
22.4387	84.3486
22.4403	84.3721
22.4419	84.3955
22.4435	84.4189
22.4451	84.4424
22.4467	84.4658
22.4483	84.4893
22.4499	84.5127
22.4515	84.5361
22.4531	84.5596
22.4547	84.583
22.4563	84.6064
22.4579	84.6299
22.4595	84.6533
22.4611	84.6768
22.4627	84.7002
22.4644	84.7236
22.466	84.7471
22.4676	84.7705
22.4692	84.7939
22.4708	84.8174
22.4724	84.8408
22.474	84.8643
22.4756	84.8877
22.4772	84.9111
22.4788	84.9346
22.4804	84.958
22.482	84.9814
22.4836	85.0049
22.4852	85.0283
22.4868	85.0518
22.4884	85.0752
22.49	85.0986
22.4916	85.1221
22.4932	85.1455
22.4948	85.1689
22.4964	85.1924
22.498	85.2158
22.4996	85.2393
22.5012	85.2627
22.5028	85.2861
22.5044	85.3096
22.506	85.333
22.5076	85.3555
22.5092	85.3779
22.5108	85.4004
22.5124	85.4229
22.514	85.4453
22.5156	85.4678
22.5172	85.4902
22.5188	85.5127
22.5204	85.5352
22.522	85.5576
22.5236	85.5801
22.5252	85.6025
22.5268	85.625
22.5284	85.6475
22.53	85.6699
22.5316	85.6924
22.5332	85.7148
22.5348	85.7373
22.5364	85.7598
22.538	85.7822
22.5397	85.8047
22.5413	85.8271
22.5429	85.8496
22.5445	85.8721
22.5461	85.8945
22.5477	85.917
22.5493	85.9395
22.5509	85.9619
22.5525	85.9844
22.5541	86.0068
22.5557	86.0293
22.5573	86.0518
22.5589	86.0742
22.5605	86.0967
22.5621	86.1191
22.5637	86.1416
22.5653	86.1641
22.5669	86.1865
22.5685	86.209
22.5701	86.2314
22.5717	86.2539
22.5733	86.2764
22.5749	86.2988
22.5765	86.3213
22.5781	86.3438
22.5797	86.3662
22.5813	86.3887
22.5829	86.4111
22.5845	86.4336
22.5861	86.4561
22.5877	86.4785
22.5893	86.501
22.5909	86.5234
22.5925	86.5459
22.5941	86.5684
22.5957	86.5908
22.5973	86.6133
22.5989	86.6357
22.6005	86.6582
22.6021	86.6807
22.6037	86.7031
22.6053	86.7256
22.6069	86.748
22.6085	86.7705
22.6101	86.793
22.6117	86.8154
22.6133	86.8379
22.615	86.8604
22.6166	86.8828
22.6182	86.9053
22.6198	86.9277
22.6214	86.9502
22.623	86.9727
22.6246	86.9951
22.6262	87.0176
22.6278	87.04
22.6294	87.0625
22.631	87.085
22.6326	87.1074
22.6342	87.1299
22.6358	87.1523
22.6374	87.1748
22.639	87.1973
22.6406	87.2197
22.6422	87.2422
22.6438	87.2646
22.6454	87.2871
22.647	87.3096
22.6486	87.332
22.6502	87.3545
22.6518	87.377
22.6534	87.3994
22.655	87.4219
22.6566	87.4443
22.6582	87.4668
22.6598	87.4893
22.6614	87.5117
22.663	87.5342
22.6646	87.5566
22.6662	87.5791
22.6678	87.6016
22.6694	87.624
22.671	87.6465
22.6726	87.6689
22.6742	87.6914
22.6758	87.7139
22.6774	87.7363
22.679	87.7588
22.6806	87.7812
22.6822	87.8037
22.6838	87.8262
22.6854	87.8486
22.687	87.8711
22.6886	87.8936
22.6903	87.916
22.6919	87.9385
22.6935	87.9609
22.6951	87.9834
22.6967	88.0059
22.6983	88.0283
22.6999	88.0508
22.7015	88.0732
22.7031	88.0957
22.7047	88.1182
22.7063	88.1406
22.7079	88.1631
22.7095	88.1855
22.7111	88.208
22.7127	88.2305
22.7143	88.2529
22.7159	88.2754
22.7175	88.2979
22.7191	88.3203
22.7207	88.3428
22.7223	88.3652
22.7239	88.3877
22.7255	88.4102
22.7271	88.4326
22.7287	88.4551
22.7303	88.4775
22.7319	88.5
22.7335	88.5225
22.7351	88.5449
22.7367	88.5674
22.7383	88.5898
22.7399	88.6123
22.7415	88.6348
22.7431	88.6572
22.7447	88.6797
22.7463	88.7021
22.7479	88.7246
22.7495	88.7471
22.7511	88.7695
22.7527	88.792
22.7543	88.8145
22.7559	88.8369
22.7575	88.8594
22.7591	88.8818
22.7607	88.9043
22.7623	88.9268
22.7639	88.9492
22.7656	88.9717
22.7672	88.9941
22.7688	89.0166
22.7704	89.0391
22.772	89.0605
22.7736	89.082
22.7752	89.1035
22.7768	89.125
22.7784	89.1465
22.78	89.168
22.7816	89.1895
22.7832	89.2109
22.7848	89.2324
22.7864	89.2539
22.788	89.2754
22.7896	89.2969
22.7912	89.3184
22.7928	89.3398
22.7944	89.3613
22.796	89.3828
22.7976	89.4043
22.7992	89.4258
22.8008	89.4473
22.8024	89.4688
22.804	89.4902
22.8056	89.5117
22.8072	89.5332
22.8088	89.5547
22.8104	89.5762
22.812	89.5977
22.8136	89.6191
22.8152	89.6406
22.8168	89.6621
22.8184	89.6836
22.82	89.7051
22.8216	89.7266
22.8232	89.748
22.8248	89.7695
22.8264	89.791
22.828	89.8125
22.8296	89.834
22.8312	89.8555
22.8328	89.877
22.8344	89.8984
22.836	89.9199
22.8376	89.9414
22.8392	89.9629
22.8409	89.9844
22.8425	90.0059
22.8441	90.0273
22.8457	90.0488
22.8473	90.0703
22.8489	90.0918
22.8505	90.1133
22.8521	90.1348
22.8537	90.1562
22.8553	90.1777
22.8569	90.1992
22.8585	90.2207
22.8601	90.2422
22.8617	90.2637
22.8633	90.2852
22.8649	90.3066
22.8665	90.3281
22.8681	90.3496
22.8697	90.3711
22.8713	90.3926
22.8729	90.4141
22.8745	90.4355
22.8761	90.457
22.8777	90.4785
22.8793	90.5
22.8809	90.5215
22.8825	90.543
22.8841	90.5645
22.8857	90.5859
22.8873	90.6074
22.8889	90.6289
22.8905	90.6504
22.8921	90.6719
22.8937	90.6934
22.8953	90.7148
22.8969	90.7363
22.8985	90.7578
22.9001	90.7793
22.9017	90.8008
22.9033	90.8223
22.9049	90.8438
22.9065	90.8652
22.9081	90.8867
22.9097	90.9082
22.9113	90.9297
22.9129	90.9512
22.9146	90.9727
22.9162	90.9941
22.9178	91.0156
22.9194	91.0371
22.921	91.0586
22.9226	91.0801
22.9242	91.1016
22.9258	91.123
22.9274	91.1445
22.929	91.166
22.9306	91.1875
22.9322	91.209
22.9338	91.2305
22.9354	91.252
22.937	91.2734
22.9386	91.2949
22.9402	91.3164
22.9418	91.3379
22.9434	91.3594
22.945	91.3809
22.9466	91.4023
22.9482	91.4238
22.9498	91.4453
22.9514	91.4668
22.953	91.4883
22.9546	91.5098
22.9562	91.5312
22.9578	91.5527
22.9594	91.5742
22.961	91.5957
22.9626	91.6172
22.9642	91.6387
22.9658	91.6602
22.9674	91.6816
22.969	91.7031
22.9706	91.7246
22.9722	91.7461
22.9738	91.7676
22.9754	91.7891
22.977	91.8105
22.9786	91.832
22.9802	91.8535
22.9818	91.875
22.9834	91.8965
22.985	91.918
22.9866	91.9395
22.9882	91.9609
22.9899	91.9824
22.9915	92.0039
22.9931	92.0254
22.9947	92.0469
22.9963	92.0684
22.9979	92.0898
22.9995	92.1113
23.0011	92.1328
23.0027	92.1543
23.0043	92.1758
23.0059	92.1973
23.0075	92.2188
23.0091	92.2402
23.0107	92.2617
23.0123	92.2832
23.0139	92.3047
23.0155	92.3262
23.0171	92.3477
23.0187	92.3691
23.0203	92.3906
23.0219	92.4121
23.0235	92.4336
23.0251	92.4551
23.0267	92.4766
23.0283	92.498
23.0299	92.5195
23.0315	92.541
23.0331	92.5625
23.0347	92.584
23.0363	92.6055
23.0379	92.627
23.0395	92.6484
23.0411	92.6699
23.0427	92.6914
23.0443	92.7129
23.0459	92.7344
23.0475	92.7559
23.0491	92.7773
23.0507	92.7988
23.0523	92.8203
23.0539	92.8418
23.0555	92.8633
23.0571	92.8848
23.0587	92.9062
23.0603	92.9277
23.0619	92.9492
23.0635	92.9707
23.0652	92.9922
23.0668	93.0137
23.0684	93.0352
23.07	93.0566
23.0716	93.0781
23.0732	93.0986
23.0748	93.1191
23.0764	93.1396
23.078	93.1602
23.0796	93.1807
23.0812	93.2012
23.0828	93.2217
23.0844	93.2422
23.086	93.2627
23.0876	93.2832
23.0892	93.3037
23.0908	93.3242
23.0924	93.3447
23.094	93.3652
23.0956	93.3857
23.0972	93.4062
23.0988	93.4268
23.1004	93.4473
23.102	93.4678
23.1036	93.4883
23.1052	93.5088
23.1068	93.5293
23.1084	93.5498
23.11	93.5703
23.1116	93.5908
23.1132	93.6113
23.1148	93.6318
23.1164	93.6523
23.118	93.6729
23.1196	93.6934
23.1212	93.7139
23.1228	93.7344
23.1244	93.7549
23.126	93.7754
23.1276	93.7959
23.1292	93.8164
23.1308	93.8369
23.1324	93.8574
23.134	93.8779
23.1356	93.8984
23.1381	91.9141
23.1389	90.5
23.1397	89.6689
23.1405	88.9199
23.1413	88.1719
23.1421	87.4229
23.1429	86.6738
23.1437	85.9258
23.1445	85.1768
23.1453	84.4287
23.1461	83.6797
23.1469	82.9307
23.1477	82.1826
23.1485	81.4336
23.1493	80.6855
23.1501	79.9365
23.1509	79.1875
23.1517	78.4395
23.1525	77.6904
23.1533	76.9424
23.1541	76.1934
23.1549	75.4453
23.1557	74.6963
23.1565	73.9473
23.1573	73.1992
23.1581	72.4502
23.1589	71.7021
23.1597	70.9531
23.1605	70.2041
23.1613	69.4561
23.1621	68.707
23.1629	67.959
23.1637	67.21
23.1645	66.4609
23.1653	65.7129
23.1661	64.9639
23.1669	64.2158
23.1677	63.4668
23.1685	62.7188
23.1693	61.9697
23.1701	61.2207
23.1709	60.4727
23.1717	59.7236
23.1725	58.9756
23.1733	58.2266
23.1741	57.4775
23.1749	56.7295
23.1757	55.9805
23.1765	55.2324
23.1773	54.4834
23.1781	53.7344
23.1789	52.9863
23.1797	52.2373
23.1805	51.4893
23.1813	50.7402
23.1821	49.9922
23.1829	49.2432
23.1837	48.4941
23.1845	47.7461
23.1853	46.9971
23.1861	46.249
23.1869	45.25
23.1877	44.1484
23.1901	45.25
23.1901	45.2939
23.1917	45.3379
23.1933	45.3818
23.1949	45.4258
23.1965	45.4697
23.1981	45.5137
23.1997	45.5566
23.2013	45.5996
23.2029	45.6426
23.2045	45.6855
23.2061	45.7285
23.2077	45.7715
23.216	45.8145
23.2176	45.8574
23.2192	45.9004
23.2208	45.9434
23.2224	45.9863
23.224	46.0293
23.2256	46.0723
23.2272	46.1152
23.2288	46.1582
23.2304	46.2012
23.232	46.2441
23.2336	46.2871
23.2352	46.3301
23.2368	46.373
23.2384	46.416
23.24	46.459
23.2416	46.502
23.2432	46.5449
23.2448	46.5869
23.2464	46.6289
23.248	46.6709
23.2496	46.7129
23.2512	46.7549
23.2528	46.7969
23.2544	46.8389
23.256	46.8809
23.2576	46.9229
23.2592	46.9648
23.2608	47.0068
23.2624	47.0488
23.264	47.0908
23.2656	47.1328
23.2672	47.1748
23.2688	47.2168
23.2704	47.2588
23.272	47.3008
23.2736	47.3428
23.2752	47.3848
23.2768	47.4268
23.2784	47.4688
23.28	47.5107
23.2816	47.5527
23.2832	47.5947
23.2848	47.6367
23.2864	47.6777
23.288	47.7188
23.2896	47.7598
23.2913	47.8008
23.2929	47.8418
23.2945	47.8828
23.2961	47.9238
23.2977	47.9648
23.2993	48.0059
23.3009	48.0469
23.3025	48.0879
23.3041	48.1289
23.3057	48.1699
23.3073	48.2109
23.3089	48.252
23.3105	48.293
23.3121	48.334
23.3137	48.375
23.3153	48.416
23.3169	48.457
23.3185	48.498
23.3201	48.5391
23.3217	48.5801
23.3233	48.6211
23.3249	48.6621
23.3265	48.7031
23.3281	48.7441
23.3297	48.7852
23.3313	48.8252
23.3329	48.8652
23.3345	48.9053
23.3361	48.9453
23.3377	48.9854
23.3393	49.0254
23.3409	49.0654
23.3425	49.1055
23.3441	49.1455
23.3457	49.1855
23.3473	49.2256
23.3489	49.2656
23.3505	49.3057
23.3521	49.3457
23.3537	49.3857
23.3553	49.4258
23.3569	49.4658
23.3585	49.5059
23.3601	49.5459
23.3617	49.5859
23.3633	49.626
23.3649	49.666
23.3666	49.7061
23.3682	49.7461
23.3698	49.7861
23.3714	49.8262
23.373	49.8662
23.3746	49.9062
23.3762	49.9463
23.3778	49.9854
23.3794	50.0244
23.381	50.0635
23.3826	50.1025
23.3842	50.1416
23.3858	50.1807
23.3874	50.2197
23.389	50.2588
23.3906	50.2979
23.3922	50.3369
23.3938	50.376
23.3954	50.415
23.397	50.4541
23.3986	50.4932
23.4002	50.5322
23.4018	50.5713
23.4034	50.6104
23.405	50.6494
23.4066	50.6885
23.4082	50.7275
23.4098	50.7666
23.4114	50.8057
23.413	50.8447
23.4146	50.8838
23.4162	50.9229
23.4178	50.9619
23.4194	51.001
23.421	51.04
23.4226	51.0791
23.4242	51.1182
23.4258	51.1572
23.4274	51.1963
23.429	51.2344
23.4306	51.2725
23.4322	51.3105
23.4338	51.3486
23.4354	51.3867
23.437	51.4248
23.4386	51.4629
23.4402	51.501
23.4419	51.5391
23.4435	51.5771
23.4451	51.6152
23.4467	51.6533
23.4483	51.6914
23.4499	51.7295
23.4515	51.7676
23.4531	51.8057
23.4547	51.8438
23.4563	51.8818
23.4579	51.9199
23.4595	51.958
23.4611	51.9961
23.4627	52.0342
23.4643	52.0723
23.4659	52.1104
23.4675	52.1484
23.4691	52.1865
23.4707	52.2246
23.4723	52.2627
23.4739	52.3008
23.4755	52.3389
23.4771	52.377
23.4787	52.415
23.4803	52.4531
23.4819	52.4912
23.4835	52.5293
23.4851	52.5664
23.4867	52.6035
23.4883	52.6406
23.4899	52.6777
23.4915	52.7148
23.4931	52.752
23.4947	52.7891
23.4963	52.8262
23.4979	52.8633
23.4995	52.9004
23.5011	52.9375
23.5027	52.9746
23.5043	53.0117
23.5059	53.0488
23.5075	53.0859
23.5091	53.123
23.5107	53.1602
23.5123	53.1973
23.5139	53.2344
23.5155	53.2715
23.5172	53.3086
23.5188	53.3457
23.5204	53.3828
23.522	53.4199
23.5236	53.457
23.5252	53.4941
23.5268	53.5312
23.5284	53.5684
23.53	53.6055
23.5316	53.6426
23.5332	53.6797
23.5348	53.7168
23.5364	53.7539
23.538	53.791
23.5396	53.8281
23.5412	53.8652
23.5428	53.9023
23.5444	53.9385
23.546	53.9746
23.5476	54.0107
23.5492	54.0469
23.5508	54.083
23.5524	54.1191
23.554	54.1553
23.5556	54.1914
23.5572	54.2275
23.5588	54.2637
23.5604	54.2998
23.562	54.3359
23.5636	54.3721
23.5652	54.4082
23.5668	54.4443
23.5684	54.4805
23.57	54.5166
23.5716	54.5527
23.5732	54.5889
23.5748	54.625
23.5764	54.6611
23.578	54.6973
23.5796	54.7334
23.5812	54.7695
23.5828	54.8057
23.5844	54.8418
23.586	54.8779
23.5876	54.9141
23.5892	54.9502
23.5909	54.9863
23.5925	55.0225
23.5941	55.0586
23.5957	55.0947
23.5973	55.1309
23.5989	55.167
23.6005	55.2031
23.6021	55.2393
23.6037	55.2754
23.6053	55.3115
23.6069	55.3477
23.6085	55.3828
23.6101	55.418
23.6117	55.4531
23.6133	55.4883
23.6149	55.5234
23.6165	55.5586
23.6181	55.5938
23.6197	55.6289
23.6213	55.6641
23.6229	55.6992
23.6245	55.7344
23.6261	55.7695
23.6277	55.8047
23.6293	55.8398
23.6309	55.875
23.6325	55.9102
23.6341	55.9453
23.6357	55.9805
23.6373	56.0156
23.6389	56.0508
23.6405	56.0859
23.6421	56.1211
23.6437	56.1562
23.6453	56.1914
23.6469	56.2266
23.6485	56.2617
23.6501	56.2969
23.6517	56.332
23.6533	56.3672
23.6549	56.4023
23.6565	56.4375
23.6581	56.4727
23.6597	56.5078
23.6613	56.543
23.6629	56.5781
23.6645	56.6133
23.6662	56.6484
23.6678	56.6836
23.6694	56.7188
23.671	56.7539
23.6726	56.7891
23.6742	56.8242
23.6758	56.8594
23.6774	56.8945
23.679	56.9287
23.6806	56.9629
23.6822	56.9971
23.6838	57.0312
23.6854	57.0654
23.687	57.0996
23.6886	57.1338
23.6902	57.168
23.6918	57.2021
23.6934	57.2363
23.695	57.2705
23.6966	57.3047
23.6982	57.3389
23.6998	57.373
23.7014	57.4072
23.703	57.4414
23.7046	57.4756
23.7062	57.5098
23.7078	57.5439
23.7094	57.5781
23.711	57.6123
23.7126	57.6465
23.7142	57.6807
23.7158	57.7148
23.7174	57.749
23.719	57.7832
23.7206	57.8174
23.7222	57.8516
23.7238	57.8857
23.7254	57.9199
23.727	57.9541
23.7286	57.9883
23.7302	58.0225
23.7318	58.0566
23.7334	58.0908
23.735	58.125
23.7366	58.1592
23.7382	58.1934
23.7398	58.2275
23.7415	58.2617
23.7431	58.2959
23.7447	58.3301
23.7463	58.3643
23.7479	58.3984
23.7495	58.4326
23.7511	58.4668
23.7527	58.501
23.7543	58.5352
23.7559	58.5684
23.7575	58.6016
23.7591	58.6348
23.7607	58.668
23.7623	58.7012
23.7639	58.7344
23.7655	58.7676
23.7671	58.8008
23.7687	58.834
23.7703	58.8672
23.7719	58.9004
23.7735	58.9336
23.7751	58.9668
23.7767	59
23.7783	59.0332
23.7799	59.0664
23.7815	59.0996
23.7831	59.1328
23.7847	59.166
23.7863	59.1992
23.7879	59.2324
23.7895	59.2656
23.7911	59.2988
23.7927	59.332
23.7943	59.3652
23.7959	59.3984
23.7975	59.4316
23.7991	59.4648
23.8007	59.498
23.8023	59.5312
23.8039	59.5645
23.8055	59.5977
23.8071	59.6309
23.8087	59.6641
23.8103	59.6973
23.8119	59.7305
23.8135	59.7637
23.8151	59.7969
23.8168	59.8301
23.8184	59.8633
23.82	59.8965
23.8216	59.9297
23.8232	59.9629
23.8248	59.9961
23.8264	60.0293
23.828	60.0625
23.8296	60.0957
23.8312	60.1289
23.8328	60.1621
23.8344	60.1953
23.836	60.2285
23.8376	60.2607
23.8392	60.293
23.8408	60.3252
23.8424	60.3574
23.844	60.3896
23.8456	60.4219
23.8472	60.4541
23.8488	60.4863
23.8504	60.5186
23.852	60.5508
23.8536	60.583
23.8552	60.6152
23.8568	60.6475
23.8584	60.6797
23.86	60.7119
23.8616	60.7441
23.8632	60.7764
23.8648	60.8086
23.8664	60.8408
23.868	60.873
23.8696	60.9053
23.8712	60.9375
23.8728	60.9697
23.8744	61.002
23.876	61.0342
23.8776	61.0664
23.8792	61.0986
23.8808	61.1309
23.8824	61.1631
23.884	61.1953
23.8856	61.2275
23.8872	61.2598
23.8888	61.292
23.8904	61.3242
23.8921	61.3564
23.8937	61.3887
23.8953	61.4209
23.8969	61.4531
23.8985	61.4854
23.9001	61.5176
23.9017	61.5498
23.9033	61.582
23.9049	61.6143
23.9065	61.6465
23.9081	61.6787
23.9097	61.7109
23.9113	61.7432
23.9129	61.7754
23.9145	61.8076
23.9161	61.8398
23.9177	61.8721
23.9193	61.9043
23.9209	61.9365
23.9225	61.9688
23.9241	62.001
23.9257	62.0332
23.9273	62.0654
23.9289	62.0967
23.9305	62.1279
23.9321	62.1592
23.9337	62.1904
23.9353	62.2217
23.9369	62.2529
23.9385	62.2842
23.9401	62.3154
23.9417	62.3467
23.9433	62.3779
23.9449	62.4092
23.9465	62.4404
23.9481	62.4717
23.9497	62.5029
23.9513	62.5342
23.9529	62.5654
23.9545	62.5967
23.9561	62.6279
23.9577	62.6592
23.9593	62.6904
23.9609	62.7217
23.9625	62.7529
23.9641	62.7842
23.9657	62.8154
23.9674	62.8467
23.969	62.8779
23.9706	62.9092
23.9722	62.9404
23.9738	62.9717
23.9754	63.0029
23.977	63.0342
23.9786	63.0654
23.9802	63.0967
23.9818	63.1279
23.9834	63.1592
23.985	63.1904
23.9866	63.2217
23.9882	63.2529
23.9898	63.2842
23.9914	63.3154
23.993	63.3467
23.9946	63.3779
23.9962	63.4092
23.9978	63.4404
23.9994	63.4717
24.001	63.5029
24.0026	63.5342
24.0042	63.5654
24.0058	63.5967
24.0074	63.6279
24.009	63.6592
24.0106	63.6904
24.0122	63.7217
24.0138	63.7529
24.0154	63.7842
24.017	63.8154
24.0186	63.8467
24.0202	63.8779
24.0218	63.9092
24.0234	63.9404
24.025	63.9717
24.0266	64.0029
24.0282	64.0332
24.0298	64.0635
24.0314	64.0938
24.033	64.124
24.0346	64.1543
24.0362	64.1846
24.0378	64.2148
24.0394	64.2451
24.041	64.2754
24.0427	64.3057
24.0443	64.3359
24.0459	64.3662
24.0475	64.3965
24.0491	64.4268
24.0507	64.457
24.0523	64.4873
24.0539	64.5176
24.0555	64.5479
24.0571	64.5781
24.0587	64.6084
24.0603	64.6387
24.0619	64.6689
24.0635	64.6992
24.0651	64.7295
24.0667	64.7598
24.0683	64.79
24.0699	64.8203
24.0715	64.8506
24.0731	64.8809
24.0747	64.9111
24.0763	64.9414
24.0779	64.9717
24.0795	65.002
24.0811	65.0322
24.0827	65.0625
24.0843	65.0928
24.0859	65.123
24.0875	65.1533
24.0891	65.1836
24.0907	65.2139
24.0923	65.2441
24.0939	65.2744
24.0955	65.3047
24.0971	65.335
24.0987	65.3652
24.1003	65.3955
24.1019	65.4258
24.1035	65.4561
24.1051	65.4863
24.1067	65.5166
24.1083	65.5469
24.1099	65.5771
24.1115	65.6074
24.1131	65.6377
24.1147	65.668
24.1164	65.6982
24.118	65.7285
24.1196	65.7588
24.1212	65.7891
24.1228	65.8193
24.1244	65.8496
24.126	65.8799
24.1276	65.9102
24.1292	65.9404
24.1308	65.9707
24.1324	66.001
24.134	66.0312
24.1356	66.0615
24.1372	66.0908
24.1388	66.1201
24.1404	66.1494
24.142	66.1787
24.1436	66.208
24.1452	66.2373
24.1468	66.2666
24.1484	66.2959
24.15	66.3252
24.1516	66.3545
24.1532	66.3838
24.1548	66.4131
24.1564	66.4424
24.158	66.4717
24.1596	66.501
24.1612	66.5303
24.1628	66.5596
24.1644	66.5889
24.166	66.6182
24.1676	66.6475
24.1692	66.6768
24.1708	66.7061
24.1724	66.7354
24.174	66.7646
24.1756	66.7939
24.1772	66.8232
24.1788	66.8525
24.1804	66.8818
24.182	66.9111
24.1836	66.9404
24.1852	66.9697
24.1868	66.999
24.1884	67.0283
24.19	67.0576
24.1917	67.0869
24.1933	67.1162
24.1949	67.1455
24.1965	67.1748
24.1981	67.2041
24.1997	67.2334
24.2013	67.2627
24.2029	67.292
24.2045	67.3213
24.2061	67.3506
24.2077	67.3799
24.2093	67.4092
24.2109	67.4385
24.2125	67.4678
24.2141	67.4971
24.2157	67.5264
24.2173	67.5557
24.2189	67.585
24.2205	67.6143
24.2221	67.6436
24.2237	67.6729
24.2253	67.7021
24.2269	67.7314
24.2285	67.7607
24.2301	67.79
24.2317	67.8193
24.2333	67.8486
24.2349	67.8779
24.2365	67.9072
24.2381	67.9365
24.2397	67.9658
24.2413	67.9951
24.2429	68.0244
24.2445	68.0537
24.2461	68.083
24.2477	68.1123
24.2493	68.1416
24.2509	68.1709
24.2525	68.2002
24.2541	68.2295
24.2557	68.2588
24.2573	68.2871
24.2589	68.3154
24.2605	68.3438
24.2621	68.3721
24.2637	68.4004
24.2653	68.4287
24.267	68.457
24.2686	68.4854
24.2702	68.5137
24.2718	68.542
24.2734	68.5703
24.275	68.5986
24.2766	68.627
24.2782	68.6553
24.2798	68.6836
24.2814	68.7119
24.283	68.7402
24.2846	68.7686
24.2862	68.7969
24.2878	68.8252
24.2894	68.8535
24.291	68.8818
24.2926	68.9102
24.2942	68.9385
24.2958	68.9668
24.2974	68.9951
24.299	69.0234
24.3006	69.0518
24.3022	69.0801
24.3038	69.1084
24.3054	69.1367
24.307	69.165
24.3086	69.1934
24.3102	69.2217
24.3118	69.25
24.3134	69.2783
24.315	69.3066
24.3166	69.335
24.3182	69.3633
24.3198	69.3916
24.3214	69.4199
24.323	69.4482
24.3246	69.4766
24.3262	69.5049
24.3278	69.5332
24.3294	69.5615
24.331	69.5898
24.3326	69.6182
24.3342	69.6465
24.3358	69.6748
24.3374	69.7031
24.339	69.7314
24.3406	69.7598
24.3423	69.7881
24.3439	69.8164
24.3455	69.8447
24.3471	69.873
24.3487	69.9014
24.3503	69.9297
24.3519	69.958
24.3535	69.9863
24.3551	70.0146
24.3567	70.043
24.3583	70.0713
24.3599	70.0996
24.3615	70.1279
24.3631	70.1562
24.3647	70.1846
24.3663	70.2129
24.3679	70.2412
24.3695	70.2695
24.3711	70.2979
24.3727	70.3262
24.3743	70.3545
24.3759	70.3828
24.3775	70.4111
24.3791	70.4395
24.3807	70.4678
24.3823	70.4961
24.3839	70.5244
24.3855	70.5527
24.3871	70.5811
24.3887	70.6094
24.3903	70.6367
24.3919	70.6641
24.3935	70.6914
24.3951	70.7188
24.3967	70.7461
24.3983	70.7734
24.3999	70.8008
24.4015	70.8281
24.4031	70.8555
24.4047	70.8828
24.4063	70.9102
24.4079	70.9375
24.4095	70.9648
24.4111	70.9922
24.4127	71.0195
24.4143	71.0469
24.4159	71.0742
24.4176	71.1016
24.4192	71.1289
24.4208	71.1562
24.4224	71.1836
24.424	71.2109
24.4256	71.2383
24.4272	71.2656
24.4288	71.293
24.4304	71.3203
24.432	71.3477
24.4336	71.375
24.4352	71.4023
24.4368	71.4297
24.4384	71.457
24.44	71.4844
24.4416	71.5117
24.4432	71.5391
24.4448	71.5664
24.4464	71.5938
24.448	71.6211
24.4496	71.6484
24.4512	71.6758
24.4528	71.7031
24.4544	71.7305
24.456	71.7578
24.4576	71.7852
24.4592	71.8125
24.4608	71.8398
24.4624	71.8672
24.464	71.8945
24.4656	71.9219
24.4672	71.9492
24.4688	71.9766
24.4704	72.0039
24.472	72.0312
24.4736	72.0586
24.4752	72.0859
24.4768	72.1133
24.4784	72.1406
24.48	72.168
24.4816	72.1953
24.4832	72.2227
24.4848	72.25
24.4864	72.2773
24.488	72.3047
24.4896	72.332
24.4912	72.3594
24.4929	72.3867
24.4945	72.4141
24.4961	72.4414
24.4977	72.4688
24.4993	72.4961
24.5009	72.5234
24.5025	72.5508
24.5041	72.5781
24.5057	72.6055
24.5073	72.6328
24.5089	72.6602
24.5105	72.6875
24.5121	72.7148
24.5137	72.7422
24.5153	72.7695
24.5169	72.7969
24.5185	72.8242
24.5201	72.8516
24.5217	72.8789
24.5233	72.9062
24.5249	72.9336
24.5265	72.9609
24.5281	72.9883
24.5297	73.0156
24.5313	73.043
24.5329	73.0703
24.5345	73.0977
24.5361	73.125
24.5377	73.1523
24.5393	73.1787
24.5409	73.2051
24.5425	73.2314
24.5441	73.2578
24.5457	73.2842
24.5473	73.3105
24.5489	73.3369
24.5505	73.3633
24.5521	73.3896
24.5537	73.416
24.5553	73.4424
24.5569	73.4688
24.5585	73.4951
24.5601	73.5215
24.5617	73.5479
24.5633	73.5742
24.5649	73.6006
24.5665	73.627
24.5682	73.6533
24.5698	73.6797
24.5714	73.7061
24.573	73.7324
24.5746	73.7588
24.5762	73.7852
24.5778	73.8115
24.5794	73.8379
24.581	73.8643
24.5826	73.8906
24.5842	73.917
24.5858	73.9434
24.5874	73.9697
24.589	73.9961
24.5906	74.0225
24.5922	74.0488
24.5938	74.0752
24.5954	74.1016
24.597	74.1279
24.5986	74.1543
24.6002	74.1807
24.6018	74.207
24.6034	74.2334
24.605	74.2598
24.6066	74.2861
24.6082	74.3125
24.6098	74.3389
24.6114	74.3652
24.613	74.3916
24.6146	74.418
24.6162	74.4443
24.6178	74.4707
24.6194	74.4971
24.621	74.5234
24.6226	74.5498
24.6242	74.5762
24.6258	74.6025
24.6274	74.6289
24.629	74.6553
24.6306	74.6816
24.6322	74.708
24.6338	74.7344
24.6354	74.7607
24.637	74.7871
24.6386	74.8135
24.6402	74.8398
24.6419	74.8662
24.6435	74.8926
24.6451	74.9189
24.6467	74.9453
24.6483	74.9717
24.6499	74.998
24.6515	75.0244
24.6531	75.0508
24.6547	75.0771
24.6563	75.1035
24.6579	75.1299
24.6595	75.1562
24.6611	75.1826
24.6627	75.209
24.6643	75.2354
24.6659	75.2617
24.6675	75.2881
24.6691	75.3145
24.6707	75.3408
24.6723	75.3672
24.6739	75.3936
24.6755	75.4199
24.6771	75.4463
24.6787	75.4727
24.6803	75.499
24.6819	75.5254
24.6835	75.5518
24.6851	75.5781
24.6867	75.6045
24.6883	75.6309
24.6899	75.6572
24.6915	75.6836
24.6931	75.71
24.6947	75.7363
24.6963	75.7627
24.6979	75.7891
24.6995	75.8154
24.7011	75.8418
24.7027	75.8672
24.7043	75.8926
24.7059	75.918
24.7075	75.9434
24.7091	75.9688
24.7107	75.9941
24.7123	76.0195
24.7139	76.0449
24.7155	76.0703
24.7172	76.0957
24.7188	76.1211
24.7204	76.1465
24.722	76.1719
24.7236	76.1973
24.7252	76.2227
24.7268	76.248
24.7284	76.2734
24.73	76.2988
24.7316	76.3242
24.7332	76.3496
24.7348	76.375
24.7364	76.4004
24.738	76.4258
24.7396	76.4512
24.7412	76.4766
24.7428	76.502
24.7444	76.5273
24.746	76.5527
24.7476	76.5781
24.7492	76.6035
24.7508	76.6289
24.7524	76.6543
24.754	76.6797
24.7556	76.7051
24.7572	76.7305
24.7588	76.7559
24.7604	76.7812
24.762	76.8066
24.7636	76.832
24.7652	76.8574
24.7668	76.8828
24.7684	76.9082
24.77	76.9336
24.7716	76.959
24.7732	76.9844
24.7748	77.0098
24.7764	77.0352
24.778	77.0605
24.7796	77.0859
24.7812	77.1113
24.7828	77.1367
24.7844	77.1621
24.786	77.1875
24.7876	77.2129
24.7892	77.2383
24.7908	77.2637
24.7925	77.2891
24.7941	77.3145
24.7957	77.3398
24.7973	77.3652
24.7989	77.3906
24.8005	77.416
24.8021	77.4414
24.8037	77.4668
24.8053	77.4922
24.8069	77.5176
24.8085	77.543
24.8101	77.5684
24.8117	77.5938
24.8133	77.6191
24.8149	77.6445
24.8165	77.6699
24.8181	77.6953
24.8197	77.7207
24.8213	77.7461
24.8229	77.7715
24.8245	77.7969
24.8261	77.8223
24.8277	77.8477
24.8293	77.873
24.8309	77.8984
24.8325	77.9238
24.8341	77.9492
24.8357	77.9746
24.8373	78
24.8389	78.0254
24.8405	78.0508
24.8421	78.0762
24.8437	78.1016
24.8453	78.127
24.8469	78.1523
24.8485	78.1777
24.8501	78.2031
24.8517	78.2285
24.8533	78.2539
24.8549	78.2793
24.8565	78.3047
24.8581	78.3301
24.8597	78.3555
24.8613	78.3809
24.8629	78.4062
24.8645	78.4316
24.8661	78.457
24.8678	78.4824
24.8694	78.5078
24.871	78.5332
24.8726	78.5586
24.8742	78.584
24.8758	78.6094
24.8774	78.6348
24.879	78.6602
24.8806	78.6855
24.8822	78.7109
24.8838	78.7363
24.8854	78.7617
24.887	78.7861
24.8886	78.8105
24.8902	78.835
24.8918	78.8594
24.8934	78.8838
24.895	78.9082
24.8966	78.9326
24.8982	78.957
24.8998	78.9814
24.9014	79.0059
24.903	79.0303
24.9046	79.0547
24.9062	79.0791
24.9078	79.1035
24.9094	79.1279
24.911	79.1523
24.9126	79.1768
24.9142	79.2012
24.9158	79.2256
24.9174	79.25
24.919	79.2744
24.9206	79.2988
24.9222	79.3232
24.9238	79.3477
24.9254	79.3721
24.927	79.3965
24.9286	79.4209
24.9302	79.4453
24.9318	79.4697
24.9334	79.4941
24.935	79.5186
24.9366	79.543
24.9382	79.5674
24.9398	79.5918
24.9414	79.6162
24.9431	79.6406
24.9447	79.665
24.9463	79.6895
24.9479	79.7139
24.9495	79.7383
24.9511	79.7627
24.9527	79.7871
24.9543	79.8115
24.9559	79.8359
24.9575	79.8604
24.9591	79.8848
24.9607	79.9092
24.9623	79.9336
24.9639	79.958
24.9655	79.9824
24.9671	80.0068
24.9687	80.0312
24.9703	80.0557
24.9719	80.0801
24.9735	80.1045
24.9751	80.1289
24.9767	80.1533
24.9783	80.1777
24.9799	80.2021
24.9815	80.2266
24.9831	80.251
24.9847	80.2754
24.9863	80.2998
24.9879	80.3242
24.9895	80.3486
24.9911	80.373
24.9927	80.3975
24.9943	80.4219
24.9959	80.4463
24.9975	80.4707
24.9991	80.4951
25.0007	80.5195
25.0023	80.5439
25.0039	80.5684
25.0055	80.5928
25.0071	80.6172
25.0087	80.6416
25.0103	80.666
25.0119	80.6904
25.0135	80.7148
25.0151	80.7393
25.0167	80.7637
25.0184	80.7881
25.02	80.8125
25.0216	80.8369
25.0232	80.8613
25.0248	80.8857
25.0264	80.9102
25.028	80.9346
25.0296	80.959
25.0312	80.9834
25.0328	81.0078
25.0344	81.0322
25.036	81.0566
25.0376	81.0811
25.0392	81.1055
25.0408	81.1299
25.0424	81.1543
25.044	81.1787
25.0456	81.2031
25.0472	81.2275
25.0488	81.252
25.0504	81.2764
25.052	81.3008
25.0536	81.3252
25.0552	81.3496
25.0568	81.374
25.0584	81.3984
25.06	81.4229
25.0616	81.4473
25.0632	81.4717
25.0648	81.4961
25.0664	81.5205
25.068	81.5449
25.0696	81.5693
25.0712	81.5938
25.0728	81.6182
25.0744	81.6426
25.076	81.667
25.0776	81.6914
25.0792	81.7158
25.0808	81.7402
25.0824	81.7646
25.084	81.7891
25.0856	81.8135
25.0872	81.8379
25.0888	81.8623
25.0904	81.8867
25.092	81.9111
25.0937	81.9346
25.0953	81.958
25.0969	81.9814
25.0985	82.0049
25.1001	82.0283
25.1017	82.0518
25.1033	82.0752
25.1049	82.0986
25.1065	82.1221
25.1081	82.1455
25.1097	82.1689
25.1113	82.1924
25.1129	82.2158
25.1145	82.2393
25.1161	82.2627
25.1177	82.2861
25.1193	82.3096
25.1209	82.333
25.1225	82.3564
25.1241	82.3799
25.1257	82.4033
25.1273	82.4268
25.1289	82.4502
25.1305	82.4736
25.1321	82.4971
25.1337	82.5205
25.1353	82.5439
25.1369	82.5674
25.1385	82.5908
25.1401	82.6143
25.1417	82.6377
25.1433	82.6611
25.1449	82.6846
25.1465	82.708
25.1481	82.7314
25.1497	82.7549
25.1513	82.7783
25.1529	82.8018
25.1545	82.8252
25.1561	82.8486
25.1577	82.8721
25.1593	82.8955
25.1609	82.9189
25.1625	82.9424
25.1641	82.9658
25.1657	82.9893
25.1674	83.0127
25.169	83.0361
25.1706	83.0596
25.1722	83.083
25.1738	83.1064
25.1754	83.1299
25.177	83.1533
25.1786	83.1768
25.1802	83.2002
25.1818	83.2236
25.1834	83.2471
25.185	83.2705
25.1866	83.2939
25.1882	83.3174
25.1898	83.3408
25.1914	83.3643
25.193	83.3877
25.1946	83.4111
25.1962	83.4346
25.1978	83.458
25.1994	83.4814
25.201	83.5049
25.2026	83.5283
25.2042	83.5518
25.2058	83.5752
25.2074	83.5986
25.209	83.6221
25.2106	83.6455
25.2122	83.6689
25.2138	83.6924
25.2154	83.7158
25.217	83.7393
25.2186	83.7627
25.2202	83.7861
25.2218	83.8096
25.2234	83.833
25.225	83.8564
25.2266	83.8799
25.2282	83.9033
25.2298	83.9268
25.2314	83.9502
25.233	83.9736
25.2346	83.9971
25.2362	84.0205
25.2378	84.0439
25.2394	84.0674
25.241	84.0908
25.2427	84.1143
25.2443	84.1377
25.2459	84.1611
25.2475	84.1846
25.2491	84.208
25.2507	84.2314
25.2523	84.2549
25.2539	84.2783
25.2555	84.3018
25.2571	84.3252
25.2587	84.3486
25.2603	84.3721
25.2619	84.3955
25.2635	84.4189
25.2651	84.4424
25.2667	84.4658
25.2683	84.4893
25.2699	84.5127
25.2715	84.5361
25.2731	84.5596
25.2747	84.583
25.2763	84.6064
25.2779	84.6299
25.2795	84.6533
25.2811	84.6768
25.2827	84.7002
25.2843	84.7236
25.2859	84.7471
25.2875	84.7705
25.2891	84.7939
25.2907	84.8174
25.2923	84.8408
25.2939	84.8643
25.2955	84.8877
25.2971	84.9111
25.2987	84.9346
25.3003	84.958
25.3019	84.9814
25.3035	85.0049
25.3051	85.0283
25.3067	85.0518
25.3083	85.0752
25.3099	85.0986
25.3115	85.1221
25.3131	85.1455
25.3147	85.1689
25.3163	85.1924
25.318	85.2158
25.3196	85.2393
25.3212	85.2627
25.3228	85.2861
25.3244	85.3096
25.326	85.333
25.3276	85.3555
25.3292	85.3779
25.3308	85.4004
25.3324	85.4229
25.334	85.4453
25.3356	85.4678
25.3372	85.4902
25.3388	85.5127
25.3404	85.5352
25.342	85.5576
25.3436	85.5801
25.3452	85.6025
25.3468	85.625
25.3484	85.6475
25.35	85.6699
25.3516	85.6924
25.3532	85.7148
25.3548	85.7373
25.3564	85.7598
25.358	85.7822
25.3596	85.8047
25.3612	85.8271
25.3628	85.8496
25.3644	85.8721
25.366	85.8945
25.3676	85.917
25.3692	85.9395
25.3708	85.9619
25.3724	85.9844
25.374	86.0068
25.3756	86.0293
25.3772	86.0518
25.3788	86.0742
25.3804	86.0967
25.382	86.1191
25.3836	86.1416
25.3852	86.1641
25.3868	86.1865
25.3884	86.209
25.39	86.2314
25.3916	86.2539
25.3933	86.2764
25.3949	86.2988
25.3965	86.3213
25.3981	86.3438
25.3997	86.3662
25.4013	86.3887
25.4029	86.4111
25.4045	86.4336
25.4061	86.4561
25.4077	86.4785
25.4093	86.501
25.4109	86.5234
25.4125	86.5459
25.4141	86.5684
25.4157	86.5908
25.4173	86.6133
25.4189	86.6357
25.4205	86.6582
25.4221	86.6807
25.4237	86.7031
25.4253	86.7256
25.4269	86.748
25.4285	86.7705
25.4301	86.793
25.4317	86.8154
25.4333	86.8379
25.4349	86.8604
25.4365	86.8828
25.4381	86.9053
25.4397	86.9277
25.4413	86.9502
25.4429	86.9727
25.4445	86.9951
25.4461	87.0176
25.4477	87.04
25.4493	87.0625
25.4509	87.085
25.4525	87.1074
25.4541	87.1299
25.4557	87.1523
25.4573	87.1748
25.4589	87.1973
25.4605	87.2197
25.4621	87.2422
25.4637	87.2646
25.4653	87.2871
25.4669	87.3096
25.4686	87.332
25.4702	87.3545
25.4718	87.377
25.4734	87.3994
25.475	87.4219
25.4766	87.4443
25.4782	87.4668
25.4798	87.4893
25.4814	87.5117
25.483	87.5342
25.4846	87.5566
25.4862	87.5791
25.4878	87.6016
25.4894	87.624
25.491	87.6465
25.4926	87.6689
25.4942	87.6914
25.4958	87.7139
25.4974	87.7363
25.499	87.7588
25.5006	87.7812
25.5022	87.8037
25.5038	87.8262
25.5054	87.8486
25.507	87.8711
25.5086	87.8936
25.5102	87.916
25.5118	87.9385
25.5134	87.9609
25.515	87.9834
25.5166	88.0059
25.5182	88.0283
25.5198	88.0508
25.5214	88.0732
25.523	88.0957
25.5246	88.1182
25.5262	88.1406
25.5278	88.1631
25.5294	88.1855
25.531	88.208
25.5326	88.2305
25.5342	88.2529
25.5358	88.2754
25.5374	88.2979
25.539	88.3203
25.5406	88.3428
25.5422	88.3652
25.5439	88.3877
25.5455	88.4102
25.5471	88.4326
25.5487	88.4551
25.5503	88.4775
25.5519	88.5
25.5535	88.5225
25.5551	88.5449
25.5567	88.5674
25.5583	88.5898
25.5599	88.6123
25.5615	88.6348
25.5631	88.6572
25.5647	88.6797
25.5663	88.7021
25.5679	88.7246
25.5695	88.7471
25.5711	88.7695
25.5727	88.792
25.5743	88.8145
25.5759	88.8369
25.5775	88.8594
25.5791	88.8818
25.5807	88.9043
25.5823	88.9268
25.5839	88.9492
25.5855	88.9717
25.5871	88.9941
25.5887	89.0166
25.5903	89.0391
25.5919	89.0605
25.5935	89.082
25.5951	89.1035
25.5967	89.125
25.5983	89.1465
25.5999	89.168
25.6015	89.1895
25.6031	89.2109
25.6047	89.2324
25.6063	89.2539
25.6079	89.2754
25.6095	89.2969
25.6111	89.3184
25.6127	89.3398
25.6143	89.3613
25.6159	89.3828
25.6175	89.4043
25.6192	89.4258
25.6208	89.4473
25.6224	89.4688
25.624	89.4902
25.6256	89.5117
25.6272	89.5332
25.6288	89.5547
25.6304	89.5762
25.632	89.5977
25.6336	89.6191
25.6352	89.6406
25.6368	89.6621
25.6384	89.6836
25.64	89.7051
25.6416	89.7266
25.6432	89.748
25.6448	89.7695
25.6464	89.791
25.648	89.8125
25.6496	89.834
25.6512	89.8555
25.6528	89.877
25.6544	89.8984
25.656	89.9199
25.6576	89.9414
25.6592	89.9629
25.6608	89.9844
25.6624	90.0059
25.664	90.0273
25.6656	90.0488
25.6672	90.0703
25.6688	90.0918
25.6704	90.1133
25.672	90.1348
25.6736	90.1562
25.6752	90.1777
25.6768	90.1992
25.6784	90.2207
25.68	90.2422
25.6816	90.2637
25.6832	90.2852
25.6848	90.3066
25.6864	90.3281
25.688	90.3496
25.6896	90.3711
25.6912	90.3926
25.6929	90.4141
25.6945	90.4355
25.6961	90.457
25.6977	90.4785
25.6993	90.5
25.7009	90.5215
25.7025	90.543
25.7041	90.5645
25.7057	90.5859
25.7073	90.6074
25.7089	90.6289
25.7105	90.6504
25.7121	90.6719
25.7137	90.6934
25.7153	90.7148
25.7169	90.7363
25.7185	90.7578
25.7201	90.7793
25.7217	90.8008
25.7233	90.8223
25.7249	90.8438
25.7265	90.8652
25.7281	90.8867
25.7297	90.9082
25.7313	90.9297
25.7329	90.9512
25.7345	90.9727
25.7361	90.9941
25.7377	91.0156
25.7393	91.0371
25.7409	91.0586
25.7425	91.0801
25.7441	91.1016
25.7457	91.123
25.7473	91.1445
25.7489	91.166
25.7505	91.1875
25.7521	91.209
25.7537	91.2305
25.7553	91.252
25.7569	91.2734
25.7585	91.2949
25.7601	91.3164
25.7617	91.3379
25.7633	91.3594
25.7649	91.3809
25.7665	91.4023
25.7682	91.4238
25.7698	91.4453
25.7714	91.4668
25.773	91.4883
25.7746	91.5098
25.7762	91.5312
25.7778	91.5527
25.7794	91.5742
25.781	91.5957
25.7826	91.6172
25.7842	91.6387
25.7858	91.6602
25.7874	91.6816
25.789	91.7031
25.7906	91.7246
25.7922	91.7461
25.7938	91.7676
25.7954	91.7891
25.797	91.8105
25.7986	91.832
25.8002	91.8535
25.8018	91.875
25.8034	91.8965
25.805	91.918
25.8066	91.9395
25.8082	91.9609
25.8098	91.9824
25.8114	92.0039
25.813	92.0254
25.8146	92.0469
25.8162	92.0684
25.8178	92.0898
25.8194	92.1113
25.821	92.1328
25.8226	92.1543
25.8242	92.1758
25.8258	92.1973
25.8274	92.2188
25.829	92.2402
25.8306	92.2617
25.8322	92.2832
25.8338	92.3047
25.8354	92.3262
25.837	92.3477
25.8386	92.3691
25.8402	92.3906
25.8418	92.4121
25.8435	92.4336
25.8451	92.4551
25.8467	92.4766
25.8483	92.498
25.8499	92.5195
25.8515	92.541
25.8531	92.5625
25.8547	92.584
25.8563	92.6055
25.8579	92.627
25.8595	92.6484
25.8611	92.6699
25.8627	92.6914
25.8643	92.7129
25.8659	92.7344
25.8675	92.7559
25.8691	92.7773
25.8707	92.7988
25.8723	92.8203
25.8739	92.8418
25.8755	92.8633
25.8771	92.8848
25.8787	92.9062
25.8803	92.9277
25.8819	92.9492
25.8835	92.9707
25.8851	92.9922
25.8867	93.0137
25.8883	93.0352
25.8899	93.0566
25.8915	93.0781
25.8931	93.0986
25.8947	93.1191
25.8963	93.1396
25.8979	93.1602
25.8995	93.1807
25.9011	93.2012
25.9027	93.2217
25.9043	93.2422
25.9059	93.2627
25.9075	93.2832
25.9091	93.3037
25.9107	93.3242
25.9123	93.3447
25.9139	93.3652
25.9155	93.3857
25.9171	93.4062
25.9188	93.4268
25.9204	93.4473
25.922	93.4678
25.9236	93.4883
25.9252	93.5088
25.9268	93.5293
25.9284	93.5498
25.93	93.5703
25.9316	93.5908
25.9332	93.6113
25.9348	93.6318
25.9364	93.6523
25.938	93.6729
25.9396	93.6934
25.9412	93.7139
25.9428	93.7344
25.9444	93.7549
25.946	93.7754
25.9476	93.7959
25.9492	93.8164
25.9508	93.8369
25.9524	93.8574
25.954	93.8779
25.9556	93.8984
25.958	91.9141
25.9588	90.5
25.9596	89.6689
25.9604	88.9199
25.9612	88.1719
25.962	87.4229
25.9628	86.6738
25.9636	85.9258
25.9644	85.1768
25.9652	84.4287
25.966	83.6797
25.9668	82.9307
25.9676	82.1826
25.9684	81.4336
25.9692	80.6855
25.97	79.9365
25.9708	79.1875
25.9716	78.4395
25.9724	77.6904
25.9732	76.9424
25.974	76.1934
25.9748	75.4453
25.9756	74.6963
25.9764	73.9473
25.9772	73.1992
25.978	72.4502
25.9788	71.7021
25.9796	70.9531
25.9804	70.2041
25.9812	69.4561
25.982	68.707
25.9828	67.959
25.9836	67.21
25.9844	66.4609
25.9852	65.7129
25.986	64.9639
25.9868	64.2158
25.9877	63.4668
25.9885	62.7188
25.9893	61.9697
25.9901	61.2207
25.9909	60.4727
25.9917	59.7236
25.9925	58.9756
25.9933	58.2266
25.9941	57.4775
25.9949	56.7295
25.9957	55.9805
25.9965	55.2324
25.9973	54.4834
25.9981	53.7344
25.9989	52.9863
25.9997	52.2373
26.0005	51.4893
26.0013	50.7402
26.0021	49.9922
26.0029	49.2432
26.0037	48.4941
26.0045	47.7461
26.0053	46.9971
26.0061	46.249
26.0069	45.25
26.0077	44.1484
26.0101	45.25
26.0101	45.2939
26.0117	45.3379
26.0133	45.3818
26.0149	45.4258
26.0165	45.4697
26.0181	45.5137
26.0197	45.5566
26.0213	45.5996
26.0229	45.6426
26.0245	45.6855
26.0261	45.7285
26.0277	45.7715
26.0287	45.8145
26.0359	45.8574
26.0375	45.9004
26.0391	45.9434
26.0407	45.9863
26.0423	46.0293
26.0439	46.0723
26.0455	46.1152
26.0471	46.1582
26.0487	46.2012
26.0503	46.2441
26.0519	46.2871
26.0535	46.3301
26.0551	46.373
26.0567	46.416
26.0583	46.459
26.0599	46.502
26.0615	46.5449
26.0631	46.5869
26.0647	46.6289
26.0663	46.6709
26.0679	46.7129
26.0696	46.7549
26.0712	46.7969
26.0728	46.8389
26.0744	46.8809
26.076	46.9229
26.0776	46.9648
26.0792	47.0068
26.0808	47.0488
26.0824	47.0908
26.084	47.1328
26.0856	47.1748
26.0872	47.2168
26.0888	47.2588
26.0904	47.3008
26.092	47.3428
26.0936	47.3848
26.0952	47.4268
26.0968	47.4688
26.0984	47.5107
26.1	47.5527
26.1016	47.5947
26.1032	47.6367
26.1048	47.6777
26.1064	47.7188
26.108	47.7598
26.1096	47.8008
26.1112	47.8418
26.1128	47.8828
26.1144	47.9238
26.116	47.9648
26.1176	48.0059
26.1192	48.0469
26.1208	48.0879
26.1224	48.1289
26.124	48.1699
26.1256	48.2109
26.1272	48.252
26.1288	48.293
26.1304	48.334
26.132	48.375
26.1336	48.416
26.1352	48.457
26.1368	48.498
26.1384	48.5391
26.14	48.5801
26.1416	48.6211
26.1432	48.6621
26.1449	48.7031
26.1465	48.7441
26.1481	48.7852
26.1497	48.8252
26.1513	48.8652
26.1529	48.9053
26.1545	48.9453
26.1561	48.9854
26.1577	49.0254
26.1593	49.0654
26.1609	49.1055
26.1625	49.1455
26.1641	49.1855
26.1657	49.2256
26.1673	49.2656
26.1689	49.3057
26.1705	49.3457
26.1721	49.3857
26.1737	49.4258
26.1753	49.4658
26.1769	49.5059
26.1785	49.5459
26.1801	49.5859
26.1817	49.626
26.1833	49.666
26.1849	49.7061
26.1865	49.7461
26.1881	49.7861
26.1897	49.8262
26.1913	49.8662
26.1929	49.9062
26.1945	49.9463
26.1961	49.9854
26.1977	50.0244
26.1993	50.0635
26.2009	50.1025
26.2025	50.1416
26.2041	50.1807
26.2057	50.2197
26.2073	50.2588
26.2089	50.2979
26.2105	50.3369
26.2121	50.376
26.2137	50.415
26.2153	50.4541
26.2169	50.4932
26.2185	50.5322
26.2202	50.5713
26.2218	50.6104
26.2234	50.6494
26.225	50.6885
26.2266	50.7275
26.2282	50.7666
26.2298	50.8057
26.2314	50.8447
26.233	50.8838
26.2346	50.9229
26.2362	50.9619
26.2378	51.001
26.2394	51.04
26.241	51.0791
26.2426	51.1182
26.2442	51.1572
26.2458	51.1963
26.2474	51.2344
26.249	51.2725
26.2506	51.3105
26.2522	51.3486
26.2538	51.3867
26.2554	51.4248
26.257	51.4629
26.2586	51.501
26.2602	51.5391
26.2618	51.5771
26.2634	51.6152
26.265	51.6533
26.2666	51.6914
26.2682	51.7295
26.2698	51.7676
26.2714	51.8057
26.273	51.8438
26.2746	51.8818
26.2762	51.9199
26.2778	51.958
26.2794	51.9961
26.281	52.0342
26.2826	52.0723
26.2842	52.1104
26.2858	52.1484
26.2874	52.1865
26.289	52.2246
26.2906	52.2627
26.2922	52.3008
26.2938	52.3389
26.2955	52.377
26.2971	52.415
26.2987	52.4531
26.3003	52.4912
26.3019	52.5293
26.3035	52.5664
26.3051	52.6035
26.3067	52.6406
26.3083	52.6777
26.3099	52.7148
26.3115	52.752
26.3131	52.7891
26.3147	52.8262
26.3163	52.8633
26.3179	52.9004
26.3195	52.9375
26.3211	52.9746
26.3227	53.0117
26.3243	53.0488
26.3259	53.0859
26.3275	53.123
26.3291	53.1602
26.3307	53.1973
26.3323	53.2344
26.3339	53.2715
26.3355	53.3086
26.3371	53.3457
26.3387	53.3828
26.3403	53.4199
26.3419	53.457
26.3435	53.4941
26.3451	53.5312
26.3467	53.5684
26.3483	53.6055
26.3499	53.6426
26.3515	53.6797
26.3531	53.7168
26.3547	53.7539
26.3563	53.791
26.3579	53.8281
26.3595	53.8652
26.3611	53.9023
26.3627	53.9385
26.3643	53.9746
26.3659	54.0107
26.3675	54.0469
26.3692	54.083
26.3708	54.1191
26.3724	54.1553
26.374	54.1914
26.3756	54.2275
26.3772	54.2637
26.3788	54.2998
26.3804	54.3359
26.382	54.3721
26.3836	54.4082
26.3852	54.4443
26.3868	54.4805
26.3884	54.5166
26.39	54.5527
26.3916	54.5889
26.3932	54.625
26.3948	54.6611
26.3964	54.6973
26.398	54.7334
26.3996	54.7695
26.4012	54.8057
26.4028	54.8418
26.4044	54.8779
26.406	54.9141
26.4076	54.9502
26.4092	54.9863
26.4108	55.0225
26.4124	55.0586
26.414	55.0947
26.4156	55.1309
26.4172	55.167
26.4188	55.2031
26.4204	55.2393
26.422	55.2754
26.4236	55.3115
26.4252	55.3477
26.4268	55.3828
26.4284	55.418
26.43	55.4531
26.4316	55.4883
26.4332	55.5234
26.4348	55.5586
26.4364	55.5938
26.438	55.6289
26.4396	55.6641
26.4412	55.6992
26.4428	55.7344
26.4445	55.7695
26.4461	55.8047
26.4477	55.8398
26.4493	55.875
26.4509	55.9102
26.4525	55.9453
26.4541	55.9805
26.4557	56.0156
26.4573	56.0508
26.4589	56.0859
26.4605	56.1211
26.4621	56.1562
26.4637	56.1914
26.4653	56.2266
26.4669	56.2617
26.4685	56.2969
26.4701	56.332
26.4717	56.3672
26.4733	56.4023
26.4749	56.4375
26.4765	56.4727
26.4781	56.5078
26.4797	56.543
26.4813	56.5781
26.4829	56.6133
26.4845	56.6484
26.4861	56.6836
26.4877	56.7188
26.4893	56.7539
26.4909	56.7891
26.4925	56.8242
26.4941	56.8594
26.4957	56.8945
26.4973	56.9287
26.4989	56.9629
26.5005	56.9971
26.5021	57.0312
26.5037	57.0654
26.5053	57.0996
26.5069	57.1338
26.5085	57.168
26.5101	57.2021
26.5117	57.2363
26.5133	57.2705
26.5149	57.3047
26.5165	57.3389
26.5181	57.373
26.5198	57.4072
26.5214	57.4414
26.523	57.4756
26.5246	57.5098
26.5262	57.5439
26.5278	57.5781
26.5294	57.6123
26.531	57.6465
26.5326	57.6807
26.5342	57.7148
26.5358	57.749
26.5374	57.7832
26.539	57.8174
26.5406	57.8516
26.5422	57.8857
26.5438	57.9199
26.5454	57.9541
26.547	57.9883
26.5486	58.0225
26.5502	58.0566
26.5518	58.0908
26.5534	58.125
26.555	58.1592
26.5566	58.1934
26.5582	58.2275
26.5598	58.2617
26.5614	58.2959
26.563	58.3301
26.5646	58.3643
26.5662	58.3984
26.5678	58.4326
26.5694	58.4668
26.571	58.501
26.5726	58.5352
26.5742	58.5684
26.5758	58.6016
26.5774	58.6348
26.579	58.668
26.5806	58.7012
26.5822	58.7344
26.5838	58.7676
26.5854	58.8008
26.587	58.834
26.5886	58.8672
26.5902	58.9004
26.5918	58.9336
26.5934	58.9668
26.5951	59
26.5967	59.0332
26.5983	59.0664
26.5999	59.0996
26.6015	59.1328
26.6031	59.166
26.6047	59.1992
26.6063	59.2324
26.6079	59.2656
26.6095	59.2988
26.6111	59.332
26.6127	59.3652
26.6143	59.3984
26.6159	59.4316
26.6175	59.4648
26.6191	59.498
26.6207	59.5312
26.6223	59.5645
26.6239	59.5977
26.6255	59.6309
26.6271	59.6641
26.6287	59.6973
26.6303	59.7305
26.6319	59.7637
26.6335	59.7969
26.6351	59.8301
26.6367	59.8633
26.6383	59.8965
26.6399	59.9297
26.6415	59.9629
26.6431	59.9961
26.6447	60.0293
26.6463	60.0625
26.6479	60.0957
26.6495	60.1289
26.6511	60.1621
26.6527	60.1953
26.6543	60.2285
26.6559	60.2607
26.6575	60.293
26.6591	60.3252
26.6607	60.3574
26.6623	60.3896
26.6639	60.4219
26.6655	60.4541
26.6671	60.4863
26.6687	60.5186
26.6704	60.5508
26.672	60.583
26.6736	60.6152
26.6752	60.6475
26.6768	60.6797
26.6784	60.7119
26.68	60.7441
26.6816	60.7764
26.6832	60.8086
26.6848	60.8408
26.6864	60.873
26.688	60.9053
26.6896	60.9375
26.6912	60.9697
26.6928	61.002
26.6944	61.0342
26.696	61.0664
26.6976	61.0986
26.6992	61.1309
26.7008	61.1631
26.7024	61.1953
26.704	61.2275
26.7056	61.2598
26.7072	61.292
26.7088	61.3242
26.7104	61.3564
26.712	61.3887
26.7136	61.4209
26.7152	61.4531
26.7168	61.4854
26.7184	61.5176
26.72	61.5498
26.7216	61.582
26.7232	61.6143
26.7248	61.6465
26.7264	61.6787
26.728	61.7109
26.7296	61.7432
26.7312	61.7754
26.7328	61.8076
26.7344	61.8398
26.736	61.8721
26.7376	61.9043
26.7392	61.9365
26.7408	61.9688
26.7424	62.001
26.744	62.0332
26.7457	62.0654
26.7473	62.0967
26.7489	62.1279
26.7505	62.1592
26.7521	62.1904
26.7537	62.2217
26.7553	62.2529
26.7569	62.2842
26.7585	62.3154
26.7601	62.3467
26.7617	62.3779
26.7633	62.4092
26.7649	62.4404
26.7665	62.4717
26.7681	62.5029
26.7697	62.5342
26.7713	62.5654
26.7729	62.5967
26.7745	62.6279
26.7761	62.6592
26.7777	62.6904
26.7793	62.7217
26.7809	62.7529
26.7825	62.7842
26.7841	62.8154
26.7857	62.8467
26.7873	62.8779
26.7889	62.9092
26.7905	62.9404
26.7921	62.9717
26.7937	63.0029
26.7953	63.0342
26.7969	63.0654
26.7985	63.0967
26.8001	63.1279
26.8017	63.1592
26.8033	63.1904
26.8049	63.2217
26.8065	63.2529
26.8081	63.2842
26.8097	63.3154
26.8113	63.3467
26.8129	63.3779
26.8145	63.4092
26.8161	63.4404
26.8177	63.4717
26.8193	63.5029
26.821	63.5342
26.8226	63.5654
26.8242	63.5967
26.8258	63.6279
26.8274	63.6592
26.829	63.6904
26.8306	63.7217
26.8322	63.7529
26.8338	63.7842
26.8354	63.8154
26.837	63.8467
26.8386	63.8779
26.8402	63.9092
26.8418	63.9404
26.8434	63.9717
26.845	64.0029
26.8466	64.0332
26.8482	64.0635
26.8498	64.0938
26.8514	64.124
26.853	64.1543
26.8546	64.1846
26.8562	64.2148
26.8578	64.2451
26.8594	64.2754
26.861	64.3057
26.8626	64.3359
26.8642	64.3662
26.8658	64.3965
26.8674	64.4268
26.869	64.457
26.8706	64.4873
26.8722	64.5176
26.8738	64.5479
26.8754	64.5781
26.877	64.6084
26.8786	64.6387
26.8802	64.6689
26.8818	64.6992
26.8834	64.7295
26.885	64.7598
26.8866	64.79
26.8882	64.8203
26.8898	64.8506
26.8914	64.8809
26.893	64.9111
26.8946	64.9414
26.8963	64.9717
26.8979	65.002
26.8995	65.0322
26.9011	65.0625
26.9027	65.0928
26.9043	65.123
26.9059	65.1533
26.9075	65.1836
26.9091	65.2139
26.9107	65.2441
26.9123	65.2744
26.9139	65.3047
26.9155	65.335
26.9171	65.3652
26.9187	65.3955
26.9203	65.4258
26.9219	65.4561
26.9235	65.4863
26.9251	65.5166
26.9267	65.5469
26.9283	65.5771
26.9299	65.6074
26.9315	65.6377
26.9331	65.668
26.9347	65.6982
26.9363	65.7285
26.9379	65.7588
26.9395	65.7891
26.9411	65.8193
26.9427	65.8496
26.9443	65.8799
26.9459	65.9102
26.9475	65.9404
26.9491	65.9707
26.9507	66.001
26.9523	66.0312
26.9539	66.0615
26.9555	66.0908
26.9571	66.1201
26.9587	66.1494
26.9603	66.1787
26.9619	66.208
26.9635	66.2373
26.9651	66.2666
26.9667	66.2959
26.9683	66.3252
26.97	66.3545
26.9716	66.3838
26.9732	66.4131
26.9748	66.4424
26.9764	66.4717
26.978	66.501
26.9796	66.5303
26.9812	66.5596
26.9828	66.5889
26.9844	66.6182
26.986	66.6475
26.9876	66.6768
26.9892	66.7061
26.9908	66.7354
26.9924	66.7646
26.994	66.7939
26.9956	66.8232
26.9972	66.8525
26.9988	66.8818
27.0004	66.9111
27.002	66.9404
27.0036	66.9697
27.0052	66.999
27.0068	67.0283
27.0084	67.0576
27.01	67.0869
27.0116	67.1162
27.0132	67.1455
27.0148	67.1748
27.0164	67.2041
27.018	67.2334
27.0196	67.2627
27.0212	67.292
27.0228	67.3213
27.0244	67.3506
27.026	67.3799
27.0276	67.4092
27.0292	67.4385
27.0308	67.4678
27.0324	67.4971
27.034	67.5264
27.0356	67.5557
27.0372	67.585
27.0388	67.6143
27.0404	67.6436
27.042	67.6729
27.0436	67.7021
27.0453	67.7314
27.0469	67.7607
27.0485	67.79
27.0501	67.8193
27.0517	67.8486
27.0533	67.8779
27.0549	67.9072
27.0565	67.9365
27.0581	67.9658
27.0597	67.9951
27.0613	68.0244
27.0629	68.0537
27.0645	68.083
27.0661	68.1123
27.0677	68.1416
27.0693	68.1709
27.0709	68.2002
27.0725	68.2295
27.0741	68.2588
27.0757	68.2871
27.0773	68.3154
27.0789	68.3438
27.0805	68.3721
27.0821	68.4004
27.0837	68.4287
27.0853	68.457
27.0869	68.4854
27.0885	68.5137
27.0901	68.542
27.0917	68.5703
27.0933	68.5986
27.0949	68.627
27.0965	68.6553
27.0981	68.6836
27.0997	68.7119
27.1013	68.7402
27.1029	68.7686
27.1045	68.7969
27.1061	68.8252
27.1077	68.8535
27.1093	68.8818
27.1109	68.9102
27.1125	68.9385
27.1141	68.9668
27.1157	68.9951
27.1173	69.0234
27.1189	69.0518
27.1206	69.0801
27.1222	69.1084
27.1238	69.1367
27.1254	69.165
27.127	69.1934
27.1286	69.2217
27.1302	69.25
27.1318	69.2783
27.1334	69.3066
27.135	69.335
27.1366	69.3633
27.1382	69.3916
27.1398	69.4199
27.1414	69.4482
27.143	69.4766
27.1446	69.5049
27.1462	69.5332
27.1478	69.5615
27.1494	69.5898
27.151	69.6182
27.1526	69.6465
27.1542	69.6748
27.1558	69.7031
27.1574	69.7314
27.159	69.7598
27.1606	69.7881
27.1622	69.8164
27.1638	69.8447
27.1654	69.873
27.167	69.9014
27.1686	69.9297
27.1702	69.958
27.1718	69.9863
27.1734	70.0146
27.175	70.043
27.1766	70.0713
27.1782	70.0996
27.1798	70.1279
27.1814	70.1562
27.183	70.1846
27.1846	70.2129
27.1862	70.2412
27.1878	70.2695
27.1894	70.2979
27.191	70.3262
27.1926	70.3545
27.1942	70.3828
27.1959	70.4111
27.1975	70.4395
27.1991	70.4678
27.2007	70.4961
27.2023	70.5244
27.2039	70.5527
27.2055	70.5811
27.2071	70.6094
27.2087	70.6367
27.2103	70.6641
27.2119	70.6914
27.2135	70.7188
27.2151	70.7461
27.2167	70.7734
27.2183	70.8008
27.2199	70.8281
27.2215	70.8555
27.2231	70.8828
27.2247	70.9102
27.2263	70.9375
27.2279	70.9648
27.2295	70.9922
27.2311	71.0195
27.2327	71.0469
27.2343	71.0742
27.2359	71.1016
27.2375	71.1289
27.2391	71.1562
27.2407	71.1836
27.2423	71.2109
27.2439	71.2383
27.2455	71.2656
27.2471	71.293
27.2487	71.3203
27.2503	71.3477
27.2519	71.375
27.2535	71.4023
27.2551	71.4297
27.2567	71.457
27.2583	71.4844
27.2599	71.5117
27.2615	71.5391
27.2631	71.5664
27.2647	71.5938
27.2663	71.6211
27.2679	71.6484
27.2695	71.6758
27.2712	71.7031
27.2728	71.7305
27.2744	71.7578
27.276	71.7852
27.2776	71.8125
27.2792	71.8398
27.2808	71.8672
27.2824	71.8945
27.284	71.9219
27.2856	71.9492
27.2872	71.9766
27.2888	72.0039
27.2904	72.0312
27.292	72.0586
27.2936	72.0859
27.2952	72.1133
27.2968	72.1406
27.2984	72.168
27.3	72.1953
27.3016	72.2227
27.3032	72.25
27.3048	72.2773
27.3064	72.3047
27.308	72.332
27.3096	72.3594
27.3112	72.3867
27.3128	72.4141
27.3144	72.4414
27.316	72.4688
27.3176	72.4961
27.3192	72.5234
27.3208	72.5508
27.3224	72.5781
27.324	72.6055
27.3256	72.6328
27.3272	72.6602
27.3288	72.6875
27.3304	72.7148
27.332	72.7422
27.3336	72.7695
27.3352	72.7969
27.3368	72.8242
27.3384	72.8516
27.34	72.8789
27.3416	72.9062
27.3432	72.9336
27.3448	72.9609
27.3465	72.9883
27.3481	73.0156
27.3497	73.043
27.3513	73.0703
27.3529	73.0977
27.3545	73.125
27.3561	73.1523
27.3577	73.1787
27.3593	73.2051
27.3609	73.2314
27.3625	73.2578
27.3641	73.2842
27.3657	73.3105
27.3673	73.3369
27.3689	73.3633
27.3705	73.3896
27.3721	73.416
27.3737	73.4424
27.3753	73.4688
27.3769	73.4951
27.3785	73.5215
27.3801	73.5479
27.3817	73.5742
27.3833	73.6006
27.3849	73.627
27.3865	73.6533
27.3881	73.6797
27.3897	73.7061
27.3913	73.7324
27.3929	73.7588
27.3945	73.7852
27.3961	73.8115
27.3977	73.8379
27.3993	73.8643
27.4009	73.8906
27.4025	73.917
27.4041	73.9434
27.4057	73.9697
27.4073	73.9961
27.4089	74.0225
27.4105	74.0488
27.4121	74.0752
27.4137	74.1016
27.4153	74.1279
27.4169	74.1543
27.4185	74.1807
27.4201	74.207
27.4218	74.2334
27.4234	74.2598
27.425	74.2861
27.4266	74.3125
27.4282	74.3389
27.4298	74.3652
27.4314	74.3916
27.433	74.418
27.4346	74.4443
27.4362	74.4707
27.4378	74.4971
27.4394	74.5234
27.441	74.5498
27.4426	74.5762
27.4442	74.6025
27.4458	74.6289
27.4474	74.6553
27.449	74.6816
27.4506	74.708
27.4522	74.7344
27.4538	74.7607
27.4554	74.7871
27.457	74.8135
27.4586	74.8398
27.4602	74.8662
27.4618	74.8926
27.4634	74.9189
27.465	74.9453
27.4666	74.9717
27.4682	74.998
27.4698	75.0244
27.4714	75.0508
27.473	75.0771
27.4746	75.1035
27.4762	75.1299
27.4778	75.1562
27.4794	75.1826
27.481	75.209
27.4826	75.2354
27.4842	75.2617
27.4858	75.2881
27.4874	75.3145
27.489	75.3408
27.4906	75.3672
27.4922	75.3936
27.4938	75.4199
27.4955	75.4463
27.4971	75.4727
27.4987	75.499
27.5003	75.5254
27.5019	75.5518
27.5035	75.5781
27.5051	75.6045
27.5067	75.6309
27.5083	75.6572
27.5099	75.6836
27.5115	75.71
27.5131	75.7363
27.5147	75.7627
27.5163	75.7891
27.5179	75.8154
27.5195	75.8418
27.5211	75.8672
27.5227	75.8926
27.5243	75.918
27.5259	75.9434
27.5275	75.9688
27.5291	75.9941
27.5307	76.0195
27.5323	76.0449
27.5339	76.0703
27.5355	76.0957
27.5371	76.1211
27.5387	76.1465
27.5403	76.1719
27.5419	76.1973
27.5435	76.2227
27.5451	76.248
27.5467	76.2734
27.5483	76.2988
27.5499	76.3242
27.5515	76.3496
27.5531	76.375
27.5547	76.4004
27.5563	76.4258
27.5579	76.4512
27.5595	76.4766
27.5611	76.502
27.5627	76.5273
27.5643	76.5527
27.5659	76.5781
27.5675	76.6035
27.5691	76.6289
27.5708	76.6543
27.5724	76.6797
27.574	76.7051
27.5756	76.7305
27.5772	76.7559
27.5788	76.7812
27.5804	76.8066
27.582	76.832
27.5836	76.8574
27.5852	76.8828
27.5868	76.9082
27.5884	76.9336
27.59	76.959
27.5916	76.9844
27.5932	77.0098
27.5948	77.0352
27.5964	77.0605
27.598	77.0859
27.5996	77.1113
27.6012	77.1367
27.6028	77.1621
27.6044	77.1875
27.606	77.2129
27.6076	77.2383
27.6092	77.2637
27.6108	77.2891
27.6124	77.3145
27.614	77.3398
27.6156	77.3652
27.6172	77.3906
27.6188	77.416
27.6204	77.4414
27.622	77.4668
27.6236	77.4922
27.6252	77.5176
27.6268	77.543
27.6284	77.5684
27.63	77.5938
27.6316	77.6191
27.6332	77.6445
27.6348	77.6699
27.6364	77.6953
27.638	77.7207
27.6396	77.7461
27.6412	77.7715
27.6428	77.7969
27.6444	77.8223
27.6461	77.8477
27.6477	77.873
27.6493	77.8984
27.6509	77.9238
27.6525	77.9492
27.6541	77.9746
27.6557	78
27.6573	78.0254
27.6589	78.0508
27.6605	78.0762
27.6621	78.1016
27.6637	78.127
27.6653	78.1523
27.6669	78.1777
27.6685	78.2031
27.6701	78.2285
27.6717	78.2539
27.6733	78.2793
27.6749	78.3047
27.6765	78.3301
27.6781	78.3555
27.6797	78.3809
27.6813	78.4062
27.6829	78.4316
27.6845	78.457
27.6861	78.4824
27.6877	78.5078
27.6893	78.5332
27.6909	78.5586
27.6925	78.584
27.6941	78.6094
27.6957	78.6348
27.6973	78.6602
27.6989	78.6855
27.7005	78.7109
27.7021	78.7363
27.7037	78.7617
27.7053	78.7861
27.7069	78.8105
27.7085	78.835
27.7101	78.8594
27.7117	78.8838
27.7133	78.9082
27.7149	78.9326
27.7165	78.957
27.7181	78.9814
27.7197	79.0059
27.7214	79.0303
27.723	79.0547
27.7246	79.0791
27.7262	79.1035
27.7278	79.1279
27.7294	79.1523
27.731	79.1768
27.7326	79.2012
27.7342	79.2256
27.7358	79.25
27.7374	79.2744
27.739	79.2988
27.7406	79.3232
27.7422	79.3477
27.7438	79.3721
27.7454	79.3965
27.747	79.4209
27.7486	79.4453
27.7502	79.4697
27.7518	79.4941
27.7534	79.5186
27.755	79.543
27.7566	79.5674
27.7582	79.5918
27.7598	79.6162
27.7614	79.6406
27.763	79.665
27.7646	79.6895
27.7662	79.7139
27.7678	79.7383
27.7694	79.7627
27.771	79.7871
27.7726	79.8115
27.7742	79.8359
27.7758	79.8604
27.7774	79.8848
27.779	79.9092
27.7806	79.9336
27.7822	79.958
27.7838	79.9824
27.7854	80.0068
27.787	80.0312
27.7886	80.0557
27.7902	80.0801
27.7918	80.1045
27.7934	80.1289
27.795	80.1533
27.7967	80.1777
27.7983	80.2021
27.7999	80.2266
27.8015	80.251
27.8031	80.2754
27.8047	80.2998
27.8063	80.3242
27.8079	80.3486
27.8095	80.373
27.8111	80.3975
27.8127	80.4219
27.8143	80.4463
27.8159	80.4707
27.8175	80.4951
27.8191	80.5195
27.8207	80.5439
27.8223	80.5684
27.8239	80.5928
27.8255	80.6172
27.8271	80.6416
27.8287	80.666
27.8303	80.6904
27.8319	80.7148
27.8335	80.7393
27.8351	80.7637
27.8367	80.7881
27.8383	80.8125
27.8399	80.8369
27.8415	80.8613
27.8431	80.8857
27.8447	80.9102
27.8463	80.9346
27.8479	80.959
27.8495	80.9834
27.8511	81.0078
27.8527	81.0322
27.8543	81.0566
27.8559	81.0811
27.8575	81.1055
27.8591	81.1299
27.8607	81.1543
27.8623	81.1787
27.8639	81.2031
27.8655	81.2275
27.8671	81.252
27.8687	81.2764
27.8703	81.3008
27.872	81.3252
27.8736	81.3496
27.8752	81.374
27.8768	81.3984
27.8784	81.4229
27.88	81.4473
27.8816	81.4717
27.8832	81.4961
27.8848	81.5205
27.8864	81.5449
27.888	81.5693
27.8896	81.5938
27.8912	81.6182
27.8928	81.6426
27.8944	81.667
27.896	81.6914
27.8976	81.7158
27.8992	81.7402
27.9008	81.7646
27.9024	81.7891
27.904	81.8135
27.9056	81.8379
27.9072	81.8623
27.9088	81.8867
27.9104	81.9111
27.912	81.9346
27.9136	81.958
27.9152	81.9814
27.9168	82.0049
27.9184	82.0283
27.92	82.0518
27.9216	82.0752
27.9232	82.0986
27.9248	82.1221
27.9264	82.1455
27.928	82.1689
27.9296	82.1924
27.9312	82.2158
27.9328	82.2393
27.9344	82.2627
27.936	82.2861
27.9376	82.3096
27.9392	82.333
27.9408	82.3564
27.9424	82.3799
27.944	82.4033
27.9456	82.4268
27.9473	82.4502
27.9489	82.4736
27.9505	82.4971
27.9521	82.5205
27.9537	82.5439
27.9553	82.5674
27.9569	82.5908
27.9585	82.6143
27.9601	82.6377
27.9617	82.6611
27.9633	82.6846
27.9649	82.708
27.9665	82.7314
27.9681	82.7549
27.9697	82.7783
27.9713	82.8018
27.9729	82.8252
27.9745	82.8486
27.9761	82.8721
27.9777	82.8955
27.9793	82.9189
27.9809	82.9424
27.9825	82.9658
27.9841	82.9893
27.9857	83.0127
27.9873	83.0361
27.9889	83.0596
27.9905	83.083
27.9921	83.1064
27.9937	83.1299
27.9953	83.1533
27.9969	83.1768
27.9985	83.2002
28.0001	83.2236
28.0017	83.2471
28.0033	83.2705
28.0049	83.2939
28.0065	83.3174
28.0081	83.3408
28.0097	83.3643
28.0113	83.3877
28.0129	83.4111
28.0145	83.4346
28.0161	83.458
28.0177	83.4814
28.0193	83.5049
28.021	83.5283
28.0226	83.5518
28.0242	83.5752
28.0258	83.5986
28.0274	83.6221
28.029	83.6455
28.0306	83.6689
28.0322	83.6924
28.0338	83.7158
28.0354	83.7393
28.037	83.7627
28.0386	83.7861
28.0402	83.8096
28.0418	83.833
28.0434	83.8564
28.045	83.8799
28.0466	83.9033
28.0482	83.9268
28.0498	83.9502
28.0514	83.9736
28.053	83.9971
28.0546	84.0205
28.0562	84.0439
28.0578	84.0674
28.0594	84.0908
28.061	84.1143
28.0626	84.1377
28.0642	84.1611
28.0658	84.1846
28.0674	84.208
28.069	84.2314
28.0706	84.2549
28.0722	84.2783
28.0738	84.3018
28.0754	84.3252
28.077	84.3486
28.0786	84.3721
28.0802	84.3955
28.0818	84.4189
28.0834	84.4424
28.085	84.4658
28.0866	84.4893
28.0882	84.5127
28.0898	84.5361
28.0914	84.5596
28.093	84.583
28.0946	84.6064
28.0963	84.6299
28.0979	84.6533
28.0995	84.6768
28.1011	84.7002
28.1027	84.7236
28.1043	84.7471
28.1059	84.7705
28.1075	84.7939
28.1091	84.8174
28.1107	84.8408
28.1123	84.8643
28.1139	84.8877
28.1155	84.9111
28.1171	84.9346
28.1187	84.958
28.1203	84.9814
28.1219	85.0049
28.1235	85.0283
28.1251	85.0518
28.1267	85.0752
28.1283	85.0986
28.1299	85.1221
28.1315	85.1455
28.1331	85.1689
28.1347	85.1924
28.1363	85.2158
28.1379	85.2393
28.1395	85.2627
28.1411	85.2861
28.1427	85.3096
28.1443	85.333
28.1459	85.3555
28.1475	85.3779
28.1491	85.4004
28.1507	85.4229
28.1523	85.4453
28.1539	85.4678
28.1555	85.4902
28.1571	85.5127
28.1587	85.5352
28.1603	85.5576
28.1619	85.5801
28.1635	85.6025
28.1651	85.625
28.1667	85.6475
28.1683	85.6699
28.1699	85.6924
28.1716	85.7148
28.1732	85.7373
28.1748	85.7598
28.1764	85.7822
28.178	85.8047
28.1796	85.8271
28.1812	85.8496
28.1828	85.8721
28.1844	85.8945
28.186	85.917
28.1876	85.9395
28.1892	85.9619
28.1908	85.9844
28.1924	86.0068
28.194	86.0293
28.1956	86.0518
28.1972	86.0742
28.1988	86.0967
28.2004	86.1191
28.202	86.1416
28.2036	86.1641
28.2052	86.1865
28.2068	86.209
28.2084	86.2314
28.21	86.2539
28.2116	86.2764
28.2132	86.2988
28.2148	86.3213
28.2164	86.3438
28.218	86.3662
28.2196	86.3887
28.2212	86.4111
28.2228	86.4336
28.2244	86.4561
28.226	86.4785
28.2276	86.501
28.2292	86.5234
28.2308	86.5459
28.2324	86.5684
28.234	86.5908
28.2356	86.6133
28.2372	86.6357
28.2388	86.6582
28.2404	86.6807
28.242	86.7031
28.2436	86.7256
28.2452	86.748
28.2469	86.7705
28.2485	86.793
28.2501	86.8154
28.2517	86.8379
28.2533	86.8604
28.2549	86.8828
28.2565	86.9053
28.2581	86.9277
28.2597	86.9502
28.2613	86.9727
28.2629	86.9951
28.2645	87.0176
28.2661	87.04
28.2677	87.0625
28.2693	87.085
28.2709	87.1074
28.2725	87.1299
28.2741	87.1523
28.2757	87.1748
28.2773	87.1973
28.2789	87.2197
28.2805	87.2422
28.2821	87.2646
28.2837	87.2871
28.2853	87.3096
28.2869	87.332
28.2885	87.3545
28.2901	87.377
28.2917	87.3994
28.2933	87.4219
28.2949	87.4443
28.2965	87.4668
28.2981	87.4893
28.2997	87.5117
28.3013	87.5342
28.3029	87.5566
28.3045	87.5791
28.3061	87.6016
28.3077	87.624
28.3093	87.6465
28.3109	87.6689
28.3125	87.6914
28.3141	87.7139
28.3157	87.7363
28.3173	87.7588
28.3189	87.7812
28.3205	87.8037
28.3222	87.8262
28.3238	87.8486
28.3254	87.8711
28.327	87.8936
28.3286	87.916
28.3302	87.9385
28.3318	87.9609
28.3334	87.9834
28.335	88.0059
28.3366	88.0283
28.3382	88.0508
28.3398	88.0732
28.3414	88.0957
28.343	88.1182
28.3446	88.1406
28.3462	88.1631
28.3478	88.1855
28.3494	88.208
28.351	88.2305
28.3526	88.2529
28.3542	88.2754
28.3558	88.2979
28.3574	88.3203
28.359	88.3428
28.3606	88.3652
28.3622	88.3877
28.3638	88.4102
28.3654	88.4326
28.367	88.4551
28.3686	88.4775
28.3702	88.5
28.3718	88.5225
28.3734	88.5449
28.375	88.5674
28.3766	88.5898
28.3782	88.6123
28.3798	88.6348
28.3814	88.6572
28.383	88.6797
28.3846	88.7021
28.3862	88.7246
28.3878	88.7471
28.3894	88.7695
28.391	88.792
28.3926	88.8145
28.3942	88.8369
28.3958	88.8594
28.3975	88.8818
28.3991	88.9043
28.4007	88.9268
28.4023	88.9492
28.4039	88.9717
28.4055	88.9941
28.4071	89.0166
28.4087	89.0391
28.4103	89.0605
28.4119	89.082
28.4135	89.1035
28.4151	89.125
28.4167	89.1465
28.4183	89.168
28.4199	89.1895
28.4215	89.2109
28.4231	89.2324
28.4247	89.2539
28.4263	89.2754
28.4279	89.2969
28.4295	89.3184
28.4311	89.3398
28.4327	89.3613
28.4343	89.3828
28.4359	89.4043
28.4375	89.4258
28.4391	89.4473
28.4407	89.4688
28.4423	89.4902
28.4439	89.5117
28.4455	89.5332
28.4471	89.5547
28.4487	89.5762
28.4503	89.5977
28.4519	89.6191
28.4535	89.6406
28.4551	89.6621
28.4567	89.6836
28.4583	89.7051
28.4599	89.7266
28.4615	89.748
28.4631	89.7695
28.4647	89.791
28.4663	89.8125
28.4679	89.834
28.4695	89.8555
28.4711	89.877
28.4728	89.8984
28.4744	89.9199
28.476	89.9414
28.4776	89.9629
28.4792	89.9844
28.4808	90.0059
28.4824	90.0273
28.484	90.0488
28.4856	90.0703
28.4872	90.0918
28.4888	90.1133
28.4904	90.1348
28.492	90.1562
28.4936	90.1777
28.4952	90.1992
28.4968	90.2207
28.4984	90.2422
28.5	90.2637
28.5016	90.2852
28.5032	90.3066
28.5048	90.3281
28.5064	90.3496
28.508	90.3711
28.5096	90.3926
28.5112	90.4141
28.5128	90.4355
28.5144	90.457
28.516	90.4785
28.5176	90.5
28.5192	90.5215
28.5208	90.543
28.5224	90.5645
28.524	90.5859
28.5256	90.6074
28.5272	90.6289
28.5288	90.6504
28.5304	90.6719
28.532	90.6934
28.5336	90.7148
28.5352	90.7363
28.5368	90.7578
28.5384	90.7793
28.54	90.8008
28.5416	90.8223
28.5432	90.8438
28.5448	90.8652
28.5465	90.8867
28.5481	90.9082
28.5497	90.9297
28.5513	90.9512
28.5529	90.9727
28.5545	90.9941
28.5561	91.0156
28.5577	91.0371
28.5593	91.0586
28.5609	91.0801
28.5625	91.1016
28.5641	91.123
28.5657	91.1445
28.5673	91.166
28.5689	91.1875
28.5705	91.209
28.5721	91.2305
28.5737	91.252
28.5753	91.2734
28.5769	91.2949
28.5785	91.3164
28.5801	91.3379
28.5817	91.3594
28.5833	91.3809
28.5849	91.4023
28.5865	91.4238
28.5881	91.4453
28.5897	91.4668
28.5913	91.4883
28.5929	91.5098
28.5945	91.5312
28.5961	91.5527
28.5977	91.5742
28.5993	91.5957
28.6009	91.6172
28.6025	91.6387
28.6041	91.6602
28.6057	91.6816
28.6073	91.7031
28.6089	91.7246
28.6105	91.7461
28.6121	91.7676
28.6137	91.7891
28.6153	91.8105
28.6169	91.832
28.6185	91.8535
28.6201	91.875
28.6218	91.8965
28.6234	91.918
28.625	91.9395
28.6266	91.9609
28.6282	91.9824
28.6298	92.0039
28.6314	92.0254
28.633	92.0469
28.6346	92.0684
28.6362	92.0898
28.6378	92.1113
28.6394	92.1328
28.641	92.1543
28.6426	92.1758
28.6442	92.1973
28.6458	92.2188
28.6474	92.2402
28.649	92.2617
28.6506	92.2832
28.6522	92.3047
28.6538	92.3262
28.6554	92.3477
28.657	92.3691
28.6586	92.3906
28.6602	92.4121
28.6618	92.4336
28.6634	92.4551
28.665	92.4766
28.6666	92.498
28.6682	92.5195
28.6698	92.541
28.6714	92.5625
28.673	92.584
28.6746	92.6055
28.6762	92.627
28.6778	92.6484
28.6794	92.6699
28.681	92.6914
28.6826	92.7129
28.6842	92.7344
28.6858	92.7559
28.6874	92.7773
28.689	92.7988
28.6906	92.8203
28.6922	92.8418
28.6938	92.8633
28.6954	92.8848
28.6971	92.9062
28.6987	92.9277
28.7003	92.9492
28.7019	92.9707
28.7035	92.9922
28.7051	93.0137
28.7067	93.0352
28.7083	93.0566
28.7099	93.0781
28.7115	93.0986
28.7131	93.1191
28.7147	93.1396
28.7163	93.1602
28.7179	93.1807
28.7195	93.2012
28.7211	93.2217
28.7227	93.2422
28.7243	93.2627
28.7259	93.2832
28.7275	93.3037
28.7291	93.3242
28.7307	93.3447
28.7323	93.3652
28.7339	93.3857
28.7355	93.4062
28.7371	93.4268
28.7387	93.4473
28.7403	93.4678
28.7419	93.4883
28.7435	93.5088
28.7451	93.5293
28.7467	93.5498
28.7483	93.5703
28.7499	93.5908
28.7515	93.6113
28.7531	93.6318
28.7547	93.6523
28.7563	93.6729
28.7579	93.6934
28.7595	93.7139
28.7611	93.7344
28.7627	93.7549
28.7643	93.7754
28.7659	93.7959
28.7675	93.8164
28.7691	93.8369
28.7707	93.8574
28.7724	93.8779
28.774	93.8984
28.7764	91.9141
28.7772	90.5
28.778	89.6689
28.7788	88.9199
28.7796	88.1719
28.7804	87.4229
28.7812	86.6738
28.782	85.9258
28.7828	85.1768
28.7836	84.4287
28.7844	83.6797
28.7852	82.9307
28.786	82.1826
28.7868	81.4336
28.7876	80.6855
28.7884	79.9365
28.7892	79.1875
28.79	78.4395
28.7908	77.6904
28.7916	76.9424
28.7924	76.1934
28.7932	75.4453
28.794	74.6963
28.7948	73.9473
28.7956	73.1992
28.7964	72.4502
28.7972	71.7021
28.798	70.9531
28.7988	70.2041
28.7996	69.4561
28.8004	68.707
28.8012	67.959
28.802	67.21
28.8028	66.4609
28.8036	65.7129
28.8044	64.9639
28.8052	64.2158
28.806	63.4668
28.8068	62.7188
28.8076	61.9697
28.8084	61.2207
28.8092	60.4727
28.81	59.7236
28.8108	58.9756
28.8116	58.2266
28.8124	57.4775
28.8132	56.7295
28.814	55.9805
28.8148	55.2324
28.8156	54.4834
28.8164	53.7344
28.8172	52.9863
28.818	52.2373
28.8188	51.4893
28.8196	50.7402
28.8204	49.9922
28.8212	49.2432
28.822	48.4941
28.8228	47.7461
28.8236	46.9971
28.8244	45.25
28.8252	44.4766
28.8284	45.25
28.8284	45.2939
28.83	45.3379
28.8316	45.3818
28.8332	45.4258
28.8348	45.4697
28.8364	45.5137
28.838	45.5566
28.8396	45.5996
28.8412	45.6426
28.8428	45.6855
28.8444	45.7285
28.846	45.7715
28.8544	45.8145
28.856	45.8574
28.8576	45.9004
28.8592	45.9434
28.8608	45.9863
28.8624	46.0293
28.8641	46.0723
28.8657	46.1152
28.8673	46.1582
28.8689	46.2012
28.8705	46.2441
28.8721	46.2871
28.8737	46.3301
28.8753	46.373
28.8769	46.416
28.8785	46.459
28.8801	46.502
28.8817	46.5449
28.8833	46.5869
28.8849	46.6289
28.8865	46.6709
28.8881	46.7129
28.8897	46.7549
28.8913	46.7969
28.8929	46.8389
28.8945	46.8809
28.8961	46.9229
28.8977	46.9648
28.8993	47.0068
28.9009	47.0488
28.9025	47.0908
28.9041	47.1328
28.9057	47.1748
28.9073	47.2168
28.9089	47.2588
28.9105	47.3008
28.9121	47.3428
28.9137	47.3848
28.9153	47.4268
28.9169	47.4688
28.9185	47.5107
28.9201	47.5527
28.9217	47.5947
28.9233	47.6367
28.9249	47.6777
28.9265	47.7188
28.9281	47.7598
28.9297	47.8008
28.9313	47.8418
28.9329	47.8828
28.9345	47.9238
28.9361	47.9648
28.9377	48.0059
28.9394	48.0469
28.941	48.0879
28.9426	48.1289
28.9442	48.1699
28.9458	48.2109
28.9474	48.252
28.949	48.293
28.9506	48.334
28.9522	48.375
28.9538	48.416
28.9554	48.457
28.957	48.498
28.9586	48.5391
28.9602	48.5801
28.9618	48.6211
28.9634	48.6621
28.965	48.7031
28.9666	48.7441
28.9682	48.7852
28.9698	48.8252
28.9714	48.8652
28.973	48.9053
28.9746	48.9453
28.9762	48.9854
28.9778	49.0254
28.9794	49.0654
28.981	49.1055
28.9826	49.1455
28.9842	49.1855
28.9858	49.2256
28.9874	49.2656
28.989	49.3057
28.9906	49.3457
28.9922	49.3857
28.9938	49.4258
28.9954	49.4658
28.997	49.5059
28.9986	49.5459
29.0002	49.5859
29.0018	49.626
29.0034	49.666
29.005	49.7061
29.0066	49.7461
29.0082	49.7861
29.0098	49.8262
29.0114	49.8662
29.013	49.9062
29.0147	49.9463
29.0163	49.9854
29.0179	50.0244
29.0195	50.0635
29.0211	50.1025
29.0227	50.1416
29.0243	50.1807
29.0259	50.2197
29.0275	50.2588
29.0291	50.2979
29.0307	50.3369
29.0323	50.376
29.0339	50.415
29.0355	50.4541
29.0371	50.4932
29.0387	50.5322
29.0403	50.5713
29.0419	50.6104
29.0435	50.6494
29.0451	50.6885
29.0467	50.7275
29.0483	50.7666
29.0499	50.8057
29.0515	50.8447
29.0531	50.8838
29.0547	50.9229
29.0563	50.9619
29.0579	51.001
29.0595	51.04
29.0611	51.0791
29.0627	51.1182
29.0643	51.1572
29.0659	51.1963
29.0675	51.2344
29.0691	51.2725
29.0707	51.3105
29.0723	51.3486
29.0739	51.3867
29.0755	51.4248
29.0771	51.4629
29.0787	51.501
29.0803	51.5391
29.0819	51.5771
29.0835	51.6152
29.0851	51.6533
29.0867	51.6914
29.0884	51.7295
29.09	51.7676
29.0916	51.8057
29.0932	51.8438
29.0948	51.8818
29.0964	51.9199
29.098	51.958
29.0996	51.9961
29.1012	52.0342
29.1028	52.0723
29.1044	52.1104
29.106	52.1484
29.1076	52.1865
29.1092	52.2246
29.1108	52.2627
29.1124	52.3008
29.114	52.3389
29.1156	52.377
29.1172	52.415
29.1188	52.4531
29.1204	52.4912
29.122	52.5293
29.1236	52.5664
29.1252	52.6035
29.1268	52.6406
29.1284	52.6777
29.13	52.7148
29.1316	52.752
29.1332	52.7891
29.1348	52.8262
29.1364	52.8633
29.138	52.9004
29.1396	52.9375
29.1412	52.9746
29.1428	53.0117
29.1444	53.0488
29.146	53.0859
29.1476	53.123
29.1492	53.1602
29.1508	53.1973
29.1524	53.2344
29.154	53.2715
29.1556	53.3086
29.1572	53.3457
29.1588	53.3828
29.1604	53.4199
29.162	53.457
29.1637	53.4941
29.1653	53.5312
29.1669	53.5684
29.1685	53.6055
29.1701	53.6426
29.1717	53.6797
29.1733	53.7168
29.1749	53.7539
29.1765	53.791
29.1781	53.8281
29.1797	53.8652
29.1813	53.9023
29.1829	53.9385
29.1845	53.9746
29.1861	54.0107
29.1877	54.0469
29.1893	54.083
29.1909	54.1191
29.1925	54.1553
29.1941	54.1914
29.1957	54.2275
29.1973	54.2637
29.1989	54.2998
29.2005	54.3359
29.2021	54.3721
29.2037	54.4082
29.2053	54.4443
29.2069	54.4805
29.2085	54.5166
29.2101	54.5527
29.2117	54.5889
29.2133	54.625
29.2149	54.6611
29.2165	54.6973
29.2181	54.7334
29.2197	54.7695
29.2213	54.8057
29.2229	54.8418
29.2245	54.8779
29.2261	54.9141
29.2277	54.9502
29.2293	54.9863
29.2309	55.0225
29.2325	55.0586
29.2341	55.0947
29.2357	55.1309
29.2373	55.167
29.239	55.2031
29.2406	55.2393
29.2422	55.2754
29.2438	55.3115
29.2454	55.3477
29.247	55.3828
29.2486	55.418
29.2502	55.4531
29.2518	55.4883
29.2534	55.5234
29.255	55.5586
29.2566	55.5938
29.2582	55.6289
29.2598	55.6641
29.2614	55.6992
29.263	55.7344
29.2646	55.7695
29.2662	55.8047
29.2678	55.8398
29.2694	55.875
29.271	55.9102
29.2726	55.9453
29.2742	55.9805
29.2758	56.0156
29.2774	56.0508
29.279	56.0859
29.2806	56.1211
29.2822	56.1562
29.2838	56.1914
29.2854	56.2266
29.287	56.2617
29.2886	56.2969
29.2902	56.332
29.2918	56.3672
29.2934	56.4023
29.295	56.4375
29.2966	56.4727
29.2982	56.5078
29.2998	56.543
29.3014	56.5781
29.303	56.6133
29.3046	56.6484
29.3062	56.6836
29.3078	56.7188
29.3094	56.7539
29.311	56.7891
29.3126	56.8242
29.3143	56.8594
29.3159	56.8945
29.3175	56.9287
29.3191	56.9629
29.3207	56.9971
29.3223	57.0312
29.3239	57.0654
29.3255	57.0996
29.3271	57.1338
29.3287	57.168
29.3303	57.2021
29.3319	57.2363
29.3335	57.2705
29.3351	57.3047
29.3367	57.3389
29.3383	57.373
29.3399	57.4072
29.3415	57.4414
29.3431	57.4756
29.3447	57.5098
29.3463	57.5439
29.3479	57.5781
29.3495	57.6123
29.3511	57.6465
29.3527	57.6807
29.3543	57.7148
29.3559	57.749
29.3575	57.7832
29.3591	57.8174
29.3607	57.8516
29.3623	57.8857
29.3639	57.9199
29.3655	57.9541
29.3671	57.9883
29.3687	58.0225
29.3703	58.0566
29.3719	58.0908
29.3735	58.125
29.3751	58.1592
29.3767	58.1934
29.3783	58.2275
29.3799	58.2617
29.3815	58.2959
29.3831	58.3301
29.3847	58.3643
29.3863	58.3984
29.3879	58.4326
29.3896	58.4668
29.3912	58.501
29.3928	58.5352
29.3944	58.5684
29.396	58.6016
29.3976	58.6348
29.3992	58.668
29.4008	58.7012
29.4024	58.7344
29.404	58.7676
29.4056	58.8008
29.4072	58.834
29.4088	58.8672
29.4104	58.9004
29.412	58.9336
29.4136	58.9668
29.4152	59
29.4168	59.0332
29.4184	59.0664
29.42	59.0996
29.4216	59.1328
29.4232	59.166
29.4248	59.1992
29.4264	59.2324
29.428	59.2656
29.4296	59.2988
29.4312	59.332
29.4328	59.3652
29.4344	59.3984
29.436	59.4316
29.4376	59.4648
29.4392	59.498
29.4408	59.5312
29.4424	59.5645
29.444	59.5977
29.4456	59.6309
29.4472	59.6641
29.4488	59.6973
29.4504	59.7305
29.452	59.7637
29.4536	59.7969
29.4552	59.8301
29.4568	59.8633
29.4584	59.8965
29.46	59.9297
29.4616	59.9629
29.4632	59.9961
29.4649	60.0293
29.4665	60.0625
29.4681	60.0957
29.4697	60.1289
29.4713	60.1621
29.4729	60.1953
29.4745	60.2285
29.4761	60.2607
29.4777	60.293
29.4793	60.3252
29.4809	60.3574
29.4825	60.3896
29.4841	60.4219
29.4857	60.4541
29.4873	60.4863
29.4889	60.5186
29.4905	60.5508
29.4921	60.583
29.4937	60.6152
29.4953	60.6475
29.4969	60.6797
29.4985	60.7119
29.5001	60.7441
29.5017	60.7764
29.5033	60.8086
29.5049	60.8408
29.5065	60.873
29.5081	60.9053
29.5097	60.9375
29.5113	60.9697
29.5129	61.002
29.5145	61.0342
29.5161	61.0664
29.5177	61.0986
29.5193	61.1309
29.5209	61.1631
29.5225	61.1953
29.5241	61.2275
29.5257	61.2598
29.5273	61.292
29.5289	61.3242
29.5305	61.3564
29.5321	61.3887
29.5337	61.4209
29.5353	61.4531
29.5369	61.4854
29.5385	61.5176
29.5402	61.5498
29.5418	61.582
29.5434	61.6143
29.545	61.6465
29.5466	61.6787
29.5482	61.7109
29.5498	61.7432
29.5514	61.7754
29.553	61.8076
29.5546	61.8398
29.5562	61.8721
29.5578	61.9043
29.5594	61.9365
29.561	61.9688
29.5626	62.001
29.5642	62.0332
29.5658	62.0654
29.5674	62.0967
29.569	62.1279
29.5706	62.1592
29.5722	62.1904
29.5738	62.2217
29.5754	62.2529
29.577	62.2842
29.5786	62.3154
29.5802	62.3467
29.5818	62.3779
29.5834	62.4092
29.585	62.4404
29.5866	62.4717
29.5882	62.5029
29.5898	62.5342
29.5914	62.5654
29.593	62.5967
29.5946	62.6279
29.5962	62.6592
29.5978	62.6904
29.5994	62.7217
29.601	62.7529
29.6026	62.7842
29.6042	62.8154
29.6058	62.8467
29.6074	62.8779
29.609	62.9092
29.6106	62.9404
29.6122	62.9717
29.6139	63.0029
29.6155	63.0342
29.6171	63.0654
29.6187	63.0967
29.6203	63.1279
29.6219	63.1592
29.6235	63.1904
29.6251	63.2217
29.6267	63.2529
29.6283	63.2842
29.6299	63.3154
29.6315	63.3467
29.6331	63.3779
29.6347	63.4092
29.6363	63.4404
29.6379	63.4717
29.6395	63.5029
29.6411	63.5342
29.6427	63.5654
29.6443	63.5967
29.6459	63.6279
29.6475	63.6592
29.6491	63.6904
29.6507	63.7217
29.6523	63.7529
29.6539	63.7842
29.6555	63.8154
29.6571	63.8467
29.6587	63.8779
29.6603	63.9092
29.6619	63.9404
29.6635	63.9717
29.6651	64.0029
29.6667	64.0332
29.6683	64.0635
29.6699	64.0938
29.6715	64.124
29.6731	64.1543
29.6747	64.1846
29.6763	64.2148
29.6779	64.2451
29.6795	64.2754
29.6811	64.3057
29.6827	64.3359
29.6843	64.3662
29.6859	64.3965
29.6875	64.4268
29.6892	64.457
29.6908	64.4873
29.6924	64.5176
29.694	64.5479
29.6956	64.5781
29.6972	64.6084
29.6988	64.6387
29.7004	64.6689
29.702	64.6992
29.7036	64.7295
29.7052	64.7598
29.7068	64.79
29.7084	64.8203
29.71	64.8506
29.7116	64.8809
29.7132	64.9111
29.7148	64.9414
29.7164	64.9717
29.718	65.002
29.7196	65.0322
29.7212	65.0625
29.7228	65.0928
29.7244	65.123
29.726	65.1533
29.7276	65.1836
29.7292	65.2139
29.7308	65.2441
29.7324	65.2744
29.734	65.3047
29.7356	65.335
29.7372	65.3652
29.7388	65.3955
29.7404	65.4258
29.742	65.4561
29.7436	65.4863
29.7452	65.5166
29.7468	65.5469
29.7484	65.5771
29.75	65.6074
29.7516	65.6377
29.7532	65.668
29.7548	65.6982
29.7564	65.7285
29.758	65.7588
29.7596	65.7891
29.7612	65.8193
29.7628	65.8496
29.7645	65.8799
29.7661	65.9102
29.7677	65.9404
29.7693	65.9707
29.7709	66.001
29.7725	66.0312
29.7741	66.0615
29.7757	66.0908
29.7773	66.1201
29.7789	66.1494
29.7805	66.1787
29.7821	66.208
29.7837	66.2373
29.7853	66.2666
29.7869	66.2959
29.7885	66.3252
29.7901	66.3545
29.7917	66.3838
29.7933	66.4131
29.7949	66.4424
29.7965	66.4717
29.7981	66.501
29.7997	66.5303
29.8013	66.5596
29.8029	66.5889
29.8045	66.6182
29.8061	66.6475
29.8077	66.6768
29.8093	66.7061
29.8109	66.7354
29.8125	66.7646
29.8141	66.7939
29.8157	66.8232
29.8173	66.8525
29.8189	66.8818
29.8205	66.9111
29.8221	66.9404
29.8237	66.9697
29.8253	66.999
29.8269	67.0283
29.8285	67.0576
29.8301	67.0869
29.8317	67.1162
29.8333	67.1455
29.8349	67.1748
29.8365	67.2041
29.8381	67.2334
29.8398	67.2627
29.8414	67.292
29.843	67.3213
29.8446	67.3506
29.8462	67.3799
29.8478	67.4092
29.8494	67.4385
29.851	67.4678
29.8526	67.4971
29.8542	67.5264
29.8558	67.5557
29.8574	67.585
29.859	67.6143
29.8606	67.6436
29.8622	67.6729
29.8638	67.7021
29.8654	67.7314
29.867	67.7607
29.8686	67.79
29.8702	67.8193
29.8718	67.8486
29.8734	67.8779
29.875	67.9072
29.8766	67.9365
29.8782	67.9658
29.8798	67.9951
29.8814	68.0244
29.883	68.0537
29.8846	68.083
29.8862	68.1123
29.8878	68.1416
29.8894	68.1709
29.891	68.2002
29.8926	68.2295
29.8942	68.2588
29.8958	68.2871
29.8974	68.3154
29.899	68.3438
29.9006	68.3721
29.9022	68.4004
29.9038	68.4287
29.9054	68.457
29.907	68.4854
29.9086	68.5137
29.9102	68.542
29.9118	68.5703
29.9134	68.5986
29.9151	68.627
29.9167	68.6553
29.9183	68.6836
29.9199	68.7119
29.9215	68.7402
29.9231	68.7686
29.9247	68.7969
29.9263	68.8252
29.9279	68.8535
29.9295	68.8818
29.9311	68.9102
29.9327	68.9385
29.9343	68.9668
29.9359	68.9951
29.9375	69.0234
29.9391	69.0518
29.9407	69.0801
29.9423	69.1084
29.9439	69.1367
29.9455	69.165
29.9471	69.1934
29.9487	69.2217
29.9503	69.25
29.9519	69.2783
29.9535	69.3066
29.9551	69.335
29.9567	69.3633
29.9583	69.3916
29.9599	69.4199
29.9615	69.4482
29.9631	69.4766
29.9647	69.5049
29.9663	69.5332
29.9679	69.5615
29.9695	69.5898
29.9711	69.6182
29.9727	69.6465
29.9743	69.6748
29.9759	69.7031
29.9775	69.7314
29.9791	69.7598
29.9807	69.7881
29.9823	69.8164
29.9839	69.8447
29.9855	69.873
29.9871	69.9014
29.9887	69.9297
29.9904	69.958
29.992	69.9863
29.9936	70.0146
29.9952	70.043
29.9968	70.0713
29.9984	70.0996
30	70.1279
30.0016	70.1562
30.0032	70.1846
30.0048	70.2129
30.0064	70.2412
30.008	70.2695
30.0096	70.2979
30.0112	70.3262
30.0128	70.3545
30.0144	70.3828
30.016	70.4111
30.0176	70.4395
30.0192	70.4678
30.0208	70.4961
30.0224	70.5244
30.024	70.5527
30.0256	70.5811
30.0272	70.6094
30.0288	70.6367
30.0304	70.6641
30.032	70.6914
30.0336	70.7188
30.0352	70.7461
30.0368	70.7734
30.0384	70.8008
30.04	70.8281
30.0416	70.8555
30.0432	70.8828
30.0448	70.9102
30.0464	70.9375
30.048	70.9648
30.0496	70.9922
30.0512	71.0195
30.0528	71.0469
30.0544	71.0742
30.056	71.1016
30.0576	71.1289
30.0592	71.1562
30.0608	71.1836
30.0624	71.2109
30.064	71.2383
30.0657	71.2656
30.0673	71.293
30.0689	71.3203
30.0705	71.3477
30.0721	71.375
30.0737	71.4023
30.0753	71.4297
30.0769	71.457
30.0785	71.4844
30.0801	71.5117
30.0817	71.5391
30.0833	71.5664
30.0849	71.5938
30.0865	71.6211
30.0881	71.6484
30.0897	71.6758
30.0913	71.7031
30.0929	71.7305
30.0945	71.7578
30.0961	71.7852
30.0977	71.8125
30.0993	71.8398
30.1009	71.8672
30.1025	71.8945
30.1041	71.9219
30.1057	71.9492
30.1073	71.9766
30.1089	72.0039
30.1105	72.0312
30.1121	72.0586
30.1137	72.0859
30.1153	72.1133
30.1169	72.1406
30.1185	72.168
30.1201	72.1953
30.1217	72.2227
30.1233	72.25
30.1249	72.2773
30.1265	72.3047
30.1281	72.332
30.1297	72.3594
30.1313	72.3867
30.1329	72.4141
30.1345	72.4414
30.1361	72.4688
30.1377	72.4961
30.1393	72.5234
30.141	72.5508
30.1426	72.5781
30.1442	72.6055
30.1458	72.6328
30.1474	72.6602
30.149	72.6875
30.1506	72.7148
30.1522	72.7422
30.1538	72.7695
30.1554	72.7969
30.157	72.8242
30.1586	72.8516
30.1602	72.8789
30.1618	72.9062
30.1634	72.9336
30.165	72.9609
30.1666	72.9883
30.1682	73.0156
30.1698	73.043
30.1714	73.0703
30.173	73.0977
30.1746	73.125
30.1762	73.1523
30.1778	73.1787
30.1794	73.2051
30.181	73.2314
30.1826	73.2578
30.1842	73.2842
30.1858	73.3105
30.1874	73.3369
30.189	73.3633
30.1906	73.3896
30.1922	73.416
30.1938	73.4424
30.1954	73.4688
30.197	73.4951
30.1986	73.5215
30.2002	73.5479
30.2018	73.5742
30.2034	73.6006
30.205	73.627
30.2066	73.6533
30.2082	73.6797
30.2098	73.7061
30.2114	73.7324
30.213	73.7588
30.2147	73.7852
30.2163	73.8115
30.2179	73.8379
30.2195	73.8643
30.2211	73.8906
30.2227	73.917
30.2243	73.9434
30.2259	73.9697
30.2275	73.9961
30.2291	74.0225
30.2307	74.0488
30.2323	74.0752
30.2339	74.1016
30.2355	74.1279
30.2371	74.1543
30.2387	74.1807
30.2403	74.207
30.2419	74.2334
30.2435	74.2598
30.2451	74.2861
30.2467	74.3125
30.2483	74.3389
30.2499	74.3652
30.2515	74.3916
30.2531	74.418
30.2547	74.4443
30.2563	74.4707
30.2579	74.4971
30.2595	74.5234
30.2611	74.5498
30.2627	74.5762
30.2643	74.6025
30.2659	74.6289
30.2675	74.6553
30.2691	74.6816
30.2707	74.708
30.2723	74.7344
30.2739	74.7607
30.2755	74.7871
30.2771	74.8135
30.2787	74.8398
30.2803	74.8662
30.2819	74.8926
30.2835	74.9189
30.2851	74.9453
30.2867	74.9717
30.2883	74.998
30.29	75.0244
30.2916	75.0508
30.2932	75.0771
30.2948	75.1035
30.2964	75.1299
30.298	75.1562
30.2996	75.1826
30.3012	75.209
30.3028	75.2354
30.3044	75.2617
30.306	75.2881
30.3076	75.3145
30.3092	75.3408
30.3108	75.3672
30.3124	75.3936
30.314	75.4199
30.3156	75.4463
30.3172	75.4727
30.3188	75.499
30.3204	75.5254
30.322	75.5518
30.3236	75.5781
30.3252	75.6045
30.3268	75.6309
30.3284	75.6572
30.33	75.6836
30.3316	75.71
30.3332	75.7363
30.3348	75.7627
30.3364	75.7891
30.338	75.8154
30.3396	75.8418
30.3412	75.8672
30.3428	75.8926
30.3444	75.918
30.346	75.9434
30.3476	75.9688
30.3492	75.9941
30.3508	76.0195
30.3524	76.0449
30.354	76.0703
30.3556	76.0957
30.3572	76.1211
30.3588	76.1465
30.3604	76.1719
30.362	76.1973
30.3636	76.2227
30.3653	76.248
30.3669	76.2734
30.3685	76.2988
30.3701	76.3242
30.3717	76.3496
30.3733	76.375
30.3749	76.4004
30.3765	76.4258
30.3781	76.4512
30.3797	76.4766
30.3813	76.502
30.3829	76.5273
30.3845	76.5527
30.3861	76.5781
30.3877	76.6035
30.3893	76.6289
30.3909	76.6543
30.3925	76.6797
30.3941	76.7051
30.3957	76.7305
30.3973	76.7559
30.3989	76.7812
30.4005	76.8066
30.4021	76.832
30.4037	76.8574
30.4053	76.8828
30.4069	76.9082
30.4085	76.9336
30.4101	76.959
30.4117	76.9844
30.4133	77.0098
30.4149	77.0352
30.4165	77.0605
30.4181	77.0859
30.4197	77.1113
30.4213	77.1367
30.4229	77.1621
30.4245	77.1875
30.4261	77.2129
30.4277	77.2383
30.4293	77.2637
30.4309	77.2891
30.4325	77.3145
30.4341	77.3398
30.4357	77.3652
30.4373	77.3906
30.4389	77.416
30.4406	77.4414
30.4422	77.4668
30.4438	77.4922
30.4454	77.5176
30.447	77.543
30.4486	77.5684
30.4502	77.5938
30.4518	77.6191
30.4534	77.6445
30.455	77.6699
30.4566	77.6953
30.4582	77.7207
30.4598	77.7461
30.4614	77.7715
30.463	77.7969
30.4646	77.8223
30.4662	77.8477
30.4678	77.873
30.4694	77.8984
30.471	77.9238
30.4726	77.9492
30.4742	77.9746
30.4758	78
30.4774	78.0254
30.479	78.0508
30.4806	78.0762
30.4822	78.1016
30.4838	78.127
30.4854	78.1523
30.487	78.1777
30.4886	78.2031
30.4902	78.2285
30.4918	78.2539
30.4934	78.2793
30.495	78.3047
30.4966	78.3301
30.4982	78.3555
30.4998	78.3809
30.5014	78.4062
30.503	78.4316
30.5046	78.457
30.5062	78.4824
30.5078	78.5078
30.5094	78.5332
30.511	78.5586
30.5126	78.584
30.5142	78.6094
30.5159	78.6348
30.5175	78.6602
30.5191	78.6855
30.5207	78.7109
30.5223	78.7363
30.5239	78.7617
30.5255	78.7861
30.5271	78.8105
30.5287	78.835
30.5303	78.8594
30.5319	78.8838
30.5335	78.9082
30.5351	78.9326
30.5367	78.957
30.5383	78.9814
30.5399	79.0059
30.5415	79.0303
30.5431	79.0547
30.5447	79.0791
30.5463	79.1035
30.5479	79.1279
30.5495	79.1523
30.5511	79.1768
30.5527	79.2012
30.5543	79.2256
30.5559	79.25
30.5575	79.2744
30.5591	79.2988
30.5607	79.3232
30.5623	79.3477
30.5639	79.3721
30.5655	79.3965
30.5671	79.4209
30.5687	79.4453
30.5703	79.4697
30.5719	79.4941
30.5735	79.5186
30.5751	79.543
30.5767	79.5674
30.5783	79.5918
30.5799	79.6162
30.5815	79.6406
30.5831	79.665
30.5847	79.6895
30.5863	79.7139
30.5879	79.7383
30.5895	79.7627
30.5912	79.7871
30.5928	79.8115
30.5944	79.8359
30.596	79.8604
30.5976	79.8848
30.5992	79.9092
30.6008	79.9336
30.6024	79.958
30.604	79.9824
30.6056	80.0068
30.6072	80.0312
30.6088	80.0557
30.6104	80.0801
30.612	80.1045
30.6136	80.1289
30.6152	80.1533
30.6168	80.1777
30.6184	80.2021
30.62	80.2266
30.6216	80.251
30.6232	80.2754
30.6248	80.2998
30.6264	80.3242
30.628	80.3486
30.6296	80.373
30.6312	80.3975
30.6328	80.4219
30.6344	80.4463
30.636	80.4707
30.6376	80.4951
30.6392	80.5195
30.6408	80.5439
30.6424	80.5684
30.644	80.5928
30.6456	80.6172
30.6472	80.6416
30.6488	80.666
30.6504	80.6904
30.652	80.7148
30.6536	80.7393
30.6552	80.7637
30.6568	80.7881
30.6584	80.8125
30.66	80.8369
30.6616	80.8613
30.6632	80.8857
30.6648	80.9102
30.6665	80.9346
30.6681	80.959
30.6697	80.9834
30.6713	81.0078
30.6729	81.0322
30.6745	81.0566
30.6761	81.0811
30.6777	81.1055
30.6793	81.1299
30.6809	81.1543
30.6825	81.1787
30.6841	81.2031
30.6857	81.2275
30.6873	81.252
30.6889	81.2764
30.6905	81.3008
30.6921	81.3252
30.6937	81.3496
30.6953	81.374
30.6969	81.3984
30.6985	81.4229
30.7001	81.4473
30.7017	81.4717
30.7033	81.4961
30.7049	81.5205
30.7065	81.5449
30.7081	81.5693
30.7097	81.5938
30.7113	81.6182
30.7129	81.6426
30.7145	81.667
30.7161	81.6914
30.7177	81.7158
30.7193	81.7402
30.7209	81.7646
30.7225	81.7891
30.7241	81.8135
30.7257	81.8379
30.7273	81.8623
30.7289	81.8867
30.7305	81.9111
30.7321	81.9346
30.7337	81.958
30.7353	81.9814
30.7369	82.0049
30.7385	82.0283
30.7402	82.0518
30.7418	82.0752
30.7434	82.0986
30.745	82.1221
30.7466	82.1455
30.7482	82.1689
30.7498	82.1924
30.7514	82.2158
30.753	82.2393
30.7546	82.2627
30.7562	82.2861
30.7578	82.3096
30.7594	82.333
30.761	82.3564
30.7626	82.3799
30.7642	82.4033
30.7658	82.4268
30.7674	82.4502
30.769	82.4736
30.7706	82.4971
30.7722	82.5205
30.7738	82.5439
30.7754	82.5674
30.777	82.5908
30.7786	82.6143
30.7802	82.6377
30.7818	82.6611
30.7834	82.6846
30.785	82.708
30.7866	82.7314
30.7882	82.7549
30.7898	82.7783
30.7914	82.8018
30.793	82.8252
30.7946	82.8486
30.7962	82.8721
30.7978	82.8955
30.7994	82.9189
30.801	82.9424
30.8026	82.9658
30.8042	82.9893
30.8058	83.0127
30.8074	83.0361
30.809	83.0596
30.8106	83.083
30.8122	83.1064
30.8138	83.1299
30.8155	83.1533
30.8171	83.1768
30.8187	83.2002
30.8203	83.2236
30.8219	83.2471
30.8235	83.2705
30.8251	83.2939
30.8267	83.3174
30.8283	83.3408
30.8299	83.3643
30.8315	83.3877
30.8331	83.4111
30.8347	83.4346
30.8363	83.458
30.8379	83.4814
30.8395	83.5049
30.8411	83.5283
30.8427	83.5518
30.8443	83.5752
30.8459	83.5986
30.8475	83.6221
30.8491	83.6455
30.8507	83.6689
30.8523	83.6924
30.8539	83.7158
30.8555	83.7393
30.8571	83.7627
30.8587	83.7861
30.8603	83.8096
30.8619	83.833
30.8635	83.8564
30.8651	83.8799
30.8667	83.9033
30.8683	83.9268
30.8699	83.9502
30.8715	83.9736
30.8731	83.9971
30.8747	84.0205
30.8763	84.0439
30.8779	84.0674
30.8795	84.0908
30.8811	84.1143
30.8827	84.1377
30.8843	84.1611
30.8859	84.1846
30.8875	84.208
30.8891	84.2314
30.8908	84.2549
30.8924	84.2783
30.894	84.3018
30.8956	84.3252
30.8972	84.3486
30.8988	84.3721
30.9004	84.3955
30.902	84.4189
30.9036	84.4424
30.9052	84.4658
30.9068	84.4893
30.9084	84.5127
30.91	84.5361
30.9116	84.5596
30.9132	84.583
30.9148	84.6064
30.9164	84.6299
30.918	84.6533
30.9196	84.6768
30.9212	84.7002
30.9228	84.7236
30.9244	84.7471
30.926	84.7705
30.9276	84.7939
30.9292	84.8174
30.9308	84.8408
30.9324	84.8643
30.934	84.8877
30.9356	84.9111
30.9372	84.9346
30.9388	84.958
30.9404	84.9814
30.942	85.0049
30.9436	85.0283
30.9452	85.0518
30.9468	85.0752
30.9484	85.0986
30.95	85.1221
30.9516	85.1455
30.9532	85.1689
30.9548	85.1924
30.9564	85.2158
30.958	85.2393
30.9596	85.2627
30.9612	85.2861
30.9628	85.3096
30.9644	85.333
30.9661	85.3555
30.9677	85.3779
30.9693	85.4004
30.9709	85.4229
30.9725	85.4453
30.9741	85.4678
30.9757	85.4902
30.9773	85.5127
30.9789	85.5352
30.9805	85.5576
30.9821	85.5801
30.9837	85.6025
30.9853	85.625
30.9869	85.6475
30.9885	85.6699
30.9901	85.6924
30.9917	85.7148
30.9933	85.7373
30.9949	85.7598
30.9965	85.7822
30.9981	85.8047
30.9997	85.8271
31.0013	85.8496
31.0029	85.8721
31.0045	85.8945
31.0061	85.917
31.0077	85.9395
31.0093	85.9619
31.0109	85.9844
31.0125	86.0068
31.0141	86.0293
31.0157	86.0518
31.0173	86.0742
31.0189	86.0967
31.0205	86.1191
31.0221	86.1416
31.0237	86.1641
31.0253	86.1865
31.0269	86.209
31.0285	86.2314
31.0301	86.2539
31.0317	86.2764
31.0333	86.2988
31.0349	86.3213
31.0365	86.3438
31.0381	86.3662
31.0397	86.3887
31.0414	86.4111
31.043	86.4336
31.0446	86.4561
31.0462	86.4785
31.0478	86.501
31.0494	86.5234
31.051	86.5459
31.0526	86.5684
31.0542	86.5908
31.0558	86.6133
31.0574	86.6357
31.059	86.6582
31.0606	86.6807
31.0622	86.7031
31.0638	86.7256
31.0654	86.748
31.067	86.7705
31.0686	86.793
31.0702	86.8154
31.0718	86.8379
31.0734	86.8604
31.075	86.8828
31.0766	86.9053
31.0782	86.9277
31.0798	86.9502
31.0814	86.9727
31.083	86.9951
31.0846	87.0176
31.0862	87.04
31.0878	87.0625
31.0894	87.085
31.091	87.1074
31.0926	87.1299
31.0942	87.1523
31.0958	87.1748
31.0974	87.1973
31.099	87.2197
31.1006	87.2422
31.1022	87.2646
31.1038	87.2871
31.1054	87.3096
31.107	87.332
31.1086	87.3545
31.1102	87.377
31.1118	87.3994
31.1134	87.4219
31.115	87.4443
31.1167	87.4668
31.1183	87.4893
31.1199	87.5117
31.1215	87.5342
31.1231	87.5566
31.1247	87.5791
31.1263	87.6016
31.1279	87.624
31.1295	87.6465
31.1311	87.6689
31.1327	87.6914
31.1343	87.7139
31.1359	87.7363
31.1375	87.7588
31.1391	87.7812
31.1407	87.8037
31.1423	87.8262
31.1439	87.8486
31.1455	87.8711
31.1471	87.8936
31.1487	87.916
31.1503	87.9385
31.1519	87.9609
31.1535	87.9834
31.1551	88.0059
31.1567	88.0283
31.1583	88.0508
31.1599	88.0732
31.1615	88.0957
31.1631	88.1182
31.1647	88.1406
31.1663	88.1631
31.1679	88.1855
31.1695	88.208
31.1711	88.2305
31.1727	88.2529
31.1743	88.2754
31.1759	88.2979
31.1775	88.3203
31.1791	88.3428
31.1807	88.3652
31.1823	88.3877
31.1839	88.4102
31.1855	88.4326
31.1871	88.4551
31.1887	88.4775
31.1903	88.5
31.192	88.5225
31.1936	88.5449
31.1952	88.5674
31.1968	88.5898
31.1984	88.6123
31.2	88.6348
31.2016	88.6572
31.2032	88.6797
31.2048	88.7021
31.2064	88.7246
31.208	88.7471
31.2096	88.7695
31.2112	88.792
31.2128	88.8145
31.2144	88.8369
31.216	88.8594
31.2176	88.8818
31.2192	88.9043
31.2208	88.9268
31.2224	88.9492
31.224	88.9717
31.2256	88.9941
31.2272	89.0166
31.2288	89.0391
31.2304	89.0605
31.232	89.082
31.2336	89.1035
31.2352	89.125
31.2368	89.1465
31.2384	89.168
31.24	89.1895
31.2416	89.2109
31.2432	89.2324
31.2448	89.2539
31.2464	89.2754
31.248	89.2969
31.2496	89.3184
31.2512	89.3398
31.2528	89.3613
31.2544	89.3828
31.256	89.4043
31.2576	89.4258
31.2592	89.4473
31.2608	89.4688
31.2624	89.4902
31.264	89.5117
31.2657	89.5332
31.2673	89.5547
31.2689	89.5762
31.2705	89.5977
31.2721	89.6191
31.2737	89.6406
31.2753	89.6621
31.2769	89.6836
31.2785	89.7051
31.2801	89.7266
31.2817	89.748
31.2833	89.7695
31.2849	89.791
31.2865	89.8125
31.2881	89.834
31.2897	89.8555
31.2913	89.877
31.2929	89.8984
31.2945	89.9199
31.2961	89.9414
31.2977	89.9629
31.2993	89.9844
31.3009	90.0059
31.3025	90.0273
31.3041	90.0488
31.3057	90.0703
31.3073	90.0918
31.3089	90.1133
31.3105	90.1348
31.3121	90.1562
31.3137	90.1777
31.3153	90.1992
31.3169	90.2207
31.3185	90.2422
31.3201	90.2637
31.3217	90.2852
31.3233	90.3066
31.3249	90.3281
31.3265	90.3496
31.3281	90.3711
31.3297	90.3926
31.3313	90.4141
31.3329	90.4355
31.3345	90.457
31.3361	90.4785
31.3377	90.5
31.3393	90.5215
31.341	90.543
31.3426	90.5645
31.3442	90.5859
31.3458	90.6074
31.3474	90.6289
31.349	90.6504
31.3506	90.6719
31.3522	90.6934
31.3538	90.7148
31.3554	90.7363
31.357	90.7578
31.3586	90.7793
31.3602	90.8008
31.3618	90.8223
31.3634	90.8438
31.365	90.8652
31.3666	90.8867
31.3682	90.9082
31.3698	90.9297
31.3714	90.9512
31.373	90.9727
31.3746	90.9941
31.3762	91.0156
31.3778	91.0371
31.3794	91.0586
31.381	91.0801
31.3826	91.1016
31.3842	91.123
31.3858	91.1445
31.3874	91.166
31.389	91.1875
31.3906	91.209
31.3922	91.2305
31.3938	91.252
31.3954	91.2734
31.397	91.2949
31.3986	91.3164
31.4002	91.3379
31.4018	91.3594
31.4034	91.3809
31.405	91.4023
31.4066	91.4238
31.4082	91.4453
31.4098	91.4668
31.4114	91.4883
31.413	91.5098
31.4146	91.5312
31.4163	91.5527
31.4179	91.5742
31.4195	91.5957
31.4211	91.6172
31.4227	91.6387
31.4243	91.6602
31.4259	91.6816
31.4275	91.7031
31.4291	91.7246
31.4307	91.7461
31.4323	91.7676
31.4339	91.7891
31.4355	91.8105
31.4371	91.832
31.4387	91.8535
31.4403	91.875
31.4419	91.8965
31.4435	91.918
31.4451	91.9395
31.4467	91.9609
31.4483	91.9824
31.4499	92.0039
31.4515	92.0254
31.4531	92.0469
31.4547	92.0684
31.4563	92.0898
31.4579	92.1113
31.4595	92.1328
31.4611	92.1543
31.4627	92.1758
31.4643	92.1973
31.4659	92.2188
31.4675	92.2402
31.4691	92.2617
31.4707	92.2832
31.4723	92.3047
31.4739	92.3262
31.4755	92.3477
31.4771	92.3691
31.4787	92.3906
31.4803	92.4121
31.4819	92.4336
31.4835	92.4551
31.4851	92.4766
31.4867	92.498
31.4883	92.5195
31.4899	92.541
31.4916	92.5625
31.4932	92.584
31.4948	92.6055
31.4964	92.627
31.498	92.6484
31.4996	92.6699
31.5012	92.6914
31.5028	92.7129
31.5044	92.7344
31.506	92.7559
31.5076	92.7773
31.5092	92.7988
31.5108	92.8203
31.5124	92.8418
31.514	92.8633
31.5156	92.8848
31.5172	92.9062
31.5188	92.9277
31.5204	92.9492
31.522	92.9707
31.5236	92.9922
31.5252	93.0137
31.5268	93.0352
31.5284	93.0566
31.53	93.0781
31.5316	93.0986
31.5332	93.1191
31.5348	93.1396
31.5364	93.1602
31.538	93.1807
31.5396	93.2012
31.5412	93.2217
31.5428	93.2422
31.5444	93.2627
31.546	93.2832
31.5476	93.3037
31.5492	93.3242
31.5508	93.3447
31.5524	93.3652
31.554	93.3857
31.5556	93.4062
31.5572	93.4268
31.5588	93.4473
31.5604	93.4678
31.562	93.4883
31.5636	93.5088
31.5652	93.5293
31.5669	93.5498
31.5685	93.5703
31.5701	93.5908
31.5717	93.6113
31.5733	93.6318
31.5749	93.6523
31.5765	93.6729
31.5781	93.6934
31.5797	93.7139
31.5813	93.7344
31.5829	93.7549
31.5845	93.7754
31.5861	93.7959
31.5877	93.8164
31.5893	93.8369
31.5909	93.8574
31.5925	93.8779
31.5941	93.8984
31.5965	91.9141
31.5973	90.5
31.5981	89.6689
31.5989	88.9199
31.5997	88.1719
31.6005	87.4229
31.6013	86.6738
31.6021	85.9258
31.6029	85.1768
31.6037	84.4287
31.6045	83.6797
31.6053	82.9307
31.6061	82.1826
31.6069	81.4336
31.6077	80.6855
31.6085	79.9365
31.6093	79.1875
31.6101	78.4395
31.6109	77.6904
31.6117	76.9424
31.6125	76.1934
31.6133	75.4453
31.6141	74.6963
31.6149	73.9473
31.6157	73.1992
31.6165	72.4502
31.6173	71.7021
31.6181	70.9531
31.6189	70.2041
31.6197	69.4561
31.6205	68.707
31.6213	67.959
31.6221	67.21
31.6229	66.4609
31.6237	65.7129
31.6245	64.9639
31.6253	64.2158
31.6261	63.4668
31.6269	62.7188
31.6277	61.9697
31.6285	61.2207
31.6293	60.4727
31.6301	59.7236
31.6309	58.9756
31.6317	58.2266
31.6325	57.4775
31.6333	56.7295
31.6341	55.9805
31.6349	55.2324
31.6358	54.4834
31.6366	53.7344
31.6374	52.9863
31.6382	52.2373
31.639	51.4893
31.6398	50.7402
31.6406	49.9922
31.6414	49.2432
31.6422	48.4941
31.643	47.7461
31.6438	46.9971
31.6446	46.249
31.6454	45.25
31.6462	44.1484
31.6486	45.25
31.6486	45.2939
31.6502	45.3379
31.6518	45.3818
31.6534	45.4258
31.655	45.4697
31.6566	45.5137
31.6582	45.5566
31.6598	45.5996
31.6614	45.6426
31.663	45.6855
31.6646	45.7285
31.6662	45.7715
31.6744	45.8145
31.676	45.8574
31.6776	45.9004
31.6792	45.9434
31.6808	45.9863
31.6824	46.0293
31.684	46.0723
31.6856	46.1152
31.6872	46.1582
31.6888	46.2012
31.6904	46.2441
31.692	46.2871
31.6936	46.3301
31.6952	46.373
31.6968	46.416
31.6984	46.459
31.7	46.502
31.7016	46.5449
31.7032	46.5869
31.7048	46.6289
31.7064	46.6709
31.708	46.7129
31.7096	46.7549
31.7112	46.7969
31.7128	46.8389
31.7144	46.8809
31.716	46.9229
31.7177	46.9648
31.7193	47.0068
31.7209	47.0488
31.7225	47.0908
31.7241	47.1328
31.7257	47.1748
31.7273	47.2168
31.7289	47.2588
31.7305	47.3008
31.7321	47.3428
31.7337	47.3848
31.7353	47.4268
31.7369	47.4688
31.7385	47.5107
31.7401	47.5527
31.7417	47.5947
31.7433	47.6367
31.7449	47.6777
31.7465	47.7188
31.7481	47.7598
31.7497	47.8008
31.7513	47.8418
31.7529	47.8828
31.7545	47.9238
31.7561	47.9648
31.7577	48.0059
31.7593	48.0469
31.7609	48.0879
31.7625	48.1289
31.7641	48.1699
31.7657	48.2109
31.7673	48.252
31.7689	48.293
31.7705	48.334
31.7721	48.375
31.7737	48.416
31.7753	48.457
31.7769	48.498
31.7785	48.5391
31.7801	48.5801
31.7817	48.6211
31.7833	48.6621
31.7849	48.7031
31.7865	48.7441
31.7881	48.7852
31.7897	48.8252
31.7913	48.8652
31.793	48.9053
31.7946	48.9453
31.7962	48.9854
31.7978	49.0254
31.7994	49.0654
31.801	49.1055
31.8026	49.1455
31.8042	49.1855
31.8058	49.2256
31.8074	49.2656
31.809	49.3057
31.8106	49.3457
31.8122	49.3857
31.8138	49.4258
31.8154	49.4658
31.817	49.5059
31.8186	49.5459
31.8202	49.5859
31.8218	49.626
31.8234	49.666
31.825	49.7061
31.8266	49.7461
31.8282	49.7861
31.8298	49.8262
31.8314	49.8662
31.833	49.9062
31.8346	49.9463
31.8362	49.9854
31.8378	50.0244
31.8394	50.0635
31.841	50.1025
31.8426	50.1416
31.8442	50.1807
31.8458	50.2197
31.8474	50.2588
31.849	50.2979
31.8506	50.3369
31.8522	50.376
31.8538	50.415
31.8554	50.4541
31.857	50.4932
31.8586	50.5322
31.8602	50.5713
31.8618	50.6104
31.8634	50.6494
31.865	50.6885
31.8666	50.7275
31.8683	50.7666
31.8699	50.8057
31.8715	50.8447
31.8731	50.8838
31.8747	50.9229
31.8763	50.9619
31.8779	51.001
31.8795	51.04
31.8811	51.0791
31.8827	51.1182
31.8843	51.1572
31.8859	51.1963
31.8875	51.2344
31.8891	51.2725
31.8907	51.3105
31.8923	51.3486
31.8939	51.3867
31.8955	51.4248
31.8971	51.4629
31.8987	51.501
31.9003	51.5391
31.9019	51.5771
31.9035	51.6152
31.9051	51.6533
31.9067	51.6914
31.9083	51.7295
31.9099	51.7676
31.9115	51.8057
31.9131	51.8438
31.9147	51.8818
31.9163	51.9199
31.9179	51.958
31.9195	51.9961
31.9211	52.0342
31.9227	52.0723
31.9243	52.1104
31.9259	52.1484
31.9275	52.1865
31.9291	52.2246
31.9307	52.2627
31.9323	52.3008
31.9339	52.3389
31.9355	52.377
31.9371	52.415
31.9387	52.4531
31.9403	52.4912
31.942	52.5293
31.9436	52.5664
31.9452	52.6035
31.9468	52.6406
31.9484	52.6777
31.95	52.7148
31.9516	52.752
31.9532	52.7891
31.9548	52.8262
31.9564	52.8633
31.958	52.9004
31.9596	52.9375
31.9612	52.9746
31.9628	53.0117
31.9644	53.0488
31.966	53.0859
31.9676	53.123
31.9692	53.1602
31.9708	53.1973
31.9724	53.2344
31.974	53.2715
31.9756	53.3086
31.9772	53.3457
31.9788	53.3828
31.9804	53.4199
31.982	53.457
31.9836	53.4941
31.9852	53.5312
31.9868	53.5684
31.9884	53.6055
31.99	53.6426
31.9916	53.6797
31.9932	53.7168
31.9948	53.7539
31.9964	53.791
31.998	53.8281
31.9996	53.8652
32.0012	53.9023
32.0028	53.9385
32.0044	53.9746
32.006	54.0107
32.0076	54.0469
32.0092	54.083
32.0108	54.1191
32.0124	54.1553
32.014	54.1914
32.0156	54.2275
32.0173	54.2637
32.0189	54.2998
32.0205	54.3359
32.0221	54.3721
32.0237	54.4082
32.0253	54.4443
32.0269	54.4805
32.0285	54.5166
32.0301	54.5527
32.0317	54.5889
32.0333	54.625
32.0349	54.6611
32.0365	54.6973
32.0381	54.7334
32.0397	54.7695
32.0413	54.8057
32.0429	54.8418
32.0445	54.8779
32.0461	54.9141
32.0477	54.9502
32.0493	54.9863
32.0509	55.0225
32.0525	55.0586
32.0541	55.0947
32.0557	55.1309
32.0573	55.167
32.0589	55.2031
32.0605	55.2393
32.0621	55.2754
32.0637	55.3115
32.0653	55.3477
32.0669	55.3828
32.0685	55.418
32.0701	55.4531
32.0717	55.4883
32.0733	55.5234
32.0749	55.5586
32.0765	55.5938
32.0781	55.6289
32.0797	55.6641
32.0813	55.6992
32.0829	55.7344
32.0845	55.7695
32.0861	55.8047
32.0877	55.8398
32.0893	55.875
32.0909	55.9102
32.0926	55.9453
32.0942	55.9805
32.0958	56.0156
32.0974	56.0508
32.099	56.0859
32.1006	56.1211
32.1022	56.1562
32.1038	56.1914
32.1054	56.2266
32.107	56.2617
32.1086	56.2969
32.1102	56.332
32.1118	56.3672
32.1134	56.4023
32.115	56.4375
32.1166	56.4727
32.1182	56.5078
32.1198	56.543
32.1214	56.5781
32.123	56.6133
32.1246	56.6484
32.1262	56.6836
32.1278	56.7188
32.1294	56.7539
32.131	56.7891
32.1326	56.8242
32.1342	56.8594
32.1358	56.8945
32.1374	56.9287
32.139	56.9629
32.1406	56.9971
32.1422	57.0312
32.1438	57.0654
32.1454	57.0996
32.147	57.1338
32.1486	57.168
32.1502	57.2021
32.1518	57.2363
32.1534	57.2705
32.155	57.3047
32.1566	57.3389
32.1582	57.373
32.1598	57.4072
32.1614	57.4414
32.163	57.4756
32.1646	57.5098
32.1662	57.5439
32.1679	57.5781
32.1695	57.6123
32.1711	57.6465
32.1727	57.6807
32.1743	57.7148
32.1759	57.749
32.1775	57.7832
32.1791	57.8174
32.1807	57.8516
32.1823	57.8857
32.1839	57.9199
32.1855	57.9541
32.1871	57.9883
32.1887	58.0225
32.1903	58.0566
32.1919	58.0908
32.1935	58.125
32.1951	58.1592
32.1967	58.1934
32.1983	58.2275
32.1999	58.2617
32.2015	58.2959
32.2031	58.3301
32.2047	58.3643
32.2063	58.3984
32.2079	58.4326
32.2095	58.4668
32.2111	58.501
32.2127	58.5352
32.2143	58.5684
32.2159	58.6016
32.2175	58.6348
32.2191	58.668
32.2207	58.7012
32.2223	58.7344
32.2239	58.7676
32.2255	58.8008
32.2271	58.834
32.2287	58.8672
32.2303	58.9004
32.2319	58.9336
32.2335	58.9668
32.2351	59
32.2367	59.0332
32.2383	59.0664
32.2399	59.0996
32.2415	59.1328
32.2432	59.166
32.2448	59.1992
32.2464	59.2324
32.248	59.2656
32.2496	59.2988
32.2512	59.332
32.2528	59.3652
32.2544	59.3984
32.256	59.4316
32.2576	59.4648
32.2592	59.498
32.2608	59.5312
32.2624	59.5645
32.264	59.5977
32.2656	59.6309
32.2672	59.6641
32.2688	59.6973
32.2704	59.7305
32.272	59.7637
32.2736	59.7969
32.2752	59.8301
32.2768	59.8633
32.2784	59.8965
32.28	59.9297
32.2816	59.9629
32.2832	59.9961
32.2848	60.0293
32.2864	60.0625
32.288	60.0957
32.2896	60.1289
32.2912	60.1621
32.2928	60.1953
32.2944	60.2285
32.296	60.2607
32.2976	60.293
32.2992	60.3252
32.3008	60.3574
32.3024	60.3896
32.304	60.4219
32.3056	60.4541
32.3072	60.4863
32.3088	60.5186
32.3104	60.5508
32.312	60.583
32.3136	60.6152
32.3152	60.6475
32.3168	60.6797
32.3185	60.7119
32.3201	60.7441
32.3217	60.7764
32.3233	60.8086
32.3249	60.8408
32.3265	60.873
32.3281	60.9053
32.3297	60.9375
32.3313	60.9697
32.3329	61.002
32.3345	61.0342
32.3361	61.0664
32.3377	61.0986
32.3393	61.1309
32.3409	61.1631
32.3425	61.1953
32.3441	61.2275
32.3457	61.2598
32.3473	61.292
32.3489	61.3242
32.3505	61.3564
32.3521	61.3887
32.3537	61.4209
32.3553	61.4531
32.3569	61.4854
32.3585	61.5176
32.3601	61.5498
32.3617	61.582
32.3633	61.6143
32.3649	61.6465
32.3665	61.6787
32.3681	61.7109
32.3697	61.7432
32.3713	61.7754
32.3729	61.8076
32.3745	61.8398
32.3761	61.8721
32.3777	61.9043
32.3793	61.9365
32.3809	61.9688
32.3825	62.001
32.3841	62.0332
32.3857	62.0654
32.3873	62.0967
32.3889	62.1279
32.3905	62.1592
32.3921	62.1904
32.3938	62.2217
32.3954	62.2529
32.397	62.2842
32.3986	62.3154
32.4002	62.3467
32.4018	62.3779
32.4034	62.4092
32.405	62.4404
32.4066	62.4717
32.4082	62.5029
32.4098	62.5342
32.4114	62.5654
32.413	62.5967
32.4146	62.6279
32.4162	62.6592
32.4178	62.6904
32.4194	62.7217
32.421	62.7529
32.4226	62.7842
32.4242	62.8154
32.4258	62.8467
32.4274	62.8779
32.429	62.9092
32.4306	62.9404
32.4322	62.9717
32.4338	63.0029
32.4354	63.0342
32.437	63.0654
32.4386	63.0967
32.4402	63.1279
32.4418	63.1592
32.4434	63.1904
32.445	63.2217
32.4466	63.2529
32.4482	63.2842
32.4498	63.3154
32.4514	63.3467
32.453	63.3779
32.4546	63.4092
32.4562	63.4404
32.4578	63.4717
32.4594	63.5029
32.461	63.5342
32.4626	63.5654
32.4642	63.5967
32.4658	63.6279
32.4675	63.6592
32.4691	63.6904
32.4707	63.7217
32.4723	63.7529
32.4739	63.7842
32.4755	63.8154
32.4771	63.8467
32.4787	63.8779
32.4803	63.9092
32.4819	63.9404
32.4835	63.9717
32.4851	64.0029
32.4867	64.0332
32.4883	64.0635
32.4899	64.0938
32.4915	64.124
32.4931	64.1543
32.4947	64.1846
32.4963	64.2148
32.4979	64.2451
32.4995	64.2754
32.5011	64.3057
32.5027	64.3359
32.5043	64.3662
32.5059	64.3965
32.5075	64.4268
32.5091	64.457
32.5107	64.4873
32.5123	64.5176
32.5139	64.5479
32.5155	64.5781
32.5171	64.6084
32.5187	64.6387
32.5203	64.6689
32.5219	64.6992
32.5235	64.7295
32.5251	64.7598
32.5267	64.79
32.5283	64.8203
32.5299	64.8506
32.5315	64.8809
32.5331	64.9111
32.5347	64.9414
32.5363	64.9717
32.5379	65.002
32.5395	65.0322
32.5411	65.0625
32.5428	65.0928
32.5444	65.123
32.546	65.1533
32.5476	65.1836
32.5492	65.2139
32.5508	65.2441
32.5524	65.2744
32.554	65.3047
32.5556	65.335
32.5572	65.3652
32.5588	65.3955
32.5604	65.4258
32.562	65.4561
32.5636	65.4863
32.5652	65.5166
32.5668	65.5469
32.5684	65.5771
32.57	65.6074
32.5716	65.6377
32.5732	65.668
32.5748	65.6982
32.5764	65.7285
32.578	65.7588
32.5796	65.7891
32.5812	65.8193
32.5828	65.8496
32.5844	65.8799
32.586	65.9102
32.5876	65.9404
32.5892	65.9707
32.5908	66.001
32.5924	66.0312
32.594	66.0615
32.5956	66.0908
32.5972	66.1201
32.5988	66.1494
32.6004	66.1787
32.602	66.208
32.6036	66.2373
32.6052	66.2666
32.6068	66.2959
32.6084	66.3252
32.61	66.3545
32.6116	66.3838
32.6132	66.4131
32.6148	66.4424
32.6164	66.4717
32.6181	66.501
32.6197	66.5303
32.6213	66.5596
32.6229	66.5889
32.6245	66.6182
32.6261	66.6475
32.6277	66.6768
32.6293	66.7061
32.6309	66.7354
32.6325	66.7646
32.6341	66.7939
32.6357	66.8232
32.6373	66.8525
32.6389	66.8818
32.6405	66.9111
32.6421	66.9404
32.6437	66.9697
32.6453	66.999
32.6469	67.0283
32.6485	67.0576
32.6501	67.0869
32.6517	67.1162
32.6533	67.1455
32.6549	67.1748
32.6565	67.2041
32.6581	67.2334
32.6597	67.2627
32.6613	67.292
32.6629	67.3213
32.6645	67.3506
32.6661	67.3799
32.6677	67.4092
32.6693	67.4385
32.6709	67.4678
32.6725	67.4971
32.6741	67.5264
32.6757	67.5557
32.6773	67.585
32.6789	67.6143
32.6805	67.6436
32.6821	67.6729
32.6837	67.7021
32.6853	67.7314
32.6869	67.7607
32.6885	67.79
32.6901	67.8193
32.6917	67.8486
32.6934	67.8779
32.695	67.9072
32.6966	67.9365
32.6982	67.9658
32.6998	67.9951
32.7014	68.0244
32.703	68.0537
32.7046	68.083
32.7062	68.1123
32.7078	68.1416
32.7094	68.1709
32.711	68.2002
32.7126	68.2295
32.7142	68.2588
32.7158	68.2871
32.7174	68.3154
32.719	68.3438
32.7206	68.3721
32.7222	68.4004
32.7238	68.4287
32.7254	68.457
32.727	68.4854
32.7286	68.5137
32.7302	68.542
32.7318	68.5703
32.7334	68.5986
32.735	68.627
32.7366	68.6553
32.7382	68.6836
32.7398	68.7119
32.7414	68.7402
32.743	68.7686
32.7446	68.7969
32.7462	68.8252
32.7478	68.8535
32.7494	68.8818
32.751	68.9102
32.7526	68.9385
32.7542	68.9668
32.7558	68.9951
32.7574	69.0234
32.759	69.0518
32.7606	69.0801
32.7622	69.1084
32.7638	69.1367
32.7654	69.165
32.767	69.1934
32.7687	69.2217
32.7703	69.25
32.7719	69.2783
32.7735	69.3066
32.7751	69.335
32.7767	69.3633
32.7783	69.3916
32.7799	69.4199
32.7815	69.4482
32.7831	69.4766
32.7847	69.5049
32.7863	69.5332
32.7879	69.5615
32.7895	69.5898
32.7911	69.6182
32.7927	69.6465
32.7943	69.6748
32.7959	69.7031
32.7975	69.7314
32.7991	69.7598
32.8007	69.7881
32.8023	69.8164
32.8039	69.8447
32.8055	69.873
32.8071	69.9014
32.8087	69.9297
32.8103	69.958
32.8119	69.9863
32.8135	70.0146
32.8151	70.043
32.8167	70.0713
32.8183	70.0996
32.8199	70.1279
32.8215	70.1562
32.8231	70.1846
32.8247	70.2129
32.8263	70.2412
32.8279	70.2695
32.8295	70.2979
32.8311	70.3262
32.8327	70.3545
32.8343	70.3828
32.8359	70.4111
32.8375	70.4395
32.8391	70.4678
32.8407	70.4961
32.8423	70.5244
32.844	70.5527
32.8456	70.5811
32.8472	70.6094
32.8488	70.6367
32.8504	70.6641
32.852	70.6914
32.8536	70.7188
32.8552	70.7461
32.8568	70.7734
32.8584	70.8008
32.86	70.8281
32.8616	70.8555
32.8632	70.8828
32.8648	70.9102
32.8664	70.9375
32.868	70.9648
32.8696	70.9922
32.8712	71.0195
32.8728	71.0469
32.8744	71.0742
32.876	71.1016
32.8776	71.1289
32.8792	71.1562
32.8808	71.1836
32.8824	71.2109
32.884	71.2383
32.8856	71.2656
32.8872	71.293
32.8888	71.3203
32.8904	71.3477
32.892	71.375
32.8936	71.4023
32.8952	71.4297
32.8968	71.457
32.8984	71.4844
32.9	71.5117
32.9016	71.5391
32.9032	71.5664
32.9048	71.5938
32.9064	71.6211
32.908	71.6484
32.9096	71.6758
32.9112	71.7031
32.9128	71.7305
32.9144	71.7578
32.916	71.7852
32.9176	71.8125
32.9193	71.8398
32.9209	71.8672
32.9225	71.8945
32.9241	71.9219
32.9257	71.9492
32.9273	71.9766
32.9289	72.0039
32.9305	72.0312
32.9321	72.0586
32.9337	72.0859
32.9353	72.1133
32.9369	72.1406
32.9385	72.168
32.9401	72.1953
32.9417	72.2227
32.9433	72.25
32.9449	72.2773
32.9465	72.3047
32.9481	72.332
32.9497	72.3594
32.9513	72.3867
32.9529	72.4141
32.9545	72.4414
32.9561	72.4688
32.9577	72.4961
32.9593	72.5234
32.9609	72.5508
32.9625	72.5781
32.9641	72.6055
32.9657	72.6328
32.9673	72.6602
32.9689	72.6875
32.9705	72.7148
32.9721	72.7422
32.9737	72.7695
32.9753	72.7969
32.9769	72.8242
32.9785	72.8516
32.9801	72.8789
32.9817	72.9062
32.9833	72.9336
32.9849	72.9609
32.9865	72.9883
32.9881	73.0156
32.9897	73.043
32.9913	73.0703
32.993	73.0977
32.9946	73.125
32.9962	73.1523
32.9978	73.1787
32.9994	73.2051
33.001	73.2314
33.0026	73.2578
33.0042	73.2842
33.0058	73.3105
33.0074	73.3369
33.009	73.3633
33.0106	73.3896
33.0122	73.416
33.0138	73.4424
33.0154	73.4688
33.017	73.4951
33.0186	73.5215
33.0202	73.5479
33.0218	73.5742
33.0234	73.6006
33.025	73.627
33.0266	73.6533
33.0282	73.6797
33.0298	73.7061
33.0314	73.7324
33.033	73.7588
33.0346	73.7852
33.0362	73.8115
33.0378	73.8379
33.0394	73.8643
33.041	73.8906
33.0426	73.917
33.0442	73.9434
33.0458	73.9697
33.0474	73.9961
33.049	74.0225
33.0506	74.0488
33.0522	74.0752
33.0538	74.1016
33.0554	74.1279
33.057	74.1543
33.0586	74.1807
33.0602	74.207
33.0618	74.2334
33.0634	74.2598
33.065	74.2861
33.0666	74.3125
33.0683	74.3389
33.0699	74.3652
33.0715	74.3916
33.0731	74.418
33.0747	74.4443
33.0763	74.4707
33.0779	74.4971
33.0795	74.5234
33.0811	74.5498
33.0827	74.5762
33.0843	74.6025
33.0859	74.6289
33.0875	74.6553
33.0891	74.6816
33.0907	74.708
33.0923	74.7344
33.0939	74.7607
33.0955	74.7871
33.0971	74.8135
33.0987	74.8398
33.1003	74.8662
33.1019	74.8926
33.1035	74.9189
33.1051	74.9453
33.1067	74.9717
33.1083	74.998
33.1099	75.0244
33.1115	75.0508
33.1131	75.0771
33.1147	75.1035
33.1163	75.1299
33.1179	75.1562
33.1195	75.1826
33.1211	75.209
33.1227	75.2354
33.1243	75.2617
33.1259	75.2881
33.1275	75.3145
33.1291	75.3408
33.1307	75.3672
33.1323	75.3936
33.1339	75.4199
33.1355	75.4463
33.1371	75.4727
33.1387	75.499
33.1403	75.5254
33.1419	75.5518
33.1436	75.5781
33.1452	75.6045
33.1468	75.6309
33.1484	75.6572
33.15	75.6836
33.1516	75.71
33.1532	75.7363
33.1548	75.7627
33.1564	75.7891
33.158	75.8154
33.1596	75.8418
33.1612	75.8672
33.1628	75.8926
33.1644	75.918
33.166	75.9434
33.1676	75.9688
33.1692	75.9941
33.1708	76.0195
33.1724	76.0449
33.174	76.0703
33.1756	76.0957
33.1772	76.1211
33.1788	76.1465
33.1804	76.1719
33.182	76.1973
33.1836	76.2227
33.1852	76.248
33.1868	76.2734
33.1884	76.2988
33.19	76.3242
33.1916	76.3496
33.1932	76.375
33.1948	76.4004
33.1964	76.4258
33.198	76.4512
33.1996	76.4766
33.2012	76.502
33.2028	76.5273
33.2044	76.5527
33.206	76.5781
33.2076	76.6035
33.2092	76.6289
33.2108	76.6543
33.2124	76.6797
33.214	76.7051
33.2156	76.7305
33.2172	76.7559
33.2189	76.7812
33.2205	76.8066
33.2221	76.832
33.2237	76.8574
33.2253	76.8828
33.2269	76.9082
33.2285	76.9336
33.2301	76.959
33.2317	76.9844
33.2333	77.0098
33.2349	77.0352
33.2365	77.0605
33.2381	77.0859
33.2397	77.1113
33.2413	77.1367
33.2429	77.1621
33.2445	77.1875
33.2461	77.2129
33.2477	77.2383
33.2493	77.2637
33.2509	77.2891
33.2525	77.3145
33.2541	77.3398
33.2557	77.3652
33.2573	77.3906
33.2589	77.416
33.2605	77.4414
33.2621	77.4668
33.2637	77.4922
33.2653	77.5176
33.2669	77.543
33.2685	77.5684
33.2701	77.5938
33.2717	77.6191
33.2733	77.6445
33.2749	77.6699
33.2765	77.6953
33.2781	77.7207
33.2797	77.7461
33.2813	77.7715
33.2829	77.7969
33.2845	77.8223
33.2861	77.8477
33.2877	77.873
33.2893	77.8984
33.2909	77.9238
33.2925	77.9492
33.2942	77.9746
33.2958	78
33.2974	78.0254
33.299	78.0508
33.3006	78.0762
33.3022	78.1016
33.3038	78.127
33.3054	78.1523
33.307	78.1777
33.3086	78.2031
33.3102	78.2285
33.3118	78.2539
33.3134	78.2793
33.315	78.3047
33.3166	78.3301
33.3182	78.3555
33.3198	78.3809
33.3214	78.4062
33.323	78.4316
33.3246	78.457
33.3262	78.4824
33.3278	78.5078
33.3294	78.5332
33.331	78.5586
33.3326	78.584
33.3342	78.6094
33.3358	78.6348
33.3374	78.6602
33.339	78.6855
33.3406	78.7109
33.3422	78.7363
33.3438	78.7617
33.3454	78.7861
33.347	78.8105
33.3486	78.835
33.3502	78.8594
33.3518	78.8838
33.3534	78.9082
33.355	78.9326
33.3566	78.957
33.3582	78.9814
33.3598	79.0059
33.3614	79.0303
33.363	79.0547
33.3646	79.0791
33.3662	79.1035
33.3678	79.1279
33.3695	79.1523
33.3711	79.1768
33.3727	79.2012
33.3743	79.2256
33.3759	79.25
33.3775	79.2744
33.3791	79.2988
33.3807	79.3232
33.3823	79.3477
33.3839	79.3721
33.3855	79.3965
33.3871	79.4209
33.3887	79.4453
33.3903	79.4697
33.3919	79.4941
33.3935	79.5186
33.3951	79.543
33.3967	79.5674
33.3983	79.5918
33.3999	79.6162
33.4015	79.6406
33.4031	79.665
33.4047	79.6895
33.4063	79.7139
33.4079	79.7383
33.4095	79.7627
33.4111	79.7871
33.4127	79.8115
33.4143	79.8359
33.4159	79.8604
33.4175	79.8848
33.4191	79.9092
33.4207	79.9336
33.4223	79.958
33.4239	79.9824
33.4255	80.0068
33.4271	80.0312
33.4287	80.0557
33.4303	80.0801
33.4319	80.1045
33.4335	80.1289
33.4351	80.1533
33.4367	80.1777
33.4383	80.2021
33.4399	80.2266
33.4415	80.251
33.4431	80.2754
33.4448	80.2998
33.4464	80.3242
33.448	80.3486
33.4496	80.373
33.4512	80.3975
33.4528	80.4219
33.4544	80.4463
33.456	80.4707
33.4576	80.4951
33.4592	80.5195
33.4608	80.5439
33.4624	80.5684
33.464	80.5928
33.4656	80.6172
33.4672	80.6416
33.4688	80.666
33.4704	80.6904
33.472	80.7148
33.4736	80.7393
33.4752	80.7637
33.4768	80.7881
33.4784	80.8125
33.48	80.8369
33.4816	80.8613
33.4832	80.8857
33.4848	80.9102
33.4864	80.9346
33.488	80.959
33.4896	80.9834
33.4912	81.0078
33.4928	81.0322
33.4944	81.0566
33.496	81.0811
33.4976	81.1055
33.4992	81.1299
33.5008	81.1543
33.5024	81.1787
33.504	81.2031
33.5056	81.2275
33.5072	81.252
33.5088	81.2764
33.5104	81.3008
33.512	81.3252
33.5136	81.3496
33.5152	81.374
33.5168	81.3984
33.5185	81.4229
33.5201	81.4473
33.5217	81.4717
33.5233	81.4961
33.5249	81.5205
33.5265	81.5449
33.5281	81.5693
33.5297	81.5938
33.5313	81.6182
33.5329	81.6426
33.5345	81.667
33.5361	81.6914
33.5377	81.7158
33.5393	81.7402
33.5409	81.7646
33.5425	81.7891
33.5441	81.8135
33.5457	81.8379
33.5473	81.8623
33.5489	81.8867
33.5505	81.9111
33.5521	81.9346
33.5537	81.958
33.5553	81.9814
33.5569	82.0049
33.5585	82.0283
33.5601	82.0518
33.5617	82.0752
33.5633	82.0986
33.5649	82.1221
33.5665	82.1455
33.5681	82.1689
33.5697	82.1924
33.5713	82.2158
33.5729	82.2393
33.5745	82.2627
33.5761	82.2861
33.5777	82.3096
33.5793	82.333
33.5809	82.3564
33.5825	82.3799
33.5841	82.4033
33.5857	82.4268
33.5873	82.4502
33.5889	82.4736
33.5905	82.4971
33.5921	82.5205
33.5938	82.5439
33.5954	82.5674
33.597	82.5908
33.5986	82.6143
33.6002	82.6377
33.6018	82.6611
33.6034	82.6846
33.605	82.708
33.6066	82.7314
33.6082	82.7549
33.6098	82.7783
33.6114	82.8018
33.613	82.8252
33.6146	82.8486
33.6162	82.8721
33.6178	82.8955
33.6194	82.9189
33.621	82.9424
33.6226	82.9658
33.6242	82.9893
33.6258	83.0127
33.6274	83.0361
33.629	83.0596
33.6306	83.083
33.6322	83.1064
33.6338	83.1299
33.6354	83.1533
33.637	83.1768
33.6386	83.2002
33.6402	83.2236
33.6418	83.2471
33.6434	83.2705
33.645	83.2939
33.6466	83.3174
33.6482	83.3408
33.6498	83.3643
33.6514	83.3877
33.653	83.4111
33.6546	83.4346
33.6562	83.458
33.6578	83.4814
33.6594	83.5049
33.661	83.5283
33.6626	83.5518
33.6642	83.5752
33.6658	83.5986
33.6674	83.6221
33.6691	83.6455
33.6707	83.6689
33.6723	83.6924
33.6739	83.7158
33.6755	83.7393
33.6771	83.7627
33.6787	83.7861
33.6803	83.8096
33.6819	83.833
33.6835	83.8564
33.6851	83.8799
33.6867	83.9033
33.6883	83.9268
33.6899	83.9502
33.6915	83.9736
33.6931	83.9971
33.6947	84.0205
33.6963	84.0439
33.6979	84.0674
33.6995	84.0908
33.7011	84.1143
33.7027	84.1377
33.7043	84.1611
33.7059	84.1846
33.7075	84.208
33.7091	84.2314
33.7107	84.2549
33.7123	84.2783
33.7139	84.3018
33.7155	84.3252
33.7171	84.3486
33.7187	84.3721
33.7203	84.3955
33.7219	84.4189
33.7235	84.4424
33.7251	84.4658
33.7267	84.4893
33.7283	84.5127
33.7299	84.5361
33.7315	84.5596
33.7331	84.583
33.7347	84.6064
33.7363	84.6299
33.7379	84.6533
33.7395	84.6768
33.7411	84.7002
33.7427	84.7236
33.7444	84.7471
33.746	84.7705
33.7476	84.7939
33.7492	84.8174
33.7508	84.8408
33.7524	84.8643
33.754	84.8877
33.7556	84.9111
33.7572	84.9346
33.7588	84.958
33.7604	84.9814
33.762	85.0049
33.7636	85.0283
33.7652	85.0518
33.7668	85.0752
33.7684	85.0986
33.77	85.1221
33.7716	85.1455
33.7732	85.1689
33.7748	85.1924
33.7764	85.2158
33.778	85.2393
33.7796	85.2627
33.7812	85.2861
33.7828	85.3096
33.7844	85.333
33.786	85.3555
33.7876	85.3779
33.7892	85.4004
33.7908	85.4229
33.7924	85.4453
33.794	85.4678
33.7956	85.4902
33.7972	85.5127
33.7988	85.5352
33.8004	85.5576
33.802	85.5801
33.8036	85.6025
33.8052	85.625
33.8068	85.6475
33.8084	85.6699
33.81	85.6924
33.8116	85.7148
33.8132	85.7373
33.8148	85.7598
33.8164	85.7822
33.818	85.8047
33.8197	85.8271
33.8213	85.8496
33.8229	85.8721
33.8245	85.8945
33.8261	85.917
33.8277	85.9395
33.8293	85.9619
33.8309	85.9844
33.8325	86.0068
33.8341	86.0293
33.8357	86.0518
33.8373	86.0742
33.8389	86.0967
33.8405	86.1191
33.8421	86.1416
33.8437	86.1641
33.8453	86.1865
33.8469	86.209
33.8485	86.2314
33.8501	86.2539
33.8517	86.2764
33.8533	86.2988
33.8549	86.3213
33.8565	86.3438
33.8581	86.3662
33.8597	86.3887
33.8613	86.4111
33.8629	86.4336
33.8645	86.4561
33.8661	86.4785
33.8677	86.501
33.8693	86.5234
33.8709	86.5459
33.8725	86.5684
33.8741	86.5908
33.8757	86.6133
33.8773	86.6357
33.8789	86.6582
33.8805	86.6807
33.8821	86.7031
33.8837	86.7256
33.8853	86.748
33.8869	86.7705
33.8885	86.793
33.8901	86.8154
33.8917	86.8379
33.8933	86.8604
33.895	86.8828
33.8966	86.9053
33.8982	86.9277
33.8998	86.9502
33.9014	86.9727
33.903	86.9951
33.9046	87.0176
33.9062	87.04
33.9078	87.0625
33.9094	87.085
33.911	87.1074
33.9126	87.1299
33.9142	87.1523
33.9158	87.1748
33.9174	87.1973
33.919	87.2197
33.9206	87.2422
33.9222	87.2646
33.9238	87.2871
33.9254	87.3096
33.927	87.332
33.9286	87.3545
33.9302	87.377
33.9318	87.3994
33.9334	87.4219
33.935	87.4443
33.9366	87.4668
33.9382	87.4893
33.9398	87.5117
33.9414	87.5342
33.943	87.5566
33.9446	87.5791
33.9462	87.6016
33.9478	87.624
33.9494	87.6465
33.951	87.6689
33.9526	87.6914
33.9542	87.7139
33.9558	87.7363
33.9574	87.7588
33.959	87.7812
33.9606	87.8037
33.9622	87.8262
33.9638	87.8486
33.9654	87.8711
33.967	87.8936
33.9686	87.916
33.9703	87.9385
33.9719	87.9609
33.9735	87.9834
33.9751	88.0059
33.9767	88.0283
33.9783	88.0508
33.9799	88.0732
33.9815	88.0957
33.9831	88.1182
33.9847	88.1406
33.9863	88.1631
33.9879	88.1855
33.9895	88.208
33.9911	88.2305
33.9927	88.2529
33.9943	88.2754
33.9959	88.2979
33.9975	88.3203
33.9991	88.3428
34.0007	88.3652
34.0023	88.3877
34.0039	88.4102
34.0055	88.4326
34.0071	88.4551
34.0087	88.4775
34.0103	88.5
34.0119	88.5225
34.0135	88.5449
34.0151	88.5674
34.0167	88.5898
34.0183	88.6123
34.0199	88.6348
34.0215	88.6572
34.0231	88.6797
34.0247	88.7021
34.0263	88.7246
34.0279	88.7471
34.0295	88.7695
34.0311	88.792
34.0327	88.8145
34.0343	88.8369
34.0359	88.8594
34.0375	88.8818
34.0391	88.9043
34.0407	88.9268
34.0423	88.9492
34.044	88.9717
34.0456	88.9941
34.0472	89.0166
34.0488	89.0391
34.0504	89.0605
34.052	89.082
34.0536	89.1035
34.0552	89.125
34.0568	89.1465
34.0584	89.168
34.06	89.1895
34.0616	89.2109
34.0632	89.2324
34.0648	89.2539
34.0664	89.2754
34.068	89.2969
34.0696	89.3184
34.0712	89.3398
34.0728	89.3613
34.0744	89.3828
34.076	89.4043
34.0776	89.4258
34.0792	89.4473
34.0808	89.4688
34.0824	89.4902
34.084	89.5117
34.0856	89.5332
34.0872	89.5547
34.0888	89.5762
34.0904	89.5977
34.092	89.6191
34.0936	89.6406
34.0952	89.6621
34.0968	89.6836
34.0984	89.7051
34.1	89.7266
34.1016	89.748
34.1032	89.7695
34.1048	89.791
34.1064	89.8125
34.108	89.834
34.1096	89.8555
34.1112	89.877
34.1128	89.8984
34.1144	89.9199
34.116	89.9414
34.1176	89.9629
34.1193	89.9844
34.1209	90.0059
34.1225	90.0273
34.1241	90.0488
34.1257	90.0703
34.1273	90.0918
34.1289	90.1133
34.1305	90.1348
34.1321	90.1562
34.1337	90.1777
34.1353	90.1992
34.1369	90.2207
34.1385	90.2422
34.1401	90.2637
34.1417	90.2852
34.1433	90.3066
34.1449	90.3281
34.1465	90.3496
34.1481	90.3711
34.1497	90.3926
34.1513	90.4141
34.1529	90.4355
34.1545	90.457
34.1561	90.4785
34.1577	90.5
34.1593	90.5215
34.1609	90.543
34.1625	90.5645
34.1641	90.5859
34.1657	90.6074
34.1673	90.6289
34.1689	90.6504
34.1705	90.6719
34.1721	90.6934
34.1737	90.7148
34.1753	90.7363
34.1769	90.7578
34.1785	90.7793
34.1801	90.8008
34.1817	90.8223
34.1833	90.8438
34.1849	90.8652
34.1865	90.8867
34.1881	90.9082
34.1897	90.9297
34.1913	90.9512
34.1929	90.9727
34.1946	90.9941
34.1962	91.0156
34.1978	91.0371
34.1994	91.0586
34.201	91.0801
34.2026	91.1016
34.2042	91.123
34.2058	91.1445
34.2074	91.166
34.209	91.1875
34.2106	91.209
34.2122	91.2305
34.2138	91.252
34.2154	91.2734
34.217	91.2949
34.2186	91.3164
34.2202	91.3379
34.2218	91.3594
34.2234	91.3809
34.225	91.4023
34.2266	91.4238
34.2282	91.4453
34.2298	91.4668
34.2314	91.4883
34.233	91.5098
34.2346	91.5312
34.2362	91.5527
34.2378	91.5742
34.2394	91.5957
34.241	91.6172
34.2426	91.6387
34.2442	91.6602
34.2458	91.6816
34.2474	91.7031
34.249	91.7246
34.2506	91.7461
34.2522	91.7676
34.2538	91.7891
34.2554	91.8105
34.257	91.832
34.2586	91.8535
34.2602	91.875
34.2618	91.8965
34.2634	91.918
34.265	91.9395
34.2666	91.9609
34.2682	91.9824
34.2699	92.0039
34.2715	92.0254
34.2731	92.0469
34.2747	92.0684
34.2763	92.0898
34.2779	92.1113
34.2795	92.1328
34.2811	92.1543
34.2827	92.1758
34.2843	92.1973
34.2859	92.2188
34.2875	92.2402
34.2891	92.2617
34.2907	92.2832
34.2923	92.3047
34.2939	92.3262
34.2955	92.3477
34.2971	92.3691
34.2987	92.3906
34.3003	92.4121
34.3019	92.4336
34.3035	92.4551
34.3051	92.4766
34.3067	92.498
34.3083	92.5195
34.3099	92.541
34.3115	92.5625
34.3131	92.584
34.3147	92.6055
34.3163	92.627
34.3179	92.6484
34.3195	92.6699
34.3211	92.6914
34.3227	92.7129
34.3243	92.7344
34.3259	92.7559
34.3275	92.7773
34.3291	92.7988
34.3307	92.8203
34.3323	92.8418
34.3339	92.8633
34.3355	92.8848
34.3371	92.9062
34.3387	92.9277
34.3403	92.9492
34.3419	92.9707
34.3435	92.9922
34.3452	93.0137
34.3468	93.0352
34.3484	93.0566
34.35	93.0781
34.3516	93.0986
34.3532	93.1191
34.3548	93.1396
34.3564	93.1602
34.358	93.1807
34.3596	93.2012
34.3612	93.2217
34.3628	93.2422
34.3644	93.2627
34.366	93.2832
34.3676	93.3037
34.3692	93.3242
34.3708	93.3447
34.3724	93.3652
34.374	93.3857
34.3756	93.4062
34.3772	93.4268
34.3788	93.4473
34.3804	93.4678
34.382	93.4883
34.3836	93.5088
34.3852	93.5293
34.3868	93.5498
34.3884	93.5703
34.39	93.5908
34.3916	93.6113
34.3932	93.6318
34.3948	93.6523
34.3964	93.6729
34.398	93.6934
34.3996	93.7139
34.4012	93.7344
34.4028	93.7549
34.4044	93.7754
34.406	93.7959
34.4076	93.8164
34.4092	93.8369
34.4108	93.8574
34.4124	93.8779
34.414	93.8984
34.4165	91.9141
34.4173	90.5
34.4181	89.6689
34.4189	88.9199
34.4197	88.1719
34.4205	87.4229
34.4213	86.6738
34.4221	85.9258
34.4229	85.1768
34.4237	84.4287
34.4245	83.6797
34.4253	82.9307
34.4261	82.1826
34.4269	81.4336
34.4277	80.6855
34.4285	79.9365
34.4293	79.1875
34.4301	78.4395
34.4309	77.6904
34.4317	76.9424
34.4325	76.1934
34.4333	75.4453
34.4341	74.6963
34.4349	73.9473
34.4357	73.1992
34.4365	72.4502
34.4373	71.7021
34.4381	70.9531
34.4389	70.2041
34.4397	69.4561
34.4405	68.707
34.4413	67.959
34.4421	67.21
34.4429	66.4609
34.4437	65.7129
34.4445	64.9639
34.4453	64.2158
34.4461	63.4668
34.4469	62.7188
34.4477	61.9697
34.4485	61.2207
34.4493	60.4727
34.4501	59.7236
34.4509	58.9756
34.4517	58.2266
34.4525	57.4775
34.4533	56.7295
34.4541	55.9805
34.4549	55.2324
34.4557	54.4834
34.4565	53.7344
34.4573	52.9863
34.4581	52.2373
34.4589	51.4893
34.4597	50.7402
34.4605	49.9922
34.4613	49.2432
34.4621	48.4941
34.4629	47.7461
34.4637	46.9971
34.4645	46.249
34.4653	45.25
34.4661	44.1484
34.4685	45.25
34.4685	45.2939
34.4701	45.3379
34.4717	45.3818
34.4733	45.4258
34.4749	45.4697
34.4765	45.5137
34.4781	45.5566
34.4797	45.5996
34.4813	45.6426
34.4829	45.6855
34.4845	45.7285
34.4861	45.7715
34.4871	45.8145
34.4943	45.8574
34.496	45.9004
34.4976	45.9434
34.4992	45.9863
34.5008	46.0293
34.5024	46.0723
34.504	46.1152
34.5056	46.1582
34.5072	46.2012
34.5088	46.2441
34.5104	46.2871
34.512	46.3301
34.5136	46.373
34.5152	46.416
34.5168	46.459
34.5184	46.502
34.52	46.5449
34.5216	46.5869
34.5232	46.6289
34.5248	46.6709
34.5264	46.7129
34.528	46.7549
34.5296	46.7969
34.5312	46.8389
34.5328	46.8809
34.5344	46.9229
34.536	46.9648
34.5376	47.0068
34.5392	47.0488
34.5408	47.0908
34.5424	47.1328
34.544	47.1748
34.5456	47.2168
34.5472	47.2588
34.5488	47.3008
34.5504	47.3428
34.552	47.3848
34.5536	47.4268
34.5552	47.4688
34.5568	47.5107
34.5584	47.5527
34.56	47.5947
34.5616	47.6367
34.5632	47.6777
34.5648	47.7188
34.5664	47.7598
34.568	47.8008
34.5696	47.8418
34.5713	47.8828
34.5729	47.9238
34.5745	47.9648
34.5761	48.0059
34.5777	48.0469
34.5793	48.0879
34.5809	48.1289
34.5825	48.1699
34.5841	48.2109
34.5857	48.252
34.5873	48.293
34.5889	48.334
34.5905	48.375
34.5921	48.416
34.5937	48.457
34.5953	48.498
34.5969	48.5391
34.5985	48.5801
34.6001	48.6211
34.6017	48.6621
34.6033	48.7031
34.6049	48.7441
34.6065	48.7852
34.6081	48.8252
34.6097	48.8652
34.6113	48.9053
34.6129	48.9453
34.6145	48.9854
34.6161	49.0254
34.6177	49.0654
34.6193	49.1055
34.6209	49.1455
34.6225	49.1855
34.6241	49.2256
34.6257	49.2656
34.6273	49.3057
34.6289	49.3457
34.6305	49.3857
34.6321	49.4258
34.6337	49.4658
34.6353	49.5059
34.6369	49.5459
34.6385	49.5859
34.6401	49.626
34.6417	49.666
34.6433	49.7061
34.6449	49.7461
34.6466	49.7861
34.6482	49.8262
34.6498	49.8662
34.6514	49.9062
34.653	49.9463
34.6546	49.9854
34.6562	50.0244
34.6578	50.0635
34.6594	50.1025
34.661	50.1416
34.6626	50.1807
34.6642	50.2197
34.6658	50.2588
34.6674	50.2979
34.669	50.3369
34.6706	50.376
34.6722	50.415
34.6738	50.4541
34.6754	50.4932
34.677	50.5322
34.6786	50.5713
34.6802	50.6104
34.6818	50.6494
34.6834	50.6885
34.685	50.7275
34.6866	50.7666
34.6882	50.8057
34.6898	50.8447
34.6914	50.8838
34.693	50.9229
34.6946	50.9619
34.6962	51.001
34.6978	51.04
34.6994	51.0791
34.701	51.1182
34.7026	51.1572
34.7042	51.1963
34.7058	51.2344
34.7074	51.2725
34.709	51.3105
34.7106	51.3486
34.7122	51.3867
34.7138	51.4248
34.7154	51.4629
34.717	51.501
34.7186	51.5391
34.7203	51.5771
34.7219	51.6152
34.7235	51.6533
34.7251	51.6914
34.7267	51.7295
34.7283	51.7676
34.7299	51.8057
34.7315	51.8438
34.7331	51.8818
34.7347	51.9199
34.7363	51.958
34.7379	51.9961
34.7395	52.0342
34.7411	52.0723
34.7427	52.1104
34.7443	52.1484
34.7459	52.1865
34.7475	52.2246
34.7491	52.2627
34.7507	52.3008
34.7523	52.3389
34.7539	52.377
34.7555	52.415
34.7571	52.4531
34.7587	52.4912
34.7603	52.5293
34.7619	52.5664
34.7635	52.6035
34.7651	52.6406
34.7667	52.6777
34.7683	52.7148
34.7699	52.752
34.7715	52.7891
34.7731	52.8262
34.7747	52.8633
34.7763	52.9004
34.7779	52.9375
34.7795	52.9746
34.7811	53.0117
34.7827	53.0488
34.7843	53.0859
34.7859	53.123
34.7875	53.1602
34.7891	53.1973
34.7907	53.2344
34.7923	53.2715
34.7939	53.3086
34.7956	53.3457
34.7972	53.3828
34.7988	53.4199
34.8004	53.457
34.802	53.4941
34.8036	53.5312
34.8052	53.5684
34.8068	53.6055
34.8084	53.6426
34.81	53.6797
34.8116	53.7168
34.8132	53.7539
34.8148	53.791
34.8164	53.8281
34.818	53.8652
34.8196	53.9023
34.8212	53.9385
34.8228	53.9746
34.8244	54.0107
34.826	54.0469
34.8276	54.083
34.8292	54.1191
34.8308	54.1553
34.8324	54.1914
34.834	54.2275
34.8356	54.2637
34.8372	54.2998
34.8388	54.3359
34.8404	54.3721
34.842	54.4082
34.8436	54.4443
34.8452	54.4805
34.8468	54.5166
34.8484	54.5527
34.85	54.5889
34.8516	54.625
34.8532	54.6611
34.8548	54.6973
34.8564	54.7334
34.858	54.7695
34.8596	54.8057
34.8612	54.8418
34.8628	54.8779
34.8644	54.9141
34.866	54.9502
34.8676	54.9863
34.8692	55.0225
34.8709	55.0586
34.8725	55.0947
34.8741	55.1309
34.8757	55.167
34.8773	55.2031
34.8789	55.2393
34.8805	55.2754
34.8821	55.3115
34.8837	55.3477
34.8853	55.3828
34.8869	55.418
34.8885	55.4531
34.8901	55.4883
34.8917	55.5234
34.8933	55.5586
34.8949	55.5938
34.8965	55.6289
34.8981	55.6641
34.8997	55.6992
34.9013	55.7344
34.9029	55.7695
34.9045	55.8047
34.9061	55.8398
34.9077	55.875
34.9093	55.9102
34.9109	55.9453
34.9125	55.9805
34.9141	56.0156
34.9157	56.0508
34.9173	56.0859
34.9189	56.1211
34.9205	56.1562
34.9221	56.1914
34.9237	56.2266
34.9253	56.2617
34.9269	56.2969
34.9285	56.332
34.9301	56.3672
34.9317	56.4023
34.9333	56.4375
34.9349	56.4727
34.9365	56.5078
34.9381	56.543
34.9397	56.5781
34.9413	56.6133
34.9429	56.6484
34.9445	56.6836
34.9462	56.7188
34.9478	56.7539
34.9494	56.7891
34.951	56.8242
34.9526	56.8594
34.9542	56.8945
34.9558	56.9287
34.9574	56.9629
34.959	56.9971
34.9606	57.0312
34.9622	57.0654
34.9638	57.0996
34.9654	57.1338
34.967	57.168
34.9686	57.2021
34.9702	57.2363
34.9718	57.2705
34.9734	57.3047
34.975	57.3389
34.9766	57.373
34.9782	57.4072
34.9798	57.4414
34.9814	57.4756
34.983	57.5098
34.9846	57.5439
34.9862	57.5781
34.9878	57.6123
34.9894	57.6465
34.991	57.6807
34.9926	57.7148
34.9942	57.749
34.9958	57.7832
34.9974	57.8174
34.999	57.8516
35.0006	57.8857
35.0022	57.9199
35.0038	57.9541
35.0054	57.9883
35.007	58.0225
35.0086	58.0566
35.0102	58.0908
35.0118	58.125
35.0134	58.1592
35.015	58.1934
35.0166	58.2275
35.0182	58.2617
35.0198	58.2959
35.0215	58.3301
35.0231	58.3643
35.0247	58.3984
35.0263	58.4326
35.0279	58.4668
35.0295	58.501
35.0311	58.5352
35.0327	58.5684
35.0343	58.6016
35.0359	58.6348
35.0375	58.668
35.0391	58.7012
35.0407	58.7344
35.0423	58.7676
35.0439	58.8008
35.0455	58.834
35.0471	58.8672
35.0487	58.9004
35.0503	58.9336
35.0519	58.9668
35.0535	59
35.0551	59.0332
35.0567	59.0664
35.0583	59.0996
35.0599	59.1328
35.0615	59.166
35.0631	59.1992
35.0647	59.2324
35.0663	59.2656
35.0679	59.2988
35.0695	59.332
35.0711	59.3652
35.0727	59.3984
35.0743	59.4316
35.0759	59.4648
35.0775	59.498
35.0791	59.5312
35.0807	59.5645
35.0823	59.5977
35.0839	59.6309
35.0855	59.6641
35.0871	59.6973
35.0887	59.7305
35.0903	59.7637
35.0919	59.7969
35.0935	59.8301
35.0951	59.8633
35.0968	59.8965
35.0984	59.9297
35.1	59.9629
35.1016	59.9961
35.1032	60.0293
35.1048	60.0625
35.1064	60.0957
35.108	60.1289
35.1096	60.1621
35.1112	60.1953
35.1128	60.2285
35.1144	60.2607
35.116	60.293
35.1176	60.3252
35.1192	60.3574
35.1208	60.3896
35.1224	60.4219
35.124	60.4541
35.1256	60.4863
35.1272	60.5186
35.1288	60.5508
35.1304	60.583
35.132	60.6152
35.1336	60.6475
35.1352	60.6797
35.1368	60.7119
35.1384	60.7441
35.14	60.7764
35.1416	60.8086
35.1432	60.8408
35.1448	60.873
35.1464	60.9053
35.148	60.9375
35.1496	60.9697
35.1512	61.002
35.1528	61.0342
35.1544	61.0664
35.156	61.0986
35.1576	61.1309
35.1592	61.1631
35.1608	61.1953
35.1624	61.2275
35.164	61.2598
35.1656	61.292
35.1672	61.3242
35.1688	61.3564
35.1704	61.3887
35.1721	61.4209
35.1737	61.4531
35.1753	61.4854
35.1769	61.5176
35.1785	61.5498
35.1801	61.582
35.1817	61.6143
35.1833	61.6465
35.1849	61.6787
35.1865	61.7109
35.1881	61.7432
35.1897	61.7754
35.1913	61.8076
35.1929	61.8398
35.1945	61.8721
35.1961	61.9043
35.1977	61.9365
35.1993	61.9688
35.2009	62.001
35.2025	62.0332
35.2041	62.0654
35.2057	62.0967
35.2073	62.1279
35.2089	62.1592
35.2105	62.1904
35.2121	62.2217
35.2137	62.2529
35.2153	62.2842
35.2169	62.3154
35.2185	62.3467
35.2201	62.3779
35.2217	62.4092
35.2233	62.4404
35.2249	62.4717
35.2265	62.5029
35.2281	62.5342
35.2297	62.5654
35.2313	62.5967
35.2329	62.6279
35.2345	62.6592
35.2361	62.6904
35.2377	62.7217
35.2393	62.7529
35.2409	62.7842
35.2425	62.8154
35.2441	62.8467
35.2457	62.8779
35.2474	62.9092
35.249	62.9404
35.2506	62.9717
35.2522	63.0029
35.2538	63.0342
35.2554	63.0654
35.257	63.0967
35.2586	63.1279
35.2602	63.1592
35.2618	63.1904
35.2634	63.2217
35.265	63.2529
35.2666	63.2842
35.2682	63.3154
35.2698	63.3467
35.2714	63.3779
35.273	63.4092
35.2746	63.4404
35.2762	63.4717
35.2778	63.5029
35.2794	63.5342
35.281	63.5654
35.2826	63.5967
35.2842	63.6279
35.2858	63.6592
35.2874	63.6904
35.289	63.7217
35.2906	63.7529
35.2922	63.7842
35.2938	63.8154
35.2954	63.8467
35.297	63.8779
35.2986	63.9092
35.3002	63.9404
35.3018	63.9717
35.3034	64.0029
35.305	64.0332
35.3066	64.0635
35.3082	64.0938
35.3098	64.124
35.3114	64.1543
35.313	64.1846
35.3146	64.2148
35.3162	64.2451
35.3178	64.2754
35.3194	64.3057
35.3211	64.3359
35.3227	64.3662
35.3243	64.3965
35.3259	64.4268
35.3275	64.457
35.3291	64.4873
35.3307	64.5176
35.3323	64.5479
35.3339	64.5781
35.3355	64.6084
35.3371	64.6387
35.3387	64.6689
35.3403	64.6992
35.3419	64.7295
35.3435	64.7598
35.3451	64.79
35.3467	64.8203
35.3483	64.8506
35.3499	64.8809
35.3515	64.9111
35.3531	64.9414
35.3547	64.9717
35.3563	65.002
35.3579	65.0322
35.3595	65.0625
35.3611	65.0928
35.3627	65.123
35.3643	65.1533
35.3659	65.1836
35.3675	65.2139
35.3691	65.2441
35.3707	65.2744
35.3723	65.3047
35.3739	65.335
35.3755	65.3652
35.3771	65.3955
35.3787	65.4258
35.3803	65.4561
35.3819	65.4863
35.3835	65.5166
35.3851	65.5469
35.3867	65.5771
35.3883	65.6074
35.3899	65.6377
35.3915	65.668
35.3931	65.6982
35.3947	65.7285
35.3964	65.7588
35.398	65.7891
35.3996	65.8193
35.4012	65.8496
35.4028	65.8799
35.4044	65.9102
35.406	65.9404
35.4076	65.9707
35.4092	66.001
35.4108	66.0312
35.4124	66.0615
35.414	66.0908
35.4156	66.1201
35.4172	66.1494
35.4188	66.1787
35.4204	66.208
35.422	66.2373
35.4236	66.2666
35.4252	66.2959
35.4268	66.3252
35.4284	66.3545
35.43	66.3838
35.4316	66.4131
35.4332	66.4424
35.4348	66.4717
35.4364	66.501
35.438	66.5303
35.4396	66.5596
35.4412	66.5889
35.4428	66.6182
35.4444	66.6475
35.446	66.6768
35.4476	66.7061
35.4492	66.7354
35.4508	66.7646
35.4524	66.7939
35.454	66.8232
35.4556	66.8525
35.4572	66.8818
35.4588	66.9111
35.4604	66.9404
35.462	66.9697
35.4636	66.999
35.4652	67.0283
35.4668	67.0576
35.4684	67.0869
35.47	67.1162
35.4717	67.1455
35.4733	67.1748
35.4749	67.2041
35.4765	67.2334
35.4781	67.2627
35.4797	67.292
35.4813	67.3213
35.4829	67.3506
35.4845	67.3799
35.4861	67.4092
35.4877	67.4385
35.4893	67.4678
35.4909	67.4971
35.4925	67.5264
35.4941	67.5557
35.4957	67.585
35.4973	67.6143
35.4989	67.6436
35.5005	67.6729
35.5021	67.7021
35.5037	67.7314
35.5053	67.7607
35.5069	67.79
35.5085	67.8193
35.5101	67.8486
35.5117	67.8779
35.5133	67.9072
35.5149	67.9365
35.5165	67.9658
35.5181	67.9951
35.5197	68.0244
35.5213	68.0537
35.5229	68.083
35.5245	68.1123
35.5261	68.1416
35.5277	68.1709
35.5293	68.2002
35.5309	68.2295
35.5325	68.2588
35.5341	68.2871
35.5357	68.3154
35.5373	68.3438
35.5389	68.3721
35.5405	68.4004
35.5421	68.4287
35.5437	68.457
35.5453	68.4854
35.547	68.5137
35.5486	68.542
35.5502	68.5703
35.5518	68.5986
35.5534	68.627
35.555	68.6553
35.5566	68.6836
35.5582	68.7119
35.5598	68.7402
35.5614	68.7686
35.563	68.7969
35.5646	68.8252
35.5662	68.8535
35.5678	68.8818
35.5694	68.9102
35.571	68.9385
35.5726	68.9668
35.5742	68.9951
35.5758	69.0234
35.5774	69.0518
35.579	69.0801
35.5806	69.1084
35.5822	69.1367
35.5838	69.165
35.5854	69.1934
35.587	69.2217
35.5886	69.25
35.5902	69.2783
35.5918	69.3066
35.5934	69.335
35.595	69.3633
35.5966	69.3916
35.5982	69.4199
35.5998	69.4482
35.6014	69.4766
35.603	69.5049
35.6046	69.5332
35.6062	69.5615
35.6078	69.5898
35.6094	69.6182
35.611	69.6465
35.6126	69.6748
35.6142	69.7031
35.6158	69.7314
35.6174	69.7598
35.619	69.7881
35.6206	69.8164
35.6223	69.8447
35.6239	69.873
35.6255	69.9014
35.6271	69.9297
35.6287	69.958
35.6303	69.9863
35.6319	70.0146
35.6335	70.043
35.6351	70.0713
35.6367	70.0996
35.6383	70.1279
35.6399	70.1562
35.6415	70.1846
35.6431	70.2129
35.6447	70.2412
35.6463	70.2695
35.6479	70.2979
35.6495	70.3262
35.6511	70.3545
35.6527	70.3828
35.6543	70.4111
35.6559	70.4395
35.6575	70.4678
35.6591	70.4961
35.6607	70.5244
35.6623	70.5527
35.6639	70.5811
35.6655	70.6094
35.6671	70.6367
35.6687	70.6641
35.6703	70.6914
35.6719	70.7188
35.6735	70.7461
35.6751	70.7734
35.6767	70.8008
35.6783	70.8281
35.6799	70.8555
35.6815	70.8828
35.6831	70.9102
35.6847	70.9375
35.6863	70.9648
35.6879	70.9922
35.6895	71.0195
35.6911	71.0469
35.6927	71.0742
35.6943	71.1016
35.6959	71.1289
35.6976	71.1562
35.6992	71.1836
35.7008	71.2109
35.7024	71.2383
35.704	71.2656
35.7056	71.293
35.7072	71.3203
35.7088	71.3477
35.7104	71.375
35.712	71.4023
35.7136	71.4297
35.7152	71.457
35.7168	71.4844
35.7184	71.5117
35.72	71.5391
35.7216	71.5664
35.7232	71.5938
35.7248	71.6211
35.7264	71.6484
35.728	71.6758
35.7296	71.7031
35.7312	71.7305
35.7328	71.7578
35.7344	71.7852
35.736	71.8125
35.7376	71.8398
35.7392	71.8672
35.7408	71.8945
35.7424	71.9219
35.744	71.9492
35.7456	71.9766
35.7472	72.0039
35.7488	72.0312
35.7504	72.0586
35.752	72.0859
35.7536	72.1133
35.7552	72.1406
35.7568	72.168
35.7584	72.1953
35.76	72.2227
35.7616	72.25
35.7632	72.2773
35.7648	72.3047
35.7664	72.332
35.768	72.3594
35.7696	72.3867
35.7712	72.4141
35.7729	72.4414
35.7745	72.4688
35.7761	72.4961
35.7777	72.5234
35.7793	72.5508
35.7809	72.5781
35.7825	72.6055
35.7841	72.6328
35.7857	72.6602
35.7873	72.6875
35.7889	72.7148
35.7905	72.7422
35.7921	72.7695
35.7937	72.7969
35.7953	72.8242
35.7969	72.8516
35.7985	72.8789
35.8001	72.9062
35.8017	72.9336
35.8033	72.9609
35.8049	72.9883
35.8065	73.0156
35.8081	73.043
35.8097	73.0703
35.8113	73.0977
35.8129	73.125
35.8145	73.1523
35.8161	73.1787
35.8177	73.2051
35.8193	73.2314
35.8209	73.2578
35.8225	73.2842
35.8241	73.3105
35.8257	73.3369
35.8273	73.3633
35.8289	73.3896
35.8305	73.416
35.8321	73.4424
35.8337	73.4688
35.8353	73.4951
35.8369	73.5215
35.8385	73.5479
35.8401	73.5742
35.8417	73.6006
35.8433	73.627
35.8449	73.6533
35.8466	73.6797
35.8482	73.7061
35.8498	73.7324
35.8514	73.7588
35.853	73.7852
35.8546	73.8115
35.8562	73.8379
35.8578	73.8643
35.8594	73.8906
35.861	73.917
35.8626	73.9434
35.8642	73.9697
35.8658	73.9961
35.8674	74.0225
35.869	74.0488
35.8706	74.0752
35.8722	74.1016
35.8738	74.1279
35.8754	74.1543
35.877	74.1807
35.8786	74.207
35.8802	74.2334
35.8818	74.2598
35.8834	74.2861
35.885	74.3125
35.8866	74.3389
35.8882	74.3652
35.8898	74.3916
35.8914	74.418
35.893	74.4443
35.8946	74.4707
35.8962	74.4971
35.8978	74.5234
35.8994	74.5498
35.901	74.5762
35.9026	74.6025
35.9042	74.6289
35.9058	74.6553
35.9074	74.6816
35.909	74.708
35.9106	74.7344
35.9122	74.7607
35.9138	74.7871
35.9154	74.8135
35.917	74.8398
35.9186	74.8662
35.9202	74.8926
35.9219	74.9189
35.9235	74.9453
35.9251	74.9717
35.9267	74.998
35.9283	75.0244
35.9299	75.0508
35.9315	75.0771
35.9331	75.1035
35.9347	75.1299
35.9363	75.1562
35.9379	75.1826
35.9395	75.209
35.9411	75.2354
35.9427	75.2617
35.9443	75.2881
35.9459	75.3145
35.9475	75.3408
35.9491	75.3672
35.9507	75.3936
35.9523	75.4199
35.9539	75.4463
35.9555	75.4727
35.9571	75.499
35.9587	75.5254
35.9603	75.5518
35.9619	75.5781
35.9635	75.6045
35.9651	75.6309
35.9667	75.6572
35.9683	75.6836
35.9699	75.71
35.9715	75.7363
35.9731	75.7627
35.9747	75.7891
35.9763	75.8154
35.9779	75.8418
35.9795	75.8672
35.9811	75.8926
35.9827	75.918
35.9843	75.9434
35.9859	75.9688
35.9875	75.9941
35.9891	76.0195
35.9907	76.0449
35.9923	76.0703
35.9939	76.0957
35.9955	76.1211
35.9972	76.1465
35.9988	76.1719
36.0004	76.1973
36.002	76.2227
36.0036	76.248
36.0052	76.2734
36.0068	76.2988
36.0084	76.3242
36.01	76.3496
36.0116	76.375
36.0132	76.4004
36.0148	76.4258
36.0164	76.4512
36.018	76.4766
36.0196	76.502
36.0212	76.5273
36.0228	76.5527
36.0244	76.5781
36.026	76.6035
36.0276	76.6289
36.0292	76.6543
36.0308	76.6797
36.0324	76.7051
36.034	76.7305
36.0356	76.7559
36.0372	76.7812
36.0388	76.8066
36.0404	76.832
36.042	76.8574
36.0436	76.8828
36.0452	76.9082
36.0468	76.9336
36.0484	76.959
36.05	76.9844
36.0516	77.0098
36.0532	77.0352
36.0548	77.0605
36.0564	77.0859
36.058	77.1113
36.0596	77.1367
36.0612	77.1621
36.0628	77.1875
36.0644	77.2129
36.066	77.2383
36.0676	77.2637
36.0692	77.2891
36.0708	77.3145
36.0725	77.3398
36.0741	77.3652
36.0757	77.3906
36.0773	77.416
36.0789	77.4414
36.0805	77.4668
36.0821	77.4922
36.0837	77.5176
36.0853	77.543
36.0869	77.5684
36.0885	77.5938
36.0901	77.6191
36.0917	77.6445
36.0933	77.6699
36.0949	77.6953
36.0965	77.7207
36.0981	77.7461
36.0997	77.7715
36.1013	77.7969
36.1029	77.8223
36.1045	77.8477
36.1061	77.873
36.1077	77.8984
36.1093	77.9238
36.1109	77.9492
36.1125	77.9746
36.1141	78
36.1157	78.0254
36.1173	78.0508
36.1189	78.0762
36.1205	78.1016
36.1221	78.127
36.1237	78.1523
36.1253	78.1777
36.1269	78.2031
36.1285	78.2285
36.1301	78.2539
36.1317	78.2793
36.1333	78.3047
36.1349	78.3301
36.1365	78.3555
36.1381	78.3809
36.1397	78.4062
36.1413	78.4316
36.1429	78.457
36.1445	78.4824
36.1461	78.5078
36.1478	78.5332
36.1494	78.5586
36.151	78.584
36.1526	78.6094
36.1542	78.6348
36.1558	78.6602
36.1574	78.6855
36.159	78.7109
36.1606	78.7363
36.1622	78.7617
36.1638	78.7861
36.1654	78.8105
36.167	78.835
36.1686	78.8594
36.1702	78.8838
36.1718	78.9082
36.1734	78.9326
36.175	78.957
36.1766	78.9814
36.1782	79.0059
36.1798	79.0303
36.1814	79.0547
36.183	79.0791
36.1846	79.1035
36.1862	79.1279
36.1878	79.1523
36.1894	79.1768
36.191	79.2012
36.1926	79.2256
36.1942	79.25
36.1958	79.2744
36.1974	79.2988
36.199	79.3232
36.2006	79.3477
36.2022	79.3721
36.2038	79.3965
36.2054	79.4209
36.207	79.4453
36.2086	79.4697
36.2102	79.4941
36.2118	79.5186
36.2134	79.543
36.215	79.5674
36.2166	79.5918
36.2182	79.6162
36.2198	79.6406
36.2214	79.665
36.2231	79.6895
36.2247	79.7139
36.2263	79.7383
36.2279	79.7627
36.2295	79.7871
36.2311	79.8115
36.2327	79.8359
36.2343	79.8604
36.2359	79.8848
36.2375	79.9092
36.2391	79.9336
36.2407	79.958
36.2423	79.9824
36.2439	80.0068
36.2455	80.0312
36.2471	80.0557
36.2487	80.0801
36.2503	80.1045
36.2519	80.1289
36.2535	80.1533
36.2551	80.1777
36.2567	80.2021
36.2583	80.2266
36.2599	80.251
36.2615	80.2754
36.2631	80.2998
36.2647	80.3242
36.2663	80.3486
36.2679	80.373
36.2695	80.3975
36.2711	80.4219
36.2727	80.4463
36.2743	80.4707
36.2759	80.4951
36.2775	80.5195
36.2791	80.5439
36.2807	80.5684
36.2823	80.5928
36.2839	80.6172
36.2855	80.6416
36.2871	80.666
36.2887	80.6904
36.2903	80.7148
36.2919	80.7393
36.2935	80.7637
36.2951	80.7881
36.2967	80.8125
36.2984	80.8369
36.3	80.8613
36.3016	80.8857
36.3032	80.9102
36.3048	80.9346
36.3064	80.959
36.308	80.9834
36.3096	81.0078
36.3112	81.0322
36.3128	81.0566
36.3144	81.0811
36.316	81.1055
36.3176	81.1299
36.3192	81.1543
36.3208	81.1787
36.3224	81.2031
36.324	81.2275
36.3256	81.252
36.3272	81.2764
36.3288	81.3008
36.3304	81.3252
36.332	81.3496
36.3336	81.374
36.3352	81.3984
36.3368	81.4229
36.3384	81.4473
36.34	81.4717
36.3416	81.4961
36.3432	81.5205
36.3448	81.5449
36.3464	81.5693
36.348	81.5938
36.3496	81.6182
36.3512	81.6426
36.3528	81.667
36.3544	81.6914
36.356	81.7158
36.3576	81.7402
36.3592	81.7646
36.3608	81.7891
36.3624	81.8135
36.364	81.8379
36.3656	81.8623
36.3672	81.8867
36.3688	81.9111
36.3704	81.9346
36.3721	81.958
36.3737	81.9814
36.3753	82.0049
36.3769	82.0283
36.3785	82.0518
36.3801	82.0752
36.3817	82.0986
36.3833	82.1221
36.3849	82.1455
36.3865	82.1689
36.3881	82.1924
36.3897	82.2158
36.3913	82.2393
36.3929	82.2627
36.3945	82.2861
36.3961	82.3096
36.3977	82.333
36.3993	82.3564
36.4009	82.3799
36.4025	82.4033
36.4041	82.4268
36.4057	82.4502
36.4073	82.4736
36.4089	82.4971
36.4105	82.5205
36.4121	82.5439
36.4137	82.5674
36.4153	82.5908
36.4169	82.6143
36.4185	82.6377
36.4201	82.6611
36.4217	82.6846
36.4233	82.708
36.4249	82.7314
36.4265	82.7549
36.4281	82.7783
36.4297	82.8018
36.4313	82.8252
36.4329	82.8486
36.4345	82.8721
36.4361	82.8955
36.4377	82.9189
36.4393	82.9424
36.4409	82.9658
36.4425	82.9893
36.4441	83.0127
36.4457	83.0361
36.4474	83.0596
36.449	83.083
36.4506	83.1064
36.4522	83.1299
36.4538	83.1533
36.4554	83.1768
36.457	83.2002
36.4586	83.2236
36.4602	83.2471
36.4618	83.2705
36.4634	83.2939
36.465	83.3174
36.4666	83.3408
36.4682	83.3643
36.4698	83.3877
36.4714	83.4111
36.473	83.4346
36.4746	83.458
36.4762	83.4814
36.4778	83.5049
36.4794	83.5283
36.481	83.5518
36.4826	83.5752
36.4842	83.5986
36.4858	83.6221
36.4874	83.6455
36.489	83.6689
36.4906	83.6924
36.4922	83.7158
36.4938	83.7393
36.4954	83.7627
36.497	83.7861
36.4986	83.8096
36.5002	83.833
36.5018	83.8564
36.5034	83.8799
36.505	83.9033
36.5066	83.9268
36.5082	83.9502
36.5098	83.9736
36.5114	83.9971
36.513	84.0205
36.5146	84.0439
36.5162	84.0674
36.5178	84.0908
36.5194	84.1143
36.521	84.1377
36.5227	84.1611
36.5243	84.1846
36.5259	84.208
36.5275	84.2314
36.5291	84.2549
36.5307	84.2783
36.5323	84.3018
36.5339	84.3252
36.5355	84.3486
36.5371	84.3721
36.5387	84.3955
36.5403	84.4189
36.5419	84.4424
36.5435	84.4658
36.5451	84.4893
36.5467	84.5127
36.5483	84.5361
36.5499	84.5596
36.5515	84.583
36.5531	84.6064
36.5547	84.6299
36.5563	84.6533
36.5579	84.6768
36.5595	84.7002
36.5611	84.7236
36.5627	84.7471
36.5643	84.7705
36.5659	84.7939
36.5675	84.8174
36.5691	84.8408
36.5707	84.8643
36.5723	84.8877
36.5739	84.9111
36.5755	84.9346
36.5771	84.958
36.5787	84.9814
36.5803	85.0049
36.5819	85.0283
36.5835	85.0518
36.5851	85.0752
36.5867	85.0986
36.5883	85.1221
36.5899	85.1455
36.5915	85.1689
36.5931	85.1924
36.5947	85.2158
36.5963	85.2393
36.598	85.2627
36.5996	85.2861
36.6012	85.3096
36.6028	85.333
36.6044	85.3555
36.606	85.3779
36.6076	85.4004
36.6092	85.4229
36.6108	85.4453
36.6124	85.4678
36.614	85.4902
36.6156	85.5127
36.6172	85.5352
36.6188	85.5576
36.6204	85.5801
36.622	85.6025
36.6236	85.625
36.6252	85.6475
36.6268	85.6699
36.6284	85.6924
36.63	85.7148
36.6316	85.7373
36.6332	85.7598
36.6348	85.7822
36.6364	85.8047
36.638	85.8271
36.6396	85.8496
36.6412	85.8721
36.6428	85.8945
36.6444	85.917
36.646	85.9395
36.6476	85.9619
36.6492	85.9844
36.6508	86.0068
36.6524	86.0293
36.654	86.0518
36.6556	86.0742
36.6572	86.0967
36.6588	86.1191
36.6604	86.1416
36.662	86.1641
36.6636	86.1865
36.6652	86.209
36.6668	86.2314
36.6684	86.2539
36.67	86.2764
36.6716	86.2988
36.6733	86.3213
36.6749	86.3438
36.6765	86.3662
36.6781	86.3887
36.6797	86.4111
36.6813	86.4336
36.6829	86.4561
36.6845	86.4785
36.6861	86.501
36.6877	86.5234
36.6893	86.5459
36.6909	86.5684
36.6925	86.5908
36.6941	86.6133
36.6957	86.6357
36.6973	86.6582
36.6989	86.6807
36.7005	86.7031
36.7021	86.7256
36.7037	86.748
36.7053	86.7705
36.7069	86.793
36.7085	86.8154
36.7101	86.8379
36.7117	86.8604
36.7133	86.8828
36.7149	86.9053
36.7165	86.9277
36.7181	86.9502
36.7197	86.9727
36.7213	86.9951
36.7229	87.0176
36.7245	87.04
36.7261	87.0625
36.7277	87.085
36.7293	87.1074
36.7309	87.1299
36.7325	87.1523
36.7341	87.1748
36.7357	87.1973
36.7373	87.2197
36.7389	87.2422
36.7405	87.2646
36.7421	87.2871
36.7437	87.3096
36.7453	87.332
36.7469	87.3545
36.7486	87.377
36.7502	87.3994
36.7518	87.4219
36.7534	87.4443
36.755	87.4668
36.7566	87.4893
36.7582	87.5117
36.7598	87.5342
36.7614	87.5566
36.763	87.5791
36.7646	87.6016
36.7662	87.624
36.7678	87.6465
36.7694	87.6689
36.771	87.6914
36.7726	87.7139
36.7742	87.7363
36.7758	87.7588
36.7774	87.7812
36.779	87.8037
36.7806	87.8262
36.7822	87.8486
36.7838	87.8711
36.7854	87.8936
36.787	87.916
36.7886	87.9385
36.7902	87.9609
36.7918	87.9834
36.7934	88.0059
36.795	88.0283
36.7966	88.0508
36.7982	88.0732
36.7998	88.0957
36.8014	88.1182
36.803	88.1406
36.8046	88.1631
36.8062	88.1855
36.8078	88.208
36.8094	88.2305
36.811	88.2529
36.8126	88.2754
36.8142	88.2979
36.8158	88.3203
36.8174	88.3428
36.819	88.3652
36.8206	88.3877
36.8222	88.4102
36.8239	88.4326
36.8255	88.4551
36.8271	88.4775
36.8287	88.5
36.8303	88.5225
36.8319	88.5449
36.8335	88.5674
36.8351	88.5898
36.8367	88.6123
36.8383	88.6348
36.8399	88.6572
36.8415	88.6797
36.8431	88.7021
36.8447	88.7246
36.8463	88.7471
36.8479	88.7695
36.8495	88.792
36.8511	88.8145
36.8527	88.8369
36.8543	88.8594
36.8559	88.8818
36.8575	88.9043
36.8591	88.9268
36.8607	88.9492
36.8623	88.9717
36.8639	88.9941
36.8655	89.0166
36.8671	89.0391
36.8687	89.0605
36.8703	89.082
36.8719	89.1035
36.8735	89.125
36.8751	89.1465
36.8767	89.168
36.8783	89.1895
36.8799	89.2109
36.8815	89.2324
36.8831	89.2539
36.8847	89.2754
36.8863	89.2969
36.8879	89.3184
36.8895	89.3398
36.8911	89.3613
36.8927	89.3828
36.8943	89.4043
36.8959	89.4258
36.8976	89.4473
36.8992	89.4688
36.9008	89.4902
36.9024	89.5117
36.904	89.5332
36.9056	89.5547
36.9072	89.5762
36.9088	89.5977
36.9104	89.6191
36.912	89.6406
36.9136	89.6621
36.9152	89.6836
36.9168	89.7051
36.9184	89.7266
36.92	89.748
36.9216	89.7695
36.9232	89.791
36.9248	89.8125
36.9264	89.834
36.928	89.8555
36.9296	89.877
36.9312	89.8984
36.9328	89.9199
36.9344	89.9414
36.936	89.9629
36.9376	89.9844
36.9392	90.0059
36.9408	90.0273
36.9424	90.0488
36.944	90.0703
36.9456	90.0918
36.9472	90.1133
36.9488	90.1348
36.9504	90.1562
36.952	90.1777
36.9536	90.1992
36.9552	90.2207
36.9568	90.2422
36.9584	90.2637
36.96	90.2852
36.9616	90.3066
36.9632	90.3281
36.9648	90.3496
36.9664	90.3711
36.968	90.3926
36.9696	90.4141
36.9712	90.4355
36.9729	90.457
36.9745	90.4785
36.9761	90.5
36.9777	90.5215
36.9793	90.543
36.9809	90.5645
36.9825	90.5859
36.9841	90.6074
36.9857	90.6289
36.9873	90.6504
36.9889	90.6719
36.9905	90.6934
36.9921	90.7148
36.9937	90.7363
36.9953	90.7578
36.9969	90.7793
36.9985	90.8008
37.0001	90.8223
37.0017	90.8438
37.0033	90.8652
37.0049	90.8867
37.0065	90.9082
37.0081	90.9297
37.0097	90.9512
37.0113	90.9727
37.0129	90.9941
37.0145	91.0156
37.0161	91.0371
37.0177	91.0586
37.0193	91.0801
37.0209	91.1016
37.0225	91.123
37.0241	91.1445
37.0257	91.166
37.0273	91.1875
37.0289	91.209
37.0305	91.2305
37.0321	91.252
37.0337	91.2734
37.0353	91.2949
37.0369	91.3164
37.0385	91.3379
37.0401	91.3594
37.0417	91.3809
37.0433	91.4023
37.0449	91.4238
37.0465	91.4453
37.0482	91.4668
37.0498	91.4883
37.0514	91.5098
37.053	91.5312
37.0546	91.5527
37.0562	91.5742
37.0578	91.5957
37.0594	91.6172
37.061	91.6387
37.0626	91.6602
37.0642	91.6816
37.0658	91.7031
37.0674	91.7246
37.069	91.7461
37.0706	91.7676
37.0722	91.7891
37.0738	91.8105
37.0754	91.832
37.077	91.8535
37.0786	91.875
37.0802	91.8965
37.0818	91.918
37.0834	91.9395
37.085	91.9609
37.0866	91.9824
37.0882	92.0039
37.0898	92.0254
37.0914	92.0469
37.093	92.0684
37.0946	92.0898
37.0962	92.1113
37.0978	92.1328
37.0994	92.1543
37.101	92.1758
37.1026	92.1973
37.1042	92.2188
37.1058	92.2402
37.1074	92.2617
37.109	92.2832
37.1106	92.3047
37.1122	92.3262
37.1138	92.3477
37.1154	92.3691
37.117	92.3906
37.1186	92.4121
37.1202	92.4336
37.1218	92.4551
37.1235	92.4766
37.1251	92.498
37.1267	92.5195
37.1283	92.541
37.1299	92.5625
37.1315	92.584
37.1331	92.6055
37.1347	92.627
37.1363	92.6484
37.1379	92.6699
37.1395	92.6914
37.1411	92.7129
37.1427	92.7344
37.1443	92.7559
37.1459	92.7773
37.1475	92.7988
37.1491	92.8203
37.1507	92.8418
37.1523	92.8633
37.1539	92.8848
37.1555	92.9062
37.1571	92.9277
37.1587	92.9492
37.1603	92.9707
37.1619	92.9922
37.1635	93.0137
37.1651	93.0352
37.1667	93.0566
37.1683	93.0781
37.1699	93.0986
37.1715	93.1191
37.1731	93.1396
37.1747	93.1602
37.1763	93.1807
37.1779	93.2012
37.1795	93.2217
37.1811	93.2422
37.1827	93.2627
37.1843	93.2832
37.1859	93.3037
37.1875	93.3242
37.1891	93.3447
37.1907	93.3652
37.1923	93.3857
37.1939	93.4062
37.1955	93.4268
37.1971	93.4473
37.1988	93.4678
37.2004	93.4883
37.202	93.5088
37.2036	93.5293
37.2052	93.5498
37.2068	93.5703
37.2084	93.5908
37.21	93.6113
37.2116	93.6318
37.2132	93.6523
37.2148	93.6729
37.2164	93.6934
37.218	93.7139
37.2196	93.7344
37.2212	93.7549
37.2228	93.7754
37.2244	93.7959
37.226	93.8164
37.2276	93.8369
37.2292	93.8574
37.2308	93.8779
37.2324	93.8984
37.2348	91.9141
37.2356	90.5
37.2364	89.6689
37.2372	88.9199
37.238	88.1719
37.2388	87.4229
37.2396	86.6738
37.2404	85.9258
37.2412	85.1768
37.242	84.4287
37.2428	83.6797
37.2436	82.9307
37.2444	82.1826
37.2452	81.4336
37.246	80.6855
37.2468	79.9365
37.2476	79.1875
37.2484	78.4395
37.2492	77.6904
37.25	76.9424
37.2508	76.1934
37.2516	75.4453
37.2524	74.6963
37.2532	73.9473
37.254	73.1992
37.2548	72.4502
37.2556	71.7021
37.2564	70.9531
37.2572	70.2041
37.258	69.4561
37.2588	68.707
37.2596	67.959
37.2604	67.21
37.2612	66.4609
37.262	65.7129
37.2628	64.9639
37.2636	64.2158
37.2644	63.4668
37.2652	62.7188
37.266	61.9697
37.2668	61.2207
37.2677	60.4727
37.2685	59.7236
37.2693	58.9756
37.2701	58.2266
37.2709	57.4775
37.2717	56.7295
37.2725	55.9805
37.2733	55.2324
37.2741	54.4834
37.2749	53.7344
37.2757	52.9863
37.2765	52.2373
37.2773	51.4893
37.2781	50.7402
37.2789	49.9922
37.2797	49.2432
37.2805	48.4941
37.2813	47.7461
37.2821	46.9971
37.2829	45.25
37.2837	44.4766
37.2869	45.25
37.2869	45.2939
37.2885	45.3379
37.2901	45.3818
37.2917	45.4258
37.2933	45.4697
37.2949	45.5137
37.2965	45.5566
37.2981	45.5996
37.2997	45.6426
37.3013	45.6855
37.3029	45.7285
37.3045	45.7715
37.3129	45.8145
37.3145	45.8574
37.3161	45.9004
37.3177	45.9434
37.3193	45.9863
37.3209	46.0293
37.3225	46.0723
37.3241	46.1152
37.3257	46.1582
37.3273	46.2012
37.3289	46.2441
37.3305	46.2871
37.3321	46.3301
37.3337	46.373
37.3353	46.416
37.3369	46.459
37.3385	46.502
37.3401	46.5449
37.3417	46.5869
37.3433	46.6289
37.3449	46.6709
37.3465	46.7129
37.3481	46.7549
37.3497	46.7969
37.3513	46.8389
37.3529	46.8809
37.3545	46.9229
37.3561	46.9648
37.3577	47.0068
37.3593	47.0488
37.3609	47.0908
37.3625	47.1328
37.3641	47.1748
37.3658	47.2168
37.3674	47.2588
37.369	47.3008
37.3706	47.3428
37.3722	47.3848
37.3738	47.4268
37.3754	47.4688
37.377	47.5107
37.3786	47.5527
37.3802	47.5947
37.3818	47.6367
37.3834	47.6777
37.385	47.7188
37.3866	47.7598
37.3882	47.8008
37.3898	47.8418
37.3914	47.8828
37.393	47.9238
37.3946	47.9648
37.3962	48.0059
37.3978	48.0469
37.3994	48.0879
37.401	48.1289
37.4026	48.1699
37.4042	48.2109
37.4058	48.252
37.4074	48.293
37.409	48.334
37.4106	48.375
37.4122	48.416
37.4138	48.457
37.4154	48.498
37.417	48.5391
37.4186	48.5801
37.4202	48.6211
37.4218	48.6621
37.4234	48.7031
37.425	48.7441
37.4266	48.7852
37.4282	48.8252
37.4298	48.8652
37.4314	48.9053
37.433	48.9453
37.4346	48.9854
37.4362	49.0254
37.4378	49.0654
37.4395	49.1055
37.4411	49.1455
37.4427	49.1855
37.4443	49.2256
37.4459	49.2656
37.4475	49.3057
37.4491	49.3457
37.4507	49.3857
37.4523	49.4258
37.4539	49.4658
37.4555	49.5059
37.4571	49.5459
37.4587	49.5859
37.4603	49.626
37.4619	49.666
37.4635	49.7061
37.4651	49.7461
37.4667	49.7861
37.4683	49.8262
37.4699	49.8662
37.4715	49.9062
37.4731	49.9463
37.4747	49.9854
37.4763	50.0244
37.4779	50.0635
37.4795	50.1025
37.4811	50.1416
37.4827	50.1807
37.4843	50.2197
37.4859	50.2588
37.4875	50.2979
37.4891	50.3369
37.4907	50.376
37.4923	50.415
37.4939	50.4541
37.4955	50.4932
37.4971	50.5322
37.4987	50.5713
37.5003	50.6104
37.5019	50.6494
37.5035	50.6885
37.5051	50.7275
37.5067	50.7666
37.5083	50.8057
37.5099	50.8447
37.5115	50.8838
37.5131	50.9229
37.5148	50.9619
37.5164	51.001
37.518	51.04
37.5196	51.0791
37.5212	51.1182
37.5228	51.1572
37.5244	51.1963
37.526	51.2344
37.5276	51.2725
37.5292	51.3105
37.5308	51.3486
37.5324	51.3867
37.534	51.4248
37.5356	51.4629
37.5372	51.501
37.5388	51.5391
37.5404	51.5771
37.542	51.6152
37.5436	51.6533
37.5452	51.6914
37.5468	51.7295
37.5484	51.7676
37.55	51.8057
37.5516	51.8438
37.5532	51.8818
37.5548	51.9199
37.5564	51.958
37.558	51.9961
37.5596	52.0342
37.5612	52.0723
37.5628	52.1104
37.5644	52.1484
37.566	52.1865
37.5676	52.2246
37.5692	52.2627
37.5708	52.3008
37.5724	52.3389
37.574	52.377
37.5756	52.415
37.5772	52.4531
37.5788	52.4912
37.5804	52.5293
37.582	52.5664
37.5836	52.6035
37.5852	52.6406
37.5868	52.6777
37.5884	52.7148
37.5901	52.752
37.5917	52.7891
37.5933	52.8262
37.5949	52.8633
37.5965	52.9004
37.5981	52.9375
37.5997	52.9746
37.6013	53.0117
37.6029	53.0488
37.6045	53.0859
37.6061	53.123
37.6077	53.1602
37.6093	53.1973
37.6109	53.2344
37.6125	53.2715
37.6141	53.3086
37.6157	53.3457
37.6173	53.3828
37.6189	53.4199
37.6205	53.457
37.6221	53.4941
37.6237	53.5312
37.6253	53.5684
37.6269	53.6055
37.6285	53.6426
37.6301	53.6797
37.6317	53.7168
37.6333	53.7539
37.6349	53.791
37.6365	53.8281
37.6381	53.8652
37.6397	53.9023
37.6413	53.9385
37.6429	53.9746
37.6445	54.0107
37.6461	54.0469
37.6477	54.083
37.6493	54.1191
37.6509	54.1553
37.6525	54.1914
37.6541	54.2275
37.6557	54.2637
37.6573	54.2998
37.6589	54.3359
37.6605	54.3721
37.6621	54.4082
37.6637	54.4443
37.6654	54.4805
37.667	54.5166
37.6686	54.5527
37.6702	54.5889
37.6718	54.625
37.6734	54.6611
37.675	54.6973
37.6766	54.7334
37.6782	54.7695
37.6798	54.8057
37.6814	54.8418
37.683	54.8779
37.6846	54.9141
37.6862	54.9502
37.6878	54.9863
37.6894	55.0225
37.691	55.0586
37.6926	55.0947
37.6942	55.1309
37.6958	55.167
37.6974	55.2031
37.699	55.2393
37.7006	55.2754
37.7022	55.3115
37.7038	55.3477
37.7054	55.3828
37.707	55.418
37.7086	55.4531
37.7102	55.4883
37.7118	55.5234
37.7134	55.5586
37.715	55.5938
37.7166	55.6289
37.7182	55.6641
37.7198	55.6992
37.7214	55.7344
37.723	55.7695
37.7246	55.8047
37.7262	55.8398
37.7278	55.875
37.7294	55.9102
37.731	55.9453
37.7326	55.9805
37.7342	56.0156
37.7358	56.0508
37.7374	56.0859
37.739	56.1211
37.7407	56.1562
37.7423	56.1914
37.7439	56.2266
37.7455	56.2617
37.7471	56.2969
37.7487	56.332
37.7503	56.3672
37.7519	56.4023
37.7535	56.4375
37.7551	56.4727
37.7567	56.5078
37.7583	56.543
37.7599	56.5781
37.7615	56.6133
37.7631	56.6484
37.7647	56.6836
37.7663	56.7188
37.7679	56.7539
37.7695	56.7891
37.7711	56.8242
37.7727	56.8594
37.7743	56.8945
37.7759	56.9287
37.7775	56.9629
37.7791	56.9971
37.7807	57.0312
37.7823	57.0654
37.7839	57.0996
37.7855	57.1338
37.7871	57.168
37.7887	57.2021
37.7903	57.2363
37.7919	57.2705
37.7935	57.3047
37.7951	57.3389
37.7967	57.373
37.7983	57.4072
37.7999	57.4414
37.8015	57.4756
37.8031	57.5098
37.8047	57.5439
37.8063	57.5781
37.8079	57.6123
37.8095	57.6465
37.8111	57.6807
37.8127	57.7148
37.8143	57.749
37.816	57.7832
37.8176	57.8174
37.8192	57.8516
37.8208	57.8857
37.8224	57.9199
37.824	57.9541
37.8256	57.9883
37.8272	58.0225
37.8288	58.0566
37.8304	58.0908
37.832	58.125
37.8336	58.1592
37.8352	58.1934
37.8368	58.2275
37.8384	58.2617
37.84	58.2959
37.8416	58.3301
37.8432	58.3643
37.8448	58.3984
37.8464	58.4326
37.848	58.4668
37.8496	58.501
37.8512	58.5352
37.8528	58.5684
37.8544	58.6016
37.856	58.6348
37.8576	58.668
37.8592	58.7012
37.8608	58.7344
37.8624	58.7676
37.864	58.8008
37.8656	58.834
37.8672	58.8672
37.8688	58.9004
37.8704	58.9336
37.872	58.9668
37.8736	59
37.8752	59.0332
37.8768	59.0664
37.8784	59.0996
37.88	59.1328
37.8816	59.166
37.8832	59.1992
37.8848	59.2324
37.8864	59.2656
37.888	59.2988
37.8896	59.332
37.8913	59.3652
37.8929	59.3984
37.8945	59.4316
37.8961	59.4648
37.8977	59.498
37.8993	59.5312
37.9009	59.5645
37.9025	59.5977
37.9041	59.6309
37.9057	59.6641
37.9073	59.6973
37.9089	59.7305
37.9105	59.7637
37.9121	59.7969
37.9137	59.8301
37.9153	59.8633
37.9169	59.8965
37.9185	59.9297
37.9201	59.9629
37.9217	59.9961
37.9233	60.0293
37.9249	60.0625
37.9265	60.0957
37.9281	60.1289
37.9297	60.1621
37.9313	60.1953
37.9329	60.2285
37.9345	60.2607
37.9361	60.293
37.9377	60.3252
37.9393	60.3574
37.9409	60.3896
37.9425	60.4219
37.9441	60.4541
37.9457	60.4863
37.9473	60.5186
37.9489	60.5508
37.9505	60.583
37.9521	60.6152
37.9537	60.6475
37.9553	60.6797
37.9569	60.7119
37.9585	60.7441
37.9601	60.7764
37.9617	60.8086
37.9633	60.8408
37.965	60.873
37.9666	60.9053
37.9682	60.9375
37.9698	60.9697
37.9714	61.002
37.973	61.0342
37.9746	61.0664
37.9762	61.0986
37.9778	61.1309
37.9794	61.1631
37.981	61.1953
37.9826	61.2275
37.9842	61.2598
37.9858	61.292
37.9874	61.3242
37.989	61.3564
37.9906	61.3887
37.9922	61.4209
37.9938	61.4531
37.9954	61.4854
37.997	61.5176
37.9986	61.5498
38.0002	61.582
38.0018	61.6143
38.0034	61.6465
38.005	61.6787
38.0066	61.7109
38.0082	61.7432
38.0098	61.7754
38.0114	61.8076
38.013	61.8398
38.0146	61.8721
38.0162	61.9043
38.0178	61.9365
38.0194	61.9688
38.021	62.001
38.0226	62.0332
38.0242	62.0654
38.0258	62.0967
38.0274	62.1279
38.029	62.1592
38.0306	62.1904
38.0322	62.2217
38.0338	62.2529
38.0354	62.2842
38.037	62.3154
38.0386	62.3467
38.0403	62.3779
38.0419	62.4092
38.0435	62.4404
38.0451	62.4717
38.0467	62.5029
38.0483	62.5342
38.0499	62.5654
38.0515	62.5967
38.0531	62.6279
38.0547	62.6592
38.0563	62.6904
38.0579	62.7217
38.0595	62.7529
38.0611	62.7842
38.0627	62.8154
38.0643	62.8467
38.0659	62.8779
38.0675	62.9092
38.0691	62.9404
38.0707	62.9717
38.0723	63.0029
38.0739	63.0342
38.0755	63.0654
38.0771	63.0967
38.0787	63.1279
38.0803	63.1592
38.0819	63.1904
38.0835	63.2217
38.0851	63.2529
38.0867	63.2842
38.0883	63.3154
38.0899	63.3467
38.0915	63.3779
38.0931	63.4092
38.0947	63.4404
38.0963	63.4717
38.0979	63.5029
38.0995	63.5342
38.1011	63.5654
38.1027	63.5967
38.1043	63.6279
38.1059	63.6592
38.1075	63.6904
38.1091	63.7217
38.1107	63.7529
38.1123	63.7842
38.1139	63.8154
38.1156	63.8467
38.1172	63.8779
38.1188	63.9092
38.1204	63.9404
38.122	63.9717
38.1236	64.0029
38.1252	64.0332
38.1268	64.0635
38.1284	64.0938
38.13	64.124
38.1316	64.1543
38.1332	64.1846
38.1348	64.2148
38.1364	64.2451
38.138	64.2754
38.1396	64.3057
38.1412	64.3359
38.1428	64.3662
38.1444	64.3965
38.146	64.4268
38.1476	64.457
38.1492	64.4873
38.1508	64.5176
38.1524	64.5479
38.154	64.5781
38.1556	64.6084
38.1572	64.6387
38.1588	64.6689
38.1604	64.6992
38.162	64.7295
38.1636	64.7598
38.1652	64.79
38.1668	64.8203
38.1684	64.8506
38.17	64.8809
38.1716	64.9111
38.1732	64.9414
38.1748	64.9717
38.1764	65.002
38.178	65.0322
38.1796	65.0625
38.1812	65.0928
38.1828	65.123
38.1844	65.1533
38.186	65.1836
38.1876	65.2139
38.1892	65.2441
38.1909	65.2744
38.1925	65.3047
38.1941	65.335
38.1957	65.3652
38.1973	65.3955
38.1989	65.4258
38.2005	65.4561
38.2021	65.4863
38.2037	65.5166
38.2053	65.5469
38.2069	65.5771
38.2085	65.6074
38.2101	65.6377
38.2117	65.668
38.2133	65.6982
38.2149	65.7285
38.2165	65.7588
38.2181	65.7891
38.2197	65.8193
38.2213	65.8496
38.2229	65.8799
38.2245	65.9102
38.2261	65.9404
38.2277	65.9707
38.2293	66.001
38.2309	66.0312
38.2325	66.0615
38.2341	66.0908
38.2357	66.1201
38.2373	66.1494
38.2389	66.1787
38.2405	66.208
38.2421	66.2373
38.2437	66.2666
38.2453	66.2959
38.2469	66.3252
38.2485	66.3545
38.2501	66.3838
38.2517	66.4131
38.2533	66.4424
38.2549	66.4717
38.2565	66.501
38.2581	66.5303
38.2597	66.5596
38.2613	66.5889
38.2629	66.6182
38.2645	66.6475
38.2662	66.6768
38.2678	66.7061
38.2694	66.7354
38.271	66.7646
38.2726	66.7939
38.2742	66.8232
38.2758	66.8525
38.2774	66.8818
38.279	66.9111
38.2806	66.9404
38.2822	66.9697
38.2838	66.999
38.2854	67.0283
38.287	67.0576
38.2886	67.0869
38.2902	67.1162
38.2918	67.1455
38.2934	67.1748
38.295	67.2041
38.2966	67.2334
38.2982	67.2627
38.2998	67.292
38.3014	67.3213
38.303	67.3506
38.3046	67.3799
38.3062	67.4092
38.3078	67.4385
38.3094	67.4678
38.311	67.4971
38.3126	67.5264
38.3142	67.5557
38.3158	67.585
38.3174	67.6143
38.319	67.6436
38.3206	67.6729
38.3222	67.7021
38.3238	67.7314
38.3254	67.7607
38.327	67.79
38.3286	67.8193
38.3302	67.8486
38.3318	67.8779
38.3334	67.9072
38.335	67.9365
38.3366	67.9658
38.3382	67.9951
38.3398	68.0244
38.3415	68.0537
38.3431	68.083
38.3447	68.1123
38.3463	68.1416
38.3479	68.1709
38.3495	68.2002
38.3511	68.2295
38.3527	68.2588
38.3543	68.2871
38.3559	68.3154
38.3575	68.3438
38.3591	68.3721
38.3607	68.4004
38.3623	68.4287
38.3639	68.457
38.3655	68.4854
38.3671	68.5137
38.3687	68.542
38.3703	68.5703
38.3719	68.5986
38.3735	68.627
38.3751	68.6553
38.3767	68.6836
38.3783	68.7119
38.3799	68.7402
38.3815	68.7686
38.3831	68.7969
38.3847	68.8252
38.3863	68.8535
38.3879	68.8818
38.3895	68.9102
38.3911	68.9385
38.3927	68.9668
38.3943	68.9951
38.3959	69.0234
38.3975	69.0518
38.3991	69.0801
38.4007	69.1084
38.4023	69.1367
38.4039	69.165
38.4055	69.1934
38.4071	69.2217
38.4087	69.25
38.4103	69.2783
38.4119	69.3066
38.4135	69.335
38.4151	69.3633
38.4168	69.3916
38.4184	69.4199
38.42	69.4482
38.4216	69.4766
38.4232	69.5049
38.4248	69.5332
38.4264	69.5615
38.428	69.5898
38.4296	69.6182
38.4312	69.6465
38.4328	69.6748
38.4344	69.7031
38.436	69.7314
38.4376	69.7598
38.4392	69.7881
38.4408	69.8164
38.4424	69.8447
38.444	69.873
38.4456	69.9014
38.4472	69.9297
38.4488	69.958
38.4504	69.9863
38.452	70.0146
38.4536	70.043
38.4552	70.0713
38.4568	70.0996
38.4584	70.1279
38.46	70.1562
38.4616	70.1846
38.4632	70.2129
38.4648	70.2412
38.4664	70.2695
38.468	70.2979
38.4696	70.3262
38.4712	70.3545
38.4728	70.3828
38.4744	70.4111
38.476	70.4395
38.4776	70.4678
38.4792	70.4961
38.4808	70.5244
38.4824	70.5527
38.484	70.5811
38.4856	70.6094
38.4872	70.6367
38.4888	70.6641
38.4905	70.6914
38.4921	70.7188
38.4937	70.7461
38.4953	70.7734
38.4969	70.8008
38.4985	70.8281
38.5001	70.8555
38.5017	70.8828
38.5033	70.9102
38.5049	70.9375
38.5065	70.9648
38.5081	70.9922
38.5097	71.0195
38.5113	71.0469
38.5129	71.0742
38.5145	71.1016
38.5161	71.1289
38.5177	71.1562
38.5193	71.1836
38.5209	71.2109
38.5225	71.2383
38.5241	71.2656
38.5257	71.293
38.5273	71.3203
38.5289	71.3477
38.5305	71.375
38.5321	71.4023
38.5337	71.4297
38.5353	71.457
38.5369	71.4844
38.5385	71.5117
38.5401	71.5391
38.5417	71.5664
38.5433	71.5938
38.5449	71.6211
38.5465	71.6484
38.5481	71.6758
38.5497	71.7031
38.5513	71.7305
38.5529	71.7578
38.5545	71.7852
38.5561	71.8125
38.5577	71.8398
38.5593	71.8672
38.5609	71.8945
38.5625	71.9219
38.5641	71.9492
38.5658	71.9766
38.5674	72.0039
38.569	72.0312
38.5706	72.0586
38.5722	72.0859
38.5738	72.1133
38.5754	72.1406
38.577	72.168
38.5786	72.1953
38.5802	72.2227
38.5818	72.25
38.5834	72.2773
38.585	72.3047
38.5866	72.332
38.5882	72.3594
38.5898	72.3867
38.5914	72.4141
38.593	72.4414
38.5946	72.4688
38.5962	72.4961
38.5978	72.5234
38.5994	72.5508
38.601	72.5781
38.6026	72.6055
38.6042	72.6328
38.6058	72.6602
38.6074	72.6875
38.609	72.7148
38.6106	72.7422
38.6122	72.7695
38.6138	72.7969
38.6154	72.8242
38.617	72.8516
38.6186	72.8789
38.6202	72.9062
38.6218	72.9336
38.6234	72.9609
38.625	72.9883
38.6266	73.0156
38.6282	73.043
38.6298	73.0703
38.6314	73.0977
38.633	73.125
38.6346	73.1523
38.6362	73.1787
38.6378	73.2051
38.6394	73.2314
38.6411	73.2578
38.6427	73.2842
38.6443	73.3105
38.6459	73.3369
38.6475	73.3633
38.6491	73.3896
38.6507	73.416
38.6523	73.4424
38.6539	73.4688
38.6555	73.4951
38.6571	73.5215
38.6587	73.5479
38.6603	73.5742
38.6619	73.6006
38.6635	73.627
38.6651	73.6533
38.6667	73.6797
38.6683	73.7061
38.6699	73.7324
38.6715	73.7588
38.6731	73.7852
38.6747	73.8115
38.6763	73.8379
38.6779	73.8643
38.6795	73.8906
38.6811	73.917
38.6827	73.9434
38.6843	73.9697
38.6859	73.9961
38.6875	74.0225
38.6891	74.0488
38.6907	74.0752
38.6923	74.1016
38.6939	74.1279
38.6955	74.1543
38.6971	74.1807
38.6987	74.207
38.7003	74.2334
38.7019	74.2598
38.7035	74.2861
38.7051	74.3125
38.7067	74.3389
38.7083	74.3652
38.7099	74.3916
38.7115	74.418
38.7131	74.4443
38.7147	74.4707
38.7164	74.4971
38.718	74.5234
38.7196	74.5498
38.7212	74.5762
38.7228	74.6025
38.7244	74.6289
38.726	74.6553
38.7276	74.6816
38.7292	74.708
38.7308	74.7344
38.7324	74.7607
38.734	74.7871
38.7356	74.8135
38.7372	74.8398
38.7388	74.8662
38.7404	74.8926
38.742	74.9189
38.7436	74.9453
38.7452	74.9717
38.7468	74.998
38.7484	75.0244
38.75	75.0508
38.7516	75.0771
38.7532	75.1035
38.7548	75.1299
38.7564	75.1562
38.758	75.1826
38.7596	75.209
38.7612	75.2354
38.7628	75.2617
38.7644	75.2881
38.766	75.3145
38.7676	75.3408
38.7692	75.3672
38.7708	75.3936
38.7724	75.4199
38.774	75.4463
38.7756	75.4727
38.7772	75.499
38.7788	75.5254
38.7804	75.5518
38.782	75.5781
38.7836	75.6045
38.7852	75.6309
38.7868	75.6572
38.7884	75.6836
38.79	75.71
38.7917	75.7363
38.7933	75.7627
38.7949	75.7891
38.7965	75.8154
38.7981	75.8418
38.7997	75.8672
38.8013	75.8926
38.8029	75.918
38.8045	75.9434
38.8061	75.9688
38.8077	75.9941
38.8093	76.0195
38.8109	76.0449
38.8125	76.0703
38.8141	76.0957
38.8157	76.1211
38.8173	76.1465
38.8189	76.1719
38.8205	76.1973
38.8221	76.2227
38.8237	76.248
38.8253	76.2734
38.8269	76.2988
38.8285	76.3242
38.8301	76.3496
38.8317	76.375
38.8333	76.4004
38.8349	76.4258
38.8365	76.4512
38.8381	76.4766
38.8397	76.502
38.8413	76.5273
38.8429	76.5527
38.8445	76.5781
38.8461	76.6035
38.8477	76.6289
38.8493	76.6543
38.8509	76.6797
38.8525	76.7051
38.8541	76.7305
38.8557	76.7559
38.8573	76.7812
38.8589	76.8066
38.8605	76.832
38.8621	76.8574
38.8637	76.8828
38.8653	76.9082
38.867	76.9336
38.8686	76.959
38.8702	76.9844
38.8718	77.0098
38.8734	77.0352
38.875	77.0605
38.8766	77.0859
38.8782	77.1113
38.8798	77.1367
38.8814	77.1621
38.883	77.1875
38.8846	77.2129
38.8862	77.2383
38.8878	77.2637
38.8894	77.2891
38.891	77.3145
38.8926	77.3398
38.8942	77.3652
38.8958	77.3906
38.8974	77.416
38.899	77.4414
38.9006	77.4668
38.9022	77.4922
38.9038	77.5176
38.9054	77.543
38.907	77.5684
38.9086	77.5938
38.9102	77.6191
38.9118	77.6445
38.9134	77.6699
38.915	77.6953
38.9166	77.7207
38.9182	77.7461
38.9198	77.7715
38.9214	77.7969
38.923	77.8223
38.9246	77.8477
38.9262	77.873
38.9278	77.8984
38.9294	77.9238
38.931	77.9492
38.9326	77.9746
38.9342	78
38.9358	78.0254
38.9374	78.0508
38.939	78.0762
38.9406	78.1016
38.9423	78.127
38.9439	78.1523
38.9455	78.1777
38.9471	78.2031
38.9487	78.2285
38.9503	78.2539
38.9519	78.2793
38.9535	78.3047
38.9551	78.3301
38.9567	78.3555
38.9583	78.3809
38.9599	78.4062
38.9615	78.4316
38.9631	78.457
38.9647	78.4824
38.9663	78.5078
38.9679	78.5332
38.9695	78.5586
38.9711	78.584
38.9727	78.6094
38.9743	78.6348
38.9759	78.6602
38.9775	78.6855
38.9791	78.7109
38.9807	78.7363
38.9823	78.7617
38.9839	78.7861
38.9855	78.8105
38.9871	78.835
38.9887	78.8594
38.9903	78.8838
38.9919	78.9082
38.9935	78.9326
38.9951	78.957
38.9967	78.9814
38.9983	79.0059
38.9999	79.0303
39.0015	79.0547
39.0031	79.0791
39.0047	79.1035
39.0063	79.1279
39.0079	79.1523
39.0095	79.1768
39.0111	79.2012
39.0127	79.2256
39.0143	79.25
39.0159	79.2744
39.0176	79.2988
39.0192	79.3232
39.0208	79.3477
39.0224	79.3721
39.024	79.3965
39.0256	79.4209
39.0272	79.4453
39.0288	79.4697
39.0304	79.4941
39.032	79.5186
39.0336	79.543
39.0352	79.5674
39.0368	79.5918
39.0384	79.6162
39.04	79.6406
39.0416	79.665
39.0432	79.6895
39.0448	79.7139
39.0464	79.7383
39.048	79.7627
39.0496	79.7871
39.0512	79.8115
39.0528	79.8359
39.0544	79.8604
39.056	79.8848
39.0576	79.9092
39.0592	79.9336
39.0608	79.958
39.0624	79.9824
39.064	80.0068
39.0656	80.0312
39.0672	80.0557
39.0688	80.0801
39.0704	80.1045
39.072	80.1289
39.0736	80.1533
39.0752	80.1777
39.0768	80.2021
39.0784	80.2266
39.08	80.251
39.0816	80.2754
39.0832	80.2998
39.0848	80.3242
39.0864	80.3486
39.088	80.373
39.0896	80.3975
39.0913	80.4219
39.0929	80.4463
39.0945	80.4707
39.0961	80.4951
39.0977	80.5195
39.0993	80.5439
39.1009	80.5684
39.1025	80.5928
39.1041	80.6172
39.1057	80.6416
39.1073	80.666
39.1089	80.6904
39.1105	80.7148
39.1121	80.7393
39.1137	80.7637
39.1153	80.7881
39.1169	80.8125
39.1185	80.8369
39.1201	80.8613
39.1217	80.8857
39.1233	80.9102
39.1249	80.9346
39.1265	80.959
39.1281	80.9834
39.1297	81.0078
39.1313	81.0322
39.1329	81.0566
39.1345	81.0811
39.1361	81.1055
39.1377	81.1299
39.1393	81.1543
39.1409	81.1787
39.1425	81.2031
39.1441	81.2275
39.1457	81.252
39.1473	81.2764
39.1489	81.3008
39.1505	81.3252
39.1521	81.3496
39.1537	81.374
39.1553	81.3984
39.1569	81.4229
39.1585	81.4473
39.1601	81.4717
39.1617	81.4961
39.1633	81.5205
39.1649	81.5449
39.1666	81.5693
39.1682	81.5938
39.1698	81.6182
39.1714	81.6426
39.173	81.667
39.1746	81.6914
39.1762	81.7158
39.1778	81.7402
39.1794	81.7646
39.181	81.7891
39.1826	81.8135
39.1842	81.8379
39.1858	81.8623
39.1874	81.8867
39.189	81.9111
39.1906	81.9346
39.1922	81.958
39.1938	81.9814
39.1954	82.0049
39.197	82.0283
39.1986	82.0518
39.2002	82.0752
39.2018	82.0986
39.2034	82.1221
39.205	82.1455
39.2066	82.1689
39.2082	82.1924
39.2098	82.2158
39.2114	82.2393
39.213	82.2627
39.2146	82.2861
39.2162	82.3096
39.2178	82.333
39.2194	82.3564
39.221	82.3799
39.2226	82.4033
39.2242	82.4268
39.2258	82.4502
39.2274	82.4736
39.229	82.4971
39.2306	82.5205
39.2322	82.5439
39.2338	82.5674
39.2354	82.5908
39.237	82.6143
39.2386	82.6377
39.2402	82.6611
39.2419	82.6846
39.2435	82.708
39.2451	82.7314
39.2467	82.7549
39.2483	82.7783
39.2499	82.8018
39.2515	82.8252
39.2531	82.8486
39.2547	82.8721
39.2563	82.8955
39.2579	82.9189
39.2595	82.9424
39.2611	82.9658
39.2627	82.9893
39.2643	83.0127
39.2659	83.0361
39.2675	83.0596
39.2691	83.083
39.2707	83.1064
39.2723	83.1299
39.2739	83.1533
39.2755	83.1768
39.2771	83.2002
39.2787	83.2236
39.2803	83.2471
39.2819	83.2705
39.2835	83.2939
39.2851	83.3174
39.2867	83.3408
39.2883	83.3643
39.2899	83.3877
39.2915	83.4111
39.2931	83.4346
39.2947	83.458
39.2963	83.4814
39.2979	83.5049
39.2995	83.5283
39.3011	83.5518
39.3027	83.5752
39.3043	83.5986
39.3059	83.6221
39.3075	83.6455
39.3091	83.6689
39.3107	83.6924
39.3123	83.7158
39.3139	83.7393
39.3155	83.7627
39.3172	83.7861
39.3188	83.8096
39.3204	83.833
39.322	83.8564
39.3236	83.8799
39.3252	83.9033
39.3268	83.9268
39.3284	83.9502
39.33	83.9736
39.3316	83.9971
39.3332	84.0205
39.3348	84.0439
39.3364	84.0674
39.338	84.0908
39.3396	84.1143
39.3412	84.1377
39.3428	84.1611
39.3444	84.1846
39.346	84.208
39.3476	84.2314
39.3492	84.2549
39.3508	84.2783
39.3524	84.3018
39.354	84.3252
39.3556	84.3486
39.3572	84.3721
39.3588	84.3955
39.3604	84.4189
39.362	84.4424
39.3636	84.4658
39.3652	84.4893
39.3668	84.5127
39.3684	84.5361
39.37	84.5596
39.3716	84.583
39.3732	84.6064
39.3748	84.6299
39.3764	84.6533
39.378	84.6768
39.3796	84.7002
39.3812	84.7236
39.3828	84.7471
39.3844	84.7705
39.386	84.7939
39.3876	84.8174
39.3892	84.8408
39.3908	84.8643
39.3925	84.8877
39.3941	84.9111
39.3957	84.9346
39.3973	84.958
39.3989	84.9814
39.4005	85.0049
39.4021	85.0283
39.4037	85.0518
39.4053	85.0752
39.4069	85.0986
39.4085	85.1221
39.4101	85.1455
39.4117	85.1689
39.4133	85.1924
39.4149	85.2158
39.4165	85.2393
39.4181	85.2627
39.4197	85.2861
39.4213	85.3096
39.4229	85.333
39.4245	85.3555
39.4261	85.3779
39.4277	85.4004
39.4293	85.4229
39.4309	85.4453
39.4325	85.4678
39.4341	85.4902
39.4357	85.5127
39.4373	85.5352
39.4389	85.5576
39.4405	85.5801
39.4421	85.6025
39.4437	85.625
39.4453	85.6475
39.4469	85.6699
39.4485	85.6924
39.4501	85.7148
39.4517	85.7373
39.4533	85.7598
39.4549	85.7822
39.4565	85.8047
39.4581	85.8271
39.4597	85.8496
39.4613	85.8721
39.4629	85.8945
39.4645	85.917
39.4661	85.9395
39.4678	85.9619
39.4694	85.9844
39.471	86.0068
39.4726	86.0293
39.4742	86.0518
39.4758	86.0742
39.4774	86.0967
39.479	86.1191
39.4806	86.1416
39.4822	86.1641
39.4838	86.1865
39.4854	86.209
39.487	86.2314
39.4886	86.2539
39.4902	86.2764
39.4918	86.2988
39.4934	86.3213
39.495	86.3438
39.4966	86.3662
39.4982	86.3887
39.4998	86.4111
39.5014	86.4336
39.503	86.4561
39.5046	86.4785
39.5062	86.501
39.5078	86.5234
39.5094	86.5459
39.511	86.5684
39.5126	86.5908
39.5142	86.6133
39.5158	86.6357
39.5174	86.6582
39.519	86.6807
39.5206	86.7031
39.5222	86.7256
39.5238	86.748
39.5254	86.7705
39.527	86.793
39.5286	86.8154
39.5302	86.8379
39.5318	86.8604
39.5334	86.8828
39.535	86.9053
39.5366	86.9277
39.5382	86.9502
39.5398	86.9727
39.5414	86.9951
39.5431	87.0176
39.5447	87.04
39.5463	87.0625
39.5479	87.085
39.5495	87.1074
39.5511	87.1299
39.5527	87.1523
39.5543	87.1748
39.5559	87.1973
39.5575	87.2197
39.5591	87.2422
39.5607	87.2646
39.5623	87.2871
39.5639	87.3096
39.5655	87.332
39.5671	87.3545
39.5687	87.377
39.5703	87.3994
39.5719	87.4219
39.5735	87.4443
39.5751	87.4668
39.5767	87.4893
39.5783	87.5117
39.5799	87.5342
39.5815	87.5566
39.5831	87.5791
39.5847	87.6016
39.5863	87.624
39.5879	87.6465
39.5895	87.6689
39.5911	87.6914
39.5927	87.7139
39.5943	87.7363
39.5959	87.7588
39.5975	87.7812
39.5991	87.8037
39.6007	87.8262
39.6023	87.8486
39.6039	87.8711
39.6055	87.8936
39.6071	87.916
39.6087	87.9385
39.6103	87.9609
39.6119	87.9834
39.6135	88.0059
39.6151	88.0283
39.6168	88.0508
39.6184	88.0732
39.62	88.0957
39.6216	88.1182
39.6232	88.1406
39.6248	88.1631
39.6264	88.1855
39.628	88.208
39.6296	88.2305
39.6312	88.2529
39.6328	88.2754
39.6344	88.2979
39.636	88.3203
39.6376	88.3428
39.6392	88.3652
39.6408	88.3877
39.6424	88.4102
39.644	88.4326
39.6456	88.4551
39.6472	88.4775
39.6488	88.5
39.6504	88.5225
39.652	88.5449
39.6536	88.5674
39.6552	88.5898
39.6568	88.6123
39.6584	88.6348
39.66	88.6572
39.6616	88.6797
39.6632	88.7021
39.6648	88.7246
39.6664	88.7471
39.668	88.7695
39.6696	88.792
39.6712	88.8145
39.6728	88.8369
39.6744	88.8594
39.676	88.8818
39.6776	88.9043
39.6792	88.9268
39.6808	88.9492
39.6824	88.9717
39.684	88.9941
39.6856	89.0166
39.6872	89.0391
39.6888	89.0605
39.6904	89.082
39.6921	89.1035
39.6937	89.125
39.6953	89.1465
39.6969	89.168
39.6985	89.1895
39.7001	89.2109
39.7017	89.2324
39.7033	89.2539
39.7049	89.2754
39.7065	89.2969
39.7081	89.3184
39.7097	89.3398
39.7113	89.3613
39.7129	89.3828
39.7145	89.4043
39.7161	89.4258
39.7177	89.4473
39.7193	89.4688
39.7209	89.4902
39.7225	89.5117
39.7241	89.5332
39.7257	89.5547
39.7273	89.5762
39.7289	89.5977
39.7305	89.6191
39.7321	89.6406
39.7337	89.6621
39.7353	89.6836
39.7369	89.7051
39.7385	89.7266
39.7401	89.748
39.7417	89.7695
39.7433	89.791
39.7449	89.8125
39.7465	89.834
39.7481	89.8555
39.7497	89.877
39.7513	89.8984
39.7529	89.9199
39.7545	89.9414
39.7561	89.9629
39.7577	89.9844
39.7593	90.0059
39.7609	90.0273
39.7625	90.0488
39.7641	90.0703
39.7657	90.0918
39.7674	90.1133
39.769	90.1348
39.7706	90.1562
39.7722	90.1777
39.7738	90.1992
39.7754	90.2207
39.777	90.2422
39.7786	90.2637
39.7802	90.2852
39.7818	90.3066
39.7834	90.3281
39.785	90.3496
39.7866	90.3711
39.7882	90.3926
39.7898	90.4141
39.7914	90.4355
39.793	90.457
39.7946	90.4785
39.7962	90.5
39.7978	90.5215
39.7994	90.543
39.801	90.5645
39.8026	90.5859
39.8042	90.6074
39.8058	90.6289
39.8074	90.6504
39.809	90.6719
39.8106	90.6934
39.8122	90.7148
39.8138	90.7363
39.8154	90.7578
39.817	90.7793
39.8186	90.8008
39.8202	90.8223
39.8218	90.8438
39.8234	90.8652
39.825	90.8867
39.8266	90.9082
39.8282	90.9297
39.8298	90.9512
39.8314	90.9727
39.833	90.9941
39.8346	91.0156
39.8362	91.0371
39.8378	91.0586
39.8394	91.0801
39.841	91.1016
39.8427	91.123
39.8443	91.1445
39.8459	91.166
39.8475	91.1875
39.8491	91.209
39.8507	91.2305
39.8523	91.252
39.8539	91.2734
39.8555	91.2949
39.8571	91.3164
39.8587	91.3379
39.8603	91.3594
39.8619	91.3809
39.8635	91.4023
39.8651	91.4238
39.8667	91.4453
39.8683	91.4668
39.8699	91.4883
39.8715	91.5098
39.8731	91.5312
39.8747	91.5527
39.8763	91.5742
39.8779	91.5957
39.8795	91.6172
39.8811	91.6387
39.8827	91.6602
39.8843	91.6816
39.8859	91.7031
39.8875	91.7246
39.8891	91.7461
39.8907	91.7676
39.8923	91.7891
39.8939	91.8105
39.8955	91.832
39.8971	91.8535
39.8987	91.875
39.9003	91.8965
39.9019	91.918
39.9035	91.9395
39.9051	91.9609
39.9067	91.9824
39.9083	92.0039
39.9099	92.0254
39.9115	92.0469
39.9131	92.0684
39.9147	92.0898
39.9163	92.1113
39.918	92.1328
39.9196	92.1543
39.9212	92.1758
39.9228	92.1973
39.9244	92.2188
39.926	92.2402
39.9276	92.2617
39.9292	92.2832
39.9308	92.3047
39.9324	92.3262
39.934	92.3477
39.9356	92.3691
39.9372	92.3906
39.9388	92.4121
39.9404	92.4336
39.942	92.4551
39.9436	92.4766
39.9452	92.498
39.9468	92.5195
39.9484	92.541
39.95	92.5625
39.9516	92.584
39.9532	92.6055
39.9548	92.627
39.9564	92.6484
39.958	92.6699
39.9596	92.6914
39.9612	92.7129
39.9628	92.7344
39.9644	92.7559
39.966	92.7773
39.9676	92.7988
39.9692	92.8203
39.9708	92.8418
39.9724	92.8633
39.974	92.8848
39.9756	92.9062
39.9772	92.9277
39.9788	92.9492
39.9804	92.9707
39.982	92.9922
39.9836	93.0137
39.9852	93.0352
39.9868	93.0566
39.9884	93.0781
39.99	93.0986
39.9916	93.1191
39.9933	93.1396
39.9949	93.1602
39.9965	93.1807
39.9981	93.2012
39.9997	93.2217
40.0013	93.2422
40.0029	93.2627
40.0045	93.2832
40.0061	93.3037
40.0077	93.3242
40.0093	93.3447
40.0109	93.3652
40.0125	93.3857
40.0141	93.4062
40.0157	93.4268
40.0173	93.4473
40.0189	93.4678
40.0205	93.4883
40.0221	93.5088
40.0237	93.5293
40.0253	93.5498
40.0269	93.5703
40.0285	93.5908
40.0301	93.6113
40.0317	93.6318
40.0333	93.6523
40.0349	93.6729
40.0365	93.6934
40.0381	93.7139
40.0397	93.7344
40.0413	93.7549
40.0429	93.7754
40.0445	93.7959
40.0461	93.8164
40.0477	93.8369
40.0493	93.8574
40.0509	93.8779
40.0525	93.8984
40.0549	91.9141
40.0557	90.5
40.0565	89.6689
40.0573	88.9199
40.0581	88.1719
40.0589	87.4229
40.0597	86.6738
40.0605	85.9258
40.0613	85.1768
40.0622	84.4287
40.063	83.6797
40.0638	82.9307
40.0646	82.1826
40.0654	81.4336
40.0662	80.6855
40.067	79.9365
40.0678	79.1875
40.0686	78.4395
40.0694	77.6904
40.0702	76.9424
40.071	76.1934
40.0718	75.4453
40.0726	74.6963
40.0734	73.9473
40.0742	73.1992
40.075	72.4502
40.0758	71.7021
40.0766	70.9531
40.0774	70.2041
40.0782	69.4561
40.079	68.707
40.0798	67.959
40.0806	67.21
40.0814	66.4609
40.0822	65.7129
40.083	64.9639
40.0838	64.2158
40.0846	63.4668
40.0854	62.7188
40.0862	61.9697
40.087	61.2207
40.0878	60.4727
40.0886	59.7236
40.0894	58.9756
40.0902	58.2266
40.091	57.4775
40.0918	56.7295
40.0926	55.9805
40.0934	55.2324
40.0942	54.4834
40.095	53.7344
40.0958	52.9863
40.0966	52.2373
40.0974	51.4893
40.0982	50.7402
40.099	49.9922
40.0998	49.2432
40.1006	48.4941
40.1014	47.7461
40.1022	46.9971
40.103	46.249
40.1038	45.25
40.1046	44.1484
40.107	45.25
40.107	45.2939
40.1086	45.3379
40.1102	45.3818
40.1118	45.4258
40.1134	45.4697
40.115	45.5137
40.1166	45.5566
40.1182	45.5996
40.1198	45.6426
40.1214	45.6855
40.123	45.7285
40.1246	45.7715
40.1328	45.8145
40.1344	45.8574
40.136	45.9004
40.1376	45.9434
40.1392	45.9863
40.1408	46.0293
40.1424	46.0723
40.1441	46.1152
40.1457	46.1582
40.1473	46.2012
40.1489	46.2441
40.1505	46.2871
40.1521	46.3301
40.1537	46.373
40.1553	46.416
40.1569	46.459
40.1585	46.502
40.1601	46.5449
40.1617	46.5869
40.1633	46.6289
40.1649	46.6709
40.1665	46.7129
40.1681	46.7549
40.1697	46.7969
40.1713	46.8389
40.1729	46.8809
40.1745	46.9229
40.1761	46.9648
40.1777	47.0068
40.1793	47.0488
40.1809	47.0908
40.1825	47.1328
40.1841	47.1748
40.1857	47.2168
40.1873	47.2588
40.1889	47.3008
40.1905	47.3428
40.1921	47.3848
40.1937	47.4268
40.1953	47.4688
40.1969	47.5107
40.1985	47.5527
40.2001	47.5947
40.2017	47.6367
40.2033	47.6777
40.2049	47.7188
40.2065	47.7598
40.2081	47.8008
40.2097	47.8418
40.2113	47.8828
40.2129	47.9238
40.2145	47.9648
40.2161	48.0059
40.2177	48.0469
40.2194	48.0879
40.221	48.1289
40.2226	48.1699
40.2242	48.2109
40.2258	48.252
40.2274	48.293
40.229	48.334
40.2306	48.375
40.2322	48.416
40.2338	48.457
40.2354	48.498
40.237	48.5391
40.2386	48.5801
40.2402	48.6211
40.2418	48.6621
40.2434	48.7031
40.245	48.7441
40.2466	48.7852
40.2482	48.8252
40.2498	48.8652
40.2514	48.9053
40.253	48.9453
40.2546	48.9854
40.2562	49.0254
40.2578	49.0654
40.2594	49.1055
40.261	49.1455
40.2626	49.1855
40.2642	49.2256
40.2658	49.2656
40.2674	49.3057
40.269	49.3457
40.2706	49.3857
40.2722	49.4258
40.2738	49.4658
40.2754	49.5059
40.277	49.5459
40.2786	49.5859
40.2802	49.626
40.2818	49.666
40.2834	49.7061
40.285	49.7461
40.2866	49.7861
40.2882	49.8262
40.2898	49.8662
40.2914	49.9062
40.2931	49.9463
40.2947	49.9854
40.2963	50.0244
40.2979	50.0635
40.2995	50.1025
40.3011	50.1416
40.3027	50.1807
40.3043	50.2197
40.3059	50.2588
40.3075	50.2979
40.3091	50.3369
40.3107	50.376
40.3123	50.415
40.3139	50.4541
40.3155	50.4932
40.3171	50.5322
40.3187	50.5713
40.3203	50.6104
40.3219	50.6494
40.3235	50.6885
40.3251	50.7275
40.3267	50.7666
40.3283	50.8057
40.3299	50.8447
40.3315	50.8838
40.3331	50.9229
40.3347	50.9619
40.3363	51.001
40.3379	51.04
40.3395	51.0791
40.3411	51.1182
40.3427	51.1572
40.3443	51.1963
40.3459	51.2344
40.3475	51.2725
40.3491	51.3105
40.3507	51.3486
40.3523	51.3867
40.3539	51.4248
40.3555	51.4629
40.3571	51.501
40.3587	51.5391
40.3603	51.5771
40.3619	51.6152
40.3635	51.6533
40.3651	51.6914
40.3667	51.7295
40.3684	51.7676
40.37	51.8057
40.3716	51.8438
40.3732	51.8818
40.3748	51.9199
40.3764	51.958
40.378	51.9961
40.3796	52.0342
40.3812	52.0723
40.3828	52.1104
40.3844	52.1484
40.386	52.1865
40.3876	52.2246
40.3892	52.2627
40.3908	52.3008
40.3924	52.3389
40.394	52.377
40.3956	52.415
40.3972	52.4531
40.3988	52.4912
40.4004	52.5293
40.402	52.5664
40.4036	52.6035
40.4052	52.6406
40.4068	52.6777
40.4084	52.7148
40.41	52.752
40.4116	52.7891
40.4132	52.8262
40.4148	52.8633
40.4164	52.9004
40.418	52.9375
40.4196	52.9746
40.4212	53.0117
40.4228	53.0488
40.4244	53.0859
40.426	53.123
40.4276	53.1602
40.4292	53.1973
40.4308	53.2344
40.4324	53.2715
40.434	53.3086
40.4356	53.3457
40.4372	53.3828
40.4388	53.4199
40.4404	53.457
40.442	53.4941
40.4437	53.5312
40.4453	53.5684
40.4469	53.6055
40.4485	53.6426
40.4501	53.6797
40.4517	53.7168
40.4533	53.7539
40.4549	53.791
40.4565	53.8281
40.4581	53.8652
40.4597	53.9023
40.4613	53.9385
40.4629	53.9746
40.4645	54.0107
40.4661	54.0469
40.4677	54.083
40.4693	54.1191
40.4709	54.1553
40.4725	54.1914
40.4741	54.2275
40.4757	54.2637
40.4773	54.2998
40.4789	54.3359
40.4805	54.3721
40.4821	54.4082
40.4837	54.4443
40.4853	54.4805
40.4869	54.5166
40.4885	54.5527
40.4901	54.5889
40.4917	54.625
40.4933	54.6611
40.4949	54.6973
40.4965	54.7334
40.4981	54.7695
40.4997	54.8057
40.5013	54.8418
40.5029	54.8779
40.5045	54.9141
40.5061	54.9502
40.5077	54.9863
40.5093	55.0225
40.5109	55.0586
40.5125	55.0947
40.5141	55.1309
40.5157	55.167
40.5173	55.2031
40.519	55.2393
40.5206	55.2754
40.5222	55.3115
40.5238	55.3477
40.5254	55.3828
40.527	55.418
40.5286	55.4531
40.5302	55.4883
40.5318	55.5234
40.5334	55.5586
40.535	55.5938
40.5366	55.6289
40.5382	55.6641
40.5398	55.6992
40.5414	55.7344
40.543	55.7695
40.5446	55.8047
40.5462	55.8398
40.5478	55.875
40.5494	55.9102
40.551	55.9453
40.5526	55.9805
40.5542	56.0156
40.5558	56.0508
40.5574	56.0859
40.559	56.1211
40.5606	56.1562
40.5622	56.1914
40.5638	56.2266
40.5654	56.2617
40.567	56.2969
40.5686	56.332
40.5702	56.3672
40.5718	56.4023
40.5734	56.4375
40.575	56.4727
40.5766	56.5078
40.5782	56.543
40.5798	56.5781
40.5814	56.6133
40.583	56.6484
40.5846	56.6836
40.5862	56.7188
40.5878	56.7539
40.5894	56.7891
40.591	56.8242
40.5926	56.8594
40.5943	56.8945
40.5959	56.9287
40.5975	56.9629
40.5991	56.9971
40.6007	57.0312
40.6023	57.0654
40.6039	57.0996
40.6055	57.1338
40.6071	57.168
40.6087	57.2021
40.6103	57.2363
40.6119	57.2705
40.6135	57.3047
40.6151	57.3389
40.6167	57.373
40.6183	57.4072
40.6199	57.4414
40.6215	57.4756
40.6231	57.5098
40.6247	57.5439
40.6263	57.5781
40.6279	57.6123
40.6295	57.6465
40.6311	57.6807
40.6327	57.7148
40.6343	57.749
40.6359	57.7832
40.6375	57.8174
40.6391	57.8516
40.6407	57.8857
40.6423	57.9199
40.6439	57.9541
40.6455	57.9883
40.6471	58.0225
40.6487	58.0566
40.6503	58.0908
40.6519	58.125
40.6535	58.1592
40.6551	58.1934
40.6567	58.2275
40.6583	58.2617
40.6599	58.2959
40.6615	58.3301
40.6631	58.3643
40.6647	58.3984
40.6663	58.4326
40.6679	58.4668
40.6696	58.501
40.6712	58.5352
40.6728	58.5684
40.6744	58.6016
40.676	58.6348
40.6776	58.668
40.6792	58.7012
40.6808	58.7344
40.6824	58.7676
40.684	58.8008
40.6856	58.834
40.6872	58.8672
40.6888	58.9004
40.6904	58.9336
40.692	58.9668
40.6936	59
40.6952	59.0332
40.6968	59.0664
40.6984	59.0996
40.7	59.1328
40.7016	59.166
40.7032	59.1992
40.7048	59.2324
40.7064	59.2656
40.708	59.2988
40.7096	59.332
40.7112	59.3652
40.7128	59.3984
40.7144	59.4316
40.716	59.4648
40.7176	59.498
40.7192	59.5312
40.7208	59.5645
40.7224	59.5977
40.724	59.6309
40.7256	59.6641
40.7272	59.6973
40.7288	59.7305
40.7304	59.7637
40.732	59.7969
40.7336	59.8301
40.7352	59.8633
40.7368	59.8965
40.7384	59.9297
40.74	59.9629
40.7416	59.9961
40.7432	60.0293
40.7449	60.0625
40.7465	60.0957
40.7481	60.1289
40.7497	60.1621
40.7513	60.1953
40.7529	60.2285
40.7545	60.2607
40.7561	60.293
40.7577	60.3252
40.7593	60.3574
40.7609	60.3896
40.7625	60.4219
40.7641	60.4541
40.7657	60.4863
40.7673	60.5186
40.7689	60.5508
40.7705	60.583
40.7721	60.6152
40.7737	60.6475
40.7753	60.6797
40.7769	60.7119
40.7785	60.7441
40.7801	60.7764
40.7817	60.8086
40.7833	60.8408
40.7849	60.873
40.7865	60.9053
40.7881	60.9375
40.7897	60.9697
40.7913	61.002
40.7929	61.0342
40.7945	61.0664
40.7961	61.0986
40.7977	61.1309
40.7993	61.1631
40.8009	61.1953
40.8025	61.2275
40.8041	61.2598
40.8057	61.292
40.8073	61.3242
40.8089	61.3564
40.8105	61.3887
40.8121	61.4209
40.8137	61.4531
40.8153	61.4854
40.8169	61.5176
40.8186	61.5498
40.8202	61.582
40.8218	61.6143
40.8234	61.6465
40.825	61.6787
40.8266	61.7109
40.8282	61.7432
40.8298	61.7754
40.8314	61.8076
40.833	61.8398
40.8346	61.8721
40.8362	61.9043
40.8378	61.9365
40.8394	61.9688
40.841	62.001
40.8426	62.0332
40.8442	62.0654
40.8458	62.0967
40.8474	62.1279
40.849	62.1592
40.8506	62.1904
40.8522	62.2217
40.8538	62.2529
40.8554	62.2842
40.857	62.3154
40.8586	62.3467
40.8602	62.3779
40.8618	62.4092
40.8634	62.4404
40.865	62.4717
40.8666	62.5029
40.8682	62.5342
40.8698	62.5654
40.8714	62.5967
40.873	62.6279
40.8746	62.6592
40.8762	62.6904
40.8778	62.7217
40.8794	62.7529
40.881	62.7842
40.8826	62.8154
40.8842	62.8467
40.8858	62.8779
40.8874	62.9092
40.889	62.9404
40.8906	62.9717
40.8922	63.0029
40.8939	63.0342
40.8955	63.0654
40.8971	63.0967
40.8987	63.1279
40.9003	63.1592
40.9019	63.1904
40.9035	63.2217
40.9051	63.2529
40.9067	63.2842
40.9083	63.3154
40.9099	63.3467
40.9115	63.3779
40.9131	63.4092
40.9147	63.4404
40.9163	63.4717
40.9179	63.5029
40.9195	63.5342
40.9211	63.5654
40.9227	63.5967
40.9243	63.6279
40.9259	63.6592
40.9275	63.6904
40.9291	63.7217
40.9307	63.7529
40.9323	63.7842
40.9339	63.8154
40.9355	63.8467
40.9371	63.8779
40.9387	63.9092
40.9403	63.9404
40.9419	63.9717
40.9435	64.0029
40.9451	64.0332
40.9467	64.0635
40.9483	64.0938
40.9499	64.124
40.9515	64.1543
40.9531	64.1846
40.9547	64.2148
40.9563	64.2451
40.9579	64.2754
40.9595	64.3057
40.9611	64.3359
40.9627	64.3662
40.9643	64.3965
40.9659	64.4268
40.9675	64.457
40.9692	64.4873
40.9708	64.5176
40.9724	64.5479
40.974	64.5781
40.9756	64.6084
40.9772	64.6387
40.9788	64.6689
40.9804	64.6992
40.982	64.7295
40.9836	64.7598
40.9852	64.79
40.9868	64.8203
40.9884	64.8506
40.99	64.8809
40.9916	64.9111
40.9932	64.9414
40.9948	64.9717
40.9964	65.002
40.998	65.0322
40.9996	65.0625
41.0012	65.0928
41.0028	65.123
41.0044	65.1533
41.006	65.1836
41.0076	65.2139
41.0092	65.2441
41.0108	65.2744
41.0124	65.3047
41.014	65.335
41.0156	65.3652
41.0172	65.3955
41.0188	65.4258
41.0204	65.4561
41.022	65.4863
41.0236	65.5166
41.0252	65.5469
41.0268	65.5771
41.0284	65.6074
41.03	65.6377
41.0316	65.668
41.0332	65.6982
41.0348	65.7285
41.0364	65.7588
41.038	65.7891
41.0396	65.8193
41.0412	65.8496
41.0428	65.8799
41.0445	65.9102
41.0461	65.9404
41.0477	65.9707
41.0493	66.001
41.0509	66.0312
41.0525	66.0615
41.0541	66.0908
41.0557	66.1201
41.0573	66.1494
41.0589	66.1787
41.0605	66.208
41.0621	66.2373
41.0637	66.2666
41.0653	66.2959
41.0669	66.3252
41.0685	66.3545
41.0701	66.3838
41.0717	66.4131
41.0733	66.4424
41.0749	66.4717
41.0765	66.501
41.0781	66.5303
41.0797	66.5596
41.0813	66.5889
41.0829	66.6182
41.0845	66.6475
41.0861	66.6768
41.0877	66.7061
41.0893	66.7354
41.0909	66.7646
41.0925	66.7939
41.0941	66.8232
41.0957	66.8525
41.0973	66.8818
41.0989	66.9111
41.1005	66.9404
41.1021	66.9697
41.1037	66.999
41.1053	67.0283
41.1069	67.0576
41.1085	67.0869
41.1101	67.1162
41.1117	67.1455
41.1133	67.1748
41.1149	67.2041
41.1165	67.2334
41.1181	67.2627
41.1198	67.292
41.1214	67.3213
41.123	67.3506
41.1246	67.3799
41.1262	67.4092
41.1278	67.4385
41.1294	67.4678
41.131	67.4971
41.1326	67.5264
41.1342	67.5557
41.1358	67.585
41.1374	67.6143
41.139	67.6436
41.1406	67.6729
41.1422	67.7021
41.1438	67.7314
41.1454	67.7607
41.147	67.79
41.1486	67.8193
41.1502	67.8486
41.1518	67.8779
41.1534	67.9072
41.155	67.9365
41.1566	67.9658
41.1582	67.9951
41.1598	68.0244
41.1614	68.0537
41.163	68.083
41.1646	68.1123
41.1662	68.1416
41.1678	68.1709
41.1694	68.2002
41.171	68.2295
41.1726	68.2588
41.1742	68.2871
41.1758	68.3154
41.1774	68.3438
41.179	68.3721
41.1806	68.4004
41.1822	68.4287
41.1838	68.457
41.1854	68.4854
41.187	68.5137
41.1886	68.542
41.1902	68.5703
41.1918	68.5986
41.1934	68.627
41.1951	68.6553
41.1967	68.6836
41.1983	68.7119
41.1999	68.7402
41.2015	68.7686
41.2031	68.7969
41.2047	68.8252
41.2063	68.8535
41.2079	68.8818
41.2095	68.9102
41.2111	68.9385
41.2127	68.9668
41.2143	68.9951
41.2159	69.0234
41.2175	69.0518
41.2191	69.0801
41.2207	69.1084
41.2223	69.1367
41.2239	69.165
41.2255	69.1934
41.2271	69.2217
41.2287	69.25
41.2303	69.2783
41.2319	69.3066
41.2335	69.335
41.2351	69.3633
41.2367	69.3916
41.2383	69.4199
41.2399	69.4482
41.2415	69.4766
41.2431	69.5049
41.2447	69.5332
41.2463	69.5615
41.2479	69.5898
41.2495	69.6182
41.2511	69.6465
41.2527	69.6748
41.2543	69.7031
41.2559	69.7314
41.2575	69.7598
41.2591	69.7881
41.2607	69.8164
41.2623	69.8447
41.2639	69.873
41.2655	69.9014
41.2671	69.9297
41.2687	69.958
41.2704	69.9863
41.272	70.0146
41.2736	70.043
41.2752	70.0713
41.2768	70.0996
41.2784	70.1279
41.28	70.1562
41.2816	70.1846
41.2832	70.2129
41.2848	70.2412
41.2864	70.2695
41.288	70.2979
41.2896	70.3262
41.2912	70.3545
41.2928	70.3828
41.2944	70.4111
41.296	70.4395
41.2976	70.4678
41.2992	70.4961
41.3008	70.5244
41.3024	70.5527
41.304	70.5811
41.3056	70.6094
41.3072	70.6367
41.3088	70.6641
41.3104	70.6914
41.312	70.7188
41.3136	70.7461
41.3152	70.7734
41.3168	70.8008
41.3184	70.8281
41.32	70.8555
41.3216	70.8828
41.3232	70.9102
41.3248	70.9375
41.3264	70.9648
41.328	70.9922
41.3296	71.0195
41.3312	71.0469
41.3328	71.0742
41.3344	71.1016
41.336	71.1289
41.3376	71.1562
41.3392	71.1836
41.3408	71.2109
41.3424	71.2383
41.3441	71.2656
41.3457	71.293
41.3473	71.3203
41.3489	71.3477
41.3505	71.375
41.3521	71.4023
41.3537	71.4297
41.3553	71.457
41.3569	71.4844
41.3585	71.5117
41.3601	71.5391
41.3617	71.5664
41.3633	71.5938
41.3649	71.6211
41.3665	71.6484
41.3681	71.6758
41.3697	71.7031
41.3713	71.7305
41.3729	71.7578
41.3745	71.7852
41.3761	71.8125
41.3777	71.8398
41.3793	71.8672
41.3809	71.8945
41.3825	71.9219
41.3841	71.9492
41.3857	71.9766
41.3873	72.0039
41.3889	72.0312
41.3905	72.0586
41.3921	72.0859
41.3937	72.1133
41.3953	72.1406
41.3969	72.168
41.3985	72.1953
41.4001	72.2227
41.4017	72.25
41.4033	72.2773
41.4049	72.3047
41.4065	72.332
41.4081	72.3594
41.4097	72.3867
41.4113	72.4141
41.4129	72.4414
41.4145	72.4688
41.4161	72.4961
41.4177	72.5234
41.4194	72.5508
41.421	72.5781
41.4226	72.6055
41.4242	72.6328
41.4258	72.6602
41.4274	72.6875
41.429	72.7148
41.4306	72.7422
41.4322	72.7695
41.4338	72.7969
41.4354	72.8242
41.437	72.8516
41.4386	72.8789
41.4402	72.9062
41.4418	72.9336
41.4434	72.9609
41.445	72.9883
41.4466	73.0156
41.4482	73.043
41.4498	73.0703
41.4514	73.0977
41.453	73.125
41.4546	73.1523
41.4562	73.1787
41.4578	73.2051
41.4594	73.2314
41.461	73.2578
41.4626	73.2842
41.4642	73.3105
41.4658	73.3369
41.4674	73.3633
41.469	73.3896
41.4706	73.416
41.4722	73.4424
41.4738	73.4688
41.4754	73.4951
41.477	73.5215
41.4786	73.5479
41.4802	73.5742
41.4818	73.6006
41.4834	73.627
41.485	73.6533
41.4866	73.6797
41.4882	73.7061
41.4898	73.7324
41.4914	73.7588
41.493	73.7852
41.4947	73.8115
41.4963	73.8379
41.4979	73.8643
41.4995	73.8906
41.5011	73.917
41.5027	73.9434
41.5043	73.9697
41.5059	73.9961
41.5075	74.0225
41.5091	74.0488
41.5107	74.0752
41.5123	74.1016
41.5139	74.1279
41.5155	74.1543
41.5171	74.1807
41.5187	74.207
41.5203	74.2334
41.5219	74.2598
41.5235	74.2861
41.5251	74.3125
41.5267	74.3389
41.5283	74.3652
41.5299	74.3916
41.5315	74.418
41.5331	74.4443
41.5347	74.4707
41.5363	74.4971
41.5379	74.5234
41.5395	74.5498
41.5411	74.5762
41.5427	74.6025
41.5443	74.6289
41.5459	74.6553
41.5475	74.6816
41.5491	74.708
41.5507	74.7344
41.5523	74.7607
41.5539	74.7871
41.5555	74.8135
41.5571	74.8398
41.5587	74.8662
41.5603	74.8926
41.5619	74.9189
41.5635	74.9453
41.5651	74.9717
41.5667	74.998
41.5683	75.0244
41.57	75.0508
41.5716	75.0771
41.5732	75.1035
41.5748	75.1299
41.5764	75.1562
41.578	75.1826
41.5796	75.209
41.5812	75.2354
41.5828	75.2617
41.5844	75.2881
41.586	75.3145
41.5876	75.3408
41.5892	75.3672
41.5908	75.3936
41.5924	75.4199
41.594	75.4463
41.5956	75.4727
41.5972	75.499
41.5988	75.5254
41.6004	75.5518
41.602	75.5781
41.6036	75.6045
41.6052	75.6309
41.6068	75.6572
41.6084	75.6836
41.61	75.71
41.6116	75.7363
41.6132	75.7627
41.6148	75.7891
41.6164	75.8154
41.618	75.8418
41.6196	75.8672
41.6212	75.8926
41.6228	75.918
41.6244	75.9434
41.626	75.9688
41.6276	75.9941
41.6292	76.0195
41.6308	76.0449
41.6324	76.0703
41.634	76.0957
41.6356	76.1211
41.6372	76.1465
41.6388	76.1719
41.6404	76.1973
41.642	76.2227
41.6436	76.248
41.6453	76.2734
41.6469	76.2988
41.6485	76.3242
41.6501	76.3496
41.6517	76.375
41.6533	76.4004
41.6549	76.4258
41.6565	76.4512
41.6581	76.4766
41.6597	76.502
41.6613	76.5273
41.6629	76.5527
41.6645	76.5781
41.6661	76.6035
41.6677	76.6289
41.6693	76.6543
41.6709	76.6797
41.6725	76.7051
41.6741	76.7305
41.6757	76.7559
41.6773	76.7812
41.6789	76.8066
41.6805	76.832
41.6821	76.8574
41.6837	76.8828
41.6853	76.9082
41.6869	76.9336
41.6885	76.959
41.6901	76.9844
41.6917	77.0098
41.6933	77.0352
41.6949	77.0605
41.6965	77.0859
41.6981	77.1113
41.6997	77.1367
41.7013	77.1621
41.7029	77.1875
41.7045	77.2129
41.7061	77.2383
41.7077	77.2637
41.7093	77.2891
41.7109	77.3145
41.7125	77.3398
41.7141	77.3652
41.7157	77.3906
41.7173	77.416
41.7189	77.4414
41.7206	77.4668
41.7222	77.4922
41.7238	77.5176
41.7254	77.543
41.727	77.5684
41.7286	77.5938
41.7302	77.6191
41.7318	77.6445
41.7334	77.6699
41.735	77.6953
41.7366	77.7207
41.7382	77.7461
41.7398	77.7715
41.7414	77.7969
41.743	77.8223
41.7446	77.8477
41.7462	77.873
41.7478	77.8984
41.7494	77.9238
41.751	77.9492
41.7526	77.9746
41.7542	78
41.7558	78.0254
41.7574	78.0508
41.759	78.0762
41.7606	78.1016
41.7622	78.127
41.7638	78.1523
41.7654	78.1777
41.767	78.2031
41.7686	78.2285
41.7702	78.2539
41.7718	78.2793
41.7734	78.3047
41.775	78.3301
41.7766	78.3555
41.7782	78.3809
41.7798	78.4062
41.7814	78.4316
41.783	78.457
41.7846	78.4824
41.7862	78.5078
41.7878	78.5332
41.7894	78.5586
41.791	78.584
41.7926	78.6094
41.7942	78.6348
41.7959	78.6602
41.7975	78.6855
41.7991	78.7109
41.8007	78.7363
41.8023	78.7617
41.8039	78.7861
41.8055	78.8105
41.8071	78.835
41.8087	78.8594
41.8103	78.8838
41.8119	78.9082
41.8135	78.9326
41.8151	78.957
41.8167	78.9814
41.8183	79.0059
41.8199	79.0303
41.8215	79.0547
41.8231	79.0791
41.8247	79.1035
41.8263	79.1279
41.8279	79.1523
41.8295	79.1768
41.8311	79.2012
41.8327	79.2256
41.8343	79.25
41.8359	79.2744
41.8375	79.2988
41.8391	79.3232
41.8407	79.3477
41.8423	79.3721
41.8439	79.3965
41.8455	79.4209
41.8471	79.4453
41.8487	79.4697
41.8503	79.4941
41.8519	79.5186
41.8535	79.543
41.8551	79.5674
41.8567	79.5918
41.8583	79.6162
41.8599	79.6406
41.8615	79.665
41.8631	79.6895
41.8647	79.7139
41.8663	79.7383
41.8679	79.7627
41.8696	79.7871
41.8712	79.8115
41.8728	79.8359
41.8744	79.8604
41.876	79.8848
41.8776	79.9092
41.8792	79.9336
41.8808	79.958
41.8824	79.9824
41.884	80.0068
41.8856	80.0312
41.8872	80.0557
41.8888	80.0801
41.8904	80.1045
41.892	80.1289
41.8936	80.1533
41.8952	80.1777
41.8968	80.2021
41.8984	80.2266
41.9	80.251
41.9016	80.2754
41.9032	80.2998
41.9048	80.3242
41.9064	80.3486
41.908	80.373
41.9096	80.3975
41.9112	80.4219
41.9128	80.4463
41.9144	80.4707
41.916	80.4951
41.9176	80.5195
41.9192	80.5439
41.9208	80.5684
41.9224	80.5928
41.924	80.6172
41.9256	80.6416
41.9272	80.666
41.9288	80.6904
41.9304	80.7148
41.932	80.7393
41.9336	80.7637
41.9352	80.7881
41.9368	80.8125
41.9384	80.8369
41.94	80.8613
41.9416	80.8857
41.9432	80.9102
41.9449	80.9346
41.9465	80.959
41.9481	80.9834
41.9497	81.0078
41.9513	81.0322
41.9529	81.0566
41.9545	81.0811
41.9561	81.1055
41.9577	81.1299
41.9593	81.1543
41.9609	81.1787
41.9625	81.2031
41.9641	81.2275
41.9657	81.252
41.9673	81.2764
41.9689	81.3008
41.9705	81.3252
41.9721	81.3496
41.9737	81.374
41.9753	81.3984
41.9769	81.4229
41.9785	81.4473
41.9801	81.4717
41.9817	81.4961
41.9833	81.5205
41.9849	81.5449
41.9865	81.5693
41.9881	81.5938
41.9897	81.6182
41.9913	81.6426
41.9929	81.667
41.9945	81.6914
41.9961	81.7158
41.9977	81.7402
41.9993	81.7646
42.0009	81.7891
42.0025	81.8135
42.0041	81.8379
42.0057	81.8623
42.0073	81.8867
42.0089	81.9111
42.0105	81.9346
42.0121	81.958
42.0137	81.9814
42.0153	82.0049
42.0169	82.0283
42.0185	82.0518
42.0202	82.0752
42.0218	82.0986
42.0234	82.1221
42.025	82.1455
42.0266	82.1689
42.0282	82.1924
42.0298	82.2158
42.0314	82.2393
42.033	82.2627
42.0346	82.2861
42.0362	82.3096
42.0378	82.333
42.0394	82.3564
42.041	82.3799
42.0426	82.4033
42.0442	82.4268
42.0458	82.4502
42.0474	82.4736
42.049	82.4971
42.0506	82.5205
42.0522	82.5439
42.0538	82.5674
42.0554	82.5908
42.057	82.6143
42.0586	82.6377
42.0602	82.6611
42.0618	82.6846
42.0634	82.708
42.065	82.7314
42.0666	82.7549
42.0682	82.7783
42.0698	82.8018
42.0714	82.8252
42.073	82.8486
42.0746	82.8721
42.0762	82.8955
42.0778	82.9189
42.0794	82.9424
42.081	82.9658
42.0826	82.9893
42.0842	83.0127
42.0858	83.0361
42.0874	83.0596
42.089	83.083
42.0906	83.1064
42.0922	83.1299
42.0938	83.1533
42.0955	83.1768
42.0971	83.2002
42.0987	83.2236
42.1003	83.2471
42.1019	83.2705
42.1035	83.2939
42.1051	83.3174
42.1067	83.3408
42.1083	83.3643
42.1099	83.3877
42.1115	83.4111
42.1131	83.4346
42.1147	83.458
42.1163	83.4814
42.1179	83.5049
42.1195	83.5283
42.1211	83.5518
42.1227	83.5752
42.1243	83.5986
42.1259	83.6221
42.1275	83.6455
42.1291	83.6689
42.1307	83.6924
42.1323	83.7158
42.1339	83.7393
42.1355	83.7627
42.1371	83.7861
42.1387	83.8096
42.1403	83.833
42.1419	83.8564
42.1435	83.8799
42.1451	83.9033
42.1467	83.9268
42.1483	83.9502
42.1499	83.9736
42.1515	83.9971
42.1531	84.0205
42.1547	84.0439
42.1563	84.0674
42.1579	84.0908
42.1595	84.1143
42.1611	84.1377
42.1627	84.1611
42.1643	84.1846
42.1659	84.208
42.1675	84.2314
42.1691	84.2549
42.1708	84.2783
42.1724	84.3018
42.174	84.3252
42.1756	84.3486
42.1772	84.3721
42.1788	84.3955
42.1804	84.4189
42.182	84.4424
42.1836	84.4658
42.1852	84.4893
42.1868	84.5127
42.1884	84.5361
42.19	84.5596
42.1916	84.583
42.1932	84.6064
42.1948	84.6299
42.1964	84.6533
42.198	84.6768
42.1996	84.7002
42.2012	84.7236
42.2028	84.7471
42.2044	84.7705
42.206	84.7939
42.2076	84.8174
42.2092	84.8408
42.2108	84.8643
42.2124	84.8877
42.214	84.9111
42.2156	84.9346
42.2172	84.958
42.2188	84.9814
42.2204	85.0049
42.222	85.0283
42.2236	85.0518
42.2252	85.0752
42.2268	85.0986
42.2284	85.1221
42.23	85.1455
42.2316	85.1689
42.2332	85.1924
42.2348	85.2158
42.2364	85.2393
42.238	85.2627
42.2396	85.2861
42.2412	85.3096
42.2428	85.333
42.2444	85.3555
42.2461	85.3779
42.2477	85.4004
42.2493	85.4229
42.2509	85.4453
42.2525	85.4678
42.2541	85.4902
42.2557	85.5127
42.2573	85.5352
42.2589	85.5576
42.2605	85.5801
42.2621	85.6025
42.2637	85.625
42.2653	85.6475
42.2669	85.6699
42.2685	85.6924
42.2701	85.7148
42.2717	85.7373
42.2733	85.7598
42.2749	85.7822
42.2765	85.8047
42.2781	85.8271
42.2797	85.8496
42.2813	85.8721
42.2829	85.8945
42.2845	85.917
42.2861	85.9395
42.2877	85.9619
42.2893	85.9844
42.2909	86.0068
42.2925	86.0293
42.2941	86.0518
42.2957	86.0742
42.2973	86.0967
42.2989	86.1191
42.3005	86.1416
42.3021	86.1641
42.3037	86.1865
42.3053	86.209
42.3069	86.2314
42.3085	86.2539
42.3101	86.2764
42.3117	86.2988
42.3133	86.3213
42.3149	86.3438
42.3165	86.3662
42.3181	86.3887
42.3197	86.4111
42.3214	86.4336
42.323	86.4561
42.3246	86.4785
42.3262	86.501
42.3278	86.5234
42.3294	86.5459
42.331	86.5684
42.3326	86.5908
42.3342	86.6133
42.3358	86.6357
42.3374	86.6582
42.339	86.6807
42.3406	86.7031
42.3422	86.7256
42.3438	86.748
42.3454	86.7705
42.347	86.793
42.3486	86.8154
42.3502	86.8379
42.3518	86.8604
42.3534	86.8828
42.355	86.9053
42.3566	86.9277
42.3582	86.9502
42.3598	86.9727
42.3614	86.9951
42.363	87.0176
42.3646	87.04
42.3662	87.0625
42.3678	87.085
42.3694	87.1074
42.371	87.1299
42.3726	87.1523
42.3742	87.1748
42.3758	87.1973
42.3774	87.2197
42.379	87.2422
42.3806	87.2646
42.3822	87.2871
42.3838	87.3096
42.3854	87.332
42.387	87.3545
42.3886	87.377
42.3902	87.3994
42.3918	87.4219
42.3934	87.4443
42.3951	87.4668
42.3967	87.4893
42.3983	87.5117
42.3999	87.5342
42.4015	87.5566
42.4031	87.5791
42.4047	87.6016
42.4063	87.624
42.4079	87.6465
42.4095	87.6689
42.4111	87.6914
42.4127	87.7139
42.4143	87.7363
42.4159	87.7588
42.4175	87.7812
42.4191	87.8037
42.4207	87.8262
42.4223	87.8486
42.4239	87.8711
42.4255	87.8936
42.4271	87.916
42.4287	87.9385
42.4303	87.9609
42.4319	87.9834
42.4335	88.0059
42.4351	88.0283
42.4367	88.0508
42.4383	88.0732
42.4399	88.0957
42.4415	88.1182
42.4431	88.1406
42.4447	88.1631
42.4463	88.1855
42.4479	88.208
42.4495	88.2305
42.4511	88.2529
42.4527	88.2754
42.4543	88.2979
42.4559	88.3203
42.4575	88.3428
42.4591	88.3652
42.4607	88.3877
42.4623	88.4102
42.4639	88.4326
42.4655	88.4551
42.4671	88.4775
42.4687	88.5
42.4704	88.5225
42.472	88.5449
42.4736	88.5674
42.4752	88.5898
42.4768	88.6123
42.4784	88.6348
42.48	88.6572
42.4816	88.6797
42.4832	88.7021
42.4848	88.7246
42.4864	88.7471
42.488	88.7695
42.4896	88.792
42.4912	88.8145
42.4928	88.8369
42.4944	88.8594
42.496	88.8818
42.4976	88.9043
42.4992	88.9268
42.5008	88.9492
42.5024	88.9717
42.504	88.9941
42.5056	89.0166
42.5072	89.0391
42.5088	89.0605
42.5104	89.082
42.512	89.1035
42.5136	89.125
42.5152	89.1465
42.5168	89.168
42.5184	89.1895
42.52	89.2109
42.5216	89.2324
42.5232	89.2539
42.5248	89.2754
42.5264	89.2969
42.528	89.3184
42.5296	89.3398
42.5312	89.3613
42.5328	89.3828
42.5344	89.4043
42.536	89.4258
42.5376	89.4473
42.5392	89.4688
42.5408	89.4902
42.5424	89.5117
42.544	89.5332
42.5457	89.5547
42.5473	89.5762
42.5489	89.5977
42.5505	89.6191
42.5521	89.6406
42.5537	89.6621
42.5553	89.6836
42.5569	89.7051
42.5585	89.7266
42.5601	89.748
42.5617	89.7695
42.5633	89.791
42.5649	89.8125
42.5665	89.834
42.5681	89.8555
42.5697	89.877
42.5713	89.8984
42.5729	89.9199
42.5745	89.9414
42.5761	89.9629
42.5777	89.9844
42.5793	90.0059
42.5809	90.0273
42.5825	90.0488
42.5841	90.0703
42.5857	90.0918
42.5873	90.1133
42.5889	90.1348
42.5905	90.1562
42.5921	90.1777
42.5937	90.1992
42.5953	90.2207
42.5969	90.2422
42.5985	90.2637
42.6001	90.2852
42.6017	90.3066
42.6033	90.3281
42.6049	90.3496
42.6065	90.3711
42.6081	90.3926
42.6097	90.4141
42.6113	90.4355
42.6129	90.457
42.6145	90.4785
42.6161	90.5
42.6177	90.5215
42.6193	90.543
42.621	90.5645
42.6226	90.5859
42.6242	90.6074
42.6258	90.6289
42.6274	90.6504
42.629	90.6719
42.6306	90.6934
42.6322	90.7148
42.6338	90.7363
42.6354	90.7578
42.637	90.7793
42.6386	90.8008
42.6402	90.8223
42.6418	90.8438
42.6434	90.8652
42.645	90.8867
42.6466	90.9082
42.6482	90.9297
42.6498	90.9512
42.6514	90.9727
42.653	90.9941
42.6546	91.0156
42.6562	91.0371
42.6578	91.0586
42.6594	91.0801
42.661	91.1016
42.6626	91.123
42.6642	91.1445
42.6658	91.166
42.6674	91.1875
42.669	91.209
42.6706	91.2305
42.6722	91.252
42.6738	91.2734
42.6754	91.2949
42.677	91.3164
42.6786	91.3379
42.6802	91.3594
42.6818	91.3809
42.6834	91.4023
42.685	91.4238
42.6866	91.4453
42.6882	91.4668
42.6898	91.4883
42.6914	91.5098
42.693	91.5312
42.6946	91.5527
42.6963	91.5742
42.6979	91.5957
42.6995	91.6172
42.7011	91.6387
42.7027	91.6602
42.7043	91.6816
42.7059	91.7031
42.7075	91.7246
42.7091	91.7461
42.7107	91.7676
42.7123	91.7891
42.7139	91.8105
42.7155	91.832
42.7171	91.8535
42.7187	91.875
42.7203	91.8965
42.7219	91.918
42.7235	91.9395
42.7251	91.9609
42.7267	91.9824
42.7283	92.0039
42.7299	92.0254
42.7315	92.0469
42.7331	92.0684
42.7347	92.0898
42.7363	92.1113
42.7379	92.1328
42.7395	92.1543
42.7411	92.1758
42.7427	92.1973
42.7443	92.2188
42.7459	92.2402
42.7475	92.2617
42.7491	92.2832
42.7507	92.3047
42.7523	92.3262
42.7539	92.3477
42.7555	92.3691
42.7571	92.3906
42.7587	92.4121
42.7603	92.4336
42.7619	92.4551
42.7635	92.4766
42.7651	92.498
42.7667	92.5195
42.7683	92.541
42.7699	92.5625
42.7716	92.584
42.7732	92.6055
42.7748	92.627
42.7764	92.6484
42.778	92.6699
42.7796	92.6914
42.7812	92.7129
42.7828	92.7344
42.7844	92.7559
42.786	92.7773
42.7876	92.7988
42.7892	92.8203
42.7908	92.8418
42.7924	92.8633
42.794	92.8848
42.7956	92.9062
42.7972	92.9277
42.7988	92.9492
42.8004	92.9707
42.802	92.9922
42.8036	93.0137
42.8052	93.0352
42.8068	93.0566
42.8084	93.0781
42.81	93.0986
42.8116	93.1191
42.8132	93.1396
42.8148	93.1602
42.8164	93.1807
42.818	93.2012
42.8196	93.2217
42.8212	93.2422
42.8228	93.2627
42.8244	93.2832
42.826	93.3037
42.8276	93.3242
42.8292	93.3447
42.8308	93.3652
42.8324	93.3857
42.834	93.4062
42.8356	93.4268
42.8372	93.4473
42.8388	93.4678
42.8404	93.4883
42.842	93.5088
42.8436	93.5293
42.8452	93.5498
42.8469	93.5703
42.8485	93.5908
42.8501	93.6113
42.8517	93.6318
42.8533	93.6523
42.8549	93.6729
42.8565	93.6934
42.8581	93.7139
42.8597	93.7344
42.8613	93.7549
42.8629	93.7754
42.8645	93.7959
42.8661	93.8164
42.8677	93.8369
42.8693	93.8574
42.8709	93.8779
42.8725	93.8984
42.8749	91.9141
42.8757	90.5
42.8765	89.6689
42.8773	88.9199
42.8781	88.1719
42.8789	87.4229
42.8797	86.6738
42.8805	85.9258
42.8813	85.1768
42.8821	84.4287
42.8829	83.6797
42.8837	82.9307
42.8845	82.1826
42.8853	81.4336
42.8861	80.6855
42.8869	79.9365
42.8877	79.1875
42.8885	78.4395
42.8893	77.6904
42.8901	76.9424
42.8909	76.1934
42.8917	75.4453
42.8925	74.6963
42.8933	73.9473
42.8941	73.1992
42.8949	72.4502
42.8957	71.7021
42.8965	70.9531
42.8973	70.2041
42.8981	69.4561
42.8989	68.707
42.8997	67.959
42.9005	67.21
42.9013	66.4609
42.9021	65.7129
42.9029	64.9639
42.9037	64.2158
42.9045	63.4668
42.9053	62.7188
42.9061	61.9697
42.9069	61.2207
42.9077	60.4727
42.9085	59.7236
42.9093	58.9756
42.9101	58.2266
42.9109	57.4775
42.9117	56.7295
42.9125	55.9805
42.9133	55.2324
42.9141	54.4834
42.9149	53.7344
42.9158	52.9863
42.9166	52.2373
42.9174	51.4893
42.9182	50.7402
42.919	49.9922
42.9198	49.2432
42.9206	48.4941
42.9214	47.7461
42.9222	46.9971
42.923	46.249
42.9238	45.25
42.9246	44.1484
42.927	45.25
42.927	45.2939
42.9286	45.3379
42.9302	45.3818
42.9318	45.4258
42.9334	45.4697
42.935	45.5137
42.9366	45.5566
42.9382	45.5996
42.9398	45.6426
42.9414	45.6855
42.943	45.7285
42.9446	45.7715
42.9528	45.8145
42.9544	45.8574
42.956	45.9004
42.9576	45.9434
42.9592	45.9863
42.9608	46.0293
42.9624	46.0723
42.964	46.1152
42.9656	46.1582
42.9672	46.2012
42.9688	46.2441
42.9704	46.2871
42.972	46.3301
42.9736	46.373
42.9752	46.416
42.9768	46.459
42.9784	46.502
42.98	46.5449
42.9816	46.5869
42.9832	46.6289
42.9848	46.6709
42.9864	46.7129
42.988	46.7549
42.9896	46.7969
42.9912	46.8389
42.9928	46.8809
42.9944	46.9229
42.996	46.9648
42.9977	47.0068
42.9993	47.0488
43.0009	47.0908
43.0025	47.1328
43.0041	47.1748
43.0057	47.2168
43.0073	47.2588
43.0089	47.3008
43.0105	47.3428
43.0121	47.3848
43.0137	47.4268
43.0153	47.4688
43.0169	47.5107
43.0185	47.5527
43.0201	47.5947
43.0217	47.6367
43.0233	47.6777
43.0249	47.7188
43.0265	47.7598
43.0281	47.8008
43.0297	47.8418
43.0313	47.8828
43.0329	47.9238
43.0345	47.9648
43.0361	48.0059
43.0377	48.0469
43.0393	48.0879
43.0409	48.1289
43.0425	48.1699
43.0441	48.2109
43.0457	48.252
43.0473	48.293
43.0489	48.334
43.0505	48.375
43.0521	48.416
43.0537	48.457
43.0553	48.498
43.0569	48.5391
43.0585	48.5801
43.0601	48.6211
43.0617	48.6621
43.0633	48.7031
43.0649	48.7441
43.0665	48.7852
43.0681	48.8252
43.0697	48.8652
43.0714	48.9053
43.073	48.9453
43.0746	48.9854
43.0762	49.0254
43.0778	49.0654
43.0794	49.1055
43.081	49.1455
43.0826	49.1855
43.0842	49.2256
43.0858	49.2656
43.0874	49.3057
43.089	49.3457
43.0906	49.3857
43.0922	49.4258
43.0938	49.4658
43.0954	49.5059
43.097	49.5459
43.0986	49.5859
43.1002	49.626
43.1018	49.666
43.1034	49.7061
43.105	49.7461
43.1066	49.7861
43.1082	49.8262
43.1098	49.8662
43.1114	49.9062
43.113	49.9463
43.1146	49.9854
43.1162	50.0244
43.1178	50.0635
43.1194	50.1025
43.121	50.1416
43.1226	50.1807
43.1242	50.2197
43.1258	50.2588
43.1274	50.2979
43.129	50.3369
43.1306	50.376
43.1322	50.415
43.1338	50.4541
43.1354	50.4932
43.137	50.5322
43.1386	50.5713
43.1402	50.6104
43.1418	50.6494
43.1434	50.6885
43.145	50.7275
43.1467	50.7666
43.1483	50.8057
43.1499	50.8447
43.1515	50.8838
43.1531	50.9229
43.1547	50.9619
43.1563	51.001
43.1579	51.04
43.1595	51.0791
43.1611	51.1182
43.1627	51.1572
43.1643	51.1963
43.1659	51.2344
43.1675	51.2725
43.1691	51.3105
43.1707	51.3486
43.1723	51.3867
43.1739	51.4248
43.1755	51.4629
43.1771	51.501
43.1787	51.5391
43.1803	51.5771
43.1819	51.6152
43.1835	51.6533
43.1851	51.6914
43.1867	51.7295
43.1883	51.7676
43.1899	51.8057
43.1915	51.8438
43.1931	51.8818
43.1947	51.9199
43.1963	51.958
43.1979	51.9961
43.1995	52.0342
43.2011	52.0723
43.2027	52.1104
43.2043	52.1484
43.2059	52.1865
43.2075	52.2246
43.2091	52.2627
43.2107	52.3008
43.2123	52.3389
43.2139	52.377
43.2155	52.415
43.2171	52.4531
43.2187	52.4912
43.2203	52.5293
43.222	52.5664
43.2236	52.6035
43.2252	52.6406
43.2268	52.6777
43.2284	52.7148
43.23	52.752
43.2316	52.7891
43.2332	52.8262
43.2348	52.8633
43.2364	52.9004
43.238	52.9375
43.2396	52.9746
43.2412	53.0117
43.2428	53.0488
43.2444	53.0859
43.246	53.123
43.2476	53.1602
43.2492	53.1973
43.2508	53.2344
43.2524	53.2715
43.254	53.3086
43.2556	53.3457
43.2572	53.3828
43.2588	53.4199
43.2604	53.457
43.262	53.4941
43.2636	53.5312
43.2652	53.5684
43.2668	53.6055
43.2684	53.6426
43.27	53.6797
43.2716	53.7168
43.2732	53.7539
43.2748	53.791
43.2764	53.8281
43.278	53.8652
43.2796	53.9023
43.2812	53.9385
43.2828	53.9746
43.2844	54.0107
43.286	54.0469
43.2876	54.083
43.2892	54.1191
43.2908	54.1553
43.2924	54.1914
43.294	54.2275
43.2956	54.2637
43.2973	54.2998
43.2989	54.3359
43.3005	54.3721
43.3021	54.4082
43.3037	54.4443
43.3053	54.4805
43.3069	54.5166
43.3085	54.5527
43.3101	54.5889
43.3117	54.625
43.3133	54.6611
43.3149	54.6973
43.3165	54.7334
43.3181	54.7695
43.3197	54.8057
43.3213	54.8418
43.3229	54.8779
43.3245	54.9141
43.3261	54.9502
43.3277	54.9863
43.3293	55.0225
43.3309	55.0586
43.3325	55.0947
43.3341	55.1309
43.3357	55.167
43.3373	55.2031
43.3389	55.2393
43.3405	55.2754
43.3421	55.3115
43.3437	55.3477
43.3453	55.3828
43.3469	55.418
43.3485	55.4531
43.3501	55.4883
43.3517	55.5234
43.3533	55.5586
43.3549	55.5938
43.3565	55.6289
43.3581	55.6641
43.3597	55.6992
43.3613	55.7344
43.3629	55.7695
43.3645	55.8047
43.3661	55.8398
43.3677	55.875
43.3693	55.9102
43.3709	55.9453
43.3726	55.9805
43.3742	56.0156
43.3758	56.0508
43.3774	56.0859
43.379	56.1211
43.3806	56.1562
43.3822	56.1914
43.3838	56.2266
43.3854	56.2617
43.387	56.2969
43.3886	56.332
43.3902	56.3672
43.3918	56.4023
43.3934	56.4375
43.395	56.4727
43.3966	56.5078
43.3982	56.543
43.3998	56.5781
43.4014	56.6133
43.403	56.6484
43.4046	56.6836
43.4062	56.7188
43.4078	56.7539
43.4094	56.7891
43.411	56.8242
43.4126	56.8594
43.4142	56.8945
43.4158	56.9287
43.4174	56.9629
43.419	56.9971
43.4206	57.0312
43.4222	57.0654
43.4238	57.0996
43.4254	57.1338
43.427	57.168
43.4286	57.2021
43.4302	57.2363
43.4318	57.2705
43.4334	57.3047
43.435	57.3389
43.4366	57.373
43.4382	57.4072
43.4398	57.4414
43.4414	57.4756
43.443	57.5098
43.4446	57.5439
43.4462	57.5781
43.4479	57.6123
43.4495	57.6465
43.4511	57.6807
43.4527	57.7148
43.4543	57.749
43.4559	57.7832
43.4575	57.8174
43.4591	57.8516
43.4607	57.8857
43.4623	57.9199
43.4639	57.9541
43.4655	57.9883
43.4671	58.0225
43.4687	58.0566
43.4703	58.0908
43.4719	58.125
43.4735	58.1592
43.4751	58.1934
43.4767	58.2275
43.4783	58.2617
43.4799	58.2959
43.4815	58.3301
43.4831	58.3643
43.4847	58.3984
43.4863	58.4326
43.4879	58.4668
43.4895	58.501
43.4911	58.5352
43.4927	58.5684
43.4943	58.6016
43.4959	58.6348
43.4975	58.668
43.4991	58.7012
43.5007	58.7344
43.5023	58.7676
43.5039	58.8008
43.5055	58.834
43.5071	58.8672
43.5087	58.9004
43.5103	58.9336
43.5119	58.9668
43.5135	59
43.5151	59.0332
43.5167	59.0664
43.5183	59.0996
43.5199	59.1328
43.5215	59.166
43.5232	59.1992
43.5248	59.2324
43.5264	59.2656
43.528	59.2988
43.5296	59.332
43.5312	59.3652
43.5328	59.3984
43.5344	59.4316
43.536	59.4648
43.5376	59.498
43.5392	59.5312
43.5408	59.5645
43.5424	59.5977
43.544	59.6309
43.5456	59.6641
43.5472	59.6973
43.5488	59.7305
43.5504	59.7637
43.552	59.7969
43.5536	59.8301
43.5552	59.8633
43.5568	59.8965
43.5584	59.9297
43.56	59.9629
43.5616	59.9961
43.5632	60.0293
43.5648	60.0625
43.5664	60.0957
43.568	60.1289
43.5696	60.1621
43.5712	60.1953
43.5728	60.2285
43.5744	60.2607
43.576	60.293
43.5776	60.3252
43.5792	60.3574
43.5808	60.3896
43.5824	60.4219
43.584	60.4541
43.5856	60.4863
43.5872	60.5186
43.5888	60.5508
43.5904	60.583
43.592	60.6152
43.5936	60.6475
43.5952	60.6797
43.5968	60.7119
43.5985	60.7441
43.6001	60.7764
43.6017	60.8086
43.6033	60.8408
43.6049	60.873
43.6065	60.9053
43.6081	60.9375
43.6097	60.9697
43.6113	61.002
43.6129	61.0342
43.6145	61.0664
43.6161	61.0986
43.6177	61.1309
43.6193	61.1631
43.6209	61.1953
43.6225	61.2275
43.6241	61.2598
43.6257	61.292
43.6273	61.3242
43.6289	61.3564
43.6305	61.3887
43.6321	61.4209
43.6337	61.4531
43.6353	61.4854
43.6369	61.5176
43.6385	61.5498
43.6401	61.582
43.6417	61.6143
43.6433	61.6465
43.6449	61.6787
43.6465	61.7109
43.6481	61.7432
43.6497	61.7754
43.6513	61.8076
43.6529	61.8398
43.6545	61.8721
43.6561	61.9043
43.6577	61.9365
43.6593	61.9688
43.6609	62.001
43.6625	62.0332
43.6641	62.0654
43.6657	62.0967
43.6673	62.1279
43.6689	62.1592
43.6705	62.1904
43.6722	62.2217
43.6738	62.2529
43.6754	62.2842
43.677	62.3154
43.6786	62.3467
43.6802	62.3779
43.6818	62.4092
43.6834	62.4404
43.685	62.4717
43.6866	62.5029
43.6882	62.5342
43.6898	62.5654
43.6914	62.5967
43.693	62.6279
43.6946	62.6592
43.6962	62.6904
43.6978	62.7217
43.6994	62.7529
43.701	62.7842
43.7026	62.8154
43.7042	62.8467
43.7058	62.8779
43.7074	62.9092
43.709	62.9404
43.7106	62.9717
43.7122	63.0029
43.7138	63.0342
43.7154	63.0654
43.717	63.0967
43.7186	63.1279
43.7202	63.1592
43.7218	63.1904
43.7234	63.2217
43.725	63.2529
43.7266	63.2842
43.7282	63.3154
43.7298	63.3467
43.7314	63.3779
43.733	63.4092
43.7346	63.4404
43.7362	63.4717
43.7378	63.5029
43.7394	63.5342
43.741	63.5654
43.7426	63.5967
43.7442	63.6279
43.7458	63.6592
43.7475	63.6904
43.7491	63.7217
43.7507	63.7529
43.7523	63.7842
43.7539	63.8154
43.7555	63.8467
43.7571	63.8779
43.7587	63.9092
43.7603	63.9404
43.7619	63.9717
43.7635	64.0029
43.7651	64.0332
43.7667	64.0635
43.7683	64.0938
43.7699	64.124
43.7715	64.1543
43.7731	64.1846
43.7747	64.2148
43.7763	64.2451
43.7779	64.2754
43.7795	64.3057
43.7811	64.3359
43.7827	64.3662
43.7843	64.3965
43.7859	64.4268
43.7875	64.457
43.7891	64.4873
43.7907	64.5176
43.7923	64.5479
43.7939	64.5781
43.7955	64.6084
43.7971	64.6387
43.7987	64.6689
43.8003	64.6992
43.8019	64.7295
43.8035	64.7598
43.8051	64.79
43.8067	64.8203
43.8083	64.8506
43.8099	64.8809
43.8115	64.9111
43.8131	64.9414
43.8147	64.9717
43.8163	65.002
43.8179	65.0322
43.8195	65.0625
43.8211	65.0928
43.8228	65.123
43.8244	65.1533
43.826	65.1836
43.8276	65.2139
43.8292	65.2441
43.8308	65.2744
43.8324	65.3047
43.834	65.335
43.8356	65.3652
43.8372	65.3955
43.8388	65.4258
43.8404	65.4561
43.842	65.4863
43.8436	65.5166
43.8452	65.5469
43.8468	65.5771
43.8484	65.6074
43.85	65.6377
43.8516	65.668
43.8532	65.6982
43.8548	65.7285
43.8564	65.7588
43.858	65.7891
43.8596	65.8193
43.8612	65.8496
43.8628	65.8799
43.8644	65.9102
43.866	65.9404
43.8676	65.9707
43.8692	66.001
43.8708	66.0312
43.8724	66.0615
43.874	66.0908
43.8756	66.1201
43.8772	66.1494
43.8788	66.1787
43.8804	66.208
43.882	66.2373
43.8836	66.2666
43.8852	66.2959
43.8868	66.3252
43.8884	66.3545
43.89	66.3838
43.8916	66.4131
43.8932	66.4424
43.8948	66.4717
43.8964	66.501
43.8981	66.5303
43.8997	66.5596
43.9013	66.5889
43.9029	66.6182
43.9045	66.6475
43.9061	66.6768
43.9077	66.7061
43.9093	66.7354
43.9109	66.7646
43.9125	66.7939
43.9141	66.8232
43.9157	66.8525
43.9173	66.8818
43.9189	66.9111
43.9205	66.9404
43.9221	66.9697
43.9237	66.999
43.9253	67.0283
43.9269	67.0576
43.9285	67.0869
43.9301	67.1162
43.9317	67.1455
43.9333	67.1748
43.9349	67.2041
43.9365	67.2334
43.9381	67.2627
43.9397	67.292
43.9413	67.3213
43.9429	67.3506
43.9445	67.3799
43.9461	67.4092
43.9477	67.4385
43.9493	67.4678
43.9509	67.4971
43.9525	67.5264
43.9541	67.5557
43.9557	67.585
43.9573	67.6143
43.9589	67.6436
43.9605	67.6729
43.9621	67.7021
43.9637	67.7314
43.9653	67.7607
43.9669	67.79
43.9685	67.8193
43.9701	67.8486
43.9717	67.8779
43.9734	67.9072
43.975	67.9365
43.9766	67.9658
43.9782	67.9951
43.9798	68.0244
43.9814	68.0537
43.983	68.083
43.9846	68.1123
43.9862	68.1416
43.9878	68.1709
43.9894	68.2002
43.991	68.2295
43.9926	68.2588
43.9942	68.2871
43.9958	68.3154
43.9974	68.3438
43.999	68.3721
44.0006	68.4004
44.0022	68.4287
44.0038	68.457
44.0054	68.4854
44.007	68.5137
44.0086	68.542
44.0102	68.5703
44.0118	68.5986
44.0134	68.627
44.015	68.6553
44.0166	68.6836
44.0182	68.7119
44.0198	68.7402
44.0214	68.7686
44.023	68.7969
44.0246	68.8252
44.0262	68.8535
44.0278	68.8818
44.0294	68.9102
44.031	68.9385
44.0326	68.9668
44.0342	68.9951
44.0358	69.0234
44.0374	69.0518
44.039	69.0801
44.0406	69.1084
44.0422	69.1367
44.0438	69.165
44.0454	69.1934
44.047	69.2217
44.0487	69.25
44.0503	69.2783
44.0519	69.3066
44.0535	69.335
44.0551	69.3633
44.0567	69.3916
44.0583	69.4199
44.0599	69.4482
44.0615	69.4766
44.0631	69.5049
44.0647	69.5332
44.0663	69.5615
44.0679	69.5898
44.0695	69.6182
44.0711	69.6465
44.0727	69.6748
44.0743	69.7031
44.0759	69.7314
44.0775	69.7598
44.0791	69.7881
44.0807	69.8164
44.0823	69.8447
44.0839	69.873
44.0855	69.9014
44.0871	69.9297
44.0887	69.958
44.0903	69.9863
44.0919	70.0146
44.0935	70.043
44.0951	70.0713
44.0967	70.0996
44.0983	70.1279
44.0999	70.1562
44.1015	70.1846
44.1031	70.2129
44.1047	70.2412
44.1063	70.2695
44.1079	70.2979
44.1095	70.3262
44.1111	70.3545
44.1127	70.3828
44.1143	70.4111
44.1159	70.4395
44.1175	70.4678
44.1191	70.4961
44.1207	70.5244
44.1223	70.5527
44.124	70.5811
44.1256	70.6094
44.1272	70.6367
44.1288	70.6641
44.1304	70.6914
44.132	70.7188
44.1336	70.7461
44.1352	70.7734
44.1368	70.8008
44.1384	70.8281
44.14	70.8555
44.1416	70.8828
44.1432	70.9102
44.1448	70.9375
44.1464	70.9648
44.148	70.9922
44.1496	71.0195
44.1512	71.0469
44.1528	71.0742
44.1544	71.1016
44.156	71.1289
44.1576	71.1562
44.1592	71.1836
44.1608	71.2109
44.1624	71.2383
44.164	71.2656
44.1656	71.293
44.1672	71.3203
44.1688	71.3477
44.1704	71.375
44.172	71.4023
44.1736	71.4297
44.1752	71.457
44.1768	71.4844
44.1784	71.5117
44.18	71.5391
44.1816	71.5664
44.1832	71.5938
44.1848	71.6211
44.1864	71.6484
44.188	71.6758
44.1896	71.7031
44.1912	71.7305
44.1928	71.7578
44.1944	71.7852
44.196	71.8125
44.1977	71.8398
44.1993	71.8672
44.2009	71.8945
44.2025	71.9219
44.2041	71.9492
44.2057	71.9766
44.2073	72.0039
44.2089	72.0312
44.2105	72.0586
44.2121	72.0859
44.2137	72.1133
44.2153	72.1406
44.2169	72.168
44.2185	72.1953
44.2201	72.2227
44.2217	72.25
44.2233	72.2773
44.2249	72.3047
44.2265	72.332
44.2281	72.3594
44.2297	72.3867
44.2313	72.4141
44.2329	72.4414
44.2345	72.4688
44.2361	72.4961
44.2377	72.5234
44.2393	72.5508
44.2409	72.5781
44.2425	72.6055
44.2441	72.6328
44.2457	72.6602
44.2473	72.6875
44.2489	72.7148
44.2505	72.7422
44.2521	72.7695
44.2537	72.7969
44.2553	72.8242
44.2569	72.8516
44.2585	72.8789
44.2601	72.9062
44.2617	72.9336
44.2633	72.9609
44.2649	72.9883
44.2665	73.0156
44.2681	73.043
44.2697	73.0703
44.2713	73.0977
44.273	73.125
44.2746	73.1523
44.2762	73.1787
44.2778	73.2051
44.2794	73.2314
44.281	73.2578
44.2826	73.2842
44.2842	73.3105
44.2858	73.3369
44.2874	73.3633
44.289	73.3896
44.2906	73.416
44.2922	73.4424
44.2938	73.4688
44.2954	73.4951
44.297	73.5215
44.2986	73.5479
44.3002	73.5742
44.3018	73.6006
44.3034	73.627
44.305	73.6533
44.3066	73.6797
44.3082	73.7061
44.3098	73.7324
44.3114	73.7588
44.313	73.7852
44.3146	73.8115
44.3162	73.8379
44.3178	73.8643
44.3194	73.8906
44.321	73.917
44.3226	73.9434
44.3242	73.9697
44.3258	73.9961
44.3274	74.0225
44.329	74.0488
44.3306	74.0752
44.3322	74.1016
44.3338	74.1279
44.3354	74.1543
44.337	74.1807
44.3386	74.207
44.3402	74.2334
44.3418	74.2598
44.3434	74.2861
44.345	74.3125
44.3466	74.3389
44.3483	74.3652
44.3499	74.3916
44.3515	74.418
44.3531	74.4443
44.3547	74.4707
44.3563	74.4971
44.3579	74.5234
44.3595	74.5498
44.3611	74.5762
44.3627	74.6025
44.3643	74.6289
44.3659	74.6553
44.3675	74.6816
44.3691	74.708
44.3707	74.7344
44.3723	74.7607
44.3739	74.7871
44.3755	74.8135
44.3771	74.8398
44.3787	74.8662
44.3803	74.8926
44.3819	74.9189
44.3835	74.9453
44.3851	74.9717
44.3867	74.998
44.3883	75.0244
44.3899	75.0508
44.3915	75.0771
44.3931	75.1035
44.3947	75.1299
44.3963	75.1562
44.3979	75.1826
44.3995	75.209
44.4011	75.2354
44.4027	75.2617
44.4043	75.2881
44.4059	75.3145
44.4075	75.3408
44.4091	75.3672
44.4107	75.3936
44.4123	75.4199
44.4139	75.4463
44.4155	75.4727
44.4171	75.499
44.4187	75.5254
44.4203	75.5518
44.4219	75.5781
44.4236	75.6045
44.4252	75.6309
44.4268	75.6572
44.4284	75.6836
44.43	75.71
44.4316	75.7363
44.4332	75.7627
44.4348	75.7891
44.4364	75.8154
44.438	75.8418
44.4396	75.8672
44.4412	75.8926
44.4428	75.918
44.4444	75.9434
44.446	75.9688
44.4476	75.9941
44.4492	76.0195
44.4508	76.0449
44.4524	76.0703
44.454	76.0957
44.4556	76.1211
44.4572	76.1465
44.4588	76.1719
44.4604	76.1973
44.462	76.2227
44.4636	76.248
44.4652	76.2734
44.4668	76.2988
44.4684	76.3242
44.47	76.3496
44.4716	76.375
44.4732	76.4004
44.4748	76.4258
44.4764	76.4512
44.478	76.4766
44.4796	76.502
44.4812	76.5273
44.4828	76.5527
44.4844	76.5781
44.486	76.6035
44.4876	76.6289
44.4892	76.6543
44.4908	76.6797
44.4924	76.7051
44.494	76.7305
44.4956	76.7559
44.4972	76.7812
44.4989	76.8066
44.5005	76.832
44.5021	76.8574
44.5037	76.8828
44.5053	76.9082
44.5069	76.9336
44.5085	76.959
44.5101	76.9844
44.5117	77.0098
44.5133	77.0352
44.5149	77.0605
44.5165	77.0859
44.5181	77.1113
44.5197	77.1367
44.5213	77.1621
44.5229	77.1875
44.5245	77.2129
44.5261	77.2383
44.5277	77.2637
44.5293	77.2891
44.5309	77.3145
44.5325	77.3398
44.5341	77.3652
44.5357	77.3906
44.5373	77.416
44.5389	77.4414
44.5405	77.4668
44.5421	77.4922
44.5437	77.5176
44.5453	77.543
44.5469	77.5684
44.5485	77.5938
44.5501	77.6191
44.5517	77.6445
44.5533	77.6699
44.5549	77.6953
44.5565	77.7207
44.5581	77.7461
44.5597	77.7715
44.5613	77.7969
44.5629	77.8223
44.5645	77.8477
44.5661	77.873
44.5677	77.8984
44.5693	77.9238
44.5709	77.9492
44.5725	77.9746
44.5742	78
44.5758	78.0254
44.5774	78.0508
44.579	78.0762
44.5806	78.1016
44.5822	78.127
44.5838	78.1523
44.5854	78.1777
44.587	78.2031
44.5886	78.2285
44.5902	78.2539
44.5918	78.2793
44.5934	78.3047
44.595	78.3301
44.5966	78.3555
44.5982	78.3809
44.5998	78.4062
44.6014	78.4316
44.603	78.457
44.6046	78.4824
44.6062	78.5078
44.6078	78.5332
44.6094	78.5586
44.611	78.584
44.6126	78.6094
44.6142	78.6348
44.6158	78.6602
44.6174	78.6855
44.619	78.7109
44.6206	78.7363
44.6222	78.7617
44.6238	78.7861
44.6254	78.8105
44.627	78.835
44.6286	78.8594
44.6302	78.8838
44.6318	78.9082
44.6334	78.9326
44.635	78.957
44.6366	78.9814
44.6382	79.0059
44.6398	79.0303
44.6414	79.0547
44.643	79.0791
44.6446	79.1035
44.6462	79.1279
44.6478	79.1523
44.6495	79.1768
44.6511	79.2012
44.6527	79.2256
44.6543	79.25
44.6559	79.2744
44.6575	79.2988
44.6591	79.3232
44.6607	79.3477
44.6623	79.3721
44.6639	79.3965
44.6655	79.4209
44.6671	79.4453
44.6687	79.4697
44.6703	79.4941
44.6719	79.5186
44.6735	79.543
44.6751	79.5674
44.6767	79.5918
44.6783	79.6162
44.6799	79.6406
44.6815	79.665
44.6831	79.6895
44.6847	79.7139
44.6863	79.7383
44.6879	79.7627
44.6895	79.7871
44.6911	79.8115
44.6927	79.8359
44.6943	79.8604
44.6959	79.8848
44.6975	79.9092
44.6991	79.9336
44.7007	79.958
44.7023	79.9824
44.7039	80.0068
44.7055	80.0312
44.7071	80.0557
44.7087	80.0801
44.7103	80.1045
44.7119	80.1289
44.7135	80.1533
44.7151	80.1777
44.7167	80.2021
44.7183	80.2266
44.7199	80.251
44.7215	80.2754
44.7232	80.2998
44.7248	80.3242
44.7264	80.3486
44.728	80.373
44.7296	80.3975
44.7312	80.4219
44.7328	80.4463
44.7344	80.4707
44.736	80.4951
44.7376	80.5195
44.7392	80.5439
44.7408	80.5684
44.7424	80.5928
44.744	80.6172
44.7456	80.6416
44.7472	80.666
44.7488	80.6904
44.7504	80.7148
44.752	80.7393
44.7536	80.7637
44.7552	80.7881
44.7568	80.8125
44.7584	80.8369
44.76	80.8613
44.7616	80.8857
44.7632	80.9102
44.7648	80.9346
44.7664	80.959
44.768	80.9834
44.7696	81.0078
44.7712	81.0322
44.7728	81.0566
44.7744	81.0811
44.776	81.1055
44.7776	81.1299
44.7792	81.1543
44.7808	81.1787
44.7824	81.2031
44.784	81.2275
44.7856	81.252
44.7872	81.2764
44.7888	81.3008
44.7904	81.3252
44.792	81.3496
44.7936	81.374
44.7952	81.3984
44.7968	81.4229
44.7985	81.4473
44.8001	81.4717
44.8017	81.4961
44.8033	81.5205
44.8049	81.5449
44.8065	81.5693
44.8081	81.5938
44.8097	81.6182
44.8113	81.6426
44.8129	81.667
44.8145	81.6914
44.8161	81.7158
44.8177	81.7402
44.8193	81.7646
44.8209	81.7891
44.8225	81.8135
44.8241	81.8379
44.8257	81.8623
44.8273	81.8867
44.8289	81.9111
44.8305	81.9346
44.8321	81.958
44.8337	81.9814
44.8353	82.0049
44.8369	82.0283
44.8385	82.0518
44.8401	82.0752
44.8417	82.0986
44.8433	82.1221
44.8449	82.1455
44.8465	82.1689
44.8481	82.1924
44.8497	82.2158
44.8513	82.2393
44.8529	82.2627
44.8545	82.2861
44.8561	82.3096
44.8577	82.333
44.8593	82.3564
44.8609	82.3799
44.8625	82.4033
44.8641	82.4268
44.8657	82.4502
44.8673	82.4736
44.8689	82.4971
44.8705	82.5205
44.8721	82.5439
44.8738	82.5674
44.8754	82.5908
44.877	82.6143
44.8786	82.6377
44.8802	82.6611
44.8818	82.6846
44.8834	82.708
44.885	82.7314
44.8866	82.7549
44.8882	82.7783
44.8898	82.8018
44.8914	82.8252
44.893	82.8486
44.8946	82.8721
44.8962	82.8955
44.8978	82.9189
44.8994	82.9424
44.901	82.9658
44.9026	82.9893
44.9042	83.0127
44.9058	83.0361
44.9074	83.0596
44.909	83.083
44.9106	83.1064
44.9122	83.1299
44.9138	83.1533
44.9154	83.1768
44.917	83.2002
44.9186	83.2236
44.9202	83.2471
44.9218	83.2705
44.9234	83.2939
44.925	83.3174
44.9266	83.3408
44.9282	83.3643
44.9298	83.3877
44.9314	83.4111
44.933	83.4346
44.9346	83.458
44.9362	83.4814
44.9378	83.5049
44.9394	83.5283
44.941	83.5518
44.9426	83.5752
44.9442	83.5986
44.9458	83.6221
44.9474	83.6455
44.9491	83.6689
44.9507	83.6924
44.9523	83.7158
44.9539	83.7393
44.9555	83.7627
44.9571	83.7861
44.9587	83.8096
44.9603	83.833
44.9619	83.8564
44.9635	83.8799
44.9651	83.9033
44.9667	83.9268
44.9683	83.9502
44.9699	83.9736
44.9715	83.9971
44.9731	84.0205
44.9747	84.0439
44.9763	84.0674
44.9779	84.0908
44.9795	84.1143
44.9811	84.1377
44.9827	84.1611
44.9843	84.1846
44.9859	84.208
44.9875	84.2314
44.9891	84.2549
44.9907	84.2783
44.9923	84.3018
44.9939	84.3252
44.9955	84.3486
44.9971	84.3721
44.9987	84.3955
45.0003	84.4189
45.0019	84.4424
45.0035	84.4658
45.0051	84.4893
45.0067	84.5127
45.0083	84.5361
45.0099	84.5596
45.0115	84.583
45.0131	84.6064
45.0147	84.6299
45.0163	84.6533
45.0179	84.6768
45.0195	84.7002
45.0211	84.7236
45.0227	84.7471
45.0244	84.7705
45.026	84.7939
45.0276	84.8174
45.0292	84.8408
45.0308	84.8643
45.0324	84.8877
45.034	84.9111
45.0356	84.9346
45.0372	84.958
45.0388	84.9814
45.0404	85.0049
45.042	85.0283
45.0436	85.0518
45.0452	85.0752
45.0468	85.0986
45.0484	85.1221
45.05	85.1455
45.0516	85.1689
45.0532	85.1924
45.0548	85.2158
45.0564	85.2393
45.058	85.2627
45.0596	85.2861
45.0612	85.3096
45.0628	85.333
45.0644	85.3555
45.066	85.3779
45.0676	85.4004
45.0692	85.4229
45.0708	85.4453
45.0724	85.4678
45.074	85.4902
45.0756	85.5127
45.0772	85.5352
45.0788	85.5576
45.0804	85.5801
45.082	85.6025
45.0836	85.625
45.0852	85.6475
45.0868	85.6699
45.0884	85.6924
45.09	85.7148
45.0916	85.7373
45.0932	85.7598
45.0948	85.7822
45.0964	85.8047
45.098	85.8271
45.0997	85.8496
45.1013	85.8721
45.1029	85.8945
45.1045	85.917
45.1061	85.9395
45.1077	85.9619
45.1093	85.9844
45.1109	86.0068
45.1125	86.0293
45.1141	86.0518
45.1157	86.0742
45.1173	86.0967
45.1189	86.1191
45.1205	86.1416
45.1221	86.1641
45.1237	86.1865
45.1253	86.209
45.1269	86.2314
45.1285	86.2539
45.1301	86.2764
45.1317	86.2988
45.1333	86.3213
45.1349	86.3438
45.1365	86.3662
45.1381	86.3887
45.1397	86.4111
45.1413	86.4336
45.1429	86.4561
45.1445	86.4785
45.1461	86.501
45.1477	86.5234
45.1493	86.5459
45.1509	86.5684
45.1525	86.5908
45.1541	86.6133
45.1557	86.6357
45.1573	86.6582
45.1589	86.6807
45.1605	86.7031
45.1621	86.7256
45.1637	86.748
45.1653	86.7705
45.1669	86.793
45.1685	86.8154
45.1701	86.8379
45.1717	86.8604
45.1733	86.8828
45.175	86.9053
45.1766	86.9277
45.1782	86.9502
45.1798	86.9727
45.1814	86.9951
45.183	87.0176
45.1846	87.04
45.1862	87.0625
45.1878	87.085
45.1894	87.1074
45.191	87.1299
45.1926	87.1523
45.1942	87.1748
45.1958	87.1973
45.1974	87.2197
45.199	87.2422
45.2006	87.2646
45.2022	87.2871
45.2038	87.3096
45.2054	87.332
45.207	87.3545
45.2086	87.377
45.2102	87.3994
45.2118	87.4219
45.2134	87.4443
45.215	87.4668
45.2166	87.4893
45.2182	87.5117
45.2198	87.5342
45.2214	87.5566
45.223	87.5791
45.2246	87.6016
45.2262	87.624
45.2278	87.6465
45.2294	87.6689
45.231	87.6914
45.2326	87.7139
45.2342	87.7363
45.2358	87.7588
45.2374	87.7812
45.239	87.8037
45.2406	87.8262
45.2422	87.8486
45.2438	87.8711
45.2454	87.8936
45.247	87.916
45.2487	87.9385
45.2503	87.9609
45.2519	87.9834
45.2535	88.0059
45.2551	88.0283
45.2567	88.0508
45.2583	88.0732
45.2599	88.0957
45.2615	88.1182
45.2631	88.1406
45.2647	88.1631
45.2663	88.1855
45.2679	88.208
45.2695	88.2305
45.2711	88.2529
45.2727	88.2754
45.2743	88.2979
45.2759	88.3203
45.2775	88.3428
45.2791	88.3652
45.2807	88.3877
45.2823	88.4102
45.2839	88.4326
45.2855	88.4551
45.2871	88.4775
45.2887	88.5
45.2903	88.5225
45.2919	88.5449
45.2935	88.5674
45.2951	88.5898
45.2967	88.6123
45.2983	88.6348
45.2999	88.6572
45.3015	88.6797
45.3031	88.7021
45.3047	88.7246
45.3063	88.7471
45.3079	88.7695
45.3095	88.792
45.3111	88.8145
45.3127	88.8369
45.3143	88.8594
45.3159	88.8818
45.3175	88.9043
45.3191	88.9268
45.3207	88.9492
45.3223	88.9717
45.324	88.9941
45.3256	89.0166
45.3272	89.0391
45.3288	89.0605
45.3304	89.082
45.332	89.1035
45.3336	89.125
45.3352	89.1465
45.3368	89.168
45.3384	89.1895
45.34	89.2109
45.3416	89.2324
45.3432	89.2539
45.3448	89.2754
45.3464	89.2969
45.348	89.3184
45.3496	89.3398
45.3512	89.3613
45.3528	89.3828
45.3544	89.4043
45.356	89.4258
45.3576	89.4473
45.3592	89.4688
45.3608	89.4902
45.3624	89.5117
45.364	89.5332
45.3656	89.5547
45.3672	89.5762
45.3688	89.5977
45.3704	89.6191
45.372	89.6406
45.3736	89.6621
45.3752	89.6836
45.3768	89.7051
45.3784	89.7266
45.38	89.748
45.3816	89.7695
45.3832	89.791
45.3848	89.8125
45.3864	89.834
45.388	89.8555
45.3896	89.877
45.3912	89.8984
45.3928	89.9199
45.3944	89.9414
45.396	89.9629
45.3976	89.9844
45.3993	90.0059
45.4009	90.0273
45.4025	90.0488
45.4041	90.0703
45.4057	90.0918
45.4073	90.1133
45.4089	90.1348
45.4105	90.1562
45.4121	90.1777
45.4137	90.1992
45.4153	90.2207
45.4169	90.2422
45.4185	90.2637
45.4201	90.2852
45.4217	90.3066
45.4233	90.3281
45.4249	90.3496
45.4265	90.3711
45.4281	90.3926
45.4297	90.4141
45.4313	90.4355
45.4329	90.457
45.4345	90.4785
45.4361	90.5
45.4377	90.5215
45.4393	90.543
45.4409	90.5645
45.4425	90.5859
45.4441	90.6074
45.4457	90.6289
45.4473	90.6504
45.4489	90.6719
45.4505	90.6934
45.4521	90.7148
45.4537	90.7363
45.4553	90.7578
45.4569	90.7793
45.4585	90.8008
45.4601	90.8223
45.4617	90.8438
45.4633	90.8652
45.4649	90.8867
45.4665	90.9082
45.4681	90.9297
45.4697	90.9512
45.4713	90.9727
45.4729	90.9941
45.4746	91.0156
45.4762	91.0371
45.4778	91.0586
45.4794	91.0801
45.481	91.1016
45.4826	91.123
45.4842	91.1445
45.4858	91.166
45.4874	91.1875
45.489	91.209
45.4906	91.2305
45.4922	91.252
45.4938	91.2734
45.4954	91.2949
45.497	91.3164
45.4986	91.3379
45.5002	91.3594
45.5018	91.3809
45.5034	91.4023
45.505	91.4238
45.5066	91.4453
45.5082	91.4668
45.5098	91.4883
45.5114	91.5098
45.513	91.5312
45.5146	91.5527
45.5162	91.5742
45.5178	91.5957
45.5194	91.6172
45.521	91.6387
45.5226	91.6602
45.5242	91.6816
45.5258	91.7031
45.5274	91.7246
45.529	91.7461
45.5306	91.7676
45.5322	91.7891
45.5338	91.8105
45.5354	91.832
45.537	91.8535
45.5386	91.875
45.5402	91.8965
45.5418	91.918
45.5434	91.9395
45.545	91.9609
45.5466	91.9824
45.5482	92.0039
45.5499	92.0254
45.5515	92.0469
45.5531	92.0684
45.5547	92.0898
45.5563	92.1113
45.5579	92.1328
45.5595	92.1543
45.5611	92.1758
45.5627	92.1973
45.5643	92.2188
45.5659	92.2402
45.5675	92.2617
45.5691	92.2832
45.5707	92.3047
45.5723	92.3262
45.5739	92.3477
45.5755	92.3691
45.5771	92.3906
45.5787	92.4121
45.5803	92.4336
45.5819	92.4551
45.5835	92.4766
45.5851	92.498
45.5867	92.5195
45.5883	92.541
45.5899	92.5625
45.5915	92.584
45.5931	92.6055
45.5947	92.627
45.5963	92.6484
45.5979	92.6699
45.5995	92.6914
45.6011	92.7129
45.6027	92.7344
45.6043	92.7559
45.6059	92.7773
45.6075	92.7988
45.6091	92.8203
45.6107	92.8418
45.6123	92.8633
45.6139	92.8848
45.6155	92.9062
45.6171	92.9277
45.6187	92.9492
45.6203	92.9707
45.6219	92.9922
45.6235	93.0137
45.6252	93.0352
45.6268	93.0566
45.6284	93.0781
45.63	93.0986
45.6316	93.1191
45.6332	93.1396
45.6348	93.1602
45.6364	93.1807
45.638	93.2012
45.6396	93.2217
45.6412	93.2422
45.6428	93.2627
45.6444	93.2832
45.646	93.3037
45.6476	93.3242
45.6492	93.3447
45.6508	93.3652
45.6524	93.3857
45.654	93.4062
45.6556	93.4268
45.6572	93.4473
45.6588	93.4678
45.6604	93.4883
45.662	93.5088
45.6636	93.5293
45.6652	93.5498
45.6668	93.5703
45.6684	93.5908
45.67	93.6113
45.6716	93.6318
45.6732	93.6523
45.6748	93.6729
45.6764	93.6934
45.678	93.7139
45.6796	93.7344
45.6812	93.7549
45.6828	93.7754
45.6844	93.7959
45.686	93.8164
45.6876	93.8369
45.6892	93.8574
45.6908	93.8779
45.6924	93.8984
45.6949	91.9141
45.6957	90.5
45.6965	89.6689
45.6973	88.9199
45.6981	88.1719
45.6989	87.4229
45.6997	86.6738
45.7005	85.9258
45.7013	85.1768
45.7021	84.4287
45.7029	83.6797
45.7037	82.9307
45.7045	82.1826
45.7053	81.4336
45.7061	80.6855
45.7069	79.9365
45.7077	79.1875
45.7085	78.4395
45.7093	77.6904
45.7101	76.9424
45.7109	76.1934
45.7117	75.4453
45.7125	74.6963
45.7133	73.9473
45.7141	73.1992
45.7149	72.4502
45.7157	71.7021
45.7165	70.9531
45.7173	70.2041
45.7181	69.4561
45.7189	68.707
45.7197	67.959
45.7205	67.21
45.7213	66.4609
45.7221	65.7129
45.7229	64.9639
45.7237	64.2158
45.7245	63.4668
45.7253	62.7188
45.7261	61.9697
45.7269	61.2207
45.7277	60.4727
45.7285	59.7236
45.7293	58.9756
45.7301	58.2266
45.7309	57.4775
45.7317	56.7295
45.7325	55.9805
45.7333	55.2324
45.7341	54.4834
45.7349	53.7344
45.7357	52.9863
45.7365	52.2373
45.7373	51.4893
45.7381	50.7402
45.7389	49.9922
45.7397	49.2432
45.7405	48.4941
45.7413	47.7461
45.7421	46.9971
45.7429	46.249
45.7437	45.25
45.7445	44.1484
45.7469	45.25
45.7469	45.2939
45.7485	45.3379
45.7501	45.3818
45.7517	45.4258
45.7533	45.4697
45.7549	45.5137
45.7565	45.5566
45.7581	45.5996
45.7597	45.6426
45.7613	45.6855
45.7629	45.7285
45.7645	45.7715
45.7655	45.8145
45.7727	45.8574
45.7743	45.9004
45.776	45.9434
45.7776	45.9863
45.7792	46.0293
45.7808	46.0723
45.7824	46.1152
45.784	46.1582
45.7856	46.2012
45.7872	46.2441
45.7888	46.2871
45.7904	46.3301
45.792	46.373
45.7936	46.416
45.7952	46.459
45.7968	46.502
45.7984	46.5449
45.8	46.5869
45.8016	46.6289
45.8032	46.6709
45.8048	46.7129
45.8064	46.7549
45.808	46.7969
45.8096	46.8389
45.8112	46.8809
45.8128	46.9229
45.8144	46.9648
45.816	47.0068
45.8176	47.0488
45.8192	47.0908
45.8208	47.1328
45.8224	47.1748
45.824	47.2168
45.8256	47.2588
45.8272	47.3008
45.8288	47.3428
45.8304	47.3848
45.832	47.4268
45.8336	47.4688
45.8352	47.5107
45.8368	47.5527
45.8384	47.5947
45.84	47.6367
45.8416	47.6777
45.8432	47.7188
45.8448	47.7598
45.8464	47.8008
45.848	47.8418
45.8496	47.8828
45.8513	47.9238
45.8529	47.9648
45.8545	48.0059
45.8561	48.0469
45.8577	48.0879
45.8593	48.1289
45.8609	48.1699
45.8625	48.2109
45.8641	48.252
45.8657	48.293
45.8673	48.334
45.8689	48.375
45.8705	48.416
45.8721	48.457
45.8737	48.498
45.8753	48.5391
45.8769	48.5801
45.8785	48.6211
45.8801	48.6621
45.8817	48.7031
45.8833	48.7441
45.8849	48.7852
45.8865	48.8252
45.8881	48.8652
45.8897	48.9053
45.8913	48.9453
45.8929	48.9854
45.8945	49.0254
45.8961	49.0654
45.8977	49.1055
45.8993	49.1455
45.9009	49.1855
45.9025	49.2256
45.9041	49.2656
45.9057	49.3057
45.9073	49.3457
45.9089	49.3857
45.9105	49.4258
45.9121	49.4658
45.9137	49.5059
45.9153	49.5459
45.9169	49.5859
45.9185	49.626
45.9201	49.666
45.9217	49.7061
45.9233	49.7461
45.925	49.7861
45.9266	49.8262
45.9282	49.8662
45.9298	49.9062
45.9314	49.9463
45.933	49.9854
45.9346	50.0244
45.9362	50.0635
45.9378	50.1025
45.9394	50.1416
45.941	50.1807
45.9426	50.2197
45.9442	50.2588
45.9458	50.2979
45.9474	50.3369
45.949	50.376
45.9506	50.415
45.9522	50.4541
45.9538	50.4932
45.9554	50.5322
45.957	50.5713
45.9586	50.6104
45.9602	50.6494
45.9618	50.6885
45.9634	50.7275
45.965	50.7666
45.9666	50.8057
45.9682	50.8447
45.9698	50.8838
45.9714	50.9229
45.973	50.9619
45.9746	51.001
45.9762	51.04
45.9778	51.0791
45.9794	51.1182
45.981	51.1572
45.9826	51.1963
45.9842	51.2344
45.9858	51.2725
45.9874	51.3105
45.989	51.3486
45.9906	51.3867
45.9922	51.4248
45.9938	51.4629
45.9954	51.501
45.997	51.5391
45.9986	51.5771
46.0003	51.6152
46.0019	51.6533
46.0035	51.6914
46.0051	51.7295
46.0067	51.7676
46.0083	51.8057
46.0099	51.8438
46.0115	51.8818
46.0131	51.9199
46.0147	51.958
46.0163	51.9961
46.0179	52.0342
46.0195	52.0723
46.0211	52.1104
46.0227	52.1484
46.0243	52.1865
46.0259	52.2246
46.0275	52.2627
46.0291	52.3008
46.0307	52.3389
46.0323	52.377
46.0339	52.415
46.0355	52.4531
46.0371	52.4912
46.0387	52.5293
46.0403	52.5664
46.0419	52.6035
46.0435	52.6406
46.0451	52.6777
46.0467	52.7148
46.0483	52.752
46.0499	52.7891
46.0515	52.8262
46.0531	52.8633
46.0547	52.9004
46.0563	52.9375
46.0579	52.9746
46.0595	53.0117
46.0611	53.0488
46.0627	53.0859
46.0643	53.123
46.0659	53.1602
46.0675	53.1973
46.0691	53.2344
46.0707	53.2715
46.0723	53.3086
46.0739	53.3457
46.0756	53.3828
46.0772	53.4199
46.0788	53.457
46.0804	53.4941
46.082	53.5312
46.0836	53.5684
46.0852	53.6055
46.0868	53.6426
46.0884	53.6797
46.09	53.7168
46.0916	53.7539
46.0932	53.791
46.0948	53.8281
46.0964	53.8652
46.098	53.9023
46.0996	53.9385
46.1012	53.9746
46.1028	54.0107
46.1044	54.0469
46.106	54.083
46.1076	54.1191
46.1092	54.1553
46.1108	54.1914
46.1124	54.2275
46.114	54.2637
46.1156	54.2998
46.1172	54.3359
46.1188	54.3721
46.1204	54.4082
46.122	54.4443
46.1236	54.4805
46.1252	54.5166
46.1268	54.5527
46.1284	54.5889
46.13	54.625
46.1316	54.6611
46.1332	54.6973
46.1348	54.7334
46.1364	54.7695
46.138	54.8057
46.1396	54.8418
46.1412	54.8779
46.1428	54.9141
46.1444	54.9502
46.146	54.9863
46.1476	55.0225
46.1492	55.0586
46.1509	55.0947
46.1525	55.1309
46.1541	55.167
46.1557	55.2031
46.1573	55.2393
46.1589	55.2754
46.1605	55.3115
46.1621	55.3477
46.1637	55.3828
46.1653	55.418
46.1669	55.4531
46.1685	55.4883
46.1701	55.5234
46.1717	55.5586
46.1733	55.5938
46.1749	55.6289
46.1765	55.6641
46.1781	55.6992
46.1797	55.7344
46.1813	55.7695
46.1829	55.8047
46.1845	55.8398
46.1861	55.875
46.1877	55.9102
46.1893	55.9453
46.1909	55.9805
46.1925	56.0156
46.1941	56.0508
46.1957	56.0859
46.1973	56.1211
46.1989	56.1562
46.2005	56.1914
46.2021	56.2266
46.2037	56.2617
46.2053	56.2969
46.2069	56.332
46.2085	56.3672
46.2101	56.4023
46.2117	56.4375
46.2133	56.4727
46.2149	56.5078
46.2165	56.543
46.2181	56.5781
46.2197	56.6133
46.2213	56.6484
46.2229	56.6836
46.2245	56.7188
46.2262	56.7539
46.2278	56.7891
46.2294	56.8242
46.231	56.8594
46.2326	56.8945
46.2342	56.9287
46.2358	56.9629
46.2374	56.9971
46.239	57.0312
46.2406	57.0654
46.2422	57.0996
46.2438	57.1338
46.2454	57.168
46.247	57.2021
46.2486	57.2363
46.2502	57.2705
46.2518	57.3047
46.2534	57.3389
46.255	57.373
46.2566	57.4072
46.2582	57.4414
46.2598	57.4756
46.2614	57.5098
46.263	57.5439
46.2646	57.5781
46.2662	57.6123
46.2678	57.6465
46.2694	57.6807
46.271	57.7148
46.2726	57.749
46.2742	57.7832
46.2758	57.8174
46.2774	57.8516
46.279	57.8857
46.2806	57.9199
46.2822	57.9541
46.2838	57.9883
46.2854	58.0225
46.287	58.0566
46.2886	58.0908
46.2902	58.125
46.2918	58.1592
46.2934	58.1934
46.295	58.2275
46.2966	58.2617
46.2982	58.2959
46.2998	58.3301
46.3015	58.3643
46.3031	58.3984
46.3047	58.4326
46.3063	58.4668
46.3079	58.501
46.3095	58.5352
46.3111	58.5684
46.3127	58.6016
46.3143	58.6348
46.3159	58.668
46.3175	58.7012
46.3191	58.7344
46.3207	58.7676
46.3223	58.8008
46.3239	58.834
46.3255	58.8672
46.3271	58.9004
46.3287	58.9336
46.3303	58.9668
46.3319	59
46.3335	59.0332
46.3351	59.0664
46.3367	59.0996
46.3383	59.1328
46.3399	59.166
46.3415	59.1992
46.3431	59.2324
46.3447	59.2656
46.3463	59.2988
46.3479	59.332
46.3495	59.3652
46.3511	59.3984
46.3527	59.4316
46.3543	59.4648
46.3559	59.498
46.3575	59.5312
46.3591	59.5645
46.3607	59.5977
46.3623	59.6309
46.3639	59.6641
46.3655	59.6973
46.3671	59.7305
46.3687	59.7637
46.3703	59.7969
46.3719	59.8301
46.3735	59.8633
46.3751	59.8965
46.3768	59.9297
46.3784	59.9629
46.38	59.9961
46.3816	60.0293
46.3832	60.0625
46.3848	60.0957
46.3864	60.1289
46.388	60.1621
46.3896	60.1953
46.3912	60.2285
46.3928	60.2607
46.3944	60.293
46.396	60.3252
46.3976	60.3574
46.3992	60.3896
46.4008	60.4219
46.4024	60.4541
46.404	60.4863
46.4056	60.5186
46.4072	60.5508
46.4088	60.583
46.4104	60.6152
46.412	60.6475
46.4136	60.6797
46.4152	60.7119
46.4168	60.7441
46.4184	60.7764
46.42	60.8086
46.4216	60.8408
46.4232	60.873
46.4248	60.9053
46.4264	60.9375
46.428	60.9697
46.4296	61.002
46.4312	61.0342
46.4328	61.0664
46.4344	61.0986
46.436	61.1309
46.4376	61.1631
46.4392	61.1953
46.4408	61.2275
46.4424	61.2598
46.444	61.292
46.4456	61.3242
46.4472	61.3564
46.4488	61.3887
46.4505	61.4209
46.4521	61.4531
46.4537	61.4854
46.4553	61.5176
46.4569	61.5498
46.4585	61.582
46.4601	61.6143
46.4617	61.6465
46.4633	61.6787
46.4649	61.7109
46.4665	61.7432
46.4681	61.7754
46.4697	61.8076
46.4713	61.8398
46.4729	61.8721
46.4745	61.9043
46.4761	61.9365
46.4777	61.9688
46.4793	62.001
46.4809	62.0332
46.4825	62.0654
46.4841	62.0967
46.4857	62.1279
46.4873	62.1592
46.4889	62.1904
46.4905	62.2217
46.4921	62.2529
46.4937	62.2842
46.4953	62.3154
46.4969	62.3467
46.4985	62.3779
46.5001	62.4092
46.5017	62.4404
46.5033	62.4717
46.5049	62.5029
46.5065	62.5342
46.5081	62.5654
46.5097	62.5967
46.5113	62.6279
46.5129	62.6592
46.5145	62.6904
46.5161	62.7217
46.5177	62.7529
46.5193	62.7842
46.5209	62.8154
46.5225	62.8467
46.5241	62.8779
46.5258	62.9092
46.5274	62.9404
46.529	62.9717
46.5306	63.0029
46.5322	63.0342
46.5338	63.0654
46.5354	63.0967
46.537	63.1279
46.5386	63.1592
46.5402	63.1904
46.5418	63.2217
46.5434	63.2529
46.545	63.2842
46.5466	63.3154
46.5482	63.3467
46.5498	63.3779
46.5514	63.4092
46.553	63.4404
46.5546	63.4717
46.5562	63.5029
46.5578	63.5342
46.5594	63.5654
46.561	63.5967
46.5626	63.6279
46.5642	63.6592
46.5658	63.6904
46.5674	63.7217
46.569	63.7529
46.5706	63.7842
46.5722	63.8154
46.5738	63.8467
46.5754	63.8779
46.577	63.9092
46.5786	63.9404
46.5802	63.9717
46.5818	64.0029
46.5834	64.0332
46.585	64.0635
46.5866	64.0938
46.5882	64.124
46.5898	64.1543
46.5914	64.1846
46.593	64.2148
46.5946	64.2451
46.5962	64.2754
46.5978	64.3057
46.5994	64.3359
46.6011	64.3662
46.6027	64.3965
46.6043	64.4268
46.6059	64.457
46.6075	64.4873
46.6091	64.5176
46.6107	64.5479
46.6123	64.5781
46.6139	64.6084
46.6155	64.6387
46.6171	64.6689
46.6187	64.6992
46.6203	64.7295
46.6219	64.7598
46.6235	64.79
46.6251	64.8203
46.6267	64.8506
46.6283	64.8809
46.6299	64.9111
46.6315	64.9414
46.6331	64.9717
46.6347	65.002
46.6363	65.0322
46.6379	65.0625
46.6395	65.0928
46.6411	65.123
46.6427	65.1533
46.6443	65.1836
46.6459	65.2139
46.6475	65.2441
46.6491	65.2744
46.6507	65.3047
46.6523	65.335
46.6539	65.3652
46.6555	65.3955
46.6571	65.4258
46.6587	65.4561
46.6603	65.4863
46.6619	65.5166
46.6635	65.5469
46.6651	65.5771
46.6667	65.6074
46.6683	65.6377
46.6699	65.668
46.6715	65.6982
46.6731	65.7285
46.6747	65.7588
46.6764	65.7891
46.678	65.8193
46.6796	65.8496
46.6812	65.8799
46.6828	65.9102
46.6844	65.9404
46.686	65.9707
46.6876	66.001
46.6892	66.0312
46.6908	66.0615
46.6924	66.0908
46.694	66.1201
46.6956	66.1494
46.6972	66.1787
46.6988	66.208
46.7004	66.2373
46.702	66.2666
46.7036	66.2959
46.7052	66.3252
46.7068	66.3545
46.7084	66.3838
46.71	66.4131
46.7116	66.4424
46.7132	66.4717
46.7148	66.501
46.7164	66.5303
46.718	66.5596
46.7196	66.5889
46.7212	66.6182
46.7228	66.6475
46.7244	66.6768
46.726	66.7061
46.7276	66.7354
46.7292	66.7646
46.7308	66.7939
46.7324	66.8232
46.734	66.8525
46.7356	66.8818
46.7372	66.9111
46.7388	66.9404
46.7404	66.9697
46.742	66.999
46.7436	67.0283
46.7452	67.0576
46.7468	67.0869
46.7484	67.1162
46.75	67.1455
46.7517	67.1748
46.7533	67.2041
46.7549	67.2334
46.7565	67.2627
46.7581	67.292
46.7597	67.3213
46.7613	67.3506
46.7629	67.3799
46.7645	67.4092
46.7661	67.4385
46.7677	67.4678
46.7693	67.4971
46.7709	67.5264
46.7725	67.5557
46.7741	67.585
46.7757	67.6143
46.7773	67.6436
46.7789	67.6729
46.7805	67.7021
46.7821	67.7314
46.7837	67.7607
46.7853	67.79
46.7869	67.8193
46.7885	67.8486
46.7901	67.8779
46.7917	67.9072
46.7933	67.9365
46.7949	67.9658
46.7965	67.9951
46.7981	68.0244
46.7997	68.0537
46.8013	68.083
46.8029	68.1123
46.8045	68.1416
46.8061	68.1709
46.8077	68.2002
46.8093	68.2295
46.8109	68.2588
46.8125	68.2871
46.8141	68.3154
46.8157	68.3438
46.8173	68.3721
46.8189	68.4004
46.8205	68.4287
46.8221	68.457
46.8237	68.4854
46.8253	68.5137
46.827	68.542
46.8286	68.5703
46.8302	68.5986
46.8318	68.627
46.8334	68.6553
46.835	68.6836
46.8366	68.7119
46.8382	68.7402
46.8398	68.7686
46.8414	68.7969
46.843	68.8252
46.8446	68.8535
46.8462	68.8818
46.8478	68.9102
46.8494	68.9385
46.851	68.9668
46.8526	68.9951
46.8542	69.0234
46.8558	69.0518
46.8574	69.0801
46.859	69.1084
46.8606	69.1367
46.8622	69.165
46.8638	69.1934
46.8654	69.2217
46.867	69.25
46.8686	69.2783
46.8702	69.3066
46.8718	69.335
46.8734	69.3633
46.875	69.3916
46.8766	69.4199
46.8782	69.4482
46.8798	69.4766
46.8814	69.5049
46.883	69.5332
46.8846	69.5615
46.8862	69.5898
46.8878	69.6182
46.8894	69.6465
46.891	69.6748
46.8926	69.7031
46.8942	69.7314
46.8958	69.7598
46.8974	69.7881
46.899	69.8164
46.9006	69.8447
46.9023	69.873
46.9039	69.9014
46.9055	69.9297
46.9071	69.958
46.9087	69.9863
46.9103	70.0146
46.9119	70.043
46.9135	70.0713
46.9151	70.0996
46.9167	70.1279
46.9183	70.1562
46.9199	70.1846
46.9215	70.2129
46.9231	70.2412
46.9247	70.2695
46.9263	70.2979
46.9279	70.3262
46.9295	70.3545
46.9311	70.3828
46.9327	70.4111
46.9343	70.4395
46.9359	70.4678
46.9375	70.4961
46.9391	70.5244
46.9407	70.5527
46.9423	70.5811
46.9439	70.6094
46.9455	70.6367
46.9471	70.6641
46.9487	70.6914
46.9503	70.7188
46.9519	70.7461
46.9535	70.7734
46.9551	70.8008
46.9567	70.8281
46.9583	70.8555
46.9599	70.8828
46.9615	70.9102
46.9631	70.9375
46.9647	70.9648
46.9663	70.9922
46.9679	71.0195
46.9695	71.0469
46.9711	71.0742
46.9727	71.1016
46.9743	71.1289
46.976	71.1562
46.9776	71.1836
46.9792	71.2109
46.9808	71.2383
46.9824	71.2656
46.984	71.293
46.9856	71.3203
46.9872	71.3477
46.9888	71.375
46.9904	71.4023
46.992	71.4297
46.9936	71.457
46.9952	71.4844
46.9968	71.5117
46.9984	71.5391
47	71.5664
47.0016	71.5938
47.0032	71.6211
47.0048	71.6484
47.0064	71.6758
47.008	71.7031
47.0096	71.7305
47.0112	71.7578
47.0128	71.7852
47.0144	71.8125
47.016	71.8398
47.0176	71.8672
47.0192	71.8945
47.0208	71.9219
47.0224	71.9492
47.024	71.9766
47.0256	72.0039
47.0272	72.0312
47.0288	72.0586
47.0304	72.0859
47.032	72.1133
47.0336	72.1406
47.0352	72.168
47.0368	72.1953
47.0384	72.2227
47.04	72.25
47.0416	72.2773
47.0432	72.3047
47.0448	72.332
47.0464	72.3594
47.048	72.3867
47.0496	72.4141
47.0513	72.4414
47.0529	72.4688
47.0545	72.4961
47.0561	72.5234
47.0577	72.5508
47.0593	72.5781
47.0609	72.6055
47.0625	72.6328
47.0641	72.6602
47.0657	72.6875
47.0673	72.7148
47.0689	72.7422
47.0705	72.7695
47.0721	72.7969
47.0737	72.8242
47.0753	72.8516
47.0769	72.8789
47.0785	72.9062
47.0801	72.9336
47.0817	72.9609
47.0833	72.9883
47.0849	73.0156
47.0865	73.043
47.0881	73.0703
47.0897	73.0977
47.0913	73.125
47.0929	73.1523
47.0945	73.1787
47.0961	73.2051
47.0977	73.2314
47.0993	73.2578
47.1009	73.2842
47.1025	73.3105
47.1041	73.3369
47.1057	73.3633
47.1073	73.3896
47.1089	73.416
47.1105	73.4424
47.1121	73.4688
47.1137	73.4951
47.1153	73.5215
47.1169	73.5479
47.1185	73.5742
47.1201	73.6006
47.1217	73.627
47.1233	73.6533
47.1249	73.6797
47.1266	73.7061
47.1282	73.7324
47.1298	73.7588
47.1314	73.7852
47.133	73.8115
47.1346	73.8379
47.1362	73.8643
47.1378	73.8906
47.1394	73.917
47.141	73.9434
47.1426	73.9697
47.1442	73.9961
47.1458	74.0225
47.1474	74.0488
47.149	74.0752
47.1506	74.1016
47.1522	74.1279
47.1538	74.1543
47.1554	74.1807
47.157	74.207
47.1586	74.2334
47.1602	74.2598
47.1618	74.2861
47.1634	74.3125
47.165	74.3389
47.1666	74.3652
47.1682	74.3916
47.1698	74.418
47.1714	74.4443
47.173	74.4707
47.1746	74.4971
47.1762	74.5234
47.1778	74.5498
47.1794	74.5762
47.181	74.6025
47.1826	74.6289
47.1842	74.6553
47.1858	74.6816
47.1874	74.708
47.189	74.7344
47.1906	74.7607
47.1922	74.7871
47.1938	74.8135
47.1954	74.8398
47.197	74.8662
47.1986	74.8926
47.2002	74.9189
47.2019	74.9453
47.2035	74.9717
47.2051	74.998
47.2067	75.0244
47.2083	75.0508
47.2099	75.0771
47.2115	75.1035
47.2131	75.1299
47.2147	75.1562
47.2163	75.1826
47.2179	75.209
47.2195	75.2354
47.2211	75.2617
47.2227	75.2881
47.2243	75.3145
47.2259	75.3408
47.2275	75.3672
47.2291	75.3936
47.2307	75.4199
47.2323	75.4463
47.2339	75.4727
47.2355	75.499
47.2371	75.5254
47.2387	75.5518
47.2403	75.5781
47.2419	75.6045
47.2435	75.6309
47.2451	75.6572
47.2467	75.6836
47.2483	75.71
47.2499	75.7363
47.2515	75.7627
47.2531	75.7891
47.2547	75.8154
47.2563	75.8418
47.2579	75.8672
47.2595	75.8926
47.2611	75.918
47.2627	75.9434
47.2643	75.9688
47.2659	75.9941
47.2675	76.0195
47.2691	76.0449
47.2707	76.0703
47.2723	76.0957
47.2739	76.1211
47.2755	76.1465
47.2772	76.1719
47.2788	76.1973
47.2804	76.2227
47.282	76.248
47.2836	76.2734
47.2852	76.2988
47.2868	76.3242
47.2884	76.3496
47.29	76.375
47.2916	76.4004
47.2932	76.4258
47.2948	76.4512
47.2964	76.4766
47.298	76.502
47.2996	76.5273
47.3012	76.5527
47.3028	76.5781
47.3044	76.6035
47.306	76.6289
47.3076	76.6543
47.3092	76.6797
47.3108	76.7051
47.3124	76.7305
47.314	76.7559
47.3156	76.7812
47.3172	76.8066
47.3188	76.832
47.3204	76.8574
47.322	76.8828
47.3236	76.9082
47.3252	76.9336
47.3268	76.959
47.3284	76.9844
47.33	77.0098
47.3316	77.0352
47.3332	77.0605
47.3348	77.0859
47.3364	77.1113
47.338	77.1367
47.3396	77.1621
47.3412	77.1875
47.3428	77.2129
47.3444	77.2383
47.346	77.2637
47.3476	77.2891
47.3492	77.3145
47.3508	77.3398
47.3525	77.3652
47.3541	77.3906
47.3557	77.416
47.3573	77.4414
47.3589	77.4668
47.3605	77.4922
47.3621	77.5176
47.3637	77.543
47.3653	77.5684
47.3669	77.5938
47.3685	77.6191
47.3701	77.6445
47.3717	77.6699
47.3733	77.6953
47.3749	77.7207
47.3765	77.7461
47.3781	77.7715
47.3797	77.7969
47.3813	77.8223
47.3829	77.8477
47.3845	77.873
47.3861	77.8984
47.3877	77.9238
47.3893	77.9492
47.3909	77.9746
47.3925	78
47.3941	78.0254
47.3957	78.0508
47.3973	78.0762
47.3989	78.1016
47.4005	78.127
47.4021	78.1523
47.4037	78.1777
47.4053	78.2031
47.4069	78.2285
47.4085	78.2539
47.4101	78.2793
47.4117	78.3047
47.4133	78.3301
47.4149	78.3555
47.4165	78.3809
47.4181	78.4062
47.4197	78.4316
47.4213	78.457
47.4229	78.4824
47.4245	78.5078
47.4261	78.5332
47.4278	78.5586
47.4294	78.584
47.431	78.6094
47.4326	78.6348
47.4342	78.6602
47.4358	78.6855
47.4374	78.7109
47.439	78.7363
47.4406	78.7617
47.4422	78.7861
47.4438	78.8105
47.4454	78.835
47.447	78.8594
47.4486	78.8838
47.4502	78.9082
47.4518	78.9326
47.4534	78.957
47.455	78.9814
47.4566	79.0059
47.4582	79.0303
47.4598	79.0547
47.4614	79.0791
47.463	79.1035
47.4646	79.1279
47.4662	79.1523
47.4678	79.1768
47.4694	79.2012
47.471	79.2256
47.4726	79.25
47.4742	79.2744
47.4758	79.2988
47.4774	79.3232
47.479	79.3477
47.4806	79.3721
47.4822	79.3965
47.4838	79.4209
47.4854	79.4453
47.487	79.4697
47.4886	79.4941
47.4902	79.5186
47.4918	79.543
47.4934	79.5674
47.495	79.5918
47.4966	79.6162
47.4982	79.6406
47.4998	79.665
47.5015	79.6895
47.5031	79.7139
47.5047	79.7383
47.5063	79.7627
47.5079	79.7871
47.5095	79.8115
47.5111	79.8359
47.5127	79.8604
47.5143	79.8848
47.5159	79.9092
47.5175	79.9336
47.5191	79.958
47.5207	79.9824
47.5223	80.0068
47.5239	80.0312
47.5255	80.0557
47.5271	80.0801
47.5287	80.1045
47.5303	80.1289
47.5319	80.1533
47.5335	80.1777
47.5351	80.2021
47.5367	80.2266
47.5383	80.251
47.5399	80.2754
47.5415	80.2998
47.5431	80.3242
47.5447	80.3486
47.5463	80.373
47.5479	80.3975
47.5495	80.4219
47.5511	80.4463
47.5527	80.4707
47.5543	80.4951
47.5559	80.5195
47.5575	80.5439
47.5591	80.5684
47.5607	80.5928
47.5623	80.6172
47.5639	80.6416
47.5655	80.666
47.5671	80.6904
47.5687	80.7148
47.5703	80.7393
47.5719	80.7637
47.5735	80.7881
47.5751	80.8125
47.5768	80.8369
47.5784	80.8613
47.58	80.8857
47.5816	80.9102
47.5832	80.9346
47.5848	80.959
47.5864	80.9834
47.588	81.0078
47.5896	81.0322
47.5912	81.0566
47.5928	81.0811
47.5944	81.1055
47.596	81.1299
47.5976	81.1543
47.5992	81.1787
47.6008	81.2031
47.6024	81.2275
47.604	81.252
47.6056	81.2764
47.6072	81.3008
47.6088	81.3252
47.6104	81.3496
47.612	81.374
47.6136	81.3984
47.6152	81.4229
47.6168	81.4473
47.6184	81.4717
47.62	81.4961
47.6216	81.5205
47.6232	81.5449
47.6248	81.5693
47.6264	81.5938
47.628	81.6182
47.6296	81.6426
47.6312	81.667
47.6328	81.6914
47.6344	81.7158
47.636	81.7402
47.6376	81.7646
47.6392	81.7891
47.6408	81.8135
47.6424	81.8379
47.644	81.8623
47.6456	81.8867
47.6472	81.9111
47.6488	81.9346
47.6504	81.958
47.6521	81.9814
47.6537	82.0049
47.6553	82.0283
47.6569	82.0518
47.6585	82.0752
47.6601	82.0986
47.6617	82.1221
47.6633	82.1455
47.6649	82.1689
47.6665	82.1924
47.6681	82.2158
47.6697	82.2393
47.6713	82.2627
47.6729	82.2861
47.6745	82.3096
47.6761	82.333
47.6777	82.3564
47.6793	82.3799
47.6809	82.4033
47.6825	82.4268
47.6841	82.4502
47.6857	82.4736
47.6873	82.4971
47.6889	82.5205
47.6905	82.5439
47.6921	82.5674
47.6937	82.5908
47.6953	82.6143
47.6969	82.6377
47.6985	82.6611
47.7001	82.6846
47.7017	82.708
47.7033	82.7314
47.7049	82.7549
47.7065	82.7783
47.7081	82.8018
47.7097	82.8252
47.7113	82.8486
47.7129	82.8721
47.7145	82.8955
47.7161	82.9189
47.7177	82.9424
47.7193	82.9658
47.7209	82.9893
47.7225	83.0127
47.7241	83.0361
47.7257	83.0596
47.7274	83.083
47.729	83.1064
47.7306	83.1299
47.7322	83.1533
47.7338	83.1768
47.7354	83.2002
47.737	83.2236
47.7386	83.2471
47.7402	83.2705
47.7418	83.2939
47.7434	83.3174
47.745	83.3408
47.7466	83.3643
47.7482	83.3877
47.7498	83.4111
47.7514	83.4346
47.753	83.458
47.7546	83.4814
47.7562	83.5049
47.7578	83.5283
47.7594	83.5518
47.761	83.5752
47.7626	83.5986
47.7642	83.6221
47.7658	83.6455
47.7674	83.6689
47.769	83.6924
47.7706	83.7158
47.7722	83.7393
47.7738	83.7627
47.7754	83.7861
47.777	83.8096
47.7786	83.833
47.7802	83.8564
47.7818	83.8799
47.7834	83.9033
47.785	83.9268
47.7866	83.9502
47.7882	83.9736
47.7898	83.9971
47.7914	84.0205
47.793	84.0439
47.7946	84.0674
47.7962	84.0908
47.7978	84.1143
47.7994	84.1377
47.801	84.1611
47.8027	84.1846
47.8043	84.208
47.8059	84.2314
47.8075	84.2549
47.8091	84.2783
47.8107	84.3018
47.8123	84.3252
47.8139	84.3486
47.8155	84.3721
47.8171	84.3955
47.8187	84.4189
47.8203	84.4424
47.8219	84.4658
47.8235	84.4893
47.8251	84.5127
47.8267	84.5361
47.8283	84.5596
47.8299	84.583
47.8315	84.6064
47.8331	84.6299
47.8347	84.6533
47.8363	84.6768
47.8379	84.7002
47.8395	84.7236
47.8411	84.7471
47.8427	84.7705
47.8443	84.7939
47.8459	84.8174
47.8475	84.8408
47.8491	84.8643
47.8507	84.8877
47.8523	84.9111
47.8539	84.9346
47.8555	84.958
47.8571	84.9814
47.8587	85.0049
47.8603	85.0283
47.8619	85.0518
47.8635	85.0752
47.8651	85.0986
47.8667	85.1221
47.8683	85.1455
47.8699	85.1689
47.8715	85.1924
47.8731	85.2158
47.8747	85.2393
47.8763	85.2627
47.878	85.2861
47.8796	85.3096
47.8812	85.333
47.8828	85.3555
47.8844	85.3779
47.886	85.4004
47.8876	85.4229
47.8892	85.4453
47.8908	85.4678
47.8924	85.4902
47.894	85.5127
47.8956	85.5352
47.8972	85.5576
47.8988	85.5801
47.9004	85.6025
47.902	85.625
47.9036	85.6475
47.9052	85.6699
47.9068	85.6924
47.9084	85.7148
47.91	85.7373
47.9116	85.7598
47.9132	85.7822
47.9148	85.8047
47.9164	85.8271
47.918	85.8496
47.9196	85.8721
47.9212	85.8945
47.9228	85.917
47.9244	85.9395
47.926	85.9619
47.9276	85.9844
47.9292	86.0068
47.9308	86.0293
47.9324	86.0518
47.934	86.0742
47.9356	86.0967
47.9372	86.1191
47.9388	86.1416
47.9404	86.1641
47.942	86.1865
47.9436	86.209
47.9452	86.2314
47.9468	86.2539
47.9484	86.2764
47.95	86.2988
47.9516	86.3213
47.9533	86.3438
47.9549	86.3662
47.9565	86.3887
47.9581	86.4111
47.9597	86.4336
47.9613	86.4561
47.9629	86.4785
47.9645	86.501
47.9661	86.5234
47.9677	86.5459
47.9693	86.5684
47.9709	86.5908
47.9725	86.6133
47.9741	86.6357
47.9757	86.6582
47.9773	86.6807
47.9789	86.7031
47.9805	86.7256
47.9821	86.748
47.9837	86.7705
47.9853	86.793
47.9869	86.8154
47.9885	86.8379
47.9901	86.8604
47.9917	86.8828
47.9933	86.9053
47.9949	86.9277
47.9965	86.9502
47.9981	86.9727
47.9997	86.9951
48.0013	87.0176
48.0029	87.04
48.0045	87.0625
48.0061	87.085
48.0077	87.1074
48.0093	87.1299
48.0109	87.1523
48.0125	87.1748
48.0141	87.1973
48.0157	87.2197
48.0173	87.2422
48.0189	87.2646
48.0205	87.2871
48.0221	87.3096
48.0237	87.332
48.0253	87.3545
48.0269	87.377
48.0286	87.3994
48.0302	87.4219
48.0318	87.4443
48.0334	87.4668
48.035	87.4893
48.0366	87.5117
48.0382	87.5342
48.0398	87.5566
48.0414	87.5791
48.043	87.6016
48.0446	87.624
48.0462	87.6465
48.0478	87.6689
48.0494	87.6914
48.051	87.7139
48.0526	87.7363
48.0542	87.7588
48.0558	87.7812
48.0574	87.8037
48.059	87.8262
48.0606	87.8486
48.0622	87.8711
48.0638	87.8936
48.0654	87.916
48.067	87.9385
48.0686	87.9609
48.0702	87.9834
48.0718	88.0059
48.0734	88.0283
48.075	88.0508
48.0766	88.0732
48.0782	88.0957
48.0798	88.1182
48.0814	88.1406
48.083	88.1631
48.0846	88.1855
48.0862	88.208
48.0878	88.2305
48.0894	88.2529
48.091	88.2754
48.0926	88.2979
48.0942	88.3203
48.0958	88.3428
48.0974	88.3652
48.099	88.3877
48.1006	88.4102
48.1023	88.4326
48.1039	88.4551
48.1055	88.4775
48.1071	88.5
48.1087	88.5225
48.1103	88.5449
48.1119	88.5674
48.1135	88.5898
48.1151	88.6123
48.1167	88.6348
48.1183	88.6572
48.1199	88.6797
48.1215	88.7021
48.1231	88.7246
48.1247	88.7471
48.1263	88.7695
48.1279	88.792
48.1295	88.8145
48.1311	88.8369
48.1327	88.8594
48.1343	88.8818
48.1359	88.9043
48.1375	88.9268
48.1391	88.9492
48.1407	88.9717
48.1423	88.9941
48.1439	89.0166
48.1455	89.0391
48.1471	89.0605
48.1487	89.082
48.1503	89.1035
48.1519	89.125
48.1535	89.1465
48.1551	89.168
48.1567	89.1895
48.1583	89.2109
48.1599	89.2324
48.1615	89.2539
48.1631	89.2754
48.1647	89.2969
48.1663	89.3184
48.1679	89.3398
48.1695	89.3613
48.1711	89.3828
48.1727	89.4043
48.1743	89.4258
48.1759	89.4473
48.1776	89.4688
48.1792	89.4902
48.1808	89.5117
48.1824	89.5332
48.184	89.5547
48.1856	89.5762
48.1872	89.5977
48.1888	89.6191
48.1904	89.6406
48.192	89.6621
48.1936	89.6836
48.1952	89.7051
48.1968	89.7266
48.1984	89.748
48.2	89.7695
48.2016	89.791
48.2032	89.8125
48.2048	89.834
48.2064	89.8555
48.208	89.877
48.2096	89.8984
48.2112	89.9199
48.2128	89.9414
48.2144	89.9629
48.216	89.9844
48.2176	90.0059
48.2192	90.0273
48.2208	90.0488
48.2224	90.0703
48.224	90.0918
48.2256	90.1133
48.2272	90.1348
48.2288	90.1562
48.2304	90.1777
48.232	90.1992
48.2336	90.2207
48.2352	90.2422
48.2368	90.2637
48.2384	90.2852
48.24	90.3066
48.2416	90.3281
48.2432	90.3496
48.2448	90.3711
48.2464	90.3926
48.248	90.4141
48.2496	90.4355
48.2512	90.457
48.2529	90.4785
48.2545	90.5
48.2561	90.5215
48.2577	90.543
48.2593	90.5645
48.2609	90.5859
48.2625	90.6074
48.2641	90.6289
48.2657	90.6504
48.2673	90.6719
48.2689	90.6934
48.2705	90.7148
48.2721	90.7363
48.2737	90.7578
48.2753	90.7793
48.2769	90.8008
48.2785	90.8223
48.2801	90.8438
48.2817	90.8652
48.2833	90.8867
48.2849	90.9082
48.2865	90.9297
48.2881	90.9512
48.2897	90.9727
48.2913	90.9941
48.2929	91.0156
48.2945	91.0371
48.2961	91.0586
48.2977	91.0801
48.2993	91.1016
48.3009	91.123
48.3025	91.1445
48.3041	91.166
48.3057	91.1875
48.3073	91.209
48.3089	91.2305
48.3105	91.252
48.3121	91.2734
48.3137	91.2949
48.3153	91.3164
48.3169	91.3379
48.3185	91.3594
48.3201	91.3809
48.3217	91.4023
48.3233	91.4238
48.3249	91.4453
48.3265	91.4668
48.3282	91.4883
48.3298	91.5098
48.3314	91.5312
48.333	91.5527
48.3346	91.5742
48.3362	91.5957
48.3378	91.6172
48.3394	91.6387
48.341	91.6602
48.3426	91.6816
48.3442	91.7031
48.3458	91.7246
48.3474	91.7461
48.349	91.7676
48.3506	91.7891
48.3522	91.8105
48.3538	91.832
48.3554	91.8535
48.357	91.875
48.3586	91.8965
48.3602	91.918
48.3618	91.9395
48.3634	91.9609
48.365	91.9824
48.3666	92.0039
48.3682	92.0254
48.3698	92.0469
48.3714	92.0684
48.373	92.0898
48.3746	92.1113
48.3762	92.1328
48.3778	92.1543
48.3794	92.1758
48.381	92.1973
48.3826	92.2188
48.3842	92.2402
48.3858	92.2617
48.3874	92.2832
48.389	92.3047
48.3906	92.3262
48.3922	92.3477
48.3938	92.3691
48.3954	92.3906
48.397	92.4121
48.3986	92.4336
48.4002	92.4551
48.4018	92.4766
48.4035	92.498
48.4051	92.5195
48.4067	92.541
48.4083	92.5625
48.4099	92.584
48.4115	92.6055
48.4131	92.627
48.4147	92.6484
48.4163	92.6699
48.4179	92.6914
48.4195	92.7129
48.4211	92.7344
48.4227	92.7559
48.4243	92.7773
48.4259	92.7988
48.4275	92.8203
48.4291	92.8418
48.4307	92.8633
48.4323	92.8848
48.4339	92.9062
48.4355	92.9277
48.4371	92.9492
48.4387	92.9707
48.4403	92.9922
48.4419	93.0137
48.4435	93.0352
48.4451	93.0566
48.4467	93.0781
48.4483	93.0986
48.4499	93.1191
48.4515	93.1396
48.4531	93.1602
48.4547	93.1807
48.4563	93.2012
48.4579	93.2217
48.4595	93.2422
48.4611	93.2627
48.4627	93.2832
48.4643	93.3037
48.4659	93.3242
48.4675	93.3447
48.4691	93.3652
48.4707	93.3857
48.4723	93.4062
48.4739	93.4268
48.4755	93.4473
48.4771	93.4678
48.4788	93.4883
48.4804	93.5088
48.482	93.5293
48.4836	93.5498
48.4852	93.5703
48.4868	93.5908
48.4884	93.6113
48.49	93.6318
48.4916	93.6523
48.4932	93.6729
48.4948	93.6934
48.4964	93.7139
48.498	93.7344
48.4996	93.7549
48.5012	93.7754
48.5028	93.7959
48.5044	93.8164
48.506	93.8369
48.5076	93.8574
48.5092	93.8779
48.5108	93.8984
48.5132	91.9141
48.514	90.5
48.5148	89.6689
48.5156	88.9199
48.5164	88.1719
48.5172	87.4229
48.518	86.6738
48.5188	85.9258
48.5196	85.1768
48.5204	84.4287
48.5212	83.6797
48.522	82.9307
48.5228	82.1826
48.5236	81.4336
48.5244	80.6855
48.5252	79.9365
48.526	79.1875
48.5268	78.4395
48.5276	77.6904
48.5284	76.9424
48.5292	76.1934
48.53	75.4453
48.5308	74.6963
48.5316	73.9473
48.5324	73.1992
48.5332	72.4502
48.534	71.7021
48.5348	70.9531
48.5356	70.2041
48.5364	69.4561
48.5372	68.707
48.538	67.959
48.5388	67.21
48.5396	66.4609
48.5404	65.7129
48.5412	64.9639
48.542	64.2158
48.5428	63.4668
48.5436	62.7188
48.5444	61.9697
48.5452	61.2207
48.546	60.4727
48.5468	59.7236
48.5477	58.9756
48.5485	58.2266
48.5493	57.4775
48.5501	56.7295
48.5509	55.9805
48.5517	55.2324
48.5525	54.4834
48.5533	53.7344
48.5541	52.9863
48.5549	52.2373
48.5557	51.4893
48.5565	50.7402
48.5573	49.9922
48.5581	49.2432
48.5589	48.4941
48.5597	47.7461
48.5605	46.9971
48.5613	45.25
48.5621	44.4766
48.5653	45.25
48.5653	45.2939
48.5669	45.3379
48.5685	45.3818
48.5701	45.4258
48.5717	45.4697
48.5733	45.5137
48.5749	45.5566
48.5765	45.5996
48.5781	45.6426
48.5797	45.6855
48.5813	45.7285
48.5829	45.7715
48.5913	45.8145
48.5929	45.8574
48.5945	45.9004
48.5961	45.9434
48.5977	45.9863
48.5993	46.0293
48.6009	46.0723
48.6025	46.1152
48.6041	46.1582
48.6057	46.2012
48.6073	46.2441
48.6089	46.2871
48.6105	46.3301
48.6121	46.373
48.6137	46.416
48.6153	46.459
48.6169	46.502
48.6185	46.5449
48.6201	46.5869
48.6217	46.6289
48.6233	46.6709
48.6249	46.7129
48.6265	46.7549
48.6281	46.7969
48.6297	46.8389
48.6313	46.8809
48.6329	46.9229
48.6345	46.9648
48.6361	47.0068
48.6377	47.0488
48.6393	47.0908
48.6409	47.1328
48.6425	47.1748
48.6442	47.2168
48.6458	47.2588
48.6474	47.3008
48.649	47.3428
48.6506	47.3848
48.6522	47.4268
48.6538	47.4688
48.6554	47.5107
48.657	47.5527
48.6586	47.5947
48.6602	47.6367
48.6618	47.6777
48.6634	47.7188
48.665	47.7598
48.6666	47.8008
48.6682	47.8418
48.6698	47.8828
48.6714	47.9238
48.673	47.9648
48.6746	48.0059
48.6762	48.0469
48.6778	48.0879
48.6794	48.1289
48.681	48.1699
48.6826	48.2109
48.6842	48.252
48.6858	48.293
48.6874	48.334
48.689	48.375
48.6906	48.416
48.6922	48.457
48.6938	48.498
48.6954	48.5391
48.697	48.5801
48.6986	48.6211
48.7002	48.6621
48.7018	48.7031
48.7034	48.7441
48.705	48.7852
48.7066	48.8252
48.7082	48.8652
48.7098	48.9053
48.7114	48.9453
48.713	48.9854
48.7146	49.0254
48.7162	49.0654
48.7178	49.1055
48.7195	49.1455
48.7211	49.1855
48.7227	49.2256
48.7243	49.2656
48.7259	49.3057
48.7275	49.3457
48.7291	49.3857
48.7307	49.4258
48.7323	49.4658
48.7339	49.5059
48.7355	49.5459
48.7371	49.5859
48.7387	49.626
48.7403	49.666
48.7419	49.7061
48.7435	49.7461
48.7451	49.7861
48.7467	49.8262
48.7483	49.8662
48.7499	49.9062
48.7515	49.9463
48.7531	49.9854
48.7547	50.0244
48.7563	50.0635
48.7579	50.1025
48.7595	50.1416
48.7611	50.1807
48.7627	50.2197
48.7643	50.2588
48.7659	50.2979
48.7675	50.3369
48.7691	50.376
48.7707	50.415
48.7723	50.4541
48.7739	50.4932
48.7755	50.5322
48.7771	50.5713
48.7787	50.6104
48.7803	50.6494
48.7819	50.6885
48.7835	50.7275
48.7851	50.7666
48.7867	50.8057
48.7883	50.8447
48.7899	50.8838
48.7915	50.9229
48.7931	50.9619
48.7948	51.001
48.7964	51.04
48.798	51.0791
48.7996	51.1182
48.8012	51.1572
48.8028	51.1963
48.8044	51.2344
48.806	51.2725
48.8076	51.3105
48.8092	51.3486
48.8108	51.3867
48.8124	51.4248
48.814	51.4629
48.8156	51.501
48.8172	51.5391
48.8188	51.5771
48.8204	51.6152
48.822	51.6533
48.8236	51.6914
48.8252	51.7295
48.8268	51.7676
48.8284	51.8057
48.83	51.8438
48.8316	51.8818
48.8332	51.9199
48.8348	51.958
48.8364	51.9961
48.838	52.0342
48.8396	52.0723
48.8412	52.1104
48.8428	52.1484
48.8444	52.1865
48.846	52.2246
48.8476	52.2627
48.8492	52.3008
48.8508	52.3389
48.8524	52.377
48.854	52.415
48.8556	52.4531
48.8572	52.4912
48.8588	52.5293
48.8604	52.5664
48.862	52.6035
48.8636	52.6406
48.8652	52.6777
48.8668	52.7148
48.8684	52.752
48.8701	52.7891
48.8717	52.8262
48.8733	52.8633
48.8749	52.9004
48.8765	52.9375
48.8781	52.9746
48.8797	53.0117
48.8813	53.0488
48.8829	53.0859
48.8845	53.123
48.8861	53.1602
48.8877	53.1973
48.8893	53.2344
48.8909	53.2715
48.8925	53.3086
48.8941	53.3457
48.8957	53.3828
48.8973	53.4199
48.8989	53.457
48.9005	53.4941
48.9021	53.5312
48.9037	53.5684
48.9053	53.6055
48.9069	53.6426
48.9085	53.6797
48.9101	53.7168
48.9117	53.7539
48.9133	53.791
48.9149	53.8281
48.9165	53.8652
48.9181	53.9023
48.9197	53.9385
48.9213	53.9746
48.9229	54.0107
48.9245	54.0469
48.9261	54.083
48.9277	54.1191
48.9293	54.1553
48.9309	54.1914
48.9325	54.2275
48.9341	54.2637
48.9357	54.2998
48.9373	54.3359
48.9389	54.3721
48.9405	54.4082
48.9421	54.4443
48.9437	54.4805
48.9454	54.5166
48.947	54.5527
48.9486	54.5889
48.9502	54.625
48.9518	54.6611
48.9534	54.6973
48.955	54.7334
48.9566	54.7695
48.9582	54.8057
48.9598	54.8418
48.9614	54.8779
48.963	54.9141
48.9646	54.9502
48.9662	54.9863
48.9678	55.0225
48.9694	55.0586
48.971	55.0947
48.9726	55.1309
48.9742	55.167
48.9758	55.2031
48.9774	55.2393
48.979	55.2754
48.9806	55.3115
48.9822	55.3477
48.9838	55.3828
48.9854	55.418
48.987	55.4531
48.9886	55.4883
48.9902	55.5234
48.9918	55.5586
48.9934	55.5938
48.995	55.6289
48.9966	55.6641
48.9982	55.6992
48.9998	55.7344
49.0014	55.7695
49.003	55.8047
49.0046	55.8398
49.0062	55.875
49.0078	55.9102
49.0094	55.9453
49.011	55.9805
49.0126	56.0156
49.0142	56.0508
49.0158	56.0859
49.0174	56.1211
49.019	56.1562
49.0207	56.1914
49.0223	56.2266
49.0239	56.2617
49.0255	56.2969
49.0271	56.332
49.0287	56.3672
49.0303	56.4023
49.0319	56.4375
49.0335	56.4727
49.0351	56.5078
49.0367	56.543
49.0383	56.5781
49.0399	56.6133
49.0415	56.6484
49.0431	56.6836
49.0447	56.7188
49.0463	56.7539
49.0479	56.7891
49.0495	56.8242
49.0511	56.8594
49.0527	56.8945
49.0543	56.9287
49.0559	56.9629
49.0575	56.9971
49.0591	57.0312
49.0607	57.0654
49.0623	57.0996
49.0639	57.1338
49.0655	57.168
49.0671	57.2021
49.0687	57.2363
49.0703	57.2705
49.0719	57.3047
49.0735	57.3389
49.0751	57.373
49.0767	57.4072
49.0783	57.4414
49.0799	57.4756
49.0815	57.5098
49.0831	57.5439
49.0847	57.5781
49.0863	57.6123
49.0879	57.6465
49.0895	57.6807
49.0911	57.7148
49.0927	57.749
49.0943	57.7832
49.096	57.8174
49.0976	57.8516
49.0992	57.8857
49.1008	57.9199
49.1024	57.9541
49.104	57.9883
49.1056	58.0225
49.1072	58.0566
49.1088	58.0908
49.1104	58.125
49.112	58.1592
49.1136	58.1934
49.1152	58.2275
49.1168	58.2617
49.1184	58.2959
49.12	58.3301
49.1216	58.3643
49.1232	58.3984
49.1248	58.4326
49.1264	58.4668
49.128	58.501
49.1296	58.5352
49.1312	58.5684
49.1328	58.6016
49.1344	58.6348
49.136	58.668
49.1376	58.7012
49.1392	58.7344
49.1408	58.7676
49.1424	58.8008
49.144	58.834
49.1456	58.8672
49.1472	58.9004
49.1488	58.9336
49.1504	58.9668
49.152	59
49.1536	59.0332
49.1552	59.0664
49.1568	59.0996
49.1584	59.1328
49.16	59.166
49.1616	59.1992
49.1632	59.2324
49.1648	59.2656
49.1664	59.2988
49.168	59.332
49.1697	59.3652
49.1713	59.3984
49.1729	59.4316
49.1745	59.4648
49.1761	59.498
49.1777	59.5312
49.1793	59.5645
49.1809	59.5977
49.1825	59.6309
49.1841	59.6641
49.1857	59.6973
49.1873	59.7305
49.1889	59.7637
49.1905	59.7969
49.1921	59.8301
49.1937	59.8633
49.1953	59.8965
49.1969	59.9297
49.1985	59.9629
49.2001	59.9961
49.2017	60.0293
49.2033	60.0625
49.2049	60.0957
49.2065	60.1289
49.2081	60.1621
49.2097	60.1953
49.2113	60.2285
49.2129	60.2607
49.2145	60.293
49.2161	60.3252
49.2177	60.3574
49.2193	60.3896
49.2209	60.4219
49.2225	60.4541
49.2241	60.4863
49.2257	60.5186
49.2273	60.5508
49.2289	60.583
49.2305	60.6152
49.2321	60.6475
49.2337	60.6797
49.2353	60.7119
49.2369	60.7441
49.2385	60.7764
49.2401	60.8086
49.2417	60.8408
49.2433	60.873
49.245	60.9053
49.2466	60.9375
49.2482	60.9697
49.2498	61.002
49.2514	61.0342
49.253	61.0664
49.2546	61.0986
49.2562	61.1309
49.2578	61.1631
49.2594	61.1953
49.261	61.2275
49.2626	61.2598
49.2642	61.292
49.2658	61.3242
49.2674	61.3564
49.269	61.3887
49.2706	61.4209
49.2722	61.4531
49.2738	61.4854
49.2754	61.5176
49.277	61.5498
49.2786	61.582
49.2802	61.6143
49.2818	61.6465
49.2834	61.6787
49.285	61.7109
49.2866	61.7432
49.2882	61.7754
49.2898	61.8076
49.2914	61.8398
49.293	61.8721
49.2946	61.9043
49.2962	61.9365
49.2978	61.9688
49.2994	62.001
49.301	62.0332
49.3026	62.0654
49.3042	62.0967
49.3058	62.1279
49.3074	62.1592
49.309	62.1904
49.3106	62.2217
49.3122	62.2529
49.3138	62.2842
49.3154	62.3154
49.317	62.3467
49.3186	62.3779
49.3203	62.4092
49.3219	62.4404
49.3235	62.4717
49.3251	62.5029
49.3267	62.5342
49.3283	62.5654
49.3299	62.5967
49.3315	62.6279
49.3331	62.6592
49.3347	62.6904
49.3363	62.7217
49.3379	62.7529
49.3395	62.7842
49.3411	62.8154
49.3427	62.8467
49.3443	62.8779
49.3459	62.9092
49.3475	62.9404
49.3491	62.9717
49.3507	63.0029
49.3523	63.0342
49.3539	63.0654
49.3555	63.0967
49.3571	63.1279
49.3587	63.1592
49.3603	63.1904
49.3619	63.2217
49.3635	63.2529
49.3651	63.2842
49.3667	63.3154
49.3683	63.3467
49.3699	63.3779
49.3715	63.4092
49.3731	63.4404
49.3747	63.4717
49.3763	63.5029
49.3779	63.5342
49.3795	63.5654
49.3811	63.5967
49.3827	63.6279
49.3843	63.6592
49.3859	63.6904
49.3875	63.7217
49.3891	63.7529
49.3907	63.7842
49.3923	63.8154
49.3939	63.8467
49.3956	63.8779
49.3972	63.9092
49.3988	63.9404
49.4004	63.9717
49.402	64.0029
49.4036	64.0332
49.4052	64.0635
49.4068	64.0938
49.4084	64.124
49.41	64.1543
49.4116	64.1846
49.4132	64.2148
49.4148	64.2451
49.4164	64.2754
49.418	64.3057
49.4196	64.3359
49.4212	64.3662
49.4228	64.3965
49.4244	64.4268
49.426	64.457
49.4276	64.4873
49.4292	64.5176
49.4308	64.5479
49.4324	64.5781
49.434	64.6084
49.4356	64.6387
49.4372	64.6689
49.4388	64.6992
49.4404	64.7295
49.442	64.7598
49.4436	64.79
49.4452	64.8203
49.4468	64.8506
49.4484	64.8809
49.45	64.9111
49.4516	64.9414
49.4532	64.9717
49.4548	65.002
49.4564	65.0322
49.458	65.0625
49.4596	65.0928
49.4612	65.123
49.4628	65.1533
49.4644	65.1836
49.466	65.2139
49.4676	65.2441
49.4692	65.2744
49.4709	65.3047
49.4725	65.335
49.4741	65.3652
49.4757	65.3955
49.4773	65.4258
49.4789	65.4561
49.4805	65.4863
49.4821	65.5166
49.4837	65.5469
49.4853	65.5771
49.4869	65.6074
49.4885	65.6377
49.4901	65.668
49.4917	65.6982
49.4933	65.7285
49.4949	65.7588
49.4965	65.7891
49.4981	65.8193
49.4997	65.8496
49.5013	65.8799
49.5029	65.9102
49.5045	65.9404
49.5061	65.9707
49.5077	66.001
49.5093	66.0312
49.5109	66.0615
49.5125	66.0908
49.5141	66.1201
49.5157	66.1494
49.5173	66.1787
49.5189	66.208
49.5205	66.2373
49.5221	66.2666
49.5237	66.2959
49.5253	66.3252
49.5269	66.3545
49.5285	66.3838
49.5301	66.4131
49.5317	66.4424
49.5333	66.4717
49.5349	66.501
49.5365	66.5303
49.5381	66.5596
49.5397	66.5889
49.5413	66.6182
49.5429	66.6475
49.5445	66.6768
49.5462	66.7061
49.5478	66.7354
49.5494	66.7646
49.551	66.7939
49.5526	66.8232
49.5542	66.8525
49.5558	66.8818
49.5574	66.9111
49.559	66.9404
49.5606	66.9697
49.5622	66.999
49.5638	67.0283
49.5654	67.0576
49.567	67.0869
49.5686	67.1162
49.5702	67.1455
49.5718	67.1748
49.5734	67.2041
49.575	67.2334
49.5766	67.2627
49.5782	67.292
49.5798	67.3213
49.5814	67.3506
49.583	67.3799
49.5846	67.4092
49.5862	67.4385
49.5878	67.4678
49.5894	67.4971
49.591	67.5264
49.5926	67.5557
49.5942	67.585
49.5958	67.6143
49.5974	67.6436
49.599	67.6729
49.6006	67.7021
49.6022	67.7314
49.6038	67.7607
49.6054	67.79
49.607	67.8193
49.6086	67.8486
49.6102	67.8779
49.6118	67.9072
49.6134	67.9365
49.615	67.9658
49.6166	67.9951
49.6182	68.0244
49.6198	68.0537
49.6215	68.083
49.6231	68.1123
49.6247	68.1416
49.6263	68.1709
49.6279	68.2002
49.6295	68.2295
49.6311	68.2588
49.6327	68.2871
49.6343	68.3154
49.6359	68.3438
49.6375	68.3721
49.6391	68.4004
49.6407	68.4287
49.6423	68.457
49.6439	68.4854
49.6455	68.5137
49.6471	68.542
49.6487	68.5703
49.6503	68.5986
49.6519	68.627
49.6535	68.6553
49.6551	68.6836
49.6567	68.7119
49.6583	68.7402
49.6599	68.7686
49.6615	68.7969
49.6631	68.8252
49.6647	68.8535
49.6663	68.8818
49.6679	68.9102
49.6695	68.9385
49.6711	68.9668
49.6727	68.9951
49.6743	69.0234
49.6759	69.0518
49.6775	69.0801
49.6791	69.1084
49.6807	69.1367
49.6823	69.165
49.6839	69.1934
49.6855	69.2217
49.6871	69.25
49.6887	69.2783
49.6903	69.3066
49.6919	69.335
49.6935	69.3633
49.6952	69.3916
49.6968	69.4199
49.6984	69.4482
49.7	69.4766
49.7016	69.5049
49.7032	69.5332
49.7048	69.5615
49.7064	69.5898
49.708	69.6182
49.7096	69.6465
49.7112	69.6748
49.7128	69.7031
49.7144	69.7314
49.716	69.7598
49.7176	69.7881
49.7192	69.8164
49.7208	69.8447
49.7224	69.873
49.724	69.9014
49.7256	69.9297
49.7272	69.958
49.7288	69.9863
49.7304	70.0146
49.732	70.043
49.7336	70.0713
49.7352	70.0996
49.7368	70.1279
49.7384	70.1562
49.74	70.1846
49.7416	70.2129
49.7432	70.2412
49.7448	70.2695
49.7464	70.2979
49.748	70.3262
49.7496	70.3545
49.7512	70.3828
49.7528	70.4111
49.7544	70.4395
49.756	70.4678
49.7576	70.4961
49.7592	70.5244
49.7608	70.5527
49.7624	70.5811
49.764	70.6094
49.7656	70.6367
49.7672	70.6641
49.7688	70.6914
49.7705	70.7188
49.7721	70.7461
49.7737	70.7734
49.7753	70.8008
49.7769	70.8281
49.7785	70.8555
49.7801	70.8828
49.7817	70.9102
49.7833	70.9375
49.7849	70.9648
49.7865	70.9922
49.7881	71.0195
49.7897	71.0469
49.7913	71.0742
49.7929	71.1016
49.7945	71.1289
49.7961	71.1562
49.7977	71.1836
49.7993	71.2109
49.8009	71.2383
49.8025	71.2656
49.8041	71.293
49.8057	71.3203
49.8073	71.3477
49.8089	71.375
49.8105	71.4023
49.8121	71.4297
49.8137	71.457
49.8153	71.4844
49.8169	71.5117
49.8185	71.5391
49.8201	71.5664
49.8217	71.5938
49.8233	71.6211
49.8249	71.6484
49.8265	71.6758
49.8281	71.7031
49.8297	71.7305
49.8313	71.7578
49.8329	71.7852
49.8345	71.8125
49.8361	71.8398
49.8377	71.8672
49.8393	71.8945
49.8409	71.9219
49.8425	71.9492
49.8441	71.9766
49.8458	72.0039
49.8474	72.0312
49.849	72.0586
49.8506	72.0859
49.8522	72.1133
49.8538	72.1406
49.8554	72.168
49.857	72.1953
49.8586	72.2227
49.8602	72.25
49.8618	72.2773
49.8634	72.3047
49.865	72.332
49.8666	72.3594
49.8682	72.3867
49.8698	72.4141
49.8714	72.4414
49.873	72.4688
49.8746	72.4961
49.8762	72.5234
49.8778	72.5508
49.8794	72.5781
49.881	72.6055
49.8826	72.6328
49.8842	72.6602
49.8858	72.6875
49.8874	72.7148
49.889	72.7422
49.8906	72.7695
49.8922	72.7969
49.8938	72.8242
49.8954	72.8516
49.897	72.8789
49.8986	72.9062
49.9002	72.9336
49.9018	72.9609
49.9034	72.9883
49.905	73.0156
49.9066	73.043
49.9082	73.0703
49.9098	73.0977
49.9114	73.125
49.913	73.1523
49.9146	73.1787
49.9162	73.2051
49.9178	73.2314
49.9194	73.2578
49.9211	73.2842
49.9227	73.3105
49.9243	73.3369
49.9259	73.3633
49.9275	73.3896
49.9291	73.416
49.9307	73.4424
49.9323	73.4688
49.9339	73.4951
49.9355	73.5215
49.9371	73.5479
49.9387	73.5742
49.9403	73.6006
49.9419	73.627
49.9435	73.6533
49.9451	73.6797
49.9467	73.7061
49.9483	73.7324
49.9499	73.7588
49.9515	73.7852
49.9531	73.8115
49.9547	73.8379
49.9563	73.8643
49.9579	73.8906
49.9595	73.917
49.9611	73.9434
49.9627	73.9697
49.9643	73.9961
49.9659	74.0225
49.9675	74.0488
49.9691	74.0752
49.9707	74.1016
49.9723	74.1279
49.9739	74.1543
49.9755	74.1807
49.9771	74.207
49.9787	74.2334
49.9803	74.2598
49.9819	74.2861
49.9835	74.3125
49.9851	74.3389
49.9867	74.3652
49.9883	74.3916
49.9899	74.418
49.9915	74.4443
49.9931	74.4707
49.9947	74.4971
49.9964	74.5234
49.998	74.5498
49.9996	74.5762
