1.10223	14.1406
1.20737	15.5547
1.21217	16.9688
1.21698	18.3828
1.22178	19.7969
1.22659	21.2109
1.31248	22.625
1.31728	24.0391
1.32209	25.4531
1.3269	26.8672
1.3317	28.2812
1.33651	29.6953
1.34132	31.1094
1.41759	32.5234
1.4224	33.9375
1.4272	35.3516
1.43201	36.7656
1.43682	38.1797
1.44162	39.5938
1.44643	41.0078
1.45123	42.4219
1.45604	43.8359
1.46085	45.25
1.46565	46.6641
1.5251	48.0781
1.52991	49.4922
1.53472	50.9062
1.53952	52.3203
1.54433	53.7344
1.54914	55.1484
1.55394	56.5625
1.55875	57.9766
1.56356	59.3906
1.56836	60.8047
1.57317	62.2188
1.57798	63.6328
1.58278	65.0469
1.58759	66.4609
1.59239	67.875
1.5972	69.2891
1.63022	70.7031
1.63502	72.1172
1.63983	73.5312
1.64464	74.9453
1.64944	76.3594
1.65425	77.7734
1.65906	79.1875
1.66386	80.6016
1.66867	82.0156
1.67347	83.4297
1.67828	84.8438
1.68309	86.2578
1.68789	87.6719
1.6927	89.0859
1.69751	90.5
1.70231	91.9141
1.70712	93.3281
1.71193	94.7422
1.71673	96.1562
1.72154	97.5703
1.72634	98.9844
1.73115	100.398
1.73596	101.812
1.74076	103.227
1.74557	104.641
1.75038	106.055
1.75518	107.469
1.75999	108.883
1.7648	110.297
1.7696	111.711
1.77441	113.125
1.77922	114.539
1.78402	115.953
1.78883	117.367
1.79363	118.781
1.79844	120.195
1.80325	121.609
1.80805	123.023
1.81286	124.438
1.81767	125.852
1.82247	127.266
1.82728	128.68
1.83209	130.094
1.83689	131.508
1.8417	132.922
1.8465	134.336
1.85131	135.75
1.85612	137.164
1.86092	138.578
1.86573	139.992
1.87054	141.406
1.87534	142.82
1.88015	144.234
1.88496	145.648
1.88976	147.062
1.89457	148.477
1.89938	149.891
1.90418	151.305
1.90899	152.719
1.91379	154.133
1.9186	155.547
1.92341	156.961
1.92821	158.375
1.93302	159.789
1.93783	161.203
1.94263	162.617
1.94744	164.031
1.95225	165.445
1.95705	166.859
1.96186	168.273
1.96666	169.688
1.97147	171.102
1.97628	172.516
1.98108	173.93
1.98589	175.344
1.9907	176.758
1.9955	178.172
2.00031	179.586
2.00512	181
2.00992	182.414
2.01473	183.828
2.01954	185.242
2.02434	186.656
2.02915	188.07
2.03395	189.484
2.03876	190.898
2.04357	192.312
2.04699	193.727
2.05126	195.141
2.05403	196.555
2.05884	197.969
2.06161	199.383
2.06588	200.797
2.06865	202.211
2.07346	203.625
2.07623	205.039
2.0805	206.453
2.08327	207.867
2.08807	209.281
2.09084	210.695
2.09511	212.109
2.09788	213.523
2.10269	214.938
2.10546	216.352
2.10973	217.766
2.1125	219.18
2.11731	220.594
2.12008	222.008
2.12435	223.422
2.12712	224.836
2.13193	226.25
2.1347	227.664
2.13897	229.078
2.14174	230.492
2.14654	231.906
2.14931	233.32
2.15358	234.734
2.15635	236.148
2.16116	237.562
2.16393	238.977
2.1682	240.391
2.17097	241.805
2.17578	243.219
2.17855	244.633
2.18282	246.047
2.18559	247.461
2.1904	248.875
2.19317	250.289
2.19744	251.703
2.20021	253.117
2.20448	254.531
2.20928	255.945
2.21205	257.359
2.21482	258.773
2.21909	260.188
2.2239	261.602
2.22667	263.016
2.22944	264.43
2.23371	265.844
2.23852	267.258
2.24129	268.672
2.24406	270.086
2.24833	271.5
2.25314	272.914
2.25591	274.328
2.25868	275.742
2.26295	277.156
2.2664	278.57
2.27066	279.984
2.27411	281.398
2.27838	282.812
2.28101	284.227
2.28528	285.641
2.28873	287.055
2.293	288.469
2.29563	289.883
2.2999	291.297
2.30335	292.711
2.30762	294.125
2.31025	295.539
2.31452	296.953
2.31797	298.367
2.32224	299.781
2.32487	301.195
2.32914	302.609
2.33258	304.023
2.33685	305.438
2.33948	306.852
2.34375	308.266
2.3472	309.68
2.35147	311.094
2.3541	312.508
2.35837	313.922
2.36182	315.336
2.36609	316.75
2.36872	318.164
2.37299	319.578
2.37644	320.992
2.38071	322.406
2.38334	323.82
2.38761	325.234
2.39106	326.648
2.39532	328.062
2.39795	329.477
2.40222	330.891
2.40567	332.305
2.40994	333.719
2.41257	335.133
2.41684	336.547
2.42029	337.961
2.42456	339.375
2.42883	340.789
2.43146	342.203
2.43491	343.617
2.43918	345.031
2.44345	346.445
2.44608	347.859
2.44953	349.273
2.45379	350.688
2.45806	352.102
2.46069	353.516
2.46414	354.93
2.46841	356.344
2.47268	357.758
2.47531	359.172
2.47876	360.586
2.48303	362
2.48648	363.414
2.49075	364.828
2.4942	366.242
2.49847	367.656
2.5011	369.07
2.50537	370.484
2.50882	371.898
2.51308	373.312
2.51571	374.727
2.51998	376.141
2.52343	377.555
2.5277	378.969
2.53033	380.383
2.5346	381.797
2.53805	383.211
2.54232	384.625
2.54495	386.039
2.54922	387.453
2.55267	388.867
2.55694	390.281
2.55957	391.695
2.56384	393.109
2.56729	394.523
2.57155	395.938
2.57418	397.352
2.57845	398.766
2.5819	400.18
2.58617	401.594
2.5888	403.008
2.59307	404.422
2.59652	405.836
2.60079	407.25
2.60342	408.664
2.60769	410.078
2.61114	411.492
2.61541	412.906
2.61804	414.32
2.62231	415.734
2.62576	417.148
2.63002	418.562
2.63266	419.977
2.63692	421.391
2.64037	422.805
2.64464	424.219
2.64891	425.633
2.65154	427.047
2.65499	428.461
2.65926	429.875
2.66353	431.289
2.66616	432.703
2.66961	434.117
2.67388	435.531
2.67815	436.945
2.68078	438.359
2.68423	439.773
2.6885	441.188
2.69276	442.602
2.69539	444.016
2.69884	445.43
2.70311	446.844
2.70656	448.258
2.71083	449.672
2.71428	451.086
2.71855	452.5
2.72118	453.914
2.72545	455.328
2.7289	456.742
2.73317	458.156
2.7358	459.57
2.74007	460.984
2.74352	462.398
2.74778	463.812
2.75042	465.227
2.75468	466.641
2.75813	468.055
2.7624	469.469
2.76503	470.883
2.7693	472.297
2.77275	473.711
2.77702	475.125
2.77965	476.539
2.78392	477.953
2.78737	479.367
2.79164	480.781
2.79427	482.195
2.79854	483.609
2.80199	485.023
2.80626	486.438
2.80889	487.852
2.81315	489.266
2.8166	490.68
2.82087	492.094
2.8235	493.508
2.82777	494.922
2.83122	496.336
2.83549	497.75
2.83812	499.164
2.84239	500.578
2.84584	501.992
2.85011	503.406
2.85274	504.82
2.85701	506.234
2.86046	507.648
2.86473	509.062
2.86899	510.477
2.87162	511.891
2.87507	513.305
2.87934	514.719
2.88361	516.133
2.88624	517.547
2.88969	518.961
2.89396	520.375
2.89823	521.789
2.90086	523.203
2.90431	524.617
2.90858	526.031
2.91285	527.445
2.91548	528.859
2.91893	530.273
2.9232	531.688
2.92665	533.102
2.93091	534.516
2.93436	535.93
2.93863	537.344
2.94126	538.758
2.94553	540.172
2.94898	541.586
2.95325	543
2.95588	544.414
2.96015	545.828
2.9636	547.242
2.96787	548.656
2.9705	550.07
2.97477	551.484
2.97822	552.898
2.98249	554.312
2.98512	555.727
2.98938	557.141
2.99283	558.555
2.9971	559.969
2.99973	561.383
3.004	562.797
3.00745	564.211
3.01172	565.625
3.01435	567.039
3.01862	568.453
3.02207	569.867
3.02634	571.281
3.02897	572.695
3.03324	574.109
3.03669	575.523
3.04096	576.938
3.04359	578.352
3.04786	579.766
3.0513	581.18
3.05557	582.594
3.0582	584.008
3.06247	585.422
3.06592	586.836
3.07019	588.25
3.07282	589.664
3.07709	591.078
3.08054	592.492
3.08481	593.906
3.08908	595.32
3.09171	596.734
3.09516	598.148
3.09943	599.562
3.1037	600.977
3.10633	602.391
3.10978	603.805
3.11404	605.219
3.11831	606.633
3.12094	608.047
3.12439	609.461
3.12866	610.875
3.13293	612.289
3.13556	613.703
3.13901	615.117
3.14328	616.531
3.14673	617.945
3.151	619.359
3.15445	620.773
3.15872	622.188
3.16135	623.602
3.16562	625.016
3.16906	626.43
3.17333	627.844
3.17596	629.258
3.18023	630.672
3.18368	632.086
3.18795	633.5
3.19058	634.914
3.19485	636.328
3.1983	637.742
3.20257	639.156
3.2052	640.57
3.20947	641.984
3.21292	643.398
3.21719	644.812
3.21982	646.227
3.22409	647.641
3.22754	649.055
3.2318	650.469
3.23443	651.883
3.2387	653.297
3.24215	654.711
3.24642	656.125
3.24905	657.539
3.25332	658.953
3.25677	660.367
3.26104	661.781
3.26367	663.195
3.26794	664.609
3.27139	666.023
3.27566	667.438
3.27829	668.852
3.28256	670.266
3.28601	671.68
3.29027	673.094
3.2929	674.508
3.29717	675.922
3.30062	677.336
3.30489	678.75
3.30916	680.164
3.31179	681.578
3.31524	682.992
3.31951	684.406
3.32378	685.82
3.32641	687.234
3.32986	688.648
3.33413	690.062
3.3384	691.477
3.34103	692.891
3.34448	694.305
3.34874	695.719
3.35301	697.133
3.35564	698.547
3.35909	699.961
3.36336	701.375
3.36681	702.789
3.37108	704.203
3.37453	705.617
3.3788	707.031
3.38143	708.445
3.3857	709.859
3.38915	711.273
3.39342	712.688
3.39605	714.102
3.40032	715.516
3.40377	716.93
3.40803	718.344
3.41066	719.758
3.41493	721.172
3.41838	722.586
3.42265	724
3.42528	725.414
3.42955	726.828
3.433	728.242
3.43727	729.656
3.4399	731.07
3.44417	732.484
3.44762	733.898
3.45189	735.312
3.45452	736.727
3.45879	738.141
3.46224	739.555
3.4665	740.969
3.46914	742.383
3.4734	743.797
3.47685	745.211
3.48112	746.625
3.48375	748.039
3.48802	749.453
3.49147	750.867
3.49574	752.281
3.49837	753.695
3.50264	755.109
3.50609	756.523
3.51036	757.938
3.51299	759.352
3.51726	760.766
3.52071	762.18
3.52498	763.594
3.52924	765.008
3.53187	766.422
3.53532	767.836
3.53959	769.25
3.54386	770.664
3.54649	772.078
3.54994	773.492
3.55421	774.906
3.55848	776.32
3.56111	777.734
3.56456	779.148
3.56883	780.562
3.5731	781.977
3.57573	783.391
3.57918	784.805
3.58345	786.219
3.5869	787.633
3.59116	789.047
3.59461	790.461
3.59888	791.875
3.60151	793.289
3.60578	794.703
3.60923	796.117
3.6135	797.531
3.61613	798.945
3.6204	800.359
3.62385	801.773
3.62812	803.188
3.63075	804.602
3.63502	806.016
3.63847	807.43
3.64274	808.844
3.64537	810.258
3.64963	811.672
3.65308	813.086
3.65735	814.5
3.65998	815.914
3.66425	817.328
3.6677	818.742
3.67197	820.156
3.6746	821.57
3.67887	822.984
3.68232	824.398
3.68659	825.812
3.68922	827.227
3.69349	828.641
3.69694	830.055
3.70121	831.469
3.70384	832.883
3.7081	834.297
3.71155	835.711
3.71582	837.125
3.71845	838.539
3.72272	839.953
3.72617	841.367
3.73044	842.781
3.73307	844.195
3.73734	845.609
3.74079	847.023
3.74506	848.438
3.74933	849.852
3.75196	851.266
3.75541	852.68
3.75968	854.094
3.76394	855.508
3.76658	856.922
3.77002	858.336
3.77429	859.75
3.77856	861.164
3.78119	862.578
3.78464	863.992
3.78891	865.406
3.79318	866.82
3.79581	868.234
3.79926	869.648
3.80353	871.062
3.80698	872.477
3.81125	873.891
3.8147	875.305
3.81897	876.719
3.8216	878.133
3.82586	879.547
3.82931	880.961
3.83358	882.375
3.83621	883.789
3.84048	885.203
3.84393	886.617
3.8482	888.031
3.85083	889.445
3.8551	890.859
3.85855	892.273
3.86282	893.688
3.86545	895.102
3.86972	896.516
3.87317	897.93
3.87744	899.344
3.88007	900.758
3.88434	902.172
3.88778	903.586
3.89205	905
3.89468	906.414
3.89895	907.828
3.9024	909.242
3.90667	910.656
3.9093	912.07
3.91357	913.484
3.91702	914.898
3.92129	916.312
3.92392	917.727
3.92819	919.141
3.93164	920.555
3.93591	921.969
3.93854	923.383
3.94281	924.797
3.94626	926.211
3.95052	927.625
3.95315	929.039
3.95742	930.453
3.96087	931.867
3.96514	933.281
3.96941	934.695
3.97204	936.109
3.97549	937.523
3.97976	938.938
3.98403	940.352
3.98666	941.766
3.99011	943.18
3.99438	944.594
3.99865	946.008
4.00128	947.422
4.00473	948.836
4.00899	950.25
4.01326	951.664
4.01589	953.078
4.01934	954.492
4.02361	955.906
4.02706	957.32
4.03133	958.734
4.03478	960.148
4.03905	961.562
4.04168	962.977
4.04595	964.391
4.0494	965.805
4.05367	967.219
4.0563	968.633
4.06057	970.047
4.06402	971.461
4.06828	972.875
4.07091	974.289
4.07518	975.703
4.07863	977.117
4.0829	978.531
4.08553	979.945
4.0898	981.359
4.09325	982.773
4.09752	984.188
4.10015	985.602
4.10442	987.016
4.10787	988.43
4.11214	989.844
4.11477	991.258
4.11904	992.672
4.12249	994.086
4.12675	995.5
4.12938	996.914
4.13365	998.328
4.1371	999.742
4.14137	1001.16
4.144	1002.57
4.14827	1003.98
4.15172	1005.4
4.15599	1006.81
4.15862	1008.23
4.16289	1009.64
4.16634	1011.05
4.17061	1012.47
4.17324	1013.88
4.17751	1015.3
4.18096	1016.71
4.18522	1018.12
4.18949	1019.54
4.19212	1020.95
4.19557	1022.37
4.19984	1023.78
4.20411	1025.2
4.20674	1026.61
4.21019	1028.02
4.21446	1029.44
4.21873	1030.85
4.22136	1032.27
4.22481	1033.68
4.22908	1035.09
4.23335	1036.51
4.23598	1037.92
4.23943	1039.34
4.2437	1040.75
4.24714	1042.16
4.25141	1043.58
4.25486	1044.99
4.25913	1046.41
4.26176	1047.82
4.26603	1049.23
4.26948	1050.65
4.27375	1052.06
4.27638	1053.48
4.28065	1054.89
4.2841	1056.3
4.28837	1057.72
4.291	1059.13
4.29527	1060.55
4.29872	1061.96
4.30298	1063.38
4.30562	1064.79
4.30988	1066.2
4.31333	1067.62
4.3176	1069.03
4.32023	1070.45
4.3245	1071.86
4.32795	1073.27
4.33222	1074.69
4.33485	1076.1
4.33912	1077.52
4.34257	1078.93
4.34684	1080.34
4.34947	1081.76
4.35374	1083.17
4.35719	1084.59
4.36146	1086
4.36409	1087.41
4.36835	1088.83
4.3718	1090.24
4.37607	1091.66
4.3787	1093.07
4.38297	1094.48
4.38642	1095.9
4.39069	1097.31
4.39332	1098.73
4.39759	1100.14
4.40104	1101.55
4.40531	1102.97
4.40958	1104.38
4.41221	1105.8
4.41566	1107.21
4.41993	1108.62
4.42419	1110.04
4.42682	1111.45
4.43027	1112.87
4.43454	1114.28
4.43881	1115.7
4.44144	1117.11
4.44489	1118.52
4.44916	1119.94
4.45343	1121.35
4.45606	1122.77
4.45951	1124.18
4.46378	1125.59
4.46723	1127.01
4.4715	1128.42
4.47495	1129.84
4.47922	1131.25
4.48185	1132.66
4.48611	1134.08
4.48956	1135.49
4.49383	1136.91
4.49646	1138.32
4.50073	1139.73
4.50418	1141.15
4.50845	1142.56
4.51108	1143.98
4.51535	1145.39
4.5188	1146.8
4.52307	1148.22
4.5257	1149.63
4.52997	1151.05
4.53342	1152.46
4.53769	1153.88
4.54032	1155.29
4.54458	1156.7
4.54803	1158.12
4.5523	1159.53
4.55493	1160.95
4.5592	1162.36
4.56265	1163.77
4.56692	1165.19
4.56955	1166.6
4.57382	1168.02
4.57727	1169.43
4.58154	1170.84
4.58417	1172.26
4.58844	1173.67
4.59189	1175.09
4.59616	1176.5
4.59879	1177.91
4.60306	1179.33
4.6065	1180.74
4.61077	1182.16
4.6134	1183.57
4.61767	1184.98
4.62112	1186.4
4.62539	1187.81
4.62966	1189.23
4.63229	1190.64
4.63574	1192.05
4.64001	1193.47
4.64428	1194.88
4.64691	1196.3
4.65036	1197.71
4.65463	1199.12
4.6589	1200.54
4.66153	1201.95
4.66498	1203.37
4.66924	1204.78
4.67351	1206.2
4.67614	1207.61
4.67959	1209.02
4.68386	1210.44
4.68731	1211.85
4.69158	1213.27
4.69503	1214.68
4.6993	1216.09
4.70193	1217.51
4.7062	1218.92
4.70965	1220.34
4.71392	1221.75
4.71655	1223.16
4.72082	1224.58
4.72426	1225.99
4.72853	1227.41
4.73116	1228.82
4.73543	1230.23
4.73888	1231.65
4.74315	1233.06
4.74578	1234.48
4.75005	1235.89
4.7535	1237.3
4.75777	1238.72
4.7604	1240.13
4.76467	1241.55
4.76812	1242.96
4.77239	1244.38
4.77502	1245.79
4.77929	1247.2
4.78274	1248.62
4.787	1250.03
4.78963	1251.45
4.7939	1252.86
4.79735	1254.27
4.80162	1255.69
4.80425	1257.1
4.80852	1258.52
4.81197	1259.93
4.81624	1261.34
4.81887	1262.76
4.82314	1264.17
4.82659	1265.59
4.83086	1267
4.83349	1268.41
4.83776	1269.83
4.84121	1271.24
4.84547	1272.66
4.84974	1274.07
4.85237	1275.48
4.85582	1276.9
4.86009	1278.31
4.86436	1279.73
4.86699	1281.14
4.87044	1282.55
4.87471	1283.97
4.87898	1285.38
4.88161	1286.8
4.88506	1288.21
4.88933	1289.62
4.8936	1291.04
4.89623	1292.45
4.89968	1293.87
4.90394	1295.28
4.90739	1296.7
4.91166	1298.11
4.91511	1299.52
4.91938	1300.94
4.92201	1302.35
4.92628	1303.77
4.92973	1305.18
4.934	1306.59
4.93663	1308.01
4.9409	1309.42
4.94435	1310.84
4.94862	1312.25
4.95125	1313.66
4.95552	1315.08
4.95897	1316.49
4.96323	1317.91
4.96586	1319.32
4.97013	1320.73
4.97358	1322.15
4.97785	1323.56
4.98048	1324.98
4.98475	1326.39
4.9882	1327.8
4.99247	1329.22
4.9951	1330.63
4.99937	1332.05
5.00282	1333.46
5.00709	1334.88
5.00972	1336.29
5.01399	1337.7
5.01744	1339.12
5.0217	1340.53
5.02434	1341.95
5.0286	1343.36
5.03205	1344.77
5.03632	1346.19
5.03895	1347.6
5.04322	1349.02
5.04667	1350.43
5.05094	1351.84
5.05357	1353.26
5.05784	1354.67
5.06129	1356.09
5.06556	1357.5
5.06983	1358.91
5.07246	1360.33
5.07591	1361.74
5.08018	1363.16
5.08444	1364.57
5.08707	1365.98
5.09052	1367.4
5.09479	1368.81
5.09906	1370.23
5.10169	1371.64
5.10514	1373.05
5.10941	1374.47
5.11368	1375.88
5.11631	1377.3
5.11976	1378.71
5.12403	1380.12
5.12748	1381.54
5.13175	1382.95
5.1352	1384.37
5.13946	1385.78
5.1421	1387.2
5.14636	1388.61
5.14981	1390.02
5.15408	1391.44
5.15671	1392.85
5.16098	1394.27
5.16443	1395.68
5.1687	1397.09
5.17133	1398.51
5.1756	1399.92
5.17905	1401.34
5.18332	1402.75
5.18595	1404.16
5.19022	1405.58
5.19367	1406.99
5.19794	1408.41
5.20057	1409.82
5.20483	1411.23
5.20828	1412.65
5.21255	1414.06
5.21518	1415.48
5.21945	1416.89
5.2229	1418.3
5.22717	1419.72
5.2298	1421.13
5.23407	1422.55
5.23752	1423.96
5.24179	1425.38
5.24442	1426.79
5.24869	1428.2
5.25214	1429.62
5.25641	1431.03
5.25904	1432.45
5.2633	1433.86
5.26675	1435.27
5.27102	1436.69
5.27365	1438.1
5.27792	1439.52
5.28137	1440.93
5.28564	1442.34
5.28991	1443.76
5.29254	1445.17
5.29599	1446.59
5.30026	1448
5.30453	1449.41
5.30716	1450.83
5.31061	1452.24
5.31488	1453.66
5.31914	1455.07
5.32178	1456.48
5.32522	1457.9
5.32949	1459.31
5.33376	1460.73
5.33639	1462.14
5.33984	1463.55
5.34411	1464.97
5.34756	1466.38
5.35183	1467.8
5.35528	1469.21
5.35955	1470.62
5.36218	1472.04
5.36645	1473.45
5.3699	1474.87
5.37417	1476.28
5.3768	1477.7
5.38106	1479.11
5.38451	1480.52
5.38878	1481.94
5.39141	1483.35
5.39568	1484.77
5.39913	1486.18
5.4034	1487.59
5.40603	1489.01
5.4103	1490.42
5.41375	1491.84
5.41802	1493.25
5.42065	1494.66
5.42492	1496.08
5.42837	1497.49
5.43264	1498.91
5.43527	1500.32
5.43954	1501.73
5.44298	1503.15
5.44725	1504.56
5.44988	1505.98
5.45415	1507.39
5.4576	1508.8
5.46187	1510.22
5.4645	1511.63
5.46877	1513.05
5.47222	1514.46
5.47649	1515.88
5.47912	1517.29
5.48339	1518.7
5.48684	1520.12
5.49111	1521.53
5.49374	1522.95
5.49801	1524.36
5.50146	1525.77
5.50572	1527.19
5.50999	1528.6
5.51262	1530.02
5.51607	1531.43
5.52034	1532.84
5.52461	1534.26
5.52724	1535.67
5.53069	1537.09
5.53496	1538.5
5.53923	1539.91
5.54186	1541.33
5.54531	1542.74
5.54958	1544.16
5.55385	1545.57
5.55648	1546.98
5.55993	1548.4
5.56419	1549.81
5.56764	1551.23
5.57191	1552.64
5.57536	1554.05
5.57963	1555.47
5.58226	1556.88
5.58653	1558.3
5.58998	1559.71
5.59425	1561.12
5.59688	1562.54
5.60115	1563.95
5.6046	1565.37
5.60887	1566.78
5.6115	1568.2
5.61577	1569.61
5.61922	1571.02
5.62348	1572.44
5.62611	1573.85
5.63038	1575.27
5.63383	1576.68
5.6381	1578.09
5.64073	1579.51
5.645	1580.92
5.64845	1582.34
5.65272	1583.75
5.65535	1585.16
5.65962	1586.58
5.66307	1587.99
5.66734	1589.41
5.66997	1590.82
5.67424	1592.23
5.67769	1593.65
5.68195	1595.06
5.68458	1596.48
5.68885	1597.89
5.6923	1599.3
5.69657	1600.72
5.6992	1602.13
5.70347	1603.55
5.70692	1604.96
5.71119	1606.38
5.71382	1607.79
5.71809	1609.2
5.72154	1610.62
5.72581	1612.03
5.73008	1613.45
5.73271	1614.86
5.73616	1616.27
5.74042	1617.69
5.74469	1619.1
5.74732	1620.52
5.75077	1621.93
5.75504	1623.34
5.75931	1624.76
5.76194	1626.17
5.76539	1627.59
5.76966	1629
5.77393	1630.41
5.77656	1631.83
5.78001	1633.24
5.78428	1634.66
5.78773	1636.07
5.792	1637.48
5.79545	1638.9
5.79971	1640.31
5.80234	1641.73
5.80661	1643.14
5.81006	1644.55
5.81433	1645.97
5.81696	1647.38
5.82123	1648.8
5.82468	1650.21
5.82895	1651.62
5.83158	1653.04
5.83585	1654.45
5.8393	1655.87
5.84357	1657.28
5.8462	1658.7
5.85047	1660.11
5.85392	1661.52
5.85818	1662.94
5.86082	1664.35
5.86508	1665.77
5.86853	1667.18
5.8728	1668.59
5.87543	1670.01
5.8797	1671.42
5.88315	1672.84
5.88742	1674.25
5.89005	1675.66
5.89432	1677.08
5.89777	1678.49
5.90204	1679.91
5.90467	1681.32
5.90894	1682.73
5.91239	1684.15
5.91666	1685.56
5.91929	1686.98
5.92355	1688.39
5.927	1689.8
5.93127	1691.22
5.9339	1692.63
5.93817	1694.05
5.94162	1695.46
5.94589	1696.88
5.95016	1698.29
5.95279	1699.7
5.95624	1701.12
5.96051	1702.53
5.96478	1703.95
5.96741	1705.36
5.97086	1706.77
5.97513	1708.19
5.97939	1709.6
5.98202	1711.02
5.98547	1712.43
5.98974	1713.84
5.99401	1715.26
5.99664	1716.67
6.00009	1718.09
6.00436	1719.5
6.00781	1720.91
6.01208	1722.33
6.01553	1723.74
6.0198	1725.16
6.02243	1726.57
6.0267	1727.98
6.03015	1729.4
6.03442	1730.81
6.03705	1732.23
6.04131	1733.64
6.04476	1735.05
6.04903	1736.47
6.05166	1737.88
6.05593	1739.3
6.05938	1740.71
6.06365	1742.12
6.06628	1743.54
6.07055	1744.95
6.074	1746.37
6.07827	1747.78
6.0809	1749.2
6.08517	1750.61
6.08862	1752.02
6.09289	1753.44
6.09552	1754.85
6.09978	1756.27
6.10323	1757.68
6.1075	1759.09
6.11013	1760.51
6.1144	1761.92
6.11785	1763.34
6.12212	1764.75
6.12475	1766.16
6.12902	1767.58
6.13247	1768.99
6.13674	1770.41
6.13937	1771.82
6.14364	1773.23
6.14709	1774.65
6.15136	1776.06
6.15399	1777.48
6.15826	1778.89
6.1617	1780.3
6.16597	1781.72
6.17024	1783.13
6.17287	1784.55
6.17632	1785.96
6.18059	1787.38
6.18486	1788.79
6.18749	1790.2
6.19094	1791.62
6.19521	1793.03
6.19948	1794.45
6.20211	1795.86
6.20556	1797.27
6.20983	1798.69
6.2141	1800.1
6.21673	1801.52
6.22018	1802.93
6.22444	1804.34
6.22789	1805.76
6.23216	1807.17
6.23561	1808.59
6.23988	1810
6.24251	1811.41
6.24678	1812.83
6.25023	1814.24
6.2545	1815.66
6.25713	1817.07
6.2614	1818.48
6.26485	1819.9
6.26912	1821.31
6.27175	1822.73
6.27602	1824.14
6.27946	1825.55
6.28373	1826.97
6.28636	1828.38
6.29063	1829.8
6.29408	1831.21
6.29835	1832.62
6.30098	1834.04
6.30525	1835.45
6.3087	1836.87
6.31297	1838.28
6.3156	1839.7
6.31987	1841.11
6.32332	1842.52
6.32759	1843.94
6.33022	1845.35
6.33449	1846.77
6.33794	1848.18
6.3422	1849.59
6.34483	1851.01
6.3491	1852.42
6.35255	1853.84
6.35682	1855.25
6.35945	1856.66
6.36372	1858.08
6.36717	1859.49
6.37144	1860.91
6.37407	1862.32
6.37834	1863.73
6.38179	1865.15
6.38606	1866.56
6.39033	1867.98
6.39296	1869.39
6.39641	1870.8
6.40067	1872.22
6.40494	1873.63
6.40757	1875.05
6.41102	1876.46
6.41529	1877.88
6.41956	1879.29
6.42219	1880.7
6.42564	1882.12
6.42991	1883.53
6.43418	1884.95
6.43681	1886.36
6.44026	1887.77
6.44453	1889.19
6.44798	1890.6
6.45225	1892.02
6.4557	1893.43
6.45996	1894.84
6.46259	1896.26
6.46686	1897.67
6.47031	1899.09
6.47458	1900.5
6.47721	1901.91
6.48148	1903.33
6.48493	1904.74
6.4892	1906.16
6.49183	1907.57
6.4961	1908.98
6.49955	1910.4
6.50382	1911.81
6.50645	1913.23
6.51072	1914.64
6.51417	1916.05
6.51843	1917.47
6.52106	1918.88
6.52533	1920.3
6.52878	1921.71
6.53305	1923.12
6.53568	1924.54
6.53995	1925.95
6.5434	1927.37
6.54767	1928.78
6.5503	1930.2
6.55457	1931.61
6.55802	1933.02
6.56229	1934.44
6.56492	1935.85
6.56919	1937.27
6.57264	1938.68
6.5769	1940.09
6.57954	1941.51
6.5838	1942.92
6.58725	1944.34
6.59152	1945.75
6.59415	1947.16
6.59842	1948.58
6.60187	1949.99
6.60614	1951.41
6.61041	1952.82
6.61304	1954.23
6.61649	1955.65
6.62076	1957.06
6.62503	1958.48
6.62766	1959.89
6.63111	1961.3
6.63538	1962.72
6.63964	1964.13
6.64227	1965.55
6.64572	1966.96
6.64999	1968.38
6.65426	1969.79
6.65689	1971.2
6.66034	1972.62
6.66461	1974.03
6.66806	1975.45
6.67233	1976.86
6.67578	1978.27
6.68005	1979.69
6.68268	1981.1
6.68695	1982.52
6.6904	1983.93
6.69466	1985.34
6.6973	1986.76
6.70156	1988.17
6.70501	1989.59
6.70928	1991
6.71191	1992.41
6.71618	1993.83
6.71963	1995.24
6.7239	1996.66
6.72653	1998.07
6.7308	1999.48
6.73425	2000.9
6.73852	2002.31
6.74115	2003.73
6.74542	2005.14
6.74887	2006.55
6.75314	2007.97
6.75577	2009.38
6.76003	2010.8
6.76348	2012.21
6.76775	2013.62
6.77038	2015.04
6.77465	2016.45
6.7781	2017.87
6.78237	2019.28
6.785	2020.7
6.78927	2022.11
6.79272	2023.52
6.79699	2024.94
6.79962	2026.35
6.80389	2027.77
6.80734	2029.18
6.81161	2030.59
6.81424	2032.01
6.8185	2033.42
6.82195	2034.84
6.82622	2036.25
6.83049	2037.66
6.83312	2039.08
6.83657	2040.49
6.84084	2041.91
6.84511	2043.32
6.84774	2044.73
6.85119	2046.15
6.85546	2047.56
6.85973	2048.98
6.86236	2050.39
6.86581	2051.8
6.87008	2053.22
6.87434	2054.63
6.87698	2056.05
6.88042	2057.46
6.88469	2058.88
6.88814	2060.29
6.89241	2061.7
6.89586	2063.12
6.90013	2064.53
6.90276	2065.95
6.90703	2067.36
6.91048	2068.77
6.91475	2070.19
6.91738	2071.6
6.92165	2073.02
6.9251	2074.43
6.92937	2075.84
6.932	2077.26
6.93626	2078.67
6.93971	2080.09
6.94398	2081.5
6.94661	2082.91
6.95088	2084.33
6.95433	2085.74
6.9586	2087.16
6.96123	2088.57
6.9655	2089.98
6.96895	2091.4
6.97322	2092.81
6.97585	2094.23
6.98012	2095.64
6.98357	2097.05
6.98784	2098.47
6.99047	2099.88
6.99474	2101.3
6.99818	2102.71
7.00245	2104.12
7.00508	2105.54
7.00935	2106.95
7.0128	2108.37
7.01707	2109.78
7.0197	2111.2
7.02397	2112.61
7.02742	2114.02
7.03169	2115.44
7.03432	2116.85
7.03859	2118.27
7.04204	2119.68
7.04631	2121.09
7.05058	2122.51
7.05321	2123.92
7.05666	2125.34
7.06092	2126.75
7.06519	2128.16
7.06782	2129.58
7.07127	2130.99
7.07554	2132.41
7.07981	2133.82
7.08244	2135.23
7.08589	2136.65
7.09016	2138.06
7.09443	2139.48
7.09706	2140.89
7.10051	2142.3
7.10478	2143.72
7.10823	2145.13
7.1125	2146.55
7.11594	2147.96
7.12021	2149.38
7.12284	2150.79
7.12711	2152.2
7.13056	2153.62
7.13483	2155.03
7.13746	2156.45
7.14173	2157.86
7.14518	2159.27
7.14945	2160.69
7.15208	2162.1
7.15635	2163.52
7.1598	2164.93
7.16407	2166.34
7.1667	2167.76
7.17097	2169.17
7.17442	2170.59
7.17868	2172
7.18131	2173.41
7.18558	2174.83
7.18903	2176.24
7.1933	2177.66
7.19593	2179.07
7.2002	2180.48
7.20365	2181.9
7.20792	2183.31
7.21055	2184.73
7.21482	2186.14
7.21827	2187.55
7.22254	2188.97
7.22517	2190.38
7.22944	2191.8
7.23289	2193.21
7.23715	2194.62
7.23978	2196.04
7.24405	2197.45
7.2475	2198.87
7.25177	2200.28
7.2544	2201.7
7.25867	2203.11
7.26212	2204.52
7.26639	2205.94
7.27066	2207.35
7.27329	2208.77
7.27674	2210.18
7.28101	2211.59
7.28528	2213.01
7.28791	2214.42
7.29136	2215.84
7.29562	2217.25
7.29989	2218.66
7.30252	2220.08
7.30597	2221.49
7.31024	2222.91
7.31451	2224.32
7.31714	2225.73
7.32059	2227.15
7.32486	2228.56
7.32831	2229.98
7.33258	2231.39
7.33603	2232.8
7.3403	2234.22
7.34293	2235.63
7.3472	2237.05
7.35065	2238.46
7.35491	2239.88
7.35754	2241.29
7.36181	2242.7
7.36526	2244.12
7.36953	2245.53
7.37216	2246.95
7.37643	2248.36
7.37988	2249.77
7.38415	2251.19
7.38678	2252.6
7.39105	2254.02
7.3945	2255.43
7.39877	2256.84
7.4014	2258.26
7.40567	2259.67
7.40912	2261.09
7.41338	2262.5
7.41602	2263.91
7.42028	2265.33
7.42373	2266.74
7.428	2268.16
7.43063	2269.57
7.4349	2270.98
7.43835	2272.4
7.44262	2273.81
7.44525	2275.23
7.44952	2276.64
7.45297	2278.05
7.45724	2279.47
7.45987	2280.88
7.46414	2282.3
7.46759	2283.71
7.47186	2285.12
7.47449	2286.54
7.47875	2287.95
7.4822	2289.37
7.48647	2290.78
7.49074	2292.2
7.49337	2293.61
7.49682	2295.02
7.50109	2296.44
7.50536	2297.85
7.50799	2299.27
7.51144	2300.68
7.51571	2302.09
7.51998	2303.51
7.52261	2304.92
7.52606	2306.34
7.53033	2307.75
7.53459	2309.16
7.53722	2310.58
7.54067	2311.99
7.54494	2313.41
7.54839	2314.82
7.55266	2316.23
7.55611	2317.65
7.56038	2319.06
7.56301	2320.48
7.56728	2321.89
7.57073	2323.3
7.575	2324.72
7.57763	2326.13
7.5819	2327.55
7.58535	2328.96
7.58962	2330.38
7.59225	2331.79
7.59651	2333.2
7.59996	2334.62
7.60423	2336.03
7.60686	2337.45
7.61113	2338.86
7.61458	2340.27
7.61885	2341.69
7.62148	2343.1
7.62575	2344.52
7.6292	2345.93
7.63347	2347.34
7.6361	2348.76
7.64037	2350.17
7.64382	2351.59
7.64809	2353
7.65072	2354.41
7.65498	2355.83
7.65843	2357.24
7.6627	2358.66
7.66533	2360.07
7.6696	2361.48
7.67305	2362.9
7.67732	2364.31
7.67995	2365.73
7.68422	2367.14
7.68767	2368.55
7.69194	2369.97
7.69457	2371.38
7.69884	2372.8
7.70229	2374.21
7.70656	2375.62
7.71082	2377.04
7.71346	2378.45
7.7169	2379.87
7.72117	2381.28
7.72544	2382.7
7.72807	2384.11
7.73152	2385.52
7.73579	2386.94
7.74006	2388.35
7.74269	2389.77
7.74614	2391.18
7.75041	2392.59
7.75468	2394.01
7.75731	2395.42
7.76076	2396.84
7.76503	2398.25
7.76848	2399.66
7.77274	2401.08
7.77619	2402.49
7.78046	2403.91
7.78309	2405.32
7.78736	2406.73
7.79081	2408.15
7.79508	2409.56
7.79771	2410.98
7.80198	2412.39
7.80543	2413.8
7.8097	2415.22
7.81233	2416.63
7.8166	2418.05
7.82005	2419.46
7.82432	2420.88
7.82695	2422.29
7.83122	2423.7
7.83466	2425.12
7.83893	2426.53
7.84156	2427.95
7.84583	2429.36
7.84928	2430.77
7.85355	2432.19
7.85618	2433.6
7.86045	2435.02
7.8639	2436.43
7.86817	2437.84
7.8708	2439.26
7.87507	2440.67
7.87852	2442.09
7.88279	2443.5
7.88542	2444.91
7.88969	2446.33
7.89314	2447.74
7.8974	2449.16
7.90003	2450.57
7.9043	2451.98
7.90775	2453.4
7.91202	2454.81
7.91465	2456.23
7.91892	2457.64
7.92237	2459.05
7.92664	2460.47
7.93091	2461.88
7.93354	2463.3
7.93699	2464.71
7.94126	2466.12
7.94553	2467.54
7.94816	2468.95
7.95161	2470.37
7.95587	2471.78
7.96014	2473.2
7.96277	2474.61
7.96622	2476.02
7.97049	2477.44
7.97476	2478.85
7.97739	2480.27
7.98084	2481.68
7.98511	2483.09
7.98856	2484.51
7.99283	2485.92
7.99628	2487.34
8.00055	2488.75
8.00318	2490.16
8.00745	2491.58
8.0109	2492.99
8.01516	2494.41
8.01779	2495.82
8.02206	2497.23
8.02551	2498.65
8.02978	2500.06
8.03241	2501.48
8.03668	2502.89
8.04013	2504.3
8.0444	2505.72
8.04703	2507.13
8.0513	2508.55
8.05475	2509.96
8.05902	2511.38
8.06165	2512.79
8.06592	2514.2
8.06937	2515.62
8.07363	2517.03
8.07626	2518.45
8.08053	2519.86
8.08398	2521.27
8.08825	2522.69
8.09088	2524.1
8.09515	2525.52
8.0986	2526.93
8.10287	2528.34
8.1055	2529.76
8.10977	2531.17
8.11322	2532.59
8.11749	2534
8.12012	2535.41
8.12439	2536.83
8.12784	2538.24
8.1321	2539.66
8.13474	2541.07
8.139	2542.48
8.14245	2543.9
8.14672	2545.31
8.15099	2546.73
8.15362	2548.14
8.15707	2549.55
8.16134	2550.97
8.16561	2552.38
8.16824	2553.8
8.17169	2555.21
8.17596	2556.62
8.18023	2558.04
8.18286	2559.45
8.18631	2560.87
8.19058	2562.28
8.19484	2563.7
8.19747	2565.11
8.20092	2566.52
8.20519	2567.94
8.20864	2569.35
8.21291	2570.77
8.21636	2572.18
8.22063	2573.59
8.22326	2575.01
8.22753	2576.42
8.23098	2577.84
8.23525	2579.25
8.23788	2580.66
8.24215	2582.08
8.2456	2583.49
8.24986	2584.91
8.2525	2586.32
8.25676	2587.73
8.26021	2589.15
8.26448	2590.56
8.26711	2591.98
8.27138	2593.39
8.27483	2594.8
8.2791	2596.22
8.28173	2597.63
8.286	2599.05
8.28945	2600.46
8.29372	2601.88
8.29635	2603.29
8.30062	2604.7
8.30407	2606.12
8.30834	2607.53
8.31097	2608.95
8.31523	2610.36
8.31868	2611.77
8.32295	2613.19
8.32558	2614.6
8.32985	2616.02
8.3333	2617.43
8.33757	2618.84
8.3402	2620.26
8.34447	2621.67
8.34792	2623.09
8.35219	2624.5
8.35482	2625.91
8.35909	2627.33
8.36254	2628.74
8.36681	2630.16
8.37107	2631.57
8.3737	2632.98
8.37715	2634.4
8.38142	2635.81
8.38569	2637.23
8.38832	2638.64
8.39177	2640.05
8.39604	2641.47
8.40031	2642.88
8.40294	2644.3
8.40639	2645.71
8.41066	2647.12
8.41493	2648.54
8.41756	2649.95
8.42101	2651.37
8.42528	2652.78
8.42873	2654.2
8.43299	2655.61
8.43644	2657.02
8.44071	2658.44
8.44334	2659.85
8.44761	2661.27
8.45106	2662.68
8.45533	2664.09
8.45796	2665.51
8.46223	2666.92
8.46568	2668.34
8.46995	2669.75
8.47258	2671.16
8.47685	2672.58
8.4803	2673.99
8.48457	2675.41
8.4872	2676.82
8.49146	2678.23
8.49491	2679.65
8.49918	2681.06
8.50181	2682.48
8.50608	2683.89
8.50953	2685.3
8.5138	2686.72
8.51643	2688.13
8.5207	2689.55
8.52415	2690.96
8.52842	2692.38
8.53105	2693.79
8.53532	2695.2
8.53877	2696.62
8.54304	2698.03
8.54567	2699.45
8.54994	2700.86
8.55338	2702.27
8.55765	2703.69
8.56028	2705.1
8.56455	2706.52
8.568	2707.93
8.57227	2709.34
8.5749	2710.76
8.57917	2712.17
8.58262	2713.59
8.58689	2715
8.59116	2716.41
8.59379	2717.83
8.59724	2719.24
8.60151	2720.66
8.60578	2722.07
8.60841	2723.48
8.61186	2724.9
8.61612	2726.31
8.62039	2727.73
8.62302	2729.14
8.62647	2730.55
8.63074	2731.97
8.63501	2733.38
8.63764	2734.8
8.64109	2736.21
8.64536	2737.62
8.64881	2739.04
8.65308	2740.45
8.65653	2741.87
8.6608	2743.28
8.66343	2744.7
8.6677	2746.11
8.67114	2747.52
8.67541	2748.94
8.67804	2750.35
8.68231	2751.77
8.68576	2753.18
8.69003	2754.59
8.69266	2756.01
8.69693	2757.42
8.70038	2758.84
8.70465	2760.25
8.70728	2761.66
8.71155	2763.08
8.715	2764.49
8.71927	2765.91
8.7219	2767.32
8.72617	2768.73
8.72962	2770.15
8.73388	2771.56
8.73651	2772.98
8.74078	2774.39
8.74423	2775.8
8.7485	2777.22
8.75113	2778.63
8.7554	2780.05
8.75885	2781.46
8.76312	2782.88
8.76575	2784.29
8.77002	2785.7
8.77347	2787.12
8.77774	2788.53
8.78037	2789.95
8.78464	2791.36
8.78809	2792.77
8.79235	2794.19
8.79498	2795.6
8.79925	2797.02
8.8027	2798.43
8.80697	2799.84
8.81124	2801.26
8.81387	2802.67
8.81732	2804.09
8.82159	2805.5
8.82586	2806.91
8.82849	2808.33
8.83194	2809.74
8.83621	2811.16
8.84048	2812.57
8.84311	2813.98
8.84656	2815.4
8.85082	2816.81
8.85509	2818.23
8.85772	2819.64
8.86117	2821.05
8.86544	2822.47
8.86889	2823.88
8.87316	2825.3
8.87661	2826.71
8.88088	2828.12
8.88351	2829.54
8.88778	2830.95
8.89123	2832.37
8.8955	2833.78
8.89813	2835.2
8.9024	2836.61
8.90585	2838.02
8.91011	2839.44
8.91274	2840.85
8.91701	2842.27
8.92046	2843.68
8.92473	2845.09
8.92736	2846.51
8.93163	2847.92
8.93508	2849.34
8.93935	2850.75
8.94198	2852.16
8.94625	2853.58
8.9497	2854.99
8.95397	2856.41
8.9566	2857.82
8.96087	2859.23
8.96432	2860.65
8.96858	2862.06
8.97122	2863.48
8.97548	2864.89
8.97893	2866.3
8.9832	2867.72
8.98583	2869.13
8.9901	2870.55
8.99355	2871.96
8.99782	2873.38
9.00045	2874.79
9.00472	2876.2
9.00817	2877.62
9.01244	2879.03
9.01507	2880.45
9.01934	2881.86
9.02279	2883.27
9.02706	2884.69
9.03132	2886.1
9.03395	2887.52
9.0374	2888.93
9.04167	2890.34
9.04594	2891.76
9.04857	2893.17
9.05202	2894.59
9.05629	2896
9.06056	2897.41
9.06319	2898.83
9.06664	2900.24
9.07091	2901.66
9.07518	2903.07
9.07781	2904.48
9.08126	2905.9
9.08553	2907.31
9.08898	2908.73
9.09324	2910.14
9.09669	2911.55
9.10096	2912.97
9.10359	2914.38
9.10786	2915.8
9.11131	2917.21
9.11558	2918.62
9.11821	2920.04
9.12248	2921.45
9.12593	2922.87
9.1302	2924.28
9.13283	2925.7
9.1371	2927.11
9.14055	2928.52
9.14482	2929.94
9.14745	2931.35
9.15171	2932.77
9.15516	2934.18
9.15943	2935.59
9.16206	2937.01
9.16633	2938.42
9.16978	2939.84
9.17405	2941.25
9.17668	2942.66
9.18095	2944.08
9.1844	2945.49
9.18867	2946.91
9.1913	2948.32
9.19557	2949.73
9.19902	2951.15
9.20329	2952.56
9.20592	2953.98
9.21018	2955.39
9.21363	2956.8
9.2179	2958.22
9.22053	2959.63
9.2248	2961.05
9.22825	2962.46
9.23252	2963.88
9.23515	2965.29
9.23942	2966.7
9.24287	2968.12
9.24714	2969.53
9.25141	2970.95
9.25404	2972.36
9.25749	2973.77
9.26176	2975.19
9.26602	2976.6
9.26866	2978.02
9.2721	2979.43
9.27637	2980.84
9.28064	2982.26
9.28327	2983.67
9.28672	2985.09
9.29099	2986.5
9.29526	2987.91
9.29789	2989.33
9.30134	2990.74
9.30561	2992.16
9.30906	2993.57
9.31333	2994.98
9.31678	2996.4
9.32105	2997.81
9.32368	2999.23
9.32794	3000.64
9.33139	3002.05
9.33566	3003.47
9.33829	3004.88
9.34256	3006.3
9.34601	3007.71
9.35028	3009.12
9.35291	3010.54
9.35718	3011.95
9.36063	3013.37
9.3649	3014.78
9.36753	3016.2
9.3718	3017.61
9.37525	3019.02
9.37952	3020.44
9.38215	3021.85
9.38642	3023.27
9.38986	3024.68
9.39413	3026.09
9.39676	3027.51
9.40103	3028.92
9.40448	3030.34
9.40875	3031.75
9.41138	3033.16
9.41565	3034.58
9.4191	3035.99
9.42337	3037.41
9.426	3038.82
9.43027	3040.23
9.43372	3041.65
9.43799	3043.06
9.44062	3044.48
9.44489	3045.89
9.44834	3047.3
9.4526	3048.72
9.45523	3050.13
9.4595	3051.55
9.46295	3052.96
9.46722	3054.38
9.47149	3055.79
9.47412	3057.2
9.47757	3058.62
9.48184	3060.03
9.48611	3061.45
9.48874	3062.86
9.49219	3064.27
9.49646	3065.69
9.50073	3067.1
9.50336	3068.52
9.50681	3069.93
9.51107	3071.34
9.51534	3072.76
9.51797	3074.17
9.52142	3075.59
9.52569	3077
9.52914	3078.41
9.53341	3079.83
9.53686	3081.24
9.54113	3082.66
9.54376	3084.07
9.54803	3085.48
9.55148	3086.9
9.55575	3088.31
9.55838	3089.73
9.56265	3091.14
9.5661	3092.55
9.57036	3093.97
9.57299	3095.38
9.57726	3096.8
9.58071	3098.21
9.58498	3099.62
9.58761	3101.04
9.59188	3102.45
9.59533	3103.87
9.5996	3105.28
9.60223	3106.7
9.6065	3108.11
9.60995	3109.52
9.61422	3110.94
9.61685	3112.35
9.62112	3113.77
9.62457	3115.18
9.62883	3116.59
9.63146	3118.01
9.63573	3119.42
9.63918	3120.84
9.64345	3122.25
9.64608	3123.66
9.65035	3125.08
9.6538	3126.49
9.65807	3127.91
9.6607	3129.32
9.66497	3130.73
9.66842	3132.15
9.67269	3133.56
9.67532	3134.98
9.67959	3136.39
9.68304	3137.8
9.6873	3139.22
9.69157	3140.63
9.6942	3142.05
9.69765	3143.46
9.70192	3144.88
9.70619	3146.29
9.70882	3147.7
9.71227	3149.12
9.71654	3150.53
9.72081	3151.95
9.72344	3153.36
9.72689	3154.77
9.73116	3156.19
9.73543	3157.6
9.73806	3159.02
9.74151	3160.43
9.74578	3161.84
9.74922	3163.26
9.75349	3164.67
9.75694	3166.09
9.76121	3167.5
9.76384	3168.91
9.76811	3170.33
9.77156	3171.74
9.77583	3173.16
9.77846	3174.57
9.78273	3175.98
9.78618	3177.4
9.79045	3178.81
9.79308	3180.23
9.79735	3181.64
9.8008	3183.05
9.80506	3184.47
9.8077	3185.88
9.81196	3187.3
9.81541	3188.71
9.81968	3190.12
9.82231	3191.54
9.82658	3192.95
9.83003	3194.37
9.8343	3195.78
9.83693	3197.2
9.8412	3198.61
9.84465	3200.02
9.84892	3201.44
9.85155	3202.85
9.85582	3204.27
9.85927	3205.68
9.86354	3207.09
9.86617	3208.51
9.87043	3209.92
9.87388	3211.34
9.87815	3212.75
9.88078	3214.16
9.88505	3215.58
9.8885	3216.99
9.89277	3218.41
9.8954	3219.82
9.89967	3221.23
9.90312	3222.65
9.90739	3224.06
9.91166	3225.48
9.91429	3226.89
9.91774	3228.3
9.92201	3229.72
9.92627	3231.13
9.9289	3232.55
9.93235	3233.96
9.93662	3235.38
9.94089	3236.79
9.94352	3238.2
9.94697	3239.62
9.95124	3241.03
9.95551	3242.45
9.95814	3243.86
9.96159	3245.27
9.96586	3246.69
9.96931	3248.1
9.97358	3249.52
9.97703	3250.93
9.9813	3252.34
9.98393	3253.76
9.98819	3255.17
9.99164	3256.59
9.99591	3258
9.99854	3259.41
10.0028	3260.83
10.0063	3262.24
10.0105	3263.66
10.0132	3265.07
10.0174	3266.48
10.0209	3267.9
10.0251	3269.31
10.0278	3270.73
10.032	3272.14
10.0355	3273.55
10.0398	3274.97
10.0424	3276.38
10.0467	3277.8
10.0501	3279.21
10.0544	3280.62
10.057	3282.04
10.0613	3283.45
10.0647	3284.87
10.069	3286.28
10.0716	3287.7
10.0759	3289.11
10.0793	3290.52
10.0836	3291.94
10.0862	3293.35
10.0905	3294.77
10.094	3296.18
10.0982	3297.59
10.1009	3299.01
10.1051	3300.42
10.1086	3301.84
10.1129	3303.25
10.1155	3304.66
10.1198	3306.08
10.1232	3307.49
10.1275	3308.91
10.1317	3310.32
10.1344	3311.73
10.1378	3313.15
10.1421	3314.56
10.1464	3315.98
10.149	3317.39
10.1524	3318.8
10.1567	3320.22
10.161	3321.63
10.1636	3323.05
10.1671	3324.46
10.1713	3325.88
10.1756	3327.29
10.1782	3328.7
10.1817	3330.12
10.1859	3331.53
10.1894	3332.95
10.1937	3334.36
10.1971	3335.77
10.2014	3337.19
10.204	3338.6
10.2083	3340.02
10.2117	3341.43
10.216	3342.84
10.2186	3344.26
10.2229	3345.67
10.2263	3347.09
10.2306	3348.5
10.2332	3349.91
10.2375	3351.33
10.241	3352.74
10.2452	3354.16
10.2479	3355.57
10.2521	3356.98
10.2556	3358.4
10.2598	3359.81
10.2625	3361.23
10.2667	3362.64
10.2702	3364.05
10.2745	3365.47
10.2771	3366.88
10.2814	3368.3
10.2848	3369.71
10.2891	3371.12
10.2917	3372.54
10.296	3373.95
10.2994	3375.37
10.3037	3376.78
10.3063	3378.2
10.3106	3379.61
10.3141	3381.02
10.3183	3382.44
10.3209	3383.85
10.3252	3385.27
10.3287	3386.68
10.3329	3388.09
10.3356	3389.51
10.3398	3390.92
10.3433	3392.34
10.3476	3393.75
10.3518	3395.16
10.3545	3396.58
10.3579	3397.99
10.3622	3399.41
10.3664	3400.82
10.3691	3402.23
10.3725	3403.65
10.3768	3405.06
10.3811	3406.48
10.3837	3407.89
10.3871	3409.3
10.3914	3410.72
10.3957	3412.13
10.3983	3413.55
10.4018	3414.96
10.406	3416.38
10.4095	3417.79
10.4137	3419.2
10.4172	3420.62
10.4215	3422.03
10.4241	3423.45
10.4284	3424.86
10.4318	3426.27
10.4361	3427.69
10.4387	3429.1
10.443	3430.52
10.4464	3431.93
10.4507	3433.34
10.4533	3434.76
10.4576	3436.17
10.461	3437.59
10.4653	3439
10.4679	3440.41
10.4722	3441.83
10.4757	3443.24
10.4799	3444.66
10.4826	3446.07
10.4868	3447.48
10.4903	3448.9
10.4945	3450.31
10.4972	3451.73
10.5014	3453.14
10.5049	3454.55
10.5092	3455.97
10.5118	3457.38
10.5161	3458.8
10.5195	3460.21
10.5238	3461.62
10.5264	3463.04
10.5307	3464.45
10.5341	3465.87
10.5384	3467.28
10.541	3468.7
10.5453	3470.11
10.5488	3471.52
10.553	3472.94
10.5557	3474.35
10.5599	3475.77
10.5634	3477.18
10.5676	3478.59
10.5719	3480.01
10.5745	3481.42
10.578	3482.84
10.5823	3484.25
10.5865	3485.66
10.5892	3487.08
10.5926	3488.49
10.5969	3489.91
10.6011	3491.32
10.6038	3492.73
10.6072	3494.15
10.6115	3495.56
10.6158	3496.98
10.6184	3498.39
10.6218	3499.8
10.6261	3501.22
10.6296	3502.63
10.6338	3504.05
10.6373	3505.46
10.6415	3506.88
10.6442	3508.29
10.6484	3509.7
10.6519	3511.12
10.6562	3512.53
10.6588	3513.95
10.6631	3515.36
10.6665	3516.77
10.6708	3518.19
10.6734	3519.6
10.6777	3521.02
10.6811	3522.43
10.6854	3523.84
10.688	3525.26
10.6923	3526.67
10.6957	3528.09
10.7	3529.5
10.7026	3530.91
10.7069	3532.33
10.7104	3533.74
10.7146	3535.16
10.7173	3536.57
10.7215	3537.98
10.725	3539.4
10.7293	3540.81
10.7319	3542.23
10.7361	3543.64
10.7396	3545.05
10.7439	3546.47
10.7465	3547.88
10.7508	3549.3
10.7542	3550.71
10.7585	3552.12
10.7611	3553.54
10.7654	3554.95
10.7688	3556.37
10.7731	3557.78
10.7757	3559.2
10.78	3560.61
10.7835	3562.02
10.7877	3563.44
10.792	3564.85
10.7946	3566.27
10.7981	3567.68
10.8023	3569.09
10.8066	3570.51
10.8092	3571.92
10.8127	3573.34
10.817	3574.75
10.8212	3576.16
10.8239	3577.58
10.8273	3578.99
10.8316	3580.41
10.8358	3581.82
10.8385	3583.23
10.8419	3584.65
10.8462	3586.06
10.8496	3587.48
10.8539	3588.89
10.8574	3590.3
10.8616	3591.72
10.8643	3593.13
10.8685	3594.55
10.872	3595.96
10.8762	3597.38
10.8789	3598.79
10.8831	3600.2
10.8866	3601.62
10.8909	3603.03
10.8935	3604.45
10.8978	3605.86
10.9012	3607.27
10.9055	3608.69
10.9081	3610.1
10.9124	3611.52
10.9158	3612.93
10.9201	3614.34
10.9227	3615.76
10.927	3617.17
10.9304	3618.59
10.9347	3620
10.9373	3621.41
10.9416	3622.83
10.9451	3624.24
10.9493	3625.66
10.952	3627.07
10.9562	3628.48
10.9597	3629.9
10.964	3631.31
10.9666	3632.73
10.9709	3634.14
10.9743	3635.55
10.9786	3636.97
10.9812	3638.38
10.9855	3639.8
10.9889	3641.21
10.9932	3642.62
10.9958	3644.04
11.0001	3645.45
11.0035	3646.87
11.0078	3648.28
11.0121	3649.7
11.0147	3651.11
11.0182	3652.52
11.0224	3653.94
11.0267	3655.35
11.0293	3656.77
11.0328	3658.18
11.037	3659.59
11.0413	3661.01
11.0439	3662.42
11.0474	3663.84
11.0517	3665.25
11.0559	3666.66
11.0586	3668.08
11.062	3669.49
11.0663	3670.91
11.0697	3672.32
11.074	3673.73
11.0774	3675.15
11.0817	3676.56
11.0843	3677.98
11.0886	3679.39
11.0921	3680.8
11.0963	3682.22
11.099	3683.63
11.1032	3685.05
11.1067	3686.46
11.1109	3687.88
11.1136	3689.29
11.1178	3690.7
11.1213	3692.12
11.1256	3693.53
11.1282	3694.95
11.1325	3696.36
11.1359	3697.77
11.1402	3699.19
11.1428	3700.6
11.1471	3702.02
11.1505	3703.43
11.1548	3704.84
11.1574	3706.26
11.1617	3707.67
11.1651	3709.09
11.1694	3710.5
11.172	3711.91
11.1763	3713.33
11.1798	3714.74
11.184	3716.16
11.1867	3717.57
11.1909	3718.98
11.1944	3720.4
11.1987	3721.81
11.2013	3723.23
11.2056	3724.64
11.209	3726.05
11.2133	3727.47
11.2159	3728.88
11.2202	3730.3
11.2236	3731.71
11.2279	3733.12
11.2322	3734.54
11.2348	3735.95
11.2382	3737.37
11.2425	3738.78
11.2468	3740.2
11.2494	3741.61
11.2529	3743.02
11.2571	3744.44
11.2614	3745.85
11.264	3747.27
11.2675	3748.68
11.2717	3750.09
11.276	3751.51
11.2786	3752.92
11.2821	3754.34
11.2864	3755.75
11.2898	3757.16
11.2941	3758.58
11.2975	3759.99
11.3018	3761.41
11.3044	3762.82
11.3087	3764.23
11.3121	3765.65
11.3164	3767.06
11.319	3768.48
11.3233	3769.89
11.3268	3771.3
11.331	3772.72
11.3337	3774.13
11.3379	3775.55
11.3414	3776.96
11.3456	3778.38
11.3483	3779.79
11.3525	3781.2
11.356	3782.62
11.3603	3784.03
11.3629	3785.45
11.3672	3786.86
11.3706	3788.27
11.3749	3789.69
11.3775	3791.1
11.3818	3792.52
11.3852	3793.93
11.3895	3795.34
11.3921	3796.76
11.3964	3798.17
11.3998	3799.59
11.4041	3801
11.4067	3802.41
11.411	3803.83
11.4145	3805.24
11.4187	3806.66
11.4214	3808.07
11.4256	3809.48
11.4291	3810.9
11.4334	3812.31
11.436	3813.73
11.4403	3815.14
11.4437	3816.55
11.448	3817.97
11.4522	3819.38
11.4549	3820.8
11.4583	3822.21
11.4626	3823.62
11.4669	3825.04
11.4695	3826.45
11.4729	3827.87
11.4772	3829.28
11.4815	3830.7
11.4841	3832.11
11.4876	3833.52
11.4918	3834.94
11.4961	3836.35
11.4987	3837.77
11.5022	3839.18
11.5064	3840.59
11.5099	3842.01
11.5142	3843.42
11.5176	3844.84
11.5219	3846.25
11.5245	3847.66
11.5288	3849.08
11.5322	3850.49
11.5365	3851.91
11.5391	3853.32
11.5434	3854.73
11.5468	3856.15
11.5511	3857.56
11.5537	3858.98
11.558	3860.39
11.5615	3861.8
11.5657	3863.22
11.5684	3864.63
11.5726	3866.05
11.5761	3867.46
11.5803	3868.88
11.583	3870.29
11.5872	3871.7
11.5907	3873.12
11.595	3874.53
11.5976	3875.95
11.6019	3877.36
11.6053	3878.77
11.6096	3880.19
11.6122	3881.6
11.6165	3883.02
11.6199	3884.43
11.6242	3885.84
11.6268	3887.26
11.6311	3888.67
11.6345	3890.09
11.6388	3891.5
11.6414	3892.91
11.6457	3894.33
11.6492	3895.74
11.6534	3897.16
11.6561	3898.57
11.6603	3899.98
11.6638	3901.4
11.6681	3902.81
11.6723	3904.23
11.675	3905.64
11.6784	3907.05
11.6827	3908.47
11.6869	3909.88
11.6896	3911.3
11.693	3912.71
11.6973	3914.12
11.7016	3915.54
11.7042	3916.95
11.7076	3918.37
11.7119	3919.78
11.7162	3921.2
11.7188	3922.61
11.7223	3924.02
11.7265	3925.44
11.73	3926.85
11.7342	3928.27
11.7377	3929.68
11.742	3931.09
11.7446	3932.51
11.7489	3933.92
11.7523	3935.34
11.7566	3936.75
11.7592	3938.16
11.7635	3939.58
11.7669	3940.99
11.7712	3942.41
11.7738	3943.82
11.7781	3945.23
11.7815	3946.65
11.7858	3948.06
11.7884	3949.48
11.7927	3950.89
11.7962	3952.3
11.8004	3953.72
11.8031	3955.13
11.8073	3956.55
11.8108	3957.96
11.815	3959.38
11.8177	3960.79
11.8219	3962.2
11.8254	3963.62
11.8297	3965.03
11.8323	3966.45
11.8366	3967.86
11.84	3969.27
11.8443	3970.69
11.8469	3972.1
11.8512	3973.52
11.8546	3974.93
11.8589	3976.34
11.8615	3977.76
11.8658	3979.17
11.8693	3980.59
11.8735	3982
11.8761	3983.41
11.8804	3984.83
11.8839	3986.24
11.8881	3987.66
11.8924	3989.07
11.895	3990.48
11.8985	3991.9
11.9028	3993.31
11.907	3994.73
11.9097	3996.14
11.9131	3997.55
11.9174	3998.97
11.9216	4000.38
11.9243	4001.8
11.9277	4003.21
11.932	4004.62
11.9363	4006.04
11.9389	4007.45
11.9423	4008.87
11.9466	4010.28
11.9501	4011.7
11.9543	4013.11
11.9578	4014.52
11.962	4015.94
11.9647	4017.35
11.9689	4018.77
11.9724	4020.18
11.9767	4021.59
11.9793	4023.01
11.9836	4024.42
11.987	4025.84
11.9913	4027.25
11.9939	4028.66
11.9982	4030.08
12.0016	4031.49
12.0059	4032.91
12.0085	4034.32
12.0128	4035.73
12.0162	4037.15
12.0205	4038.56
12.0231	4039.98
12.0274	4041.39
12.0309	4042.8
12.0351	4044.22
12.0378	4045.63
12.042	4047.05
12.0455	4048.46
12.0497	4049.88
12.0524	4051.29
12.0566	4052.7
12.0601	4054.12
12.0644	4055.53
12.067	4056.95
12.0713	4058.36
12.0747	4059.77
12.079	4061.19
12.0816	4062.6
12.0859	4064.02
12.0893	4065.43
12.0936	4066.84
12.0962	4068.26
12.1005	4069.67
12.104	4071.09
12.1082	4072.5
12.1125	4073.91
12.1151	4075.33
12.1186	4076.74
12.1228	4078.16
12.1271	4079.57
12.1297	4080.98
12.1332	4082.4
12.1375	4083.81
12.1417	4085.23
12.1444	4086.64
12.1478	4088.05
12.1521	4089.47
12.1563	4090.88
12.159	4092.3
12.1624	4093.71
12.1667	4095.12
12.1701	4096.54
12.1744	4097.95
12.1779	4099.37
12.1821	4100.78
12.1848	4102.2
12.189	4103.61
12.1925	4105.02
12.1967	4106.44
12.1994	4107.85
12.2036	4109.27
12.2071	4110.68
12.2114	4112.09
12.214	4113.51
12.2183	4114.92
12.2217	4116.34
12.226	4117.75
12.2286	4119.16
12.2329	4120.58
12.2363	4121.99
12.2406	4123.41
12.2432	4124.82
12.2475	4126.23
12.2509	4127.65
12.2552	4129.06
12.2578	4130.48
12.2621	4131.89
12.2656	4133.3
12.2698	4134.72
12.2725	4136.13
12.2767	4137.55
12.2802	4138.96
12.2845	4140.38
12.2871	4141.79
12.2913	4143.2
12.2948	4144.62
12.2991	4146.03
12.3017	4147.45
12.306	4148.86
12.3094	4150.27
12.3137	4151.69
12.3163	4153.1
12.3206	4154.52
12.324	4155.93
12.3283	4157.34
12.3326	4158.76
12.3352	4160.17
12.3387	4161.59
12.3429	4163
12.3472	4164.41
12.3498	4165.83
12.3533	4167.24
12.3575	4168.66
12.3618	4170.07
12.3644	4171.48
12.3679	4172.9
12.3722	4174.31
12.3764	4175.73
12.3791	4177.14
12.3825	4178.55
12.3868	4179.97
12.3902	4181.38
12.3945	4182.8
12.3979	4184.21
12.4022	4185.62
12.4048	4187.04
12.4091	4188.45
12.4126	4189.87
12.4168	4191.28
12.4195	4192.7
12.4237	4194.11
12.4272	4195.52
12.4314	4196.94
12.4341	4198.35
12.4383	4199.77
12.4418	4201.18
12.4461	4202.59
12.4487	4204.01
12.453	4205.42
12.4564	4206.84
12.4607	4208.25
12.4633	4209.66
12.4676	4211.08
12.471	4212.49
12.4753	4213.91
12.4779	4215.32
12.4822	4216.73
12.4856	4218.15
12.4899	4219.56
12.4925	4220.98
12.4968	4222.39
12.5003	4223.8
12.5045	4225.22
12.5072	4226.63
12.5114	4228.05
12.5149	4229.46
12.5192	4230.88
12.5218	4232.29
12.5261	4233.7
12.5295	4235.12
12.5338	4236.53
12.5364	4237.95
12.5407	4239.36
12.5441	4240.77
12.5484	4242.19
12.5527	4243.6
12.5553	4245.02
12.5587	4246.43
12.563	4247.84
12.5673	4249.26
12.5699	4250.67
12.5734	4252.09
12.5776	4253.5
12.5819	4254.91
12.5845	4256.33
12.588	4257.74
12.5922	4259.16
12.5965	4260.57
12.5991	4261.98
12.6026	4263.4
12.6069	4264.81
12.6103	4266.23
12.6146	4267.64
12.618	4269.05
12.6223	4270.47
12.6249	4271.88
12.6292	4273.3
12.6326	4274.71
12.6369	4276.12
12.6395	4277.54
12.6438	4278.95
12.6473	4280.37
12.6515	4281.78
12.6542	4283.2
12.6584	4284.61
12.6619	4286.02
12.6661	4287.44
12.6688	4288.85
12.673	4290.27
12.6765	4291.68
12.6808	4293.09
12.6834	4294.51
12.6877	4295.92
12.6911	4297.34
12.6954	4298.75
12.698	4300.16
12.7023	4301.58
12.7057	4302.99
12.71	4304.41
12.7126	4305.82
12.7169	4307.23
12.7203	4308.65
12.7246	4310.06
12.7272	4311.48
12.7315	4312.89
12.735	4314.3
12.7392	4315.72
12.7419	4317.13
12.7461	4318.55
12.7496	4319.96
12.7539	4321.38
12.7565	4322.79
12.7608	4324.2
12.7642	4325.62
12.7685	4327.03
12.7727	4328.45
12.7754	4329.86
12.7788	4331.27
12.7831	4332.69
12.7874	4334.1
12.79	4335.52
12.7934	4336.93
12.7977	4338.34
12.802	4339.76
12.8046	4341.17
12.8081	4342.59
12.8123	4344
12.8166	4345.41
12.8192	4346.83
12.8227	4348.24
12.8269	4349.66
12.8304	4351.07
12.8347	4352.48
12.8381	4353.9
12.8424	4355.31
12.845	4356.73
12.8493	4358.14
12.8527	4359.55
12.857	4360.97
12.8596	4362.38
12.8639	4363.8
12.8673	4365.21
12.8716	4366.62
12.8742	4368.04
12.8785	4369.45
12.882	4370.87
12.8862	4372.28
12.8889	4373.7
12.8931	4375.11
12.8966	4376.52
12.9008	4377.94
12.9035	4379.35
12.9077	4380.77
12.9112	4382.18
12.9155	4383.59
12.9181	4385.01
12.9224	4386.42
12.9258	4387.84
12.9301	4389.25
12.9327	4390.66
12.937	4392.08
12.9404	4393.49
12.9447	4394.91
12.9473	4396.32
12.9516	4397.73
12.955	4399.15
12.9593	4400.56
12.9619	4401.98
12.9662	4403.39
12.9697	4404.8
12.9739	4406.22
12.9766	4407.63
12.9808	4409.05
12.9843	4410.46
12.9886	4411.88
12.9928	4413.29
12.9955	4414.7
12.9989	4416.12
13.0032	4417.53
13.0074	4418.95
13.0101	4420.36
13.0135	4421.77
13.0178	4423.19
13.0221	4424.6
13.0247	4426.02
13.0281	4427.43
13.0324	4428.84
13.0367	4430.26
13.0393	4431.67
13.0428	4433.09
13.047	4434.5
13.0505	4435.91
13.0547	4437.33
13.0582	4438.74
13.0625	4440.16
13.0651	4441.57
13.0694	4442.98
13.0728	4444.4
13.0771	4445.81
13.0797	4447.23
13.084	4448.64
13.0874	4450.05
13.0917	4451.47
13.0943	4452.88
13.0986	4454.3
13.102	4455.71
13.1063	4457.12
13.1089	4458.54
13.1132	4459.95
13.1167	4461.37
13.1209	4462.78
13.1236	4464.2
13.1278	4465.61
13.1313	4467.02
13.1355	4468.44
13.1382	4469.85
13.1424	4471.27
13.1459	4472.68
13.1502	4474.09
13.1528	4475.51
13.1571	4476.92
13.1605	4478.34
13.1648	4479.75
13.1674	4481.16
13.1717	4482.58
13.1751	4483.99
13.1794	4485.41
13.182	4486.82
13.1863	4488.23
13.1897	4489.65
13.194	4491.06
13.1966	4492.48
13.2009	4493.89
13.2044	4495.3
13.2086	4496.72
13.2129	4498.13
13.2155	4499.55
13.219	4500.96
13.2233	4502.38
13.2275	4503.79
13.2302	4505.2
13.2336	4506.62
13.2379	4508.03
13.2421	4509.45
13.2448	4510.86
13.2482	4512.27
13.2525	4513.69
13.2568	4515.1
13.2594	4516.52
13.2628	4517.93
13.2671	4519.34
13.2706	4520.76
13.2748	4522.17
13.2783	4523.59
13.2825	4525
13.2852	4526.41
13.2894	4527.83
13.2929	4529.24
13.2972	4530.66
13.2998	4532.07
13.3041	4533.48
13.3075	4534.9
13.3118	4536.31
13.3144	4537.73
13.3187	4539.14
13.3221	4540.55
13.3264	4541.97
13.329	4543.38
13.3333	4544.8
13.3367	4546.21
13.341	4547.62
13.3436	4549.04
13.3479	4550.45
13.3514	4551.87
13.3556	4553.28
13.3583	4554.7
13.3625	4556.11
13.366	4557.52
13.3702	4558.94
13.3729	4560.35
13.3771	4561.77
13.3806	4563.18
13.3849	4564.59
13.3875	4566.01
13.3918	4567.42
13.3952	4568.84
13.3995	4570.25
13.4021	4571.66
13.4064	4573.08
13.4098	4574.49
13.4141	4575.91
13.4167	4577.32
13.421	4578.73
13.4245	4580.15
13.4287	4581.56
13.433	4582.98
13.4356	4584.39
13.4391	4585.8
13.4433	4587.22
13.4476	4588.63
13.4502	4590.05
13.4537	4591.46
13.458	4592.88
13.4622	4594.29
13.4649	4595.7
13.4683	4597.12
13.4726	4598.53
13.4768	4599.95
13.4795	4601.36
13.4829	4602.77
13.4872	4604.19
13.4906	4605.6
13.4949	4607.02
13.4984	4608.43
13.5026	4609.84
13.5053	4611.26
13.5095	4612.67
13.513	4614.09
13.5172	4615.5
13.5199	4616.91
13.5241	4618.33
13.5276	4619.74
13.5319	4621.16
13.5345	4622.57
13.5388	4623.98
13.5422	4625.4
13.5465	4626.81
13.5491	4628.23
13.5534	4629.64
13.5568	4631.05
13.5611	4632.47
13.5637	4633.88
13.568	4635.3
13.5714	4636.71
13.5757	4638.12
13.5783	4639.54
13.5826	4640.95
13.5861	4642.37
13.5903	4643.78
13.593	4645.2
13.5972	4646.61
13.6007	4648.02
13.6049	4649.44
13.6076	4650.85
13.6118	4652.27
13.6153	4653.68
13.6196	4655.09
13.6222	4656.51
13.6265	4657.92
13.6299	4659.34
13.6342	4660.75
13.6368	4662.16
13.6411	4663.58
13.6445	4664.99
13.6488	4666.41
13.6531	4667.82
13.6557	4669.23
13.6592	4670.65
13.6634	4672.06
13.6677	4673.48
13.6703	4674.89
13.6738	4676.3
13.678	4677.72
13.6823	4679.13
13.6849	4680.55
13.6884	4681.96
13.6927	4683.38
13.6969	4684.79
13.6996	4686.2
13.703	4687.62
13.7073	4689.03
13.7107	4690.45
13.715	4691.86
13.7184	4693.27
13.7227	4694.69
13.7253	4696.1
13.7296	4697.52
13.7331	4698.93
13.7373	4700.34
13.74	4701.76
13.7442	4703.17
13.7477	4704.59
13.7519	4706
13.7546	4707.41
13.7588	4708.83
13.7623	4710.24
13.7666	4711.66
13.7692	4713.07
13.7735	4714.48
13.7769	4715.9
13.7812	4717.31
13.7838	4718.73
13.7881	4720.14
13.7915	4721.55
13.7958	4722.97
13.7984	4724.38
13.8027	4725.8
13.8061	4727.21
13.8104	4728.62
13.813	4730.04
13.8173	4731.45
13.8208	4732.87
13.825	4734.28
13.8277	4735.7
13.8319	4737.11
13.8354	4738.52
13.8397	4739.94
13.8423	4741.35
13.8465	4742.77
13.85	4744.18
13.8543	4745.59
13.8569	4747.01
13.8612	4748.42
13.8646	4749.84
13.8689	4751.25
13.8732	4752.66
13.8758	4754.08
13.8792	4755.49
13.8835	4756.91
13.8878	4758.32
13.8904	4759.73
13.8939	4761.15
13.8981	4762.56
13.9024	4763.98
13.905	4765.39
13.9085	4766.8
13.9127	4768.22
13.917	4769.63
13.9196	4771.05
13.9231	4772.46
13.9274	4773.88
13.9308	4775.29
13.9351	4776.7
13.9385	4778.12
13.9428	4779.53
13.9454	4780.95
13.9497	4782.36
13.9531	4783.77
13.9574	4785.19
13.96	4786.6
13.9643	4788.02
13.9678	4789.43
13.972	4790.84
13.9747	4792.26
13.9789	4793.67
13.9824	4795.09
13.9866	4796.5
13.9893	4797.91
13.9935	4799.33
13.997	4800.74
14.0013	4802.16
14.0039	4803.57
14.0082	4804.98
14.0116	4806.4
14.0159	4807.81
14.0185	4809.23
14.0228	4810.64
14.0262	4812.05
14.0305	4813.47
14.0331	4814.88
14.0374	4816.3
14.0408	4817.71
14.0451	4819.12
14.0477	4820.54
14.052	4821.95
14.0555	4823.37
14.0597	4824.78
14.0624	4826.2
14.0666	4827.61
14.0701	4829.02
14.0744	4830.44
14.077	4831.85
14.0813	4833.27
14.0847	4834.68
14.089	4836.09
14.0932	4837.51
14.0959	4838.92
14.0993	4840.34
14.1036	4841.75
14.1079	4843.16
14.1105	4844.58
14.1139	4845.99
14.1182	4847.41
14.1225	4848.82
14.1251	4850.23
14.1286	4851.65
14.1328	4853.06
14.1371	4854.48
14.1397	4855.89
14.1432	4857.3
14.1474	4858.72
14.1509	4860.13
14.1552	4861.55
14.1586	4862.96
14.1629	4864.38
14.1655	4865.79
14.1698	4867.2
14.1732	4868.62
14.1775	4870.03
14.1801	4871.45
14.1844	4872.86
14.1878	4874.27
14.1921	4875.69
14.1947	4877.1
14.199	4878.52
14.2025	4879.93
14.2067	4881.34
14.2094	4882.76
14.2136	4884.17
14.2171	4885.59
14.2213	4887
14.224	4888.41
14.2282	4889.83
14.2317	4891.24
14.236	4892.66
14.2386	4894.07
14.2429	4895.48
14.2463	4896.9
14.2506	4898.31
14.2532	4899.73
14.2575	4901.14
14.2609	4902.55
14.2652	4903.97
14.2678	4905.38
14.2721	4906.8
14.2755	4908.21
14.2798	4909.62
14.2824	4911.04
14.2867	4912.45
14.2902	4913.87
14.2944	4915.28
14.2971	4916.7
14.3013	4918.11
14.3048	4919.52
14.3091	4920.94
14.3133	4922.35
14.316	4923.77
14.3194	4925.18
14.3237	4926.59
14.3279	4928.01
14.3306	4929.42
14.334	4930.84
14.3383	4932.25
14.3426	4933.66
14.3452	4935.08
14.3486	4936.49
14.3529	4937.91
14.3572	4939.32
14.3598	4940.73
14.3633	4942.15
14.3675	4943.56
14.371	4944.98
14.3752	4946.39
14.3787	4947.8
14.383	4949.22
14.3856	4950.63
14.3899	4952.05
14.3933	4953.46
14.3976	4954.88
14.4002	4956.29
14.4045	4957.7
14.4079	4959.12
14.4122	4960.53
14.4148	4961.95
14.4191	4963.36
14.4225	4964.77
14.4268	4966.19
14.4294	4967.6
14.4337	4969.02
14.4372	4970.43
14.4414	4971.84
14.4441	4973.26
14.4483	4974.67
14.4518	4976.09
14.456	4977.5
14.4587	4978.91
14.4629	4980.33
14.4664	4981.74
14.4707	4983.16
14.4733	4984.57
14.4776	4985.98
14.481	4987.4
14.4853	4988.81
14.4879	4990.23
14.4922	4991.64
14.4956	4993.05
14.4999	4994.47
14.5025	4995.88
14.5068	4997.3
14.5102	4998.71
14.5145	5000.12
14.5171	5001.54
14.5214	5002.95
14.5249	5004.37
14.5291	5005.78
14.5334	5007.2
14.536	5008.61
14.5395	5010.02
14.5438	5011.44
14.548	5012.85
14.5507	5014.27
14.5541	5015.68
14.5584	5017.09
14.5626	5018.51
14.5653	5019.92
14.5687	5021.34
14.573	5022.75
14.5773	5024.16
14.5799	5025.58
14.5833	5026.99
14.5876	5028.41
14.5911	5029.82
14.5953	5031.23
14.5988	5032.65
14.603	5034.06
14.6057	5035.48
14.6099	5036.89
14.6134	5038.3
14.6177	5039.72
14.6203	5041.13
14.6246	5042.55
14.628	5043.96
14.6323	5045.38
14.6349	5046.79
14.6392	5048.2
14.6426	5049.62
14.6469	5051.03
14.6495	5052.45
14.6538	5053.86
14.6572	5055.27
14.6615	5056.69
14.6641	5058.1
14.6684	5059.52
14.6719	5060.93
14.6761	5062.34
14.6788	5063.76
14.683	5065.17
14.6865	5066.59
14.6907	5068
14.6934	5069.41
14.6976	5070.83
14.7011	5072.24
14.7054	5073.66
14.708	5075.07
14.7123	5076.48
14.7157	5077.9
14.72	5079.31
14.7226	5080.73
14.7269	5082.14
14.7303	5083.55
14.7346	5084.97
14.7372	5086.38
14.7415	5087.8
14.7449	5089.21
14.7492	5090.62
14.7535	5092.04
14.7561	5093.45
14.7596	5094.87
14.7638	5096.28
14.7681	5097.7
14.7707	5099.11
14.7742	5100.52
14.7785	5101.94
14.7827	5103.35
14.7854	5104.77
14.7888	5106.18
14.7931	5107.59
14.7973	5109.01
14.8	5110.42
14.8034	5111.84
14.8077	5113.25
14.8111	5114.66
14.8154	5116.08
14.8189	5117.49
14.8231	5118.91
14.8258	5120.32
14.83	5121.73
14.8335	5123.15
14.8377	5124.56
14.8404	5125.98
14.8446	5127.39
14.8481	5128.8
14.8524	5130.22
14.855	5131.63
14.8593	5133.05
14.8627	5134.46
14.867	5135.88
14.8696	5137.29
14.8739	5138.7
14.8773	5140.12
14.8816	5141.53
14.8842	5142.95
14.8885	5144.36
14.8919	5145.77
14.8962	5147.19
14.8988	5148.6
14.9031	5150.02
14.9066	5151.43
14.9108	5152.84
14.9135	5154.26
14.9177	5155.67
14.9212	5157.09
14.9254	5158.5
14.9281	5159.91
14.9323	5161.33
14.9358	5162.74
14.9401	5164.16
14.9427	5165.57
14.947	5166.98
14.9504	5168.4
14.9547	5169.81
14.9573	5171.23
14.9616	5172.64
14.965	5174.05
14.9693	5175.47
14.9736	5176.88
14.9762	5178.3
14.9797	5179.71
14.9839	5181.12
14.9882	5182.54
14.9908	5183.95
14.9943	5185.37
14.9985	5186.78
15.0028	5188.2
15.0054	5189.61
15.0089	5191.02
15.0132	5192.44
15.0174	5193.85
15.0201	5195.27
15.0235	5196.68
15.0278	5198.09
15.0312	5199.51
15.0355	5200.92
15.0389	5202.34
15.0432	5203.75
15.0458	5205.16
15.0501	5206.58
15.0536	5207.99
15.0578	5209.41
15.0605	5210.82
15.0647	5212.23
15.0682	5213.65
15.0724	5215.06
15.0751	5216.48
15.0793	5217.89
15.0828	5219.3
15.0871	5220.72
15.0897	5222.13
15.094	5223.55
15.0974	5224.96
15.1017	5226.38
15.1043	5227.79
15.1086	5229.2
15.112	5230.62
15.1163	5232.03
15.1189	5233.45
15.1232	5234.86
15.1266	5236.27
15.1309	5237.69
15.1335	5239.1
15.1378	5240.52
15.1413	5241.93
15.1455	5243.34
15.1482	5244.76
15.1524	5246.17
15.1559	5247.59
15.1601	5249
15.1628	5250.41
15.167	5251.83
15.1705	5253.24
15.1748	5254.66
15.1774	5256.07
15.1817	5257.48
15.1851	5258.9
15.1894	5260.31
15.1937	5261.73
15.1963	5263.14
15.1997	5264.55
15.204	5265.97
15.2083	5267.38
15.2109	5268.8
15.2144	5270.21
15.2186	5271.62
15.2229	5273.04
15.2255	5274.45
15.229	5275.87
15.2332	5277.28
15.2375	5278.7
15.2401	5280.11
15.2436	5281.52
15.2479	5282.94
15.2513	5284.35
15.2556	5285.77
15.259	5287.18
15.2633	5288.59
15.2659	5290.01
15.2702	5291.42
15.2736	5292.84
15.2779	5294.25
15.2805	5295.66
15.2848	5297.08
15.2883	5298.49
15.2925	5299.91
15.2952	5301.32
15.2994	5302.73
15.3029	5304.15
15.3071	5305.56
15.3098	5306.98
15.314	5308.39
15.3175	5309.8
15.3218	5311.22
15.3244	5312.63
15.3287	5314.05
15.3321	5315.46
15.3364	5316.88
15.339	5318.29
15.3433	5319.7
15.3467	5321.12
15.351	5322.53
15.3536	5323.95
15.3579	5325.36
15.3613	5326.77
15.3656	5328.19
15.3682	5329.6
15.3725	5331.02
15.376	5332.43
15.3802	5333.84
15.3829	5335.26
15.3871	5336.67
15.3906	5338.09
15.3949	5339.5
15.3975	5340.91
15.4017	5342.33
15.4052	5343.74
15.4095	5345.16
15.4137	5346.57
15.4164	5347.98
15.4198	5349.4
15.4241	5350.81
15.4284	5352.23
15.431	5353.64
15.4344	5355.05
15.4387	5356.47
15.443	5357.88
15.4456	5359.3
15.4491	5360.71
15.4533	5362.12
15.4576	5363.54
15.4602	5364.95
15.4637	5366.37
15.4679	5367.78
15.4714	5369.2
15.4757	5370.61
15.4791	5372.02
15.4834	5373.44
15.486	5374.85
15.4903	5376.27
15.4937	5377.68
15.498	5379.09
15.5006	5380.51
15.5049	5381.92
15.5083	5383.34
15.5126	5384.75
15.5152	5386.16
15.5195	5387.58
15.523	5388.99
15.5272	5390.41
15.5299	5391.82
15.5341	5393.23
15.5376	5394.65
15.5418	5396.06
15.5445	5397.48
15.5487	5398.89
15.5522	5400.3
15.5565	5401.72
15.5591	5403.13
15.5634	5404.55
15.5668	5405.96
15.5711	5407.38
15.5737	5408.79
15.578	5410.2
15.5814	5411.62
15.5857	5413.03
15.5883	5414.45
15.5926	5415.86
15.596	5417.27
15.6003	5418.69
15.6029	5420.1
15.6072	5421.52
15.6107	5422.93
15.6149	5424.34
15.6176	5425.76
15.6218	5427.17
15.6253	5428.59
15.6296	5430
15.6338	5431.41
15.6365	5432.83
15.6399	5434.24
15.6442	5435.66
15.6484	5437.07
15.6511	5438.48
15.6545	5439.9
15.6588	5441.31
15.6631	5442.73
15.6657	5444.14
15.6691	5445.55
15.6734	5446.97
15.6777	5448.38
15.6803	5449.8
15.6838	5451.21
15.688	5452.62
15.6915	5454.04
15.6957	5455.45
15.6992	5456.87
15.7035	5458.28
15.7061	5459.7
15.7104	5461.11
15.7138	5462.52
15.7181	5463.94
15.7207	5465.35
15.725	5466.77
15.7284	5468.18
15.7327	5469.59
15.7353	5471.01
15.7396	5472.42
15.743	5473.84
15.7473	5475.25
15.7499	5476.66
15.7542	5478.08
15.7577	5479.49
15.7619	5480.91
15.7646	5482.32
15.7688	5483.73
15.7723	5485.15
15.7765	5486.56
15.7792	5487.98
15.7834	5489.39
15.7869	5490.8
15.7912	5492.22
15.7938	5493.63
15.7981	5495.05
15.8015	5496.46
15.8058	5497.88
15.8084	5499.29
15.8127	5500.7
15.8161	5502.12
15.8204	5503.53
15.823	5504.95
15.8273	5506.36
15.8307	5507.77
15.835	5509.19
15.8376	5510.6
15.8419	5512.02
15.8454	5513.43
15.8496	5514.84
15.8539	5516.26
15.8565	5517.67
15.86	5519.09
15.8643	5520.5
15.8685	5521.91
15.8712	5523.33
15.8746	5524.74
15.8789	5526.16
15.8831	5527.57
15.8858	5528.98
15.8892	5530.4
15.8935	5531.81
15.8978	5533.23
15.9004	5534.64
15.9038	5536.05
15.9081	5537.47
15.9116	5538.88
15.9158	5540.3
15.9193	5541.71
15.9235	5543.12
15.9262	5544.54
15.9304	5545.95
15.9339	5547.37
15.9382	5548.78
15.9408	5550.2
15.9451	5551.61
15.9485	5553.02
15.9528	5554.44
15.9554	5555.85
15.9597	5557.27
15.9631	5558.68
15.9674	5560.09
15.97	5561.51
15.9743	5562.92
15.9777	5564.34
15.982	5565.75
15.9846	5567.16
15.9889	5568.58
15.9924	5569.99
15.9966	5571.41
15.9993	5572.82
16.0035	5574.23
16.007	5575.65
16.0112	5577.06
16.0139	5578.48
16.0181	5579.89
16.0216	5581.3
16.0259	5582.72
16.0285	5584.13
16.0328	5585.55
16.0362	5586.96
16.0405	5588.38
16.0431	5589.79
16.0474	5591.2
16.0508	5592.62
16.0551	5594.03
16.0577	5595.45
16.062	5596.86
16.0654	5598.27
16.0697	5599.69
16.074	5601.1
16.0766	5602.52
16.0801	5603.93
16.0843	5605.34
16.0886	5606.76
16.0912	5608.17
16.0947	5609.59
16.099	5611
16.1032	5612.41
16.1059	5613.83
16.1093	5615.24
16.1136	5616.66
16.1178	5618.07
16.1205	5619.48
16.1239	5620.9
16.1282	5622.31
16.1316	5623.73
16.1359	5625.14
16.1394	5626.55
16.1436	5627.97
16.1463	5629.38
16.1505	5630.8
16.154	5632.21
16.1582	5633.62
16.1609	5635.04
16.1651	5636.45
16.1686	5637.87
16.1729	5639.28
16.1755	5640.7
16.1798	5642.11
16.1832	5643.52
16.1875	5644.94
16.1901	5646.35
16.1944	5647.77
16.1978	5649.18
16.2021	5650.59
16.2047	5652.01
16.209	5653.42
16.2124	5654.84
16.2167	5656.25
16.2193	5657.66
16.2236	5659.08
16.2271	5660.49
16.2313	5661.91
16.234	5663.32
16.2382	5664.73
16.2417	5666.15
16.2459	5667.56
16.2486	5668.98
16.2528	5670.39
16.2563	5671.8
16.2606	5673.22
16.2632	5674.63
16.2675	5676.05
16.2709	5677.46
16.2752	5678.88
16.2778	5680.29
16.2821	5681.7
16.2855	5683.12
16.2898	5684.53
16.2941	5685.95
16.2967	5687.36
16.3001	5688.77
16.3044	5690.19
16.3087	5691.6
16.3113	5693.02
16.3148	5694.43
16.319	5695.84
16.3233	5697.26
16.3259	5698.67
16.3294	5700.09
16.3337	5701.5
16.3379	5702.91
16.3406	5704.33
16.344	5705.74
16.3483	5707.16
16.3517	5708.57
16.356	5709.98
16.3594	5711.4
16.3637	5712.81
16.3663	5714.23
16.3706	5715.64
16.3741	5717.05
16.3783	5718.47
16.381	5719.88
16.3852	5721.3
16.3887	5722.71
16.3929	5724.12
16.3956	5725.54
16.3998	5726.95
16.4033	5728.37
16.4076	5729.78
16.4102	5731.2
16.4145	5732.61
16.4179	5734.02
16.4222	5735.44
16.4248	5736.85
16.4291	5738.27
16.4325	5739.68
16.4368	5741.09
16.4394	5742.51
16.4437	5743.92
16.4471	5745.34
16.4514	5746.75
16.454	5748.16
16.4583	5749.58
16.4618	5750.99
16.466	5752.41
16.4687	5753.82
16.4729	5755.23
16.4764	5756.65
16.4806	5758.06
16.4833	5759.48
16.4875	5760.89
16.491	5762.3
16.4953	5763.72
16.4979	5765.13
16.5022	5766.55
16.5056	5767.96
16.5099	5769.38
16.5142	5770.79
16.5168	5772.2
16.5202	5773.62
16.5245	5775.03
16.5288	5776.45
16.5314	5777.86
16.5349	5779.27
16.5391	5780.69
16.5434	5782.1
16.546	5783.52
16.5495	5784.93
16.5537	5786.34
16.558	5787.76
16.5606	5789.17
16.5641	5790.59
16.5684	5792
16.5718	5793.41
16.5761	5794.83
16.5795	5796.24
16.5838	5797.66
16.5864	5799.07
16.5907	5800.48
16.5941	5801.9
16.5984	5803.31
16.601	5804.73
16.6053	5806.14
16.6088	5807.55
16.613	5808.97
16.6157	5810.38
16.6199	5811.8
16.6234	5813.21
16.6276	5814.62
16.6303	5816.04
16.6345	5817.45
16.638	5818.87
16.6423	5820.28
16.6449	5821.7
16.6492	5823.11
16.6526	5824.52
16.6569	5825.94
16.6595	5827.35
16.6638	5828.77
16.6672	5830.18
16.6715	5831.59
16.6741	5833.01
16.6784	5834.42
16.6818	5835.84
16.6861	5837.25
16.6887	5838.66
16.693	5840.08
16.6965	5841.49
16.7007	5842.91
16.7034	5844.32
16.7076	5845.73
16.7111	5847.15
16.7153	5848.56
16.718	5849.98
16.7222	5851.39
16.7257	5852.8
16.73	5854.22
16.7342	5855.63
16.7369	5857.05
16.7403	5858.46
16.7446	5859.88
16.7489	5861.29
16.7515	5862.7
16.7549	5864.12
16.7592	5865.53
16.7635	5866.95
16.7661	5868.36
16.7696	5869.77
16.7738	5871.19
16.7781	5872.6
16.7807	5874.02
16.7842	5875.43
16.7884	5876.84
16.7919	5878.26
16.7962	5879.67
16.7996	5881.09
16.8039	5882.5
16.8065	5883.91
16.8108	5885.33
16.8142	5886.74
16.8185	5888.16
16.8211	5889.57
16.8254	5890.98
16.8288	5892.4
16.8331	5893.81
16.8357	5895.23
16.84	5896.64
16.8435	5898.05
16.8477	5899.47
16.8504	5900.88
16.8546	5902.3
16.8581	5903.71
16.8623	5905.12
16.865	5906.54
16.8692	5907.95
16.8727	5909.37
16.877	5910.78
16.8796	5912.2
16.8839	5913.61
16.8873	5915.02
16.8916	5916.44
16.8942	5917.85
16.8985	5919.27
16.9019	5920.68
16.9062	5922.09
16.9088	5923.51
16.9131	5924.92
16.9165	5926.34
16.9208	5927.75
16.9234	5929.16
16.9277	5930.58
16.9312	5931.99
16.9354	5933.41
16.9381	5934.82
16.9423	5936.23
16.9458	5937.65
16.9501	5939.06
16.9543	5940.48
16.9569	5941.89
16.9604	5943.3
16.9647	5944.72
16.9689	5946.13
16.9716	5947.55
16.975	5948.96
16.9793	5950.38
16.9836	5951.79
16.9862	5953.2
16.9896	5954.62
16.9939	5956.03
16.9982	5957.45
17.0008	5958.86
17.0043	5960.27
17.0085	5961.69
17.012	5963.1
17.0162	5964.52
17.0197	5965.93
17.024	5967.34
17.0266	5968.76
17.0309	5970.17
17.0343	5971.59
17.0386	5973
17.0412	5974.41
17.0455	5975.83
17.0489	5977.24
17.0532	5978.66
17.0558	5980.07
17.0601	5981.48
17.0635	5982.9
17.0678	5984.31
17.0704	5985.73
17.0747	5987.14
17.0782	5988.55
17.0824	5989.97
17.0851	5991.38
17.0893	5992.8
17.0928	5994.21
17.097	5995.62
17.0997	5997.04
17.1039	5998.45
17.1074	5999.87
17.1117	6001.28
17.1143	6002.7
17.1186	6004.11
17.122	6005.52
17.1263	6006.94
17.1289	6008.35
17.1332	6009.77
17.1366	6011.18
17.1409	6012.59
17.1435	6014.01
17.1478	6015.42
17.1512	6016.84
17.1555	6018.25
17.1581	6019.66
17.1624	6021.08
17.1659	6022.49
17.1701	6023.91
17.1744	6025.32
17.177	6026.73
17.1805	6028.15
17.1848	6029.56
17.189	6030.98
17.1917	6032.39
17.1951	6033.8
17.1994	6035.22
17.2036	6036.63
17.2063	6038.05
17.2097	6039.46
17.214	6040.88
17.2183	6042.29
17.2209	6043.7
17.2243	6045.12
17.2286	6046.53
17.2321	6047.95
17.2363	6049.36
17.2398	6050.77
17.244	6052.19
17.2467	6053.6
17.2509	6055.02
17.2544	6056.43
17.2587	6057.84
17.2613	6059.26
17.2656	6060.67
17.269	6062.09
17.2733	6063.5
17.2759	6064.91
17.2802	6066.33
17.2836	6067.74
17.2879	6069.16
17.2905	6070.57
17.2948	6071.98
17.2982	6073.4
17.3025	6074.81
17.3051	6076.23
17.3094	6077.64
17.3129	6079.05
17.3171	6080.47
17.3198	6081.88
17.324	6083.3
17.3275	6084.71
17.3317	6086.12
17.3344	6087.54
17.3386	6088.95
17.3421	6090.37
17.3464	6091.78
17.349	6093.2
17.3533	6094.61
17.3567	6096.02
17.361	6097.44
17.3636	6098.85
17.3679	6100.27
17.3713	6101.68
17.3756	6103.09
17.3782	6104.51
17.3825	6105.92
17.3859	6107.34
17.3902	6108.75
17.3945	6110.16
17.3971	6111.58
17.4006	6112.99
17.4048	6114.41
17.4091	6115.82
17.4117	6117.23
17.4152	6118.65
17.4195	6120.06
17.4237	6121.48
17.4264	6122.89
17.4298	6124.3
17.4341	6125.72
17.4383	6127.13
17.441	6128.55
17.4444	6129.96
17.4487	6131.38
17.4521	6132.79
17.4564	6134.2
17.4599	6135.62
17.4641	6137.03
17.4668	6138.45
17.471	6139.86
17.4745	6141.27
17.4787	6142.69
17.4814	6144.1
17.4856	6145.52
17.4891	6146.93
17.4934	6148.34
17.496	6149.76
17.5003	6151.17
17.5037	6152.59
17.508	6154
17.5106	6155.41
17.5149	6156.83
17.5183	6158.24
17.5226	6159.66
17.5252	6161.07
17.5295	6162.48
17.5329	6163.9
17.5372	6165.31
17.5398	6166.73
17.5441	6168.14
17.5476	6169.55
17.5518	6170.97
17.5545	6172.38
17.5587	6173.8
17.5622	6175.21
17.5664	6176.62
17.5691	6178.04
17.5733	6179.45
17.5768	6180.87
17.5811	6182.28
17.5837	6183.7
17.588	6185.11
17.5914	6186.52
17.5957	6187.94
17.5983	6189.35
17.6026	6190.77
17.606	6192.18
17.6103	6193.59
17.6146	6195.01
17.6172	6196.42
17.6206	6197.84
17.6249	6199.25
17.6292	6200.66
17.6318	6202.08
17.6353	6203.49
17.6395	6204.91
17.6438	6206.32
17.6464	6207.73
17.6499	6209.15
17.6542	6210.56
17.6584	6211.98
17.6611	6213.39
17.6645	6214.8
17.6688	6216.22
17.6722	6217.63
17.6765	6219.05
17.6799	6220.46
17.6842	6221.88
17.6868	6223.29
17.6911	6224.7
17.6946	6226.12
17.6988	6227.53
17.7015	6228.95
17.7057	6230.36
17.7092	6231.77
17.7134	6233.19
17.7161	6234.6
17.7203	6236.02
17.7238	6237.43
17.7281	6238.84
17.7307	6240.26
17.735	6241.67
17.7384	6243.09
17.7427	6244.5
17.7453	6245.91
17.7496	6247.33
17.753	6248.74
17.7573	6250.16
17.7599	6251.57
17.7642	6252.98
17.7676	6254.4
17.7719	6255.81
17.7745	6257.23
17.7788	6258.64
17.7823	6260.05
17.7865	6261.47
17.7892	6262.88
17.7934	6264.3
17.7969	6265.71
17.8011	6267.12
17.8038	6268.54
17.808	6269.95
17.8115	6271.37
17.8158	6272.78
17.8184	6274.2
17.8227	6275.61
17.8261	6277.02
17.8304	6278.44
17.8347	6279.85
17.8373	6281.27
17.8407	6282.68
17.845	6284.09
17.8493	6285.51
17.8519	6286.92
17.8553	6288.34
17.8596	6289.75
17.8639	6291.16
17.8665	6292.58
17.87	6293.99
17.8742	6295.41
17.8785	6296.82
17.8811	6298.23
17.8846	6299.65
17.8889	6301.06
17.8923	6302.48
17.8966	6303.89
17.9	6305.3
17.9043	6306.72
17.9069	6308.13
17.9112	6309.55
17.9146	6310.96
17.9189	6312.38
17.9215	6313.79
17.9258	6315.2
17.9293	6316.62
17.9335	6318.03
17.9362	6319.45
17.9404	6320.86
17.9439	6322.27
17.9481	6323.69
17.9508	6325.1
17.955	6326.52
17.9585	6327.93
17.9628	6329.34
17.9654	6330.76
17.9697	6332.17
17.9731	6333.59
17.9774	6335
17.98	6336.41
17.9843	6337.83
17.9877	6339.24
17.992	6340.66
17.9946	6342.07
17.9989	6343.48
18.0023	6344.9
18.0066	6346.31
18.0092	6347.73
18.0135	6349.14
18.017	6350.55
18.0212	6351.97
18.0239	6353.38
18.0281	6354.8
18.0316	6356.21
18.0358	6357.62
18.0385	6359.04
18.0427	6360.45
18.0462	6361.87
18.0505	6363.28
18.0547	6364.7
18.0574	6366.11
18.0608	6367.52
18.0651	6368.94
18.0694	6370.35
18.072	6371.77
18.0754	6373.18
18.0797	6374.59
18.084	6376.01
18.0866	6377.42
18.0901	6378.84
18.0943	6380.25
18.0986	6381.66
18.1012	6383.08
18.1047	6384.49
18.1089	6385.91
18.1124	6387.32
18.1167	6388.73
18.1201	6390.15
18.1244	6391.56
18.127	6392.98
18.1313	6394.39
18.1347	6395.8
18.139	6397.22
18.1416	6398.63
18.1459	6400.05
18.1493	6401.46
18.1536	6402.88
18.1562	6404.29
18.1605	6405.7
18.164	6407.12
18.1682	6408.53
18.1709	6409.95
18.1751	6411.36
18.1786	6412.77
18.1828	6414.19
18.1855	6415.6
18.1897	6417.02
18.1932	6418.43
18.1975	6419.84
18.2001	6421.26
18.2044	6422.67
18.2078	6424.09
18.2121	6425.5
18.2147	6426.91
18.219	6428.33
18.2224	6429.74
18.2267	6431.16
18.2293	6432.57
18.2336	6433.98
18.237	6435.4
18.2413	6436.81
18.2439	6438.23
18.2482	6439.64
18.2517	6441.05
18.2559	6442.47
18.2586	6443.88
18.2628	6445.3
18.2663	6446.71
18.2705	6448.12
18.2748	6449.54
18.2774	6450.95
18.2809	6452.37
18.2852	6453.78
18.2894	6455.2
18.2921	6456.61
18.2955	6458.02
18.2998	6459.44
18.3041	6460.85
18.3067	6462.27
18.3101	6463.68
18.3144	6465.09
18.3187	6466.51
18.3213	6467.92
18.3248	6469.34
18.329	6470.75
18.3325	6472.16
18.3367	6473.58
18.3402	6474.99
18.3445	6476.41
18.3471	6477.82
18.3514	6479.23
18.3548	6480.65
18.3591	6482.06
18.3617	6483.48
18.366	6484.89
18.3694	6486.3
18.3737	6487.72
18.3763	6489.13
18.3806	6490.55
18.384	6491.96
18.3883	6493.38
18.3909	6494.79
18.3952	6496.2
18.3987	6497.62
18.4029	6499.03
18.4056	6500.45
18.4098	6501.86
18.4133	6503.27
18.4175	6504.69
18.4202	6506.1
18.4244	6507.52
18.4279	6508.93
18.4322	6510.34
18.4348	6511.76
18.4391	6513.17
18.4425	6514.59
18.4468	6516
18.4494	6517.41
18.4537	6518.83
18.4571	6520.24
18.4614	6521.66
18.464	6523.07
18.4683	6524.48
18.4717	6525.9
18.476	6527.31
18.4786	6528.73
18.4829	6530.14
18.4864	6531.55
18.4906	6532.97
18.4949	6534.38
18.4975	6535.8
18.501	6537.21
18.5053	6538.62
18.5095	6540.04
18.5121	6541.45
18.5156	6542.87
18.5199	6544.28
18.5241	6545.7
18.5268	6547.11
18.5302	6548.52
18.5345	6549.94
18.5388	6551.35
18.5414	6552.77
18.5448	6554.18
18.5491	6555.59
18.5526	6557.01
18.5568	6558.42
18.5603	6559.84
18.5645	6561.25
18.5672	6562.66
18.5714	6564.08
18.5749	6565.49
18.5792	6566.91
18.5818	6568.32
18.5861	6569.73
18.5895	6571.15
18.5938	6572.56
18.5964	6573.98
18.6007	6575.39
18.6041	6576.8
18.6084	6578.22
18.611	6579.63
18.6153	6581.05
18.6187	6582.46
18.623	6583.88
18.6256	6585.29
18.6299	6586.7
18.6334	6588.12
18.6376	6589.53
18.6403	6590.95
18.6445	6592.36
18.648	6593.77
18.6522	6595.19
18.6549	6596.6
18.6591	6598.02
18.6626	6599.43
18.6669	6600.84
18.6695	6602.26
18.6738	6603.67
18.6772	6605.09
18.6815	6606.5
18.6841	6607.91
18.6884	6609.33
18.6918	6610.74
18.6961	6612.16
18.6987	6613.57
18.703	6614.98
18.7064	6616.4
18.7107	6617.81
18.715	6619.23
18.7176	6620.64
18.7211	6622.05
18.7253	6623.47
18.7296	6624.88
18.7322	6626.3
18.7357	6627.71
18.74	6629.12
18.7442	6630.54
18.7469	6631.95
18.7503	6633.37
18.7546	6634.78
18.7588	6636.2
18.7615	6637.61
18.7649	6639.02
18.7692	6640.44
18.7726	6641.85
18.7769	6643.27
18.7804	6644.68
18.7846	6646.09
18.7873	6647.51
18.7915	6648.92
18.795	6650.34
18.7992	6651.75
18.8019	6653.16
18.8061	6654.58
18.8096	6655.99
18.8139	6657.41
18.8165	6658.82
18.8208	6660.23
18.8242	6661.65
18.8285	6663.06
18.8311	6664.48
18.8354	6665.89
18.8388	6667.3
18.8431	6668.72
18.8457	6670.13
18.85	6671.55
18.8534	6672.96
18.8577	6674.38
18.8603	6675.79
18.8646	6677.2
18.8681	6678.62
18.8723	6680.03
18.875	6681.45
18.8792	6682.86
18.8827	6684.27
18.8869	6685.69
18.8896	6687.1
18.8938	6688.52
18.8973	6689.93
18.9016	6691.34
18.9042	6692.76
18.9085	6694.17
18.9119	6695.59
18.9162	6697
18.9188	6698.41
18.9231	6699.83
18.9265	6701.24
18.9308	6702.66
18.9351	6704.07
18.9377	6705.48
18.9411	6706.9
18.9454	6708.31
18.9497	6709.73
18.9523	6711.14
18.9558	6712.55
18.96	6713.97
18.9643	6715.38
18.9669	6716.8
18.9704	6718.21
18.9747	6719.62
18.9789	6721.04
18.9816	6722.45
18.985	6723.87
18.9893	6725.28
18.9927	6726.7
18.997	6728.11
19.0004	6729.52
19.0047	6730.94
19.0073	6732.35
19.0116	6733.77
19.0151	6735.18
19.0193	6736.59
19.022	6738.01
19.0262	6739.42
19.0297	6740.84
19.0339	6742.25
19.0366	6743.66
19.0408	6745.08
19.0443	6746.49
19.0486	6747.91
19.0512	6749.32
19.0555	6750.73
19.0589	6752.15
19.0632	6753.56
19.0658	6754.98
19.0701	6756.39
19.0735	6757.8
19.0778	6759.22
19.0804	6760.63
19.0847	6762.05
19.0881	6763.46
19.0924	6764.88
19.095	6766.29
19.0993	6767.7
19.1028	6769.12
19.107	6770.53
19.1097	6771.95
19.1139	6773.36
19.1174	6774.77
19.1216	6776.19
19.1243	6777.6
19.1285	6779.02
19.132	6780.43
19.1363	6781.84
19.1389	6783.26
19.1432	6784.67
19.1466	6786.09
19.1509	6787.5
19.1552	6788.91
19.1578	6790.33
19.1612	6791.74
19.1655	6793.16
19.1698	6794.57
19.1724	6795.98
19.1758	6797.4
19.1801	6798.81
19.1844	6800.23
19.187	6801.64
19.1905	6803.05
19.1947	6804.47
19.199	6805.88
19.2016	6807.3
19.2051	6808.71
19.2094	6810.12
19.2128	6811.54
19.2171	6812.95
19.2205	6814.37
19.2248	6815.78
19.2274	6817.2
19.2317	6818.61
19.2351	6820.02
19.2394	6821.44
19.242	6822.85
19.2463	6824.27
19.2498	6825.68
19.254	6827.09
19.2567	6828.51
19.2609	6829.92
19.2644	6831.34
19.2686	6832.75
19.2713	6834.16
19.2755	6835.58
19.279	6836.99
19.2833	6838.41
19.2859	6839.82
19.2902	6841.23
19.2936	6842.65
19.2979	6844.06
19.3005	6845.48
19.3048	6846.89
19.3082	6848.3
19.3125	6849.72
19.3151	6851.13
19.3194	6852.55
19.3228	6853.96
19.3271	6855.38
19.3297	6856.79
19.334	6858.2
19.3375	6859.62
19.3417	6861.03
19.3444	6862.45
19.3486	6863.86
19.3521	6865.27
19.3563	6866.69
19.359	6868.1
19.3632	6869.52
19.3667	6870.93
19.371	6872.34
19.3752	6873.76
19.3779	6875.17
19.3813	6876.59
19.3856	6878
19.3899	6879.41
19.3925	6880.83
19.3959	6882.24
19.4002	6883.66
19.4045	6885.07
19.4071	6886.48
19.4105	6887.9
19.4148	6889.31
19.4191	6890.73
19.4217	6892.14
19.4252	6893.55
19.4294	6894.97
19.4329	6896.38
19.4372	6897.8
19.4406	6899.21
19.4449	6900.62
19.4475	6902.04
19.4518	6903.45
19.4552	6904.87
19.4595	6906.28
19.4621	6907.7
19.4664	6909.11
19.4698	6910.52
19.4741	6911.94
19.4767	6913.35
19.481	6914.77
19.4845	6916.18
19.4887	6917.59
19.4914	6919.01
19.4956	6920.42
19.4991	6921.84
19.5033	6923.25
19.506	6924.66
19.5102	6926.08
19.5137	6927.49
19.518	6928.91
19.5206	6930.32
19.5249	6931.73
19.5283	6933.15
19.5326	6934.56
19.5352	6935.98
19.5395	6937.39
19.5429	6938.8
19.5472	6940.22
19.5498	6941.63
19.5541	6943.05
19.5575	6944.46
19.5618	6945.88
19.5644	6947.29
19.5687	6948.7
19.5722	6950.12
19.5764	6951.53
19.5791	6952.95
19.5833	6954.36
19.5868	6955.77
19.591	6957.19
19.5953	6958.6
19.5979	6960.02
19.6014	6961.43
19.6057	6962.84
19.6099	6964.26
19.6126	6965.67
19.616	6967.09
19.6203	6968.5
19.6246	6969.91
19.6272	6971.33
19.6306	6972.74
19.6349	6974.16
19.6392	6975.57
19.6418	6976.98
19.6453	6978.4
19.6495	6979.81
19.653	6981.23
19.6572	6982.64
19.6607	6984.05
19.665	6985.47
19.6676	6986.88
19.6719	6988.3
19.6753	6989.71
19.6796	6991.12
19.6822	6992.54
19.6865	6993.95
19.6899	6995.37
19.6942	6996.78
19.6968	6998.2
19.7011	6999.61
19.7045	7001.02
19.7088	7002.44
19.7114	7003.85
19.7157	7005.27
19.7192	7006.68
19.7234	7008.09
19.7261	7009.51
19.7303	7010.92
19.7338	7012.34
19.738	7013.75
19.7407	7015.16
19.7449	7016.58
19.7484	7017.99
19.7527	7019.41
19.7553	7020.82
19.7596	7022.23
19.763	7023.65
19.7673	7025.06
19.7699	7026.48
19.7742	7027.89
19.7776	7029.3
19.7819	7030.72
19.7845	7032.13
19.7888	7033.55
19.7922	7034.96
19.7965	7036.38
19.7991	7037.79
19.8034	7039.2
19.8069	7040.62
19.8111	7042.03
19.8154	7043.45
19.818	7044.86
19.8215	7046.27
19.8257	7047.69
19.83	7049.1
19.8326	7050.52
19.8361	7051.93
19.8404	7053.34
19.8446	7054.76
19.8473	7056.17
19.8507	7057.59
19.855	7059
19.8593	7060.41
19.8619	7061.83
19.8653	7063.24
19.8696	7064.66
19.8731	7066.07
19.8773	7067.48
19.8808	7068.9
19.885	7070.31
19.8877	7071.73
19.8919	7073.14
19.8954	7074.55
19.8997	7075.97
19.9023	7077.38
19.9066	7078.8
19.91	7080.21
19.9143	7081.62
19.9169	7083.04
19.9212	7084.45
19.9246	7085.87
19.9289	7087.28
19.9315	7088.7
19.9358	7090.11
19.9392	7091.52
19.9435	7092.94
19.9461	7094.35
19.9504	7095.77
19.9539	7097.18
19.9581	7098.59
19.9608	7100.01
19.965	7101.42
19.9685	7102.84
19.9727	7104.25
19.9754	7105.66
19.9796	7107.08
19.9831	7108.49
19.9874	7109.91
19.99	7111.32
19.9943	7112.73
19.9977	7114.15
20.002	7115.56
20.0046	7116.98
20.0089	7118.39
20.0123	7119.8
20.0166	7121.22
20.0192	7122.63
20.0235	7124.05
20.0269	7125.46
20.0312	7126.88
20.0355	7128.29
20.0381	7129.7
20.0416	7131.12
20.0458	7132.53
20.0501	7133.95
20.0527	7135.36
20.0562	7136.77
20.0605	7138.19
20.0647	7139.6
20.0673	7141.02
20.0708	7142.43
20.0751	7143.84
20.0793	7145.26
20.082	7146.67
20.0854	7148.09
20.0897	7149.5
20.0931	7150.91
20.0974	7152.33
20.1009	7153.74
20.1051	7155.16
20.1078	7156.57
20.112	7157.98
20.1155	7159.4
20.1197	7160.81
20.1224	7162.23
20.1266	7163.64
20.1301	7165.05
20.1344	7166.47
20.137	7167.88
20.1413	7169.3
20.1447	7170.71
20.149	7172.12
20.1516	7173.54
20.1559	7174.95
20.1593	7176.37
20.1636	7177.78
20.1662	7179.2
20.1705	7180.61
20.1739	7182.02
20.1782	7183.44
20.1808	7184.85
20.1851	7186.27
20.1886	7187.68
20.1928	7189.09
20.1955	7190.51
20.1997	7191.92
20.2032	7193.34
20.2074	7194.75
20.2101	7196.16
20.2143	7197.58
20.2178	7198.99
20.2221	7200.41
20.2247	7201.82
20.229	7203.23
20.2324	7204.65
20.2367	7206.06
20.2393	7207.48
20.2436	7208.89
20.247	7210.3
20.2513	7211.72
20.2556	7213.13
20.2582	7214.55
20.2616	7215.96
20.2659	7217.38
20.2702	7218.79
20.2728	7220.2
20.2763	7221.62
20.2805	7223.03
20.2848	7224.45
20.2874	7225.86
20.2909	7227.27
20.2952	7228.69
20.2994	7230.1
20.3021	7231.52
20.3055	7232.93
20.3098	7234.34
20.3132	7235.76
20.3175	7237.17
20.3209	7238.59
20.3252	7240
20.3278	7241.41
20.3321	7242.83
20.3356	7244.24
20.3398	7245.66
20.3425	7247.07
20.3467	7248.48
20.3502	7249.9
20.3544	7251.31
20.3571	7252.73
20.3613	7254.14
20.3648	7255.55
20.3691	7256.97
20.3717	7258.38
20.376	7259.8
20.3794	7261.21
20.3837	7262.62
20.3863	7264.04
20.3906	7265.45
20.394	7266.87
20.3983	7268.28
20.4009	7269.7
20.4052	7271.11
20.4086	7272.52
20.4129	7273.94
20.4155	7275.35
20.4198	7276.77
20.4233	7278.18
20.4275	7279.59
20.4302	7281.01
20.4344	7282.42
20.4379	7283.84
20.4421	7285.25
20.4448	7286.66
20.449	7288.08
20.4525	7289.49
20.4568	7290.91
20.4594	7292.32
20.4637	7293.73
20.4671	7295.15
20.4714	7296.56
20.4757	7297.98
20.4783	7299.39
20.4817	7300.8
20.486	7302.22
20.4903	7303.63
20.4929	7305.05
20.4963	7306.46
20.5006	7307.88
20.5049	7309.29
20.5075	7310.7
20.511	7312.12
20.5152	7313.53
20.5195	7314.95
20.5221	7316.36
20.5256	7317.77
20.5299	7319.19
20.5333	7320.6
20.5376	7322.02
20.541	7323.43
20.5453	7324.84
20.5479	7326.26
20.5522	7327.67
20.5556	7329.09
20.5599	7330.5
20.5625	7331.91
20.5668	7333.33
20.5703	7334.74
20.5745	7336.16
20.5772	7337.57
20.5814	7338.98
20.5849	7340.4
20.5891	7341.81
20.5918	7343.23
20.596	7344.64
20.5995	7346.05
20.6038	7347.47
20.6064	7348.88
20.6107	7350.3
20.6141	7351.71
20.6184	7353.12
20.621	7354.54
20.6253	7355.95
20.6287	7357.37
20.633	7358.78
20.6356	7360.2
20.6399	7361.61
20.6433	7363.02
20.6476	7364.44
20.6502	7365.85
20.6545	7367.27
20.658	7368.68
20.6622	7370.09
20.6649	7371.51
20.6691	7372.92
20.6726	7374.34
20.6768	7375.75
20.6795	7377.16
20.6837	7378.58
20.6872	7379.99
20.6915	7381.41
20.6957	7382.82
20.6984	7384.23
20.7018	7385.65
20.7061	7387.06
20.7104	7388.48
20.713	7389.89
20.7164	7391.3
20.7207	7392.72
20.725	7394.13
20.7276	7395.55
20.731	7396.96
20.7353	7398.38
20.7396	7399.79
20.7422	7401.2
20.7457	7402.62
20.7499	7404.03
20.7534	7405.45
20.7577	7406.86
20.7611	7408.27
20.7654	7409.69
20.768	7411.1
20.7723	7412.52
20.7757	7413.93
20.78	7415.34
20.7826	7416.76
20.7869	7418.17
20.7903	7419.59
20.7946	7421
20.7972	7422.41
20.8015	7423.83
20.805	7425.24
20.8092	7426.66
20.8119	7428.07
20.8161	7429.48
20.8196	7430.9
20.8238	7432.31
20.8265	7433.73
20.8307	7435.14
20.8342	7436.55
20.8385	7437.97
20.8411	7439.38
20.8454	7440.8
20.8488	7442.21
20.8531	7443.62
20.8557	7445.04
20.86	7446.45
20.8634	7447.87
20.8677	7449.28
20.8703	7450.7
20.8746	7452.11
20.878	7453.52
20.8823	7454.94
20.8849	7456.35
20.8892	7457.77
20.8927	7459.18
20.8969	7460.59
20.8996	7462.01
20.9038	7463.42
20.9073	7464.84
20.9115	7466.25
20.9158	7467.66
20.9184	7469.08
20.9219	7470.49
20.9262	7471.91
20.9304	7473.32
20.9331	7474.73
20.9365	7476.15
20.9408	7477.56
20.9451	7478.98
20.9477	7480.39
20.9511	7481.8
20.9554	7483.22
20.9597	7484.63
20.9623	7486.05
20.9657	7487.46
20.97	7488.88
20.9735	7490.29
20.9777	7491.7
20.9812	7493.12
20.9855	7494.53
20.9881	7495.95
20.9924	7497.36
20.9958	7498.77
21.0001	7500.19
21.0027	7501.6
21.007	7503.02
21.0104	7504.43
21.0147	7505.84
21.0173	7507.26
21.0216	7508.67
21.025	7510.09
21.0293	7511.5
21.0319	7512.91
21.0362	7514.33
21.0397	7515.74
21.0439	7517.16
21.0466	7518.57
21.0508	7519.98
21.0543	7521.4
21.0585	7522.81
21.0612	7524.23
21.0654	7525.64
21.0689	7527.05
21.0732	7528.47
21.0758	7529.88
21.0801	7531.3
21.0835	7532.71
21.0878	7534.12
21.0904	7535.54
21.0947	7536.95
21.0981	7538.37
21.1024	7539.78
21.105	7541.2
21.1093	7542.61
21.1127	7544.02
21.117	7545.44
21.1196	7546.85
21.1239	7548.27
21.1274	7549.68
21.1316	7551.09
21.1359	7552.51
21.1385	7553.92
21.142	7555.34
21.1462	7556.75
21.1505	7558.16
21.1531	7559.58
21.1566	7560.99
21.1609	7562.41
21.1651	7563.82
21.1678	7565.23
21.1712	7566.65
21.1755	7568.06
21.1798	7569.48
21.1824	7570.89
21.1858	7572.3
21.1901	7573.72
21.1936	7575.13
21.1978	7576.55
21.2013	7577.96
21.2055	7579.38
21.2082	7580.79
21.2124	7582.2
21.2159	7583.62
21.2202	7585.03
21.2228	7586.45
21.2271	7587.86
21.2305	7589.27
21.2348	7590.69
21.2374	7592.1
21.2417	7593.52
21.2451	7594.93
21.2494	7596.34
21.252	7597.76
21.2563	7599.17
21.2597	7600.59
21.264	7602
21.2666	7603.41
21.2709	7604.83
21.2744	7606.24
21.2786	7607.66
21.2813	7609.07
21.2855	7610.48
21.289	7611.9
21.2932	7613.31
21.2959	7614.73
21.3001	7616.14
21.3036	7617.55
21.3079	7618.97
21.3105	7620.38
21.3148	7621.8
21.3182	7623.21
21.3225	7624.62
21.3251	7626.04
21.3294	7627.45
21.3328	7628.87
21.3371	7630.28
21.3397	7631.7
21.344	7633.11
21.3474	7634.52
21.3517	7635.94
21.356	7637.35
21.3586	7638.77
21.3621	7640.18
21.3663	7641.59
21.3706	7643.01
21.3732	7644.42
21.3767	7645.84
21.3809	7647.25
21.3852	7648.66
21.3878	7650.08
21.3913	7651.49
21.3956	7652.91
21.3998	7654.32
21.4025	7655.73
21.4059	7657.15
21.4102	7658.56
21.4136	7659.98
21.4179	7661.39
21.4214	7662.8
21.4256	7664.22
21.4283	7665.63
21.4325	7667.05
21.436	7668.46
21.4402	7669.88
21.4429	7671.29
21.4471	7672.7
21.4506	7674.12
21.4549	7675.53
21.4575	7676.95
21.4618	7678.36
21.4652	7679.77
21.4695	7681.19
21.4721	7682.6
21.4764	7684.02
21.4798	7685.43
21.4841	7686.84
21.4867	7688.26
21.491	7689.67
21.4944	7691.09
21.4987	7692.5
21.5013	7693.91
21.5056	7695.33
21.5091	7696.74
21.5133	7698.16
21.516	7699.57
21.5202	7700.98
21.5237	7702.4
21.5279	7703.81
21.5306	7705.23
21.5348	7706.64
21.5383	7708.05
21.5426	7709.47
21.5452	7710.88
21.5495	7712.3
21.5529	7713.71
21.5572	7715.12
21.5598	7716.54
21.5641	7717.95
21.5675	7719.37
21.5718	7720.78
21.5761	7722.2
21.5787	7723.61
21.5821	7725.02
21.5864	7726.44
21.5907	7727.85
21.5933	7729.27
21.5968	7730.68
21.601	7732.09
21.6053	7733.51
21.6079	7734.92
21.6114	7736.34
21.6157	7737.75
21.6199	7739.16
21.6225	7740.58
21.626	7741.99
21.6303	7743.41
21.6337	7744.82
21.638	7746.23
21.6414	7747.65
21.6457	7749.06
21.6483	7750.48
21.6526	7751.89
21.6561	7753.3
21.6603	7754.72
21.663	7756.13
21.6672	7757.55
21.6707	7758.96
21.6749	7760.38
21.6776	7761.79
21.6818	7763.2
21.6853	7764.62
21.6896	7766.03
21.6922	7767.45
21.6965	7768.86
21.6999	7770.27
21.7042	7771.69
21.7068	7773.1
21.7111	7774.52
21.7145	7775.93
21.7188	7777.34
21.7214	7778.76
21.7257	7780.17
21.7291	7781.59
21.7334	7783
21.736	7784.41
21.7403	7785.83
21.7438	7787.24
21.748	7788.66
21.7507	7790.07
21.7549	7791.48
21.7584	7792.9
21.7626	7794.31
21.7653	7795.73
21.7695	7797.14
21.773	7798.55
21.7773	7799.97
21.7799	7801.38
21.7842	7802.8
21.7876	7804.21
21.7919	7805.62
21.7961	7807.04
21.7988	7808.45
21.8022	7809.87
21.8065	7811.28
21.8108	7812.7
21.8134	7814.11
21.8168	7815.52
21.8211	7816.94
21.8254	7818.35
21.828	7819.77
21.8315	7821.18
21.8357	7822.59
21.84	7824.01
21.8426	7825.42
21.8461	7826.84
21.8504	7828.25
21.8538	7829.66
21.8581	7831.08
21.8615	7832.49
21.8658	7833.91
21.8684	7835.32
21.8727	7836.73
21.8761	7838.15
21.8804	7839.56
21.883	7840.98
21.8873	7842.39
21.8908	7843.8
21.895	7845.22
21.8977	7846.63
21.9019	7848.05
21.9054	7849.46
21.9096	7850.88
21.9123	7852.29
21.9165	7853.7
21.92	7855.12
21.9243	7856.53
21.9269	7857.95
21.9312	7859.36
21.9346	7860.77
21.9389	7862.19
21.9415	7863.6
21.9458	7865.02
21.9492	7866.43
21.9535	7867.84
21.9561	7869.26
21.9604	7870.67
21.9638	7872.09
21.9681	7873.5
21.9707	7874.91
21.975	7876.33
21.9785	7877.74
21.9827	7879.16
21.9854	7880.57
21.9896	7881.98
21.9931	7883.4
21.9973	7884.81
22	7886.23
22.0042	7887.64
22.0077	7889.05
22.012	7890.47
22.0162	7891.88
22.0189	7893.3
22.0223	7894.71
22.0266	7896.12
22.0309	7897.54
22.0335	7898.95
22.0369	7900.37
22.0412	7901.78
22.0455	7903.2
22.0481	7904.61
22.0515	7906.02
22.0558	7907.44
22.0601	7908.85
22.0627	7910.27
22.0662	7911.68
22.0704	7913.09
22.0739	7914.51
22.0782	7915.92
22.0816	7917.34
22.0859	7918.75
22.0885	7920.16
22.0928	7921.58
22.0962	7922.99
22.1005	7924.41
22.1031	7925.82
22.1074	7927.23
22.1108	7928.65
22.1151	7930.06
22.1177	7931.48
22.122	7932.89
22.1255	7934.3
22.1297	7935.72
22.1324	7937.13
22.1366	7938.55
22.1401	7939.96
22.1443	7941.38
22.147	7942.79
22.1512	7944.2
22.1547	7945.62
22.159	7947.03
22.1616	7948.45
22.1659	7949.86
22.1693	7951.27
22.1736	7952.69
22.1762	7954.1
22.1805	7955.52
22.1839	7956.93
22.1882	7958.34
22.1908	7959.76
22.1951	7961.17
22.1985	7962.59
22.2028	7964
22.2054	7965.41
22.2097	7966.83
22.2132	7968.24
22.2174	7969.66
22.2201	7971.07
22.2243	7972.48
22.2278	7973.9
22.232	7975.31
22.2363	7976.73
22.2389	7978.14
22.2424	7979.55
22.2467	7980.97
22.2509	7982.38
22.2536	7983.8
22.257	7985.21
22.2613	7986.62
22.2656	7988.04
22.2682	7989.45
22.2716	7990.87
22.2759	7992.28
22.2802	7993.7
22.2828	7995.11
22.2862	7996.52
22.2905	7997.94
22.294	7999.35
22.2982	8000.77
22.3017	8002.18
22.306	8003.59
22.3086	8005.01
22.3129	8006.42
22.3163	8007.84
22.3206	8009.25
22.3232	8010.66
22.3275	8012.08
22.3309	8013.49
22.3352	8014.91
22.3378	8016.32
22.3421	8017.73
22.3455	8019.15
22.3498	8020.56
22.3524	8021.98
22.3567	8023.39
22.3602	8024.8
22.3644	8026.22
22.3671	8027.63
22.3713	8029.05
22.3748	8030.46
22.379	8031.88
22.3817	8033.29
22.3859	8034.7
22.3894	8036.12
22.3937	8037.53
22.3963	8038.95
22.4006	8040.36
22.404	8041.77
22.4083	8043.19
22.4109	8044.6
22.4152	8046.02
22.4186	8047.43
22.4229	8048.84
22.4255	8050.26
22.4298	8051.67
22.4332	8053.09
22.4375	8054.5
22.4401	8055.91
22.4444	8057.33
22.4479	8058.74
22.4521	8060.16
22.4564	8061.57
22.459	8062.98
22.4625	8064.4
22.4667	8065.81
22.471	8067.23
22.4736	8068.64
22.4771	8070.05
22.4814	8071.47
22.4856	8072.88
22.4883	8074.3
22.4917	8075.71
22.496	8077.12
22.5003	8078.54
22.5029	8079.95
22.5063	8081.37
22.5106	8082.78
22.5141	8084.2
22.5183	8085.61
22.5218	8087.02
22.526	8088.44
22.5287	8089.85
22.5329	8091.27
22.5364	8092.68
22.5407	8094.09
22.5433	8095.51
22.5476	8096.92
22.551	8098.34
22.5553	8099.75
22.5579	8101.16
22.5622	8102.58
22.5656	8103.99
22.5699	8105.41
22.5725	8106.82
22.5768	8108.23
22.5802	8109.65
22.5845	8111.06
22.5871	8112.48
22.5914	8113.89
22.5949	8115.3
22.5991	8116.72
22.6018	8118.13
22.606	8119.55
22.6095	8120.96
22.6137	8122.38
22.6164	8123.79
22.6206	8125.2
22.6241	8126.62
22.6284	8128.03
22.631	8129.45
22.6353	8130.86
22.6387	8132.27
22.643	8133.69
22.6456	8135.1
22.6499	8136.52
22.6533	8137.93
22.6576	8139.34
22.6602	8140.76
22.6645	8142.17
22.6679	8143.59
22.6722	8145
22.6765	8146.41
22.6791	8147.83
22.6826	8149.24
22.6868	8150.66
22.6911	8152.07
22.6937	8153.48
22.6972	8154.9
22.7014	8156.31
22.7057	8157.73
22.7083	8159.14
22.7118	8160.55
22.7161	8161.97
22.7203	8163.38
22.723	8164.8
22.7264	8166.21
22.7307	8167.62
22.7341	8169.04
22.7384	8170.45
22.7419	8171.87
22.7461	8173.28
22.7488	8174.7
22.753	8176.11
22.7565	8177.52
22.7607	8178.94
22.7634	8180.35
22.7676	8181.77
22.7711	8183.18
22.7754	8184.59
22.778	8186.01
22.7823	8187.42
22.7857	8188.84
22.79	8190.25
22.7926	8191.66
22.7969	8193.08
22.8003	8194.49
22.8046	8195.91
22.8072	8197.32
22.8115	8198.73
22.8149	8200.15
22.8192	8201.56
22.8218	8202.98
22.8261	8204.39
22.8296	8205.8
22.8338	8207.22
22.8365	8208.63
22.8407	8210.05
22.8442	8211.46
22.8484	8212.88
22.8511	8214.29
22.8553	8215.7
22.8588	8217.12
22.8631	8218.53
22.8657	8219.95
22.87	8221.36
22.8734	8222.77
22.8777	8224.19
22.8803	8225.6
22.8846	8227.02
22.888	8228.43
22.8923	8229.84
22.8966	8231.26
22.8992	8232.67
22.9026	8234.09
22.9069	8235.5
22.9112	8236.91
22.9138	8238.33
22.9173	8239.74
22.9215	8241.16
22.9258	8242.57
22.9284	8243.98
22.9319	8245.4
22.9361	8246.81
22.9404	8248.23
22.943	8249.64
22.9465	8251.05
22.9508	8252.47
22.9542	8253.88
22.9585	8255.3
22.9619	8256.71
22.9662	8258.12
22.9688	8259.54
22.9731	8260.95
22.9766	8262.37
22.9808	8263.78
22.9835	8265.2
22.9877	8266.61
22.9912	8268.02
22.9954	8269.44
22.9981	8270.85
23.0023	8272.27
23.0058	8273.68
23.0101	8275.09
23.0127	8276.51
23.017	8277.92
23.0204	8279.34
23.0247	8280.75
23.0273	8282.16
23.0316	8283.58
23.035	8284.99
23.0393	8286.41
23.0419	8287.82
23.0462	8289.23
23.0496	8290.65
23.0539	8292.06
23.0565	8293.48
23.0608	8294.89
23.0643	8296.3
23.0685	8297.72
23.0712	8299.13
23.0754	8300.55
23.0789	8301.96
23.0831	8303.38
23.0858	8304.79
23.09	8306.2
23.0935	8307.62
23.0978	8309.03
23.1004	8310.45
23.1047	8311.86
23.1081	8313.27
23.1124	8314.69
23.1166	8316.1
23.1193	8317.52
23.1227	8318.93
23.127	8320.34
23.1313	8321.76
23.1339	8323.17
23.1373	8324.59
23.1416	8326
23.1459	8327.41
23.1485	8328.83
23.152	8330.24
23.1562	8331.66
23.1605	8333.07
23.1631	8334.48
23.1666	8335.9
23.1709	8337.31
23.1743	8338.73
23.1786	8340.14
23.182	8341.55
23.1863	8342.97
23.1889	8344.38
23.1932	8345.8
23.1966	8347.21
23.2009	8348.62
23.2035	8350.04
23.2078	8351.45
23.2113	8352.87
23.2155	8354.28
23.2182	8355.7
23.2224	8357.11
23.2259	8358.52
23.2301	8359.94
23.2328	8361.35
23.237	8362.77
23.2405	8364.18
23.2448	8365.59
23.2474	8367.01
23.2517	8368.42
23.2551	8369.84
23.2594	8371.25
23.262	8372.66
23.2663	8374.08
23.2697	8375.49
23.274	8376.91
23.2766	8378.32
23.2809	8379.73
23.2843	8381.15
23.2886	8382.56
23.2912	8383.98
23.2955	8385.39
23.299	8386.8
23.3032	8388.22
23.3059	8389.63
23.3101	8391.05
23.3136	8392.46
23.3178	8393.88
23.3205	8395.29
23.3247	8396.7
23.3282	8398.12
23.3325	8399.53
23.3367	8400.95
23.3394	8402.36
23.3428	8403.77
23.3471	8405.19
23.3513	8406.6
23.354	8408.02
23.3574	8409.43
23.3617	8410.84
23.366	8412.26
23.3686	8413.67
23.372	8415.09
23.3763	8416.5
23.3806	8417.91
23.3832	8419.33
23.3867	8420.74
23.3909	8422.16
23.3944	8423.57
23.3987	8424.98
23.4021	8426.4
23.4064	8427.81
23.409	8429.23
23.4133	8430.64
23.4167	8432.05
23.421	8433.47
23.4236	8434.88
23.4279	8436.3
23.4313	8437.71
23.4356	8439.12
23.4382	8440.54
23.4425	8441.95
23.446	8443.37
23.4502	8444.78
23.4529	8446.2
23.4571	8447.61
23.4606	8449.02
23.4648	8450.44
23.4675	8451.85
23.4717	8453.27
23.4752	8454.68
23.4795	8456.09
23.4821	8457.51
23.4864	8458.92
23.4898	8460.34
23.4941	8461.75
23.4967	8463.16
23.501	8464.58
23.5044	8465.99
23.5087	8467.41
23.5113	8468.82
23.5156	8470.23
23.519	8471.65
23.5233	8473.06
23.5259	8474.48
23.5302	8475.89
23.5337	8477.3
23.5379	8478.72
23.5406	8480.13
23.5448	8481.55
23.5483	8482.96
23.5525	8484.38
23.5568	8485.79
23.5594	8487.2
23.5629	8488.62
23.5672	8490.03
23.5714	8491.45
23.5741	8492.86
23.5775	8494.27
23.5818	8495.69
23.5861	8497.1
23.5887	8498.52
23.5921	8499.93
23.5964	8501.34
23.6007	8502.76
23.6033	8504.17
23.6067	8505.59
23.611	8507
23.6145	8508.41
23.6187	8509.83
23.6222	8511.24
23.6265	8512.66
23.6291	8514.07
23.6334	8515.48
23.6368	8516.9
23.6411	8518.31
23.6437	8519.73
23.648	8521.14
23.6514	8522.55
23.6557	8523.97
23.6583	8525.38
23.6626	8526.8
23.666	8528.21
23.6703	8529.62
23.6729	8531.04
23.6772	8532.45
23.6807	8533.87
23.6849	8535.28
23.6876	8536.7
23.6918	8538.11
23.6953	8539.52
23.6995	8540.94
23.7022	8542.35
23.7064	8543.77
23.7099	8545.18
23.7142	8546.59
23.7168	8548.01
23.7211	8549.42
23.7245	8550.84
23.7288	8552.25
23.7314	8553.66
23.7357	8555.08
23.7391	8556.49
23.7434	8557.91
23.746	8559.32
23.7503	8560.73
23.7537	8562.15
23.758	8563.56
23.7606	8564.98
23.7649	8566.39
23.7684	8567.8
23.7726	8569.22
23.7769	8570.63
23.7795	8572.05
23.783	8573.46
23.7872	8574.88
23.7915	8576.29
23.7941	8577.7
23.7976	8579.12
23.8019	8580.53
23.8061	8581.95
23.8088	8583.36
23.8122	8584.77
23.8165	8586.19
23.8208	8587.6
23.8234	8589.02
23.8268	8590.43
23.8311	8591.84
23.8345	8593.26
23.8388	8594.67
23.8423	8596.09
23.8465	8597.5
23.8492	8598.91
23.8534	8600.33
23.8569	8601.74
23.8612	8603.16
23.8638	8604.57
23.8681	8605.98
23.8715	8607.4
23.8758	8608.81
23.8784	8610.23
23.8827	8611.64
23.8861	8613.05
23.8904	8614.47
23.893	8615.88
23.8973	8617.3
23.9007	8618.71
23.905	8620.12
23.9076	8621.54
23.9119	8622.95
23.9154	8624.37
23.9196	8625.78
23.9223	8627.2
23.9265	8628.61
23.93	8630.02
23.9342	8631.44
23.9369	8632.85
23.9411	8634.27
23.9446	8635.68
23.9489	8637.09
23.9515	8638.51
23.9558	8639.92
23.9592	8641.34
23.9635	8642.75
23.9661	8644.16
23.9704	8645.58
23.9738	8646.99
23.9781	8648.41
23.9807	8649.82
23.985	8651.23
23.9884	8652.65
23.9927	8654.06
23.997	8655.48
23.9996	8656.89
24.0031	8658.3
24.0073	8659.72
24.0116	8661.13
24.0142	8662.55
24.0177	8663.96
24.0219	8665.38
24.0262	8666.79
24.0288	8668.2
24.0323	8669.62
24.0366	8671.03
24.0408	8672.45
24.0435	8673.86
24.0469	8675.27
24.0512	8676.69
24.0546	8678.1
24.0589	8679.52
24.0624	8680.93
24.0666	8682.34
24.0693	8683.76
24.0735	8685.17
24.077	8686.59
24.0812	8688
24.0839	8689.41
24.0881	8690.83
24.0916	8692.24
24.0959	8693.66
24.0985	8695.07
24.1028	8696.48
24.1062	8697.9
24.1105	8699.31
24.1131	8700.73
24.1174	8702.14
24.1208	8703.55
24.1251	8704.97
24.1277	8706.38
24.132	8707.8
24.1354	8709.21
24.1397	8710.62
24.1423	8712.04
24.1466	8713.45
24.1501	8714.87
24.1543	8716.28
24.157	8717.7
24.1612	8719.11
24.1647	8720.52
24.1689	8721.94
24.1716	8723.35
24.1758	8724.77
24.1793	8726.18
24.1836	8727.59
24.1862	8729.01
24.1905	8730.42
24.1939	8731.84
24.1982	8733.25
24.2008	8734.66
24.2051	8736.08
24.2085	8737.49
24.2128	8738.91
24.2171	8740.32
24.2197	8741.73
24.2231	8743.15
24.2274	8744.56
24.2317	8745.98
24.2343	8747.39
24.2378	8748.8
24.242	8750.22
24.2463	8751.63
24.2489	8753.05
24.2524	8754.46
24.2566	8755.88
24.2609	8757.29
24.2635	8758.7
24.267	8760.12
24.2713	8761.53
24.2747	8762.95
24.279	8764.36
24.2824	8765.77
24.2867	8767.19
24.2893	8768.6
24.2936	8770.02
24.2971	8771.43
24.3013	8772.84
24.304	8774.26
24.3082	8775.67
24.3117	8777.09
24.3159	8778.5
24.3186	8779.91
24.3228	8781.33
24.3263	8782.74
24.3306	8784.16
24.3332	8785.57
24.3375	8786.98
24.3409	8788.4
24.3452	8789.81
24.3478	8791.23
24.3521	8792.64
24.3555	8794.05
24.3598	8795.47
24.3624	8796.88
24.3667	8798.3
24.3701	8799.71
24.3744	8801.12
24.377	8802.54
24.3813	8803.95
24.3848	8805.37
24.389	8806.78
24.3917	8808.2
24.3959	8809.61
24.3994	8811.02
24.4036	8812.44
24.4063	8813.85
24.4105	8815.27
24.414	8816.68
24.4183	8818.09
24.4209	8819.51
24.4252	8820.92
24.4286	8822.34
24.4329	8823.75
24.4371	8825.16
24.4398	8826.58
24.4432	8827.99
24.4475	8829.41
24.4518	8830.82
24.4544	8832.23
24.4578	8833.65
24.4621	8835.06
24.4664	8836.48
24.469	8837.89
24.4725	8839.3
24.4767	8840.72
24.481	8842.13
24.4836	8843.55
24.4871	8844.96
24.4913	8846.38
24.4948	8847.79
24.4991	8849.2
24.5025	8850.62
24.5068	8852.03
24.5094	8853.45
24.5137	8854.86
24.5171	8856.27
24.5214	8857.69
24.524	8859.1
24.5283	8860.52
24.5318	8861.93
24.536	8863.34
24.5387	8864.76
24.5429	8866.17
24.5464	8867.59
24.5506	8869
24.5533	8870.41
24.5575	8871.83
24.561	8873.24
24.5653	8874.66
24.5679	8876.07
24.5722	8877.48
24.5756	8878.9
24.5799	8880.31
24.5825	8881.73
24.5868	8883.14
24.5902	8884.55
24.5945	8885.97
24.5971	8887.38
24.6014	8888.8
24.6048	8890.21
24.6091	8891.62
24.6117	8893.04
24.616	8894.45
24.6195	8895.87
24.6237	8897.28
24.6264	8898.7
24.6306	8900.11
24.6341	8901.52
24.6383	8902.94
24.641	8904.35
24.6452	8905.77
24.6487	8907.18
24.653	8908.59
24.6572	8910.01
24.6599	8911.42
24.6633	8912.84
24.6676	8914.25
24.6718	8915.66
24.6745	8917.08
24.6779	8918.49
24.6822	8919.91
24.6865	8921.32
24.6891	8922.73
24.6925	8924.15
24.6968	8925.56
24.7011	8926.98
24.7037	8928.39
24.7072	8929.8
24.7114	8931.22
24.7149	8932.63
24.7192	8934.05
24.7226	8935.46
24.7269	8936.88
24.7295	8938.29
24.7338	8939.7
24.7372	8941.12
24.7415	8942.53
24.7441	8943.95
24.7484	8945.36
24.7518	8946.77
24.7561	8948.19
24.7587	8949.6
24.763	8951.02
24.7665	8952.43
24.7707	8953.84
24.7734	8955.26
24.7776	8956.67
24.7811	8958.09
24.7853	8959.5
24.788	8960.91
24.7922	8962.33
24.7957	8963.74
24.8	8965.16
24.8026	8966.57
24.8069	8967.98
24.8103	8969.4
24.8146	8970.81
24.8172	8972.23
24.8215	8973.64
24.8249	8975.05
24.8292	8976.47
24.8318	8977.88
24.8361	8979.3
24.8395	8980.71
24.8438	8982.12
24.8464	8983.54
24.8507	8984.95
24.8542	8986.37
24.8584	8987.78
24.8611	8989.2
24.8653	8990.61
24.8688	8992.02
24.873	8993.44
24.8773	8994.85
24.8799	8996.27
24.8834	8997.68
24.8877	8999.09
24.8919	9000.51
24.8946	9001.92
24.898	9003.34
24.9023	9004.75
24.9065	9006.16
24.9092	9007.58
24.9126	9008.99
24.9169	9010.41
24.9212	9011.82
24.9238	9013.23
24.9272	9014.65
24.9315	9016.06
24.935	9017.48
24.9392	9018.89
24.9427	9020.3
24.947	9021.72
24.9496	9023.13
24.9539	9024.55
24.9573	9025.96
24.9616	9027.38
24.9642	9028.79
24.9685	9030.2
24.9719	9031.62
24.9762	9033.03
24.9788	9034.45
24.9831	9035.86
24.9865	9037.27
24.9908	9038.69
24.9934	9040.1
24.9977	9041.52
25.0012	9042.93
25.0054	9044.34
25.0081	9045.76
25.0123	9047.17
25.0158	9048.59
25.02	9050
25.0227	9051.41
25.0269	9052.83
25.0304	9054.24
25.0347	9055.66
25.0373	9057.07
25.0416	9058.48
25.045	9059.9
25.0493	9061.31
25.0519	9062.73
25.0562	9064.14
25.0596	9065.55
25.0639	9066.97
25.0665	9068.38
25.0708	9069.8
25.0742	9071.21
25.0785	9072.62
25.0811	9074.04
25.0854	9075.45
25.0889	9076.87
25.0931	9078.28
25.0974	9079.7
25.1	9081.11
25.1035	9082.52
25.1077	9083.94
25.112	9085.35
25.1146	9086.77
25.1181	9088.18
25.1224	9089.59
25.1266	9091.01
25.1293	9092.42
25.1327	9093.84
25.137	9095.25
25.1413	9096.66
25.1439	9098.08
25.1473	9099.49
25.1516	9100.91
25.155	9102.32
25.1593	9103.73
25.1628	9105.15
25.167	9106.56
25.1697	9107.98
25.1739	9109.39
25.1774	9110.8
25.1817	9112.22
25.1843	9113.63
25.1886	9115.05
25.192	9116.46
25.1963	9117.88
25.1989	9119.29
25.2032	9120.7
25.2066	9122.12
25.2109	9123.53
25.2135	9124.95
25.2178	9126.36
25.2212	9127.77
25.2255	9129.19
25.2281	9130.6
25.2324	9132.02
25.2359	9133.43
25.2401	9134.84
25.2428	9136.26
25.247	9137.67
25.2505	9139.09
25.2547	9140.5
25.2574	9141.91
25.2616	9143.33
25.2651	9144.74
25.2694	9146.16
25.272	9147.57
25.2763	9148.98
25.2797	9150.4
25.284	9151.81
25.2866	9153.23
25.2909	9154.64
25.2943	9156.05
25.2986	9157.47
25.3012	9158.88
25.3055	9160.3
25.3089	9161.71
25.3132	9163.12
25.3175	9164.54
25.3201	9165.95
25.3236	9167.37
25.3278	9168.78
25.3321	9170.2
25.3347	9171.61
25.3382	9173.02
25.3424	9174.44
25.3467	9175.85
25.3493	9177.27
25.3528	9178.68
25.3571	9180.09
25.3613	9181.51
25.364	9182.92
25.3674	9184.34
25.3717	9185.75
25.3751	9187.16
25.3794	9188.58
25.3829	9189.99
25.3871	9191.41
25.3897	9192.82
25.394	9194.23
25.3975	9195.65
25.4017	9197.06
25.4044	9198.48
25.4086	9199.89
25.4121	9201.3
25.4164	9202.72
25.419	9204.13
25.4233	9205.55
25.4267	9206.96
25.431	9208.38
25.4336	9209.79
25.4379	9211.2
25.4413	9212.62
25.4456	9214.03
25.4482	9215.45
25.4525	9216.86
25.4559	9218.27
25.4602	9219.69
25.4628	9221.1
25.4671	9222.52
25.4706	9223.93
25.4748	9225.34
25.4775	9226.76
25.4817	9228.17
25.4852	9229.59
25.4894	9231
25.4921	9232.41
25.4963	9233.83
25.4998	9235.24
25.5041	9236.66
25.5067	9238.07
25.511	9239.48
25.5144	9240.9
25.5187	9242.31
25.5213	9243.73
25.5256	9245.14
25.529	9246.55
25.5333	9247.97
25.5376	9249.38
25.5402	9250.8
25.5436	9252.21
25.5479	9253.62
25.5522	9255.04
25.5548	9256.45
25.5583	9257.87
25.5625	9259.28
25.5668	9260.7
25.5694	9262.11
25.5729	9263.52
25.5771	9264.94
25.5814	9266.35
25.584	9267.77
25.5875	9269.18
25.5918	9270.59
25.5952	9272.01
25.5995	9273.42
25.6029	9274.84
25.6072	9276.25
25.6098	9277.66
25.6141	9279.08
25.6176	9280.49
25.6218	9281.91
25.6245	9283.32
25.6287	9284.73
25.6322	9286.15
25.6364	9287.56
25.6391	9288.98
25.6433	9290.39
25.6468	9291.8
25.6511	9293.22
25.6537	9294.63
25.658	9296.05
25.6614	9297.46
25.6657	9298.88
25.6683	9300.29
25.6726	9301.7
25.676	9303.12
25.6803	9304.53
25.6829	9305.95
25.6872	9307.36
25.6906	9308.77
25.6949	9310.19
25.6975	9311.6
25.7018	9313.02
25.7053	9314.43
25.7095	9315.84
25.7122	9317.26
25.7164	9318.67
25.7199	9320.09
25.7241	9321.5
25.7268	9322.91
25.731	9324.33
25.7345	9325.74
25.7388	9327.16
25.7414	9328.57
25.7457	9329.98
25.7491	9331.4
25.7534	9332.81
25.7576	9334.23
25.7603	9335.64
25.7637	9337.05
25.768	9338.47
25.7723	9339.88
25.7749	9341.3
25.7783	9342.71
25.7826	9344.12
25.7869	9345.54
25.7895	9346.95
25.793	9348.37
25.7972	9349.78
25.8015	9351.2
25.8041	9352.61
25.8076	9354.02
25.8118	9355.44
25.8153	9356.85
25.8196	9358.27
25.823	9359.68
25.8273	9361.09
25.8299	9362.51
25.8342	9363.92
25.8376	9365.34
25.8419	9366.75
25.8445	9368.16
25.8488	9369.58
25.8523	9370.99
25.8565	9372.41
25.8592	9373.82
25.8634	9375.23
25.8669	9376.65
25.8711	9378.06
25.8738	9379.48
25.878	9380.89
25.8815	9382.3
25.8858	9383.72
25.8884	9385.13
25.8927	9386.55
25.8961	9387.96
25.9004	9389.38
25.903	9390.79
25.9073	9392.2
25.9107	9393.62
25.915	9395.03
25.9176	9396.45
25.9219	9397.86
25.9253	9399.27
25.9296	9400.69
25.9322	9402.1
25.9365	9403.52
25.94	9404.93
25.9442	9406.34
25.9469	9407.76
25.9511	9409.17
25.9546	9410.59
25.9588	9412
25.9615	9413.41
25.9657	9414.83
25.9692	9416.24
25.9735	9417.66
25.9777	9419.07
25.9804	9420.48
25.9838	9421.9
25.9881	9423.31
25.9923	9424.73
25.995	9426.14
25.9984	9427.55
26.0027	9428.97
26.007	9430.38
26.0096	9431.8
26.013	9433.21
26.0173	9434.62
26.0216	9436.04
26.0242	9437.45
26.0277	9438.87
26.0319	9440.28
26.0354	9441.7
26.0397	9443.11
26.0431	9444.52
26.0474	9445.94
26.05	9447.35
26.0543	9448.77
26.0577	9450.18
26.062	9451.59
26.0646	9453.01
26.0689	9454.42
26.0723	9455.84
26.0766	9457.25
26.0792	9458.66
26.0835	9460.08
26.087	9461.49
26.0912	9462.91
26.0939	9464.32
26.0981	9465.73
26.1016	9467.15
26.1058	9468.56
26.1085	9469.98
26.1127	9471.39
26.1162	9472.8
26.1205	9474.22
26.1231	9475.63
26.1274	9477.05
26.1308	9478.46
26.1351	9479.88
26.1377	9481.29
26.142	9482.7
26.1454	9484.12
26.1497	9485.53
26.1523	9486.95
26.1566	9488.36
26.16	9489.77
26.1643	9491.19
26.1669	9492.6
26.1712	9494.02
26.1747	9495.43
26.1789	9496.84
26.1816	9498.26
26.1858	9499.67
26.1893	9501.09
26.1935	9502.5
26.1978	9503.91
26.2004	9505.33
26.2039	9506.74
26.2082	9508.16
26.2124	9509.57
26.2151	9510.98
26.2185	9512.4
26.2228	9513.81
26.227	9515.23
26.2297	9516.64
26.2331	9518.05
26.2374	9519.47
26.2417	9520.88
26.2443	9522.3
26.2477	9523.71
26.252	9525.12
26.2555	9526.54
26.2597	9527.95
26.2632	9529.37
26.2675	9530.78
26.2701	9532.2
26.2744	9533.61
26.2778	9535.02
26.2821	9536.44
26.2847	9537.85
26.289	9539.27
26.2924	9540.68
26.2967	9542.09
26.2993	9543.51
26.3036	9544.92
26.307	9546.34
26.3113	9547.75
26.3139	9549.16
26.3182	9550.58
26.3217	9551.99
26.3259	9553.41
26.3286	9554.82
26.3328	9556.23
26.3363	9557.65
26.3405	9559.06
26.3432	9560.48
26.3474	9561.89
26.3509	9563.3
26.3552	9564.72
26.3578	9566.13
26.3621	9567.55
26.3655	9568.96
26.3698	9570.38
26.3724	9571.79
26.3767	9573.2
26.3801	9574.62
26.3844	9576.03
26.387	9577.45
26.3913	9578.86
26.3947	9580.27
26.399	9581.69
26.4016	9583.1
26.4059	9584.52
26.4094	9585.93
26.4136	9587.34
26.4179	9588.76
26.4205	9590.17
26.424	9591.59
26.4282	9593
26.4325	9594.41
26.4351	9595.83
26.4386	9597.24
26.4429	9598.66
26.4471	9600.07
26.4498	9601.48
26.4532	9602.9
26.4575	9604.31
26.4617	9605.73
26.4644	9607.14
26.4678	9608.55
26.4721	9609.97
26.4755	9611.38
26.4798	9612.8
26.4833	9614.21
26.4875	9615.62
26.4902	9617.04
26.4944	9618.45
26.4979	9619.87
26.5022	9621.28
26.5048	9622.7
26.5091	9624.11
26.5125	9625.52
26.5168	9626.94
26.5194	9628.35
26.5237	9629.77
26.5271	9631.18
26.5314	9632.59
26.534	9634.01
26.5383	9635.42
26.5417	9636.84
26.546	9638.25
26.5486	9639.66
26.5529	9641.08
26.5564	9642.49
26.5606	9643.91
26.5633	9645.32
26.5675	9646.73
26.571	9648.15
26.5752	9649.56
26.5779	9650.98
26.5821	9652.39
26.5856	9653.8
26.5899	9655.22
26.5925	9656.63
26.5968	9658.05
26.6002	9659.46
26.6045	9660.88
26.6071	9662.29
26.6114	9663.7
26.6148	9665.12
26.6191	9666.53
26.6217	9667.95
26.626	9669.36
26.6294	9670.77
26.6337	9672.19
26.638	9673.6
26.6406	9675.02
26.6441	9676.43
26.6483	9677.84
26.6526	9679.26
26.6552	9680.67
26.6587	9682.09
26.6629	9683.5
26.6672	9684.91
26.6698	9686.33
26.6733	9687.74
26.6776	9689.16
26.6818	9690.57
26.6845	9691.98
26.6879	9693.4
26.6922	9694.81
26.6956	9696.23
26.6999	9697.64
26.7033	9699.05
26.7076	9700.47
26.7102	9701.88
26.7145	9703.3
26.718	9704.71
26.7222	9706.12
26.7249	9707.54
26.7291	9708.95
26.7326	9710.37
26.7369	9711.78
26.7395	9713.2
26.7438	9714.61
26.7472	9716.02
26.7515	9717.44
26.7541	9718.85
26.7584	9720.27
26.7618	9721.68
26.7661	9723.09
26.7687	9724.51
26.773	9725.92
26.7764	9727.34
26.7807	9728.75
26.7833	9730.16
26.7876	9731.58
26.7911	9732.99
26.7953	9734.41
26.798	9735.82
26.8022	9737.23
26.8057	9738.65
26.8099	9740.06
26.8126	9741.48
26.8168	9742.89
26.8203	9744.3
26.8246	9745.72
26.8272	9747.13
26.8315	9748.55
26.8349	9749.96
26.8392	9751.38
26.8418	9752.79
26.8461	9754.2
26.8495	9755.62
26.8538	9757.03
26.8581	9758.45
26.8607	9759.86
26.8641	9761.27
26.8684	9762.69
26.8727	9764.1
26.8753	9765.52
26.8788	9766.93
26.883	9768.34
26.8873	9769.76
26.8899	9771.17
26.8934	9772.59
26.8976	9774
26.9019	9775.41
26.9045	9776.83
26.908	9778.24
26.9123	9779.66
26.9157	9781.07
26.92	9782.48
26.9234	9783.9
26.9277	9785.31
26.9303	9786.73
26.9346	9788.14
26.9381	9789.55
26.9423	9790.97
26.9449	9792.38
26.9492	9793.8
26.9527	9795.21
26.9569	9796.62
26.9596	9798.04
26.9638	9799.45
26.9673	9800.87
26.9716	9802.28
26.9742	9803.7
26.9785	9805.11
26.9819	9806.52
26.9862	9807.94
26.9888	9809.35
26.9931	9810.77
26.9965	9812.18
27.0008	9813.59
27.0034	9815.01
27.0077	9816.42
27.0111	9817.84
27.0154	9819.25
27.018	9820.66
27.0223	9822.08
27.0258	9823.49
27.03	9824.91
27.0327	9826.32
27.0369	9827.73
27.0404	9829.15
27.0446	9830.56
27.0473	9831.98
27.0515	9833.39
27.055	9834.8
27.0593	9836.22
27.0619	9837.63
27.0662	9839.05
27.0696	9840.46
27.0739	9841.88
27.0781	9843.29
27.0808	9844.7
27.0842	9846.12
27.0885	9847.53
27.0928	9848.95
27.0954	9850.36
27.0988	9851.77
27.1031	9853.19
27.1074	9854.6
27.11	9856.02
27.1135	9857.43
27.1177	9858.84
27.122	9860.26
27.1246	9861.67
27.1281	9863.09
27.1323	9864.5
27.1358	9865.91
27.1401	9867.33
27.1435	9868.74
27.1478	9870.16
27.1504	9871.57
27.1547	9872.98
27.1581	9874.4
27.1624	9875.81
27.165	9877.23
27.1693	9878.64
27.1728	9880.05
27.177	9881.47
27.1797	9882.88
27.1839	9884.3
27.1874	9885.71
27.1916	9887.12
27.1943	9888.54
27.1985	9889.95
27.202	9891.37
27.2063	9892.78
27.2089	9894.2
27.2132	9895.61
27.2166	9897.02
27.2209	9898.44
27.2235	9899.85
27.2278	9901.27
27.2312	9902.68
27.2355	9904.09
27.2381	9905.51
27.2424	9906.92
27.2458	9908.34
27.2501	9909.75
27.2527	9911.16
27.257	9912.58
27.2605	9913.99
27.2647	9915.41
27.2674	9916.82
27.2716	9918.23
27.2751	9919.65
27.2793	9921.06
27.282	9922.48
27.2862	9923.89
27.2897	9925.3
27.294	9926.72
27.2982	9928.13
27.3009	9929.55
27.3043	9930.96
27.3086	9932.38
27.3128	9933.79
27.3155	9935.2
27.3189	9936.62
27.3232	9938.03
27.3275	9939.45
27.3301	9940.86
27.3335	9942.27
27.3378	9943.69
27.3421	9945.1
27.3447	9946.52
27.3482	9947.93
27.3524	9949.34
27.3559	9950.76
27.3601	9952.17
27.3636	9953.59
27.3679	9955
27.3705	9956.41
27.3748	9957.83
27.3782	9959.24
27.3825	9960.66
27.3851	9962.07
27.3894	9963.48
27.3928	9964.9
27.3971	9966.31
27.3997	9967.73
27.404	9969.14
27.4075	9970.55
27.4117	9971.97
27.4144	9973.38
27.4186	9974.8
27.4221	9976.21
27.4263	9977.62
27.429	9979.04
27.4332	9980.45
27.4367	9981.87
27.441	9983.28
27.4436	9984.7
27.4479	9986.11
27.4513	9987.52
27.4556	9988.94
27.4582	9990.35
27.4625	9991.77
27.4659	9993.18
27.4702	9994.59
27.4728	9996.01
27.4771	9997.42
27.4805	9998.84
27.4848	10000.2
27.4874	10001.7
27.4917	10003.1
27.4952	10004.5
27.4994	10005.9
27.5021	10007.3
27.5063	10008.7
27.5098	10010.1
27.514	10011.6
27.5183	10013
27.5209	10014.4
27.5244	10015.8
27.5287	10017.2
27.5329	10018.6
27.5356	10020
27.539	10021.5
27.5433	10022.9
27.5475	10024.3
27.5502	10025.7
27.5536	10027.1
27.5579	10028.5
27.5622	10029.9
27.5648	10031.4
27.5682	10032.8
27.5725	10034.2
27.576	10035.6
27.5802	10037
27.5837	10038.4
27.588	10039.8
27.5906	10041.3
27.5949	10042.7
27.5983	10044.1
27.6026	10045.5
27.6052	10046.9
27.6095	10048.3
27.6129	10049.7
27.6172	10051.2
27.6198	10052.6
27.6241	10054
27.6275	10055.4
27.6318	10056.8
27.6344	10058.2
27.6387	10059.6
27.6422	10061.1
27.6464	10062.5
27.6491	10063.9
27.6533	10065.3
27.6568	10066.7
27.661	10068.1
27.6637	10069.5
27.6679	10071
27.6714	10072.4
27.6757	10073.8
27.6783	10075.2
27.6826	10076.6
27.686	10078
27.6903	10079.4
27.6929	10080.9
27.6972	10082.3
27.7006	10083.7
27.7049	10085.1
27.7075	10086.5
27.7118	10087.9
27.7152	10089.3
27.7195	10090.8
27.7221	10092.2
27.7264	10093.6
27.7299	10095
27.7341	10096.4
27.7384	10097.8
27.741	10099.2
27.7445	10100.6
27.7487	10102.1
27.753	10103.5
27.7556	10104.9
27.7591	10106.3
27.7634	10107.7
27.7676	10109.1
27.7703	10110.5
27.7737	10112
27.778	10113.4
27.7822	10114.8
27.7849	10116.2
27.7883	10117.6
27.7926	10119
27.796	10120.4
27.8003	10121.9
27.8038	10123.3
27.808	10124.7
27.8107	10126.1
27.8149	10127.5
27.8184	10128.9
27.8227	10130.3
27.8253	10131.8
27.8296	10133.2
27.833	10134.6
27.8373	10136
27.8399	10137.4
27.8442	10138.8
27.8476	10140.2
27.8519	10141.7
27.8545	10143.1
27.8588	10144.5
27.8622	10145.9
27.8665	10147.3
27.8691	10148.7
27.8734	10150.1
27.8769	10151.6
27.8811	10153
27.8838	10154.4
27.888	10155.8
27.8915	10157.2
27.8957	10158.6
27.8984	10160
27.9026	10161.5
27.9061	10162.9
27.9104	10164.3
27.913	10165.7
27.9173	10167.1
27.9207	10168.5
27.925	10169.9
27.9276	10171.4
27.9319	10172.8
27.9353	10174.2
27.9396	10175.6
27.9422	10177
27.9465	10178.4
27.9499	10179.8
27.9542	10181.2
27.9585	10182.7
27.9611	10184.1
27.9646	10185.5
27.9688	10186.9
27.9731	10188.3
27.9757	10189.7
27.9792	10191.1
27.9834	10192.6
27.9877	10194
27.9903	10195.4
27.9938	10196.8
27.9981	10198.2
28.0023	10199.6
28.005	10201
28.0084	10202.5
28.0127	10203.9
28.0161	10205.3
28.0204	10206.7
28.0238	10208.1
28.0281	10209.5
28.0307	10210.9
28.035	10212.4
28.0385	10213.8
28.0427	10215.2
28.0454	10216.6
28.0496	10218
28.0531	10219.4
28.0574	10220.8
28.06	10222.3
28.0643	10223.7
28.0677	10225.1
28.072	10226.5
28.0746	10227.9
28.0789	10229.3
28.0823	10230.7
28.0866	10232.2
28.0892	10233.6
28.0935	10235
28.0969	10236.4
28.1012	10237.8
28.1038	10239.2
28.1081	10240.6
28.1116	10242.1
28.1158	10243.5
28.1185	10244.9
28.1227	10246.3
28.1262	10247.7
28.1304	10249.1
28.1331	10250.5
28.1373	10252
28.1408	10253.4
28.1451	10254.8
28.1477	10256.2
28.152	10257.6
28.1554	10259
28.1597	10260.4
28.1623	10261.9
28.1666	10263.3
28.17	10264.7
28.1743	10266.1
28.1786	10267.5
28.1812	10268.9
28.1846	10270.3
28.1889	10271.8
28.1932	10273.2
28.1958	10274.6
28.1993	10276
28.2035	10277.4
28.2078	10278.8
28.2104	10280.2
28.2139	10281.6
28.2181	10283.1
28.2224	10284.5
28.225	10285.9
28.2285	10287.3
28.2328	10288.7
28.2362	10290.1
28.2405	10291.5
28.2439	10293
28.2482	10294.4
28.2508	10295.8
28.2551	10297.2
28.2585	10298.6
28.2628	10300
28.2654	10301.4
28.2697	10302.9
28.2732	10304.3
28.2774	10305.7
28.2801	10307.1
28.2843	10308.5
28.2878	10309.9
28.2921	10311.3
28.2947	10312.8
28.299	10314.2
28.3024	10315.6
28.3067	10317
28.3093	10318.4
28.3136	10319.8
28.317	10321.2
28.3213	10322.7
28.3239	10324.1
28.3282	10325.5
28.3316	10326.9
28.3359	10328.3
28.3385	10329.7
28.3428	10331.1
28.3463	10332.6
28.3505	10334
28.3532	10335.4
28.3574	10336.8
28.3609	10338.2
28.3651	10339.6
28.3678	10341
28.372	10342.5
28.3755	10343.9
28.3798	10345.3
28.3824	10346.7
28.3867	10348.1
28.3901	10349.5
28.3944	10350.9
28.3986	10352.4
28.4013	10353.8
28.4047	10355.2
28.409	10356.6
28.4133	10358
28.4159	10359.4
28.4193	10360.8
28.4236	10362.2
28.4279	10363.7
28.4305	10365.1
28.434	10366.5
28.4382	10367.9
28.4425	10369.3
28.4451	10370.7
28.4486	10372.1
28.4528	10373.6
28.4563	10375
28.4606	10376.4
28.464	10377.8
28.4683	10379.2
28.4709	10380.6
28.4752	10382
28.4786	10383.5
28.4829	10384.9
28.4855	10386.3
28.4898	10387.7
28.4933	10389.1
28.4975	10390.5
28.5001	10391.9
28.5044	10393.4
28.5079	10394.8
28.5121	10396.2
28.5148	10397.6
28.519	10399
28.5225	10400.4
28.5268	10401.8
28.5294	10403.3
28.5337	10404.7
28.5371	10406.1
28.5414	10407.5
28.544	10408.9
28.5483	10410.3
28.5517	10411.7
28.556	10413.2
28.5586	10414.6
28.5629	10416
28.5663	10417.4
28.5706	10418.8
28.5732	10420.2
28.5775	10421.6
28.581	10423.1
28.5852	10424.5
28.5879	10425.9
28.5921	10427.3
28.5956	10428.7
28.5998	10430.1
28.6025	10431.5
28.6067	10433
28.6102	10434.4
28.6145	10435.8
28.6187	10437.2
28.6214	10438.6
28.6248	10440
28.6291	10441.4
28.6333	10442.9
28.636	10444.3
28.6394	10445.7
28.6437	10447.1
28.648	10448.5
28.6506	10449.9
28.654	10451.3
28.6583	10452.8
28.6626	10454.2
28.6652	10455.6
28.6687	10457
28.6729	10458.4
28.6764	10459.8
28.6806	10461.2
28.6841	10462.6
28.6884	10464.1
28.691	10465.5
28.6953	10466.9
28.6987	10468.3
28.703	10469.7
28.7056	10471.1
28.7099	10472.5
28.7133	10474
28.7176	10475.4
28.7202	10476.8
28.7245	10478.2
28.728	10479.6
28.7322	10481
28.7349	10482.4
28.7391	10483.9
28.7426	10485.3
28.7468	10486.7
28.7495	10488.1
28.7537	10489.5
28.7572	10490.9
28.7615	10492.3
28.7641	10493.8
28.7684	10495.2
28.7718	10496.6
28.7761	10498
28.7787	10499.4
28.783	10500.8
28.7864	10502.2
28.7907	10503.7
28.7933	10505.1
28.7976	10506.5
28.801	10507.9
28.8053	10509.3
28.8079	10510.7
28.8122	10512.1
28.8157	10513.6
28.8199	10515
28.8226	10516.4
28.8268	10517.8
28.8303	10519.2
28.8345	10520.6
28.8388	10522
28.8414	10523.5
28.8449	10524.9
28.8492	10526.3
28.8534	10527.7
28.8561	10529.1
28.8595	10530.5
28.8638	10531.9
28.868	10533.4
28.8707	10534.8
28.8741	10536.2
28.8784	10537.6
28.8827	10539
28.8853	10540.4
28.8887	10541.8
28.893	10543.2
28.8965	10544.7
28.9007	10546.1
28.9042	10547.5
28.9085	10548.9
28.9111	10550.3
28.9153	10551.7
28.9188	10553.1
28.9231	10554.6
28.9257	10556
28.93	10557.4
28.9334	10558.8
28.9377	10560.2
28.9403	10561.6
28.9446	10563
28.948	10564.5
28.9523	10565.9
28.9549	10567.3
28.9592	10568.7
28.9627	10570.1
28.9669	10571.5
28.9696	10572.9
28.9738	10574.4
28.9773	10575.8
28.9815	10577.2
28.9842	10578.6
28.9884	10580
28.9919	10581.4
28.9962	10582.8
28.9988	10584.3
29.0031	10585.7
29.0065	10587.1
29.0108	10588.5
29.0134	10589.9
29.0177	10591.3
29.0211	10592.7
29.0254	10594.2
29.028	10595.6
29.0323	10597
29.0357	10598.4
29.04	10599.8
29.0426	10601.2
29.0469	10602.6
29.0504	10604.1
29.0546	10605.5
29.0589	10606.9
29.0615	10608.3
29.065	10609.7
29.0692	10611.1
29.0735	10612.5
29.0761	10614
29.0796	10615.4
29.0839	10616.8
29.0881	10618.2
29.0908	10619.6
29.0942	10621
29.0985	10622.4
29.1027	10623.9
29.1054	10625.3
29.1088	10626.7
29.1131	10628.1
29.1165	10629.5
29.1208	10630.9
29.1243	10632.3
29.1285	10633.8
29.1312	10635.2
29.1354	10636.6
29.1389	10638
29.1432	10639.4
29.1458	10640.8
29.1501	10642.2
29.1535	10643.6
29.1578	10645.1
29.1604	10646.5
29.1647	10647.9
29.1681	10649.3
29.1724	10650.7
29.175	10652.1
29.1793	10653.5
29.1827	10655
29.187	10656.4
29.1896	10657.8
29.1939	10659.2
29.1974	10660.6
29.2016	10662
29.2043	10663.4
29.2085	10664.9
29.212	10666.3
29.2162	10667.7
29.2189	10669.1
29.2231	10670.5
29.2266	10671.9
29.2309	10673.3
29.2335	10674.8
29.2378	10676.2
29.2412	10677.6
29.2455	10679
29.2481	10680.4
29.2524	10681.8
29.2558	10683.2
29.2601	10684.7
29.2627	10686.1
29.267	10687.5
29.2704	10688.9
29.2747	10690.3
29.279	10691.7
29.2816	10693.1
29.2851	10694.6
29.2893	10696
29.2936	10697.4
29.2962	10698.8
29.2997	10700.2
29.3039	10701.6
29.3082	10703
29.3108	10704.5
29.3143	10705.9
29.3186	10707.3
29.3228	10708.7
29.3255	10710.1
29.3289	10711.5
29.3332	10712.9
29.3366	10714.4
29.3409	10715.8
29.3443	10717.2
29.3486	10718.6
29.3512	10720
29.3555	10721.4
29.359	10722.8
29.3632	10724.2
29.3659	10725.7
29.3701	10727.1
29.3736	10728.5
29.3779	10729.9
29.3805	10731.3
29.3848	10732.7
29.3882	10734.1
29.3925	10735.6
29.3951	10737
29.3994	10738.4
29.4028	10739.8
29.4071	10741.2
29.4097	10742.6
29.414	10744
29.4174	10745.5
29.4217	10746.9
29.4243	10748.3
29.4286	10749.7
29.4321	10751.1
29.4363	10752.5
29.439	10753.9
29.4432	10755.4
29.4467	10756.8
29.4509	10758.2
29.4536	10759.6
29.4578	10761
29.4613	10762.4
29.4656	10763.8
29.4682	10765.3
29.4725	10766.7
29.4759	10768.1
29.4802	10769.5
29.4828	10770.9
29.4871	10772.3
29.4905	10773.7
29.4948	10775.2
29.4991	10776.6
29.5017	10778
29.5051	10779.4
29.5094	10780.8
29.5137	10782.2
29.5163	10783.6
29.5198	10785.1
29.524	10786.5
29.5283	10787.9
29.5309	10789.3
29.5344	10790.7
29.5386	10792.1
29.5429	10793.5
29.5455	10795
29.549	10796.4
29.5533	10797.8
29.5567	10799.2
29.561	10800.6
29.5644	10802
29.5687	10803.4
29.5713	10804.9
29.5756	10806.3
29.579	10807.7
29.5833	10809.1
29.5859	10810.5
29.5902	10811.9
29.5937	10813.3
29.5979	10814.8
29.6006	10816.2
29.6048	10817.6
29.6083	10819
29.6126	10820.4
29.6152	10821.8
29.6195	10823.2
29.6229	10824.6
29.6272	10826.1
29.6298	10827.5
29.6341	10828.9
29.6375	10830.3
29.6418	10831.7
29.6444	10833.1
29.6487	10834.5
29.6521	10836
29.6564	10837.4
29.659	10838.8
29.6633	10840.2
29.6668	10841.6
29.671	10843
29.6737	10844.4
29.6779	10845.9
29.6814	10847.3
29.6856	10848.7
29.6883	10850.1
29.6925	10851.5
29.696	10852.9
29.7003	10854.3
29.7029	10855.8
29.7072	10857.2
29.7106	10858.6
29.7149	10860
29.7191	10861.4
29.7218	10862.8
29.7252	10864.2
29.7295	10865.7
29.7338	10867.1
29.7364	10868.5
29.7398	10869.9
29.7441	10871.3
29.7484	10872.7
29.751	10874.1
29.7545	10875.6
29.7587	10877
29.763	10878.4
29.7656	10879.8
29.7691	10881.2
29.7733	10882.6
29.7768	10884
29.7811	10885.5
29.7845	10886.9
29.7888	10888.3
29.7914	10889.7
29.7957	10891.1
29.7991	10892.5
29.8034	10893.9
29.806	10895.4
29.8103	10896.8
29.8137	10898.2
29.818	10899.6
29.8206	10901
29.8249	10902.4
29.8284	10903.8
29.8326	10905.2
29.8353	10906.7
29.8395	10908.1
29.843	10909.5
29.8473	10910.9
29.8499	10912.3
29.8542	10913.7
29.8576	10915.1
29.8619	10916.6
29.8645	10918
29.8688	10919.4
29.8722	10920.8
29.8765	10922.2
29.8791	10923.6
29.8834	10925
29.8868	10926.5
29.8911	10927.9
29.8937	10929.3
29.898	10930.7
29.9015	10932.1
29.9057	10933.5
29.9084	10934.9
29.9126	10936.4
29.9161	10937.8
29.9203	10939.2
29.923	10940.6
29.9272	10942
29.9307	10943.4
29.935	10944.8
29.9392	10946.3
29.9419	10947.7
29.9453	10949.1
29.9496	10950.5
29.9538	10951.9
29.9565	10953.3
29.9599	10954.7
29.9642	10956.2
29.9685	10957.6
29.9711	10959
29.9745	10960.4
29.9788	10961.8
29.9831	10963.2
29.9857	10964.6
29.9892	10966.1
29.9934	10967.5
29.9969	10968.9
30.0011	10970.3
30.0046	10971.7
30.0089	10973.1
30.0115	10974.5
30.0158	10976
30.0192	10977.4
30.0235	10978.8
30.0261	10980.2
30.0304	10981.6
30.0338	10983
30.0381	10984.4
30.0407	10985.9
30.045	10987.3
30.0485	10988.7
30.0527	10990.1
30.0553	10991.5
30.0596	10992.9
30.0631	10994.3
30.0673	10995.8
30.07	10997.2
30.0742	10998.6
30.0777	11000
30.082	11001.4
30.0846	11002.8
30.0889	11004.2
30.0923	11005.6
30.0966	11007.1
30.0992	11008.5
30.1035	11009.9
30.1069	11011.3
30.1112	11012.7
30.1138	11014.1
30.1181	11015.5
30.1215	11017
30.1258	11018.4
30.1284	11019.8
30.1327	11021.2
30.1362	11022.6
30.1404	11024
30.1431	11025.4
30.1473	11026.9
30.1508	11028.3
30.155	11029.7
30.1593	11031.1
30.1619	11032.5
30.1654	11033.9
30.1697	11035.3
30.1739	11036.8
30.1766	11038.2
30.18	11039.6
30.1843	11041
30.1885	11042.4
30.1912	11043.8
30.1946	11045.2
30.1989	11046.7
30.2032	11048.1
30.2058	11049.5
30.2092	11050.9
30.2135	11052.3
30.217	11053.7
30.2212	11055.1
30.2247	11056.6
30.2289	11058
30.2316	11059.4
30.2358	11060.8
30.2393	11062.2
30.2436	11063.6
30.2462	11065
30.2505	11066.5
30.2539	11067.9
30.2582	11069.3
30.2608	11070.7
30.2651	11072.1
30.2685	11073.5
30.2728	11074.9
30.2754	11076.4
30.2797	11077.8
30.2832	11079.2
30.2874	11080.6
30.2901	11082
30.2943	11083.4
30.2978	11084.8
30.302	11086.2
30.3047	11087.7
30.3089	11089.1
30.3124	11090.5
30.3167	11091.9
30.3193	11093.3
30.3236	11094.7
30.327	11096.1
30.3313	11097.6
30.3339	11099
30.3382	11100.4
30.3416	11101.8
30.3459	11103.2
30.3485	11104.6
30.3528	11106
30.3562	11107.5
30.3605	11108.9
30.3631	11110.3
30.3674	11111.7
30.3709	11113.1
30.3751	11114.5
30.3794	11115.9
30.382	11117.4
30.3855	11118.8
30.3897	11120.2
30.394	11121.6
30.3966	11123
30.4001	11124.4
30.4044	11125.8
30.4086	11127.3
30.4113	11128.7
30.4147	11130.1
30.419	11131.5
30.4232	11132.9
30.4259	11134.3
30.4293	11135.7
30.4336	11137.2
30.437	11138.6
30.4413	11140
30.4448	11141.4
30.449	11142.8
30.4517	11144.2
30.4559	11145.6
30.4594	11147.1
30.4637	11148.5
30.4663	11149.9
30.4705	11151.3
30.474	11152.7
30.4783	11154.1
30.4809	11155.5
30.4852	11157
30.4886	11158.4
30.4929	11159.8
30.4955	11161.2
30.4998	11162.6
30.5032	11164
30.5075	11165.4
30.5101	11166.9
30.5144	11168.3
30.5179	11169.7
30.5221	11171.1
30.5248	11172.5
30.529	11173.9
30.5325	11175.3
30.5367	11176.8
30.5394	11178.2
30.5436	11179.6
30.5471	11181
30.5514	11182.4
30.554	11183.8
30.5583	11185.2
30.5617	11186.6
30.566	11188.1
30.5686	11189.5
30.5729	11190.9
30.5763	11192.3
30.5806	11193.7
30.5832	11195.1
30.5875	11196.5
30.5909	11198
30.5952	11199.4
30.5995	11200.8
30.6021	11202.2
30.6056	11203.6
30.6098	11205
30.6141	11206.4
30.6167	11207.9
30.6202	11209.3
30.6244	11210.7
30.6287	11212.1
30.6313	11213.5
30.6348	11214.9
30.6391	11216.3
30.6433	11217.8
30.646	11219.2
30.6494	11220.6
30.6537	11222
30.6571	11223.4
30.6614	11224.8
30.6648	11226.2
30.6691	11227.7
30.6717	11229.1
30.676	11230.5
30.6795	11231.9
30.6837	11233.3
30.6864	11234.7
30.6906	11236.1
30.6941	11237.6
30.6984	11239
30.701	11240.4
30.7053	11241.8
30.7087	11243.2
30.713	11244.6
30.7156	11246
30.7199	11247.5
30.7233	11248.9
30.7276	11250.3
30.7302	11251.7
30.7345	11253.1
30.7379	11254.5
30.7422	11255.9
30.7448	11257.4
30.7491	11258.8
30.7526	11260.2
30.7568	11261.6
30.7595	11263
30.7637	11264.4
30.7672	11265.8
30.7714	11267.2
30.7741	11268.7
30.7783	11270.1
30.7818	11271.5
30.7861	11272.9
30.7887	11274.3
30.793	11275.7
30.7964	11277.1
30.8007	11278.6
30.8033	11280
30.8076	11281.4
30.811	11282.8
30.8153	11284.2
30.8196	11285.6
30.8222	11287
30.8256	11288.5
30.8299	11289.9
30.8342	11291.3
30.8368	11292.7
30.8403	11294.1
30.8445	11295.5
30.8488	11296.9
30.8514	11298.4
30.8549	11299.8
30.8591	11301.2
30.8634	11302.6
30.866	11304
30.8695	11305.4
30.8738	11306.8
30.8772	11308.3
30.8815	11309.7
30.8849	11311.1
30.8892	11312.5
30.8918	11313.9
30.8961	11315.3
30.8995	11316.7
30.9038	11318.2
30.9064	11319.6
30.9107	11321
30.9142	11322.4
30.9184	11323.8
30.9211	11325.2
30.9253	11326.6
30.9288	11328.1
30.9331	11329.5
30.9357	11330.9
30.94	11332.3
30.9434	11333.7
30.9477	11335.1
30.9503	11336.5
30.9546	11338
30.958	11339.4
30.9623	11340.8
30.9649	11342.2
30.9692	11343.6
30.9726	11345
30.9769	11346.4
30.9795	11347.9
30.9838	11349.3
30.9873	11350.7
30.9915	11352.1
30.9942	11353.5
30.9984	11354.9
31.0019	11356.3
31.0061	11357.8
31.0088	11359.2
31.013	11360.6
31.0165	11362
31.0208	11363.4
31.0234	11364.8
31.0277	11366.2
31.0311	11367.6
31.0354	11369.1
31.0396	11370.5
31.0423	11371.9
31.0457	11373.3
31.05	11374.7
31.0543	11376.1
31.0569	11377.5
31.0603	11379
31.0646	11380.4
31.0689	11381.8
31.0715	11383.2
31.075	11384.6
31.0792	11386
31.0835	11387.4
31.0861	11388.9
31.0896	11390.3
31.0938	11391.7
31.0973	11393.1
31.1016	11394.5
31.105	11395.9
31.1093	11397.3
31.1119	11398.8
31.1162	11400.2
31.1196	11401.6
31.1239	11403
31.1265	11404.4
31.1308	11405.8
31.1342	11407.2
31.1385	11408.7
31.1411	11410.1
31.1454	11411.5
31.1489	11412.9
31.1531	11414.3
31.1558	11415.7
31.16	11417.1
31.1635	11418.6
31.1678	11420
31.1704	11421.4
31.1747	11422.8
31.1781	11424.2
31.1824	11425.6
31.185	11427
31.1893	11428.5
31.1927	11429.9
31.197	11431.3
31.1996	11432.7
31.2039	11434.1
31.2073	11435.5
31.2116	11436.9
31.2142	11438.4
31.2185	11439.8
31.222	11441.2
31.2262	11442.6
31.2289	11444
31.2331	11445.4
31.2366	11446.8
31.2408	11448.2
31.2435	11449.7
31.2477	11451.1
31.2512	11452.5
31.2555	11453.9
31.2597	11455.3
31.2624	11456.7
31.2658	11458.1
31.2701	11459.6
31.2743	11461
31.277	11462.4
31.2804	11463.8
31.2847	11465.2
31.289	11466.6
31.2916	11468
31.295	11469.5
31.2993	11470.9
31.3036	11472.3
31.3062	11473.7
31.3097	11475.1
31.3139	11476.5
31.3174	11477.9
31.3216	11479.4
31.3251	11480.8
31.3294	11482.2
31.332	11483.6
31.3363	11485
31.3397	11486.4
31.344	11487.8
31.3466	11489.3
31.3509	11490.7
31.3543	11492.1
31.3586	11493.5
31.3612	11494.9
31.3655	11496.3
31.3689	11497.7
31.3732	11499.2
31.3758	11500.6
31.3801	11502
31.3836	11503.4
31.3878	11504.8
31.3905	11506.2
31.3947	11507.6
31.3982	11509.1
31.4025	11510.5
31.4051	11511.9
31.4094	11513.3
31.4128	11514.7
31.4171	11516.1
31.4197	11517.5
31.424	11519
31.4274	11520.4
31.4317	11521.8
31.4343	11523.2
31.4386	11524.6
31.442	11526
31.4463	11527.4
31.4489	11528.9
31.4532	11530.3
31.4567	11531.7
31.4609	11533.1
31.4636	11534.5
31.4678	11535.9
31.4713	11537.3
31.4755	11538.8
31.4798	11540.2
31.4824	11541.6
31.4859	11543
31.4902	11544.4
31.4944	11545.8
31.4971	11547.2
31.5005	11548.6
31.5048	11550.1
31.509	11551.5
31.5117	11552.9
31.5151	11554.3
31.5194	11555.7
31.5237	11557.1
31.5263	11558.5
31.5297	11560
31.534	11561.4
31.5375	11562.8
31.5417	11564.2
31.5452	11565.6
31.5494	11567
31.5521	11568.4
31.5563	11569.9
31.5598	11571.3
31.5641	11572.7
31.5667	11574.1
31.571	11575.5
31.5744	11576.9
31.5787	11578.3
31.5813	11579.8
31.5856	11581.2
31.589	11582.6
31.5933	11584
31.5959	11585.4
31.6002	11586.8
31.6037	11588.2
31.6079	11589.7
31.6105	11591.1
31.6148	11592.5
31.6183	11593.9
31.6225	11595.3
31.6252	11596.7
31.6294	11598.1
31.6329	11599.6
31.6372	11601
31.6398	11602.4
31.6441	11603.8
31.6475	11605.2
31.6518	11606.6
31.6544	11608
31.6587	11609.5
31.6621	11610.9
31.6664	11612.3
31.669	11613.7
31.6733	11615.1
31.6767	11616.5
31.681	11617.9
31.6836	11619.4
31.6879	11620.8
31.6914	11622.2
31.6956	11623.6
31.6999	11625
31.7025	11626.4
31.706	11627.8
31.7102	11629.2
31.7145	11630.7
31.7171	11632.1
31.7206	11633.5
31.7249	11634.9
31.7291	11636.3
31.7318	11637.7
31.7352	11639.1
31.7395	11640.6
31.7437	11642
31.7464	11643.4
31.7498	11644.8
31.7541	11646.2
31.7575	11647.6
31.7618	11649
31.7653	11650.5
31.7695	11651.9
31.7722	11653.3
31.7764	11654.7
31.7799	11656.1
31.7841	11657.5
31.7868	11658.9
31.791	11660.4
31.7945	11661.8
31.7988	11663.2
31.8014	11664.6
31.8057	11666
31.8091	11667.4
31.8134	11668.8
31.816	11670.3
31.8203	11671.7
31.8237	11673.1
31.828	11674.5
31.8306	11675.9
31.8349	11677.3
31.8384	11678.7
31.8426	11680.2
31.8453	11681.6
31.8495	11683
31.853	11684.4
31.8572	11685.8
31.8599	11687.2
31.8641	11688.6
31.8676	11690.1
31.8719	11691.5
31.8745	11692.9
31.8788	11694.3
31.8822	11695.7
31.8865	11697.1
31.8891	11698.5
31.8934	11700
31.8968	11701.4
31.9011	11702.8
31.9037	11704.2
31.908	11705.6
31.9114	11707
31.9157	11708.4
31.92	11709.9
31.9226	11711.3
31.9261	11712.7
31.9303	11714.1
31.9346	11715.5
31.9372	11716.9
31.9407	11718.3
31.9449	11719.8
31.9492	11721.2
31.9518	11722.6
31.9553	11724
31.9596	11725.4
31.9638	11726.8
31.9665	11728.2
31.9699	11729.6
31.9742	11731.1
31.9776	11732.5
31.9819	11733.9
31.9853	11735.3
31.9896	11736.7
31.9922	11738.1
31.9965	11739.5
32	11741
32.0042	11742.4
32.0069	11743.8
32.0111	11745.2
32.0146	11746.6
32.0189	11748
32.0215	11749.4
32.0257	11750.9
32.0292	11752.3
32.0335	11753.7
32.0361	11755.1
32.0404	11756.5
32.0438	11757.9
32.0481	11759.3
32.0507	11760.8
32.055	11762.2
32.0584	11763.6
32.0627	11765
32.0653	11766.4
32.0696	11767.8
32.0731	11769.2
32.0773	11770.7
32.08	11772.1
32.0842	11773.5
32.0877	11774.9
32.0919	11776.3
32.0946	11777.7
32.0988	11779.1
32.1023	11780.6
32.1066	11782
32.1092	11783.4
32.1135	11784.8
32.1169	11786.2
32.1212	11787.6
32.1238	11789
32.1281	11790.5
32.1315	11791.9
32.1358	11793.3
32.1401	11794.7
32.1427	11796.1
32.1461	11797.5
32.1504	11798.9
32.1547	11800.4
32.1573	11801.8
32.1608	11803.2
32.165	11804.6
32.1693	11806
32.1719	11807.4
32.1754	11808.8
32.1796	11810.2
32.1839	11811.7
32.1865	11813.1
32.19	11814.5
32.1943	11815.9
32.1977	11817.3
32.202	11818.7
32.2054	11820.1
32.2097	11821.6
32.2123	11823
32.2166	11824.4
32.22	11825.8
32.2243	11827.2
32.2269	11828.6
32.2312	11830
32.2347	11831.5
32.2389	11832.9
32.2416	11834.3
32.2458	11835.7
32.2493	11837.1
32.2536	11838.5
32.2562	11839.9
32.2605	11841.4
32.2639	11842.8
32.2682	11844.2
32.2708	11845.6
32.2751	11847
32.2785	11848.4
32.2828	11849.8
32.2854	11851.3
32.2897	11852.7
32.2931	11854.1
32.2974	11855.5
32.3	11856.9
32.3043	11858.3
32.3078	11859.7
32.312	11861.2
32.3147	11862.6
32.3189	11864
32.3224	11865.4
32.3266	11866.8
32.3293	11868.2
32.3335	11869.6
32.337	11871.1
32.3413	11872.5
32.3439	11873.9
32.3482	11875.3
32.3516	11876.7
32.3559	11878.1
32.3601	11879.5
32.3628	11881
32.3662	11882.4
32.3705	11883.8
32.3748	11885.2
32.3774	11886.6
32.3808	11888
32.3851	11889.4
32.3894	11890.9
32.392	11892.3
32.3955	11893.7
32.3997	11895.1
32.404	11896.5
32.4066	11897.9
32.4101	11899.3
32.4143	11900.8
32.4178	11902.2
32.4221	11903.6
32.4255	11905
32.4298	11906.4
32.4324	11907.8
32.4367	11909.2
32.4401	11910.6
32.4444	11912.1
32.447	11913.5
32.4513	11914.9
32.4547	11916.3
32.459	11917.7
32.4616	11919.1
32.4659	11920.5
32.4694	11922
32.4736	11923.4
32.4763	11924.8
32.4805	11926.2
32.484	11927.6
32.4883	11929
32.4909	11930.4
32.4952	11931.9
32.4986	11933.3
32.5029	11934.7
32.5055	11936.1
32.5098	11937.5
32.5132	11938.9
32.5175	11940.3
32.5201	11941.8
32.5244	11943.2
32.5278	11944.6
32.5321	11946
32.5347	11947.4
32.539	11948.8
32.5425	11950.2
32.5467	11951.7
32.5494	11953.1
32.5536	11954.5
32.5571	11955.9
32.5613	11957.3
32.564	11958.7
32.5682	11960.1
32.5717	11961.6
32.576	11963
32.5802	11964.4
32.5829	11965.8
32.5863	11967.2
32.5906	11968.6
32.5948	11970
32.5975	11971.5
32.6009	11972.9
32.6052	11974.3
32.6095	11975.7
32.6121	11977.1
32.6155	11978.5
32.6198	11979.9
32.6241	11981.4
32.6267	11982.8
32.6302	11984.2
32.6344	11985.6
32.6379	11987
32.6421	11988.4
32.6456	11989.8
32.6499	11991.2
32.6525	11992.7
32.6568	11994.1
32.6602	11995.5
32.6645	11996.9
32.6671	11998.3
32.6714	11999.7
32.6748	12001.1
32.6791	12002.6
32.6817	12004
32.686	12005.4
32.6894	12006.8
32.6937	12008.2
32.6963	12009.6
32.7006	12011
32.7041	12012.5
32.7083	12013.9
32.711	12015.3
32.7152	12016.7
32.7187	12018.1
32.723	12019.5
32.7256	12020.9
32.7299	12022.4
32.7333	12023.8
32.7376	12025.2
32.7402	12026.6
32.7445	12028
32.7479	12029.4
32.7522	12030.8
32.7548	12032.3
32.7591	12033.7
32.7625	12035.1
32.7668	12036.5
32.7694	12037.9
32.7737	12039.3
32.7772	12040.7
32.7814	12042.2
32.7841	12043.6
32.7883	12045
32.7918	12046.4
32.796	12047.8
32.8003	12049.2
32.8029	12050.6
32.8064	12052.1
32.8107	12053.5
32.8149	12054.9
32.8176	12056.3
32.821	12057.7
32.8253	12059.1
32.8295	12060.5
32.8322	12062
32.8356	12063.4
32.8399	12064.8
32.8442	12066.2
32.8468	12067.6
32.8502	12069
32.8545	12070.4
32.858	12071.9
32.8622	12073.3
32.8657	12074.7
32.8699	12076.1
32.8726	12077.5
32.8768	12078.9
32.8803	12080.3
32.8846	12081.8
32.8872	12083.2
32.8915	12084.6
32.8949	12086
32.8992	12087.4
32.9018	12088.8
32.9061	12090.2
32.9095	12091.6
32.9138	12093.1
32.9164	12094.5
32.9207	12095.9
32.9241	12097.3
32.9284	12098.7
32.931	12100.1
32.9353	12101.5
32.9388	12103
32.943	12104.4
32.9457	12105.8
32.9499	12107.2
32.9534	12108.6
32.9577	12110
32.9603	12111.4
32.9646	12112.9
32.968	12114.3
32.9723	12115.7
32.9749	12117.1
32.9792	12118.5
32.9826	12119.9
32.9869	12121.3
32.9895	12122.8
32.9938	12124.2
32.9972	12125.6
33.0015	12127
33.0041	12128.4
33.0084	12129.8
33.0119	12131.2
33.0161	12132.7
33.0204	12134.1
33.023	12135.5
33.0265	12136.9
33.0307	12138.3
33.035	12139.7
33.0376	12141.1
33.0411	12142.6
33.0454	12144
33.0496	12145.4
33.0523	12146.8
33.0557	12148.2
33.06	12149.6
33.0642	12151
33.0669	12152.5
33.0703	12153.9
33.0746	12155.3
33.078	12156.7
33.0823	12158.1
33.0858	12159.5
33.09	12160.9
33.0927	12162.4
33.0969	12163.8
33.1004	12165.2
33.1046	12166.6
33.1073	12168
33.1115	12169.4
33.115	12170.8
33.1193	12172.2
33.1219	12173.7
33.1262	12175.1
33.1296	12176.5
33.1339	12177.9
33.1365	12179.3
33.1408	12180.7
33.1442	12182.1
33.1485	12183.6
33.1511	12185
33.1554	12186.4
33.1589	12187.8
33.1631	12189.2
33.1657	12190.6
33.17	12192
33.1735	12193.5
33.1777	12194.9
33.1804	12196.3
33.1846	12197.7
33.1881	12199.1
33.1924	12200.5
33.195	12201.9
33.1993	12203.4
33.2027	12204.8
33.207	12206.2
33.2096	12207.6
33.2139	12209
33.2173	12210.4
33.2216	12211.8
33.2242	12213.3
33.2285	12214.7
33.2319	12216.1
33.2362	12217.5
33.2405	12218.9
33.2431	12220.3
33.2466	12221.7
33.2508	12223.2
33.2551	12224.6
33.2577	12226
33.2612	12227.4
33.2654	12228.8
33.2697	12230.2
33.2723	12231.6
33.2758	12233.1
33.2801	12234.5
33.2843	12235.9
33.287	12237.3
33.2904	12238.7
33.2947	12240.1
33.2981	12241.5
33.3024	12243
33.3058	12244.4
33.3101	12245.8
33.3127	12247.2
33.317	12248.6
33.3205	12250
33.3247	12251.4
33.3274	12252.9
33.3316	12254.3
33.3351	12255.7
33.3393	12257.1
33.342	12258.5
33.3462	12259.9
33.3497	12261.3
33.354	12262.8
33.3566	12264.2
33.3609	12265.6
33.3643	12267
33.3686	12268.4
33.3712	12269.8
33.3755	12271.2
33.3789	12272.6
33.3832	12274.1
33.3858	12275.5
33.3901	12276.9
33.3936	12278.3
33.3978	12279.7
33.4005	12281.1
33.4047	12282.5
33.4082	12284
33.4124	12285.4
33.4151	12286.8
33.4193	12288.2
33.4228	12289.6
33.4271	12291
33.4297	12292.4
33.434	12293.9
33.4374	12295.3
33.4417	12296.7
33.4443	12298.1
33.4486	12299.5
33.452	12300.9
33.4563	12302.3
33.4606	12303.8
33.4632	12305.2
33.4666	12306.6
33.4709	12308
33.4752	12309.4
33.4778	12310.8
33.4813	12312.2
33.4855	12313.7
33.4898	12315.1
33.4924	12316.5
33.4959	12317.9
33.5001	12319.3
33.5044	12320.7
33.507	12322.1
33.5105	12323.6
33.5148	12325
33.5182	12326.4
33.5225	12327.8
33.5259	12329.2
33.5302	12330.6
33.5328	12332
33.5371	12333.5
33.5405	12334.9
33.5448	12336.3
33.5474	12337.7
33.5517	12339.1
33.5552	12340.5
33.5594	12341.9
33.5621	12343.4
33.5663	12344.8
33.5698	12346.2
33.5741	12347.6
33.5767	12349
33.5809	12350.4
33.5844	12351.8
33.5887	12353.2
33.5913	12354.7
33.5956	12356.1
33.599	12357.5
33.6033	12358.9
33.6059	12360.3
33.6102	12361.7
33.6136	12363.1
33.6179	12364.6
33.6205	12366
33.6248	12367.4
33.6283	12368.8
33.6325	12370.2
33.6352	12371.6
33.6394	12373
33.6429	12374.5
33.6471	12375.9
33.6498	12377.3
33.654	12378.7
33.6575	12380.1
33.6618	12381.5
33.6644	12382.9
33.6687	12384.4
33.6721	12385.8
33.6764	12387.2
33.6806	12388.6
33.6833	12390
33.6867	12391.4
33.691	12392.8
33.6953	12394.3
33.6979	12395.7
33.7013	12397.1
33.7056	12398.5
33.7099	12399.9
33.7125	12401.3
33.716	12402.7
33.7202	12404.2
33.7245	12405.6
33.7271	12407
33.7306	12408.4
33.7348	12409.8
33.7383	12411.2
33.7426	12412.6
33.746	12414.1
33.7503	12415.5
33.7529	12416.9
33.7572	12418.3
33.7606	12419.7
33.7649	12421.1
33.7675	12422.5
33.7718	12424
33.7752	12425.4
33.7795	12426.8
33.7821	12428.2
33.7864	12429.6
33.7899	12431
33.7941	12432.4
33.7968	12433.9
33.801	12435.3
33.8045	12436.7
33.8088	12438.1
33.8114	12439.5
33.8157	12440.9
33.8191	12442.3
33.8234	12443.8
33.826	12445.2
33.8303	12446.6
33.8337	12448
33.838	12449.4
33.8406	12450.8
33.8449	12452.2
33.8483	12453.6
33.8526	12455.1
33.8552	12456.5
33.8595	12457.9
33.863	12459.3
33.8672	12460.7
33.8699	12462.1
33.8741	12463.5
33.8776	12465
33.8818	12466.4
33.8845	12467.8
33.8887	12469.2
33.8922	12470.6
33.8965	12472
33.9007	12473.4
33.9034	12474.9
33.9068	12476.3
33.9111	12477.7
33.9153	12479.1
33.918	12480.5
33.9214	12481.9
33.9257	12483.3
33.93	12484.8
33.9326	12486.2
33.936	12487.6
33.9403	12489
33.9446	12490.4
33.9472	12491.8
33.9507	12493.2
33.9549	12494.7
33.9584	12496.1
33.9626	12497.5
33.9661	12498.9
33.9704	12500.3
33.973	12501.7
33.9773	12503.1
33.9807	12504.6
33.985	12506
33.9876	12507.4
33.9919	12508.8
33.9953	12510.2
33.9996	12511.6
34.0022	12513
34.0065	12514.5
34.0099	12515.9
34.0142	12517.3
34.0168	12518.7
34.0211	12520.1
34.0246	12521.5
34.0288	12522.9
34.0315	12524.4
34.0357	12525.8
34.0392	12527.2
34.0435	12528.6
34.0461	12530
34.0504	12531.4
34.0538	12532.8
34.0581	12534.2
34.0607	12535.7
34.065	12537.1
34.0684	12538.5
34.0727	12539.9
34.0753	12541.3
34.0796	12542.7
34.083	12544.1
34.0873	12545.6
34.0899	12547
34.0942	12548.4
34.0977	12549.8
34.1019	12551.2
34.1046	12552.6
34.1088	12554
34.1123	12555.5
34.1165	12556.9
34.1208	12558.3
34.1234	12559.7
34.1269	12561.1
34.1312	12562.5
34.1354	12563.9
34.1381	12565.4
34.1415	12566.8
34.1458	12568.2
34.15	12569.6
34.1527	12571
34.1561	12572.4
34.1604	12573.8
34.1647	12575.3
34.1673	12576.7
34.1707	12578.1
34.175	12579.5
34.1785	12580.9
34.1827	12582.3
34.1862	12583.7
34.1904	12585.2
34.1931	12586.6
34.1973	12588
34.2008	12589.4
34.2051	12590.8
34.2077	12592.2
34.212	12593.6
34.2154	12595.1
34.2197	12596.5
34.2223	12597.9
34.2266	12599.3
34.23	12600.7
34.2343	12602.1
34.2369	12603.5
34.2412	12605
34.2446	12606.4
34.2489	12607.8
34.2515	12609.2
34.2558	12610.6
34.2593	12612
34.2635	12613.4
34.2662	12614.9
34.2704	12616.3
34.2739	12617.7
34.2782	12619.1
34.2808	12620.5
34.2851	12621.9
34.2885	12623.3
34.2928	12624.8
34.2954	12626.2
34.2997	12627.6
34.3031	12629
34.3074	12630.4
34.31	12631.8
34.3143	12633.2
34.3177	12634.6
34.322	12636.1
34.3246	12637.5
34.3289	12638.9
34.3324	12640.3
34.3366	12641.7
34.3409	12643.1
34.3435	12644.5
34.347	12646
34.3512	12647.4
34.3555	12648.8
34.3581	12650.2
34.3616	12651.6
34.3659	12653
34.3701	12654.4
34.3728	12655.9
34.3762	12657.3
34.3805	12658.7
34.3847	12660.1
34.3874	12661.5
34.3908	12662.9
34.3951	12664.3
34.3985	12665.8
34.4028	12667.2
34.4063	12668.6
34.4105	12670
34.4132	12671.4
34.4174	12672.8
34.4209	12674.2
34.4251	12675.7
34.4278	12677.1
34.432	12678.5
34.4355	12679.9
34.4398	12681.3
34.4424	12682.7
34.4467	12684.1
34.4501	12685.6
34.4544	12687
34.457	12688.4
34.4613	12689.8
34.4647	12691.2
34.469	12692.6
34.4716	12694
34.4759	12695.5
34.4793	12696.9
34.4836	12698.3
34.4862	12699.7
34.4905	12701.1
34.494	12702.5
34.4982	12703.9
34.5009	12705.4
34.5051	12706.8
34.5086	12708.2
34.5129	12709.6
34.5155	12711
34.5198	12712.4
34.5232	12713.8
34.5275	12715.2
34.5301	12716.7
34.5344	12718.1
34.5378	12719.5
34.5421	12720.9
34.5447	12722.3
34.549	12723.7
34.5524	12725.1
34.5567	12726.6
34.561	12728
34.5636	12729.4
34.5671	12730.8
34.5713	12732.2
34.5756	12733.6
34.5782	12735
34.5817	12736.5
34.5859	12737.9
34.5902	12739.3
34.5928	12740.7
34.5963	12742.1
34.6006	12743.5
34.6048	12744.9
34.6075	12746.4
34.6109	12747.8
34.6152	12749.2
34.6186	12750.6
34.6229	12752
34.6263	12753.4
34.6306	12754.8
34.6332	12756.3
34.6375	12757.7
34.641	12759.1
34.6452	12760.5
34.6479	12761.9
34.6521	12763.3
34.6556	12764.7
34.6598	12766.2
34.6625	12767.6
34.6667	12769
34.6702	12770.4
34.6745	12771.8
34.6771	12773.2
34.6814	12774.6
34.6848	12776.1
34.6891	12777.5
34.6917	12778.9
34.696	12780.3
34.6994	12781.7
34.7037	12783.1
34.7063	12784.5
34.7106	12786
34.7141	12787.4
34.7183	12788.8
34.7209	12790.2
34.7252	12791.6
34.7287	12793
34.7329	12794.4
34.7356	12795.9
34.7398	12797.3
34.7433	12798.7
34.7476	12800.1
34.7502	12801.5
34.7545	12802.9
34.7579	12804.3
34.7622	12805.8
34.7648	12807.2
34.7691	12808.6
34.7725	12810
34.7768	12811.4
34.7811	12812.8
34.7837	12814.2
34.7871	12815.6
34.7914	12817.1
34.7957	12818.5
34.7983	12819.9
34.8018	12821.3
34.806	12822.7
34.8103	12824.1
34.8129	12825.5
34.8164	12827
34.8206	12828.4
34.8249	12829.8
34.8275	12831.2
34.831	12832.6
34.8353	12834
34.8387	12835.4
34.843	12836.9
34.8464	12838.3
34.8507	12839.7
34.8533	12841.1
34.8576	12842.5
34.861	12843.9
34.8653	12845.3
34.8679	12846.8
34.8722	12848.2
34.8757	12849.6
34.8799	12851
34.8826	12852.4
34.8868	12853.8
34.8903	12855.2
34.8945	12856.7
34.8972	12858.1
34.9014	12859.5
34.9049	12860.9
34.9092	12862.3
34.9118	12863.7
34.9161	12865.1
34.9195	12866.6
34.9238	12868
34.9264	12869.4
34.9307	12870.8
34.9341	12872.2
34.9384	12873.6
34.941	12875
34.9453	12876.5
34.9488	12877.9
34.953	12879.3
34.9557	12880.7
34.9599	12882.1
34.9634	12883.5
34.9676	12884.9
34.9703	12886.4
34.9745	12887.8
34.978	12889.2
34.9823	12890.6
34.9849	12892
34.9892	12893.4
34.9926	12894.8
34.9969	12896.2
35.0011	12897.7
35.0038	12899.1
35.0072	12900.5
35.0115	12901.9
35.0158	12903.3
35.0184	12904.7
35.0218	12906.1
35.0261	12907.6
35.0304	12909
35.033	12910.4
35.0365	12911.8
35.0407	12913.2
35.045	12914.6
35.0476	12916
35.0511	12917.5
35.0553	12918.9
35.0588	12920.3
35.0631	12921.7
35.0665	12923.1
35.0708	12924.5
35.0734	12925.9
35.0777	12927.4
35.0811	12928.8
35.0854	12930.2
35.088	12931.6
35.0923	12933
35.0957	12934.4
35.1	12935.8
35.1026	12937.3
35.1069	12938.7
35.1104	12940.1
35.1146	12941.5
35.1173	12942.9
35.1215	12944.3
35.125	12945.7
35.1293	12947.2
35.1319	12948.6
35.1361	12950
35.1396	12951.4
35.1439	12952.8
35.1465	12954.2
35.1508	12955.6
35.1542	12957.1
35.1585	12958.5
35.1611	12959.9
35.1654	12961.3
35.1688	12962.7
35.1731	12964.1
35.1757	12965.5
35.18	12967
35.1835	12968.4
35.1877	12969.8
35.1904	12971.2
35.1946	12972.6
35.1981	12974
35.2023	12975.4
35.205	12976.9
35.2092	12978.3
35.2127	12979.7
35.217	12981.1
35.2212	12982.5
35.2239	12983.9
35.2273	12985.3
35.2316	12986.8
35.2358	12988.2
35.2385	12989.6
35.2419	12991
35.2462	12992.4
35.2505	12993.8
35.2531	12995.2
35.2565	12996.6
35.2608	12998.1
35.2651	12999.5
35.2677	13000.9
35.2712	13002.3
35.2754	13003.7
35.2789	13005.1
35.2831	13006.5
35.2866	13008
35.2909	13009.4
35.2935	13010.8
35.2978	13012.2
35.3012	13013.6
35.3055	13015
35.3081	13016.4
35.3124	13017.9
35.3158	13019.3
35.3201	13020.7
35.3227	13022.1
35.327	13023.5
35.3304	13024.9
35.3347	13026.3
35.3373	13027.8
35.3416	13029.2
35.3451	13030.6
35.3493	13032
35.352	13033.4
35.3562	13034.8
35.3597	13036.2
35.364	13037.7
35.3666	13039.1
35.3709	13040.5
35.3743	13041.9
35.3786	13043.3
35.3812	13044.7
35.3855	13046.1
35.3889	13047.6
35.3932	13049
35.3958	13050.4
35.4001	13051.8
35.4035	13053.2
35.4078	13054.6
35.4104	13056
35.4147	13057.5
35.4182	13058.9
35.4224	13060.3
35.4251	13061.7
35.4293	13063.1
35.4328	13064.5
35.437	13065.9
35.4413	13067.4
35.4439	13068.8
35.4474	13070.2
35.4517	13071.6
35.4559	13073
35.4586	13074.4
35.462	13075.8
35.4663	13077.2
35.4705	13078.7
35.4732	13080.1
35.4766	13081.5
35.4809	13082.9
35.4852	13084.3
35.4878	13085.7
35.4912	13087.1
35.4955	13088.6
35.499	13090
35.5032	13091.4
35.5067	13092.8
35.5109	13094.2
35.5136	13095.6
35.5178	13097
35.5213	13098.5
35.5256	13099.9
35.5282	13101.3
35.5325	13102.7
35.5359	13104.1
35.5402	13105.5
35.5428	13106.9
35.5471	13108.4
35.5505	13109.8
35.5548	13111.2
35.5574	13112.6
35.5617	13114
35.5651	13115.4
35.5694	13116.8
35.572	13118.3
35.5763	13119.7
35.5798	13121.1
35.584	13122.5
35.5867	13123.9
35.5909	13125.3
35.5944	13126.7
35.5987	13128.2
35.6013	13129.6
35.6056	13131
35.609	13132.4
35.6133	13133.8
35.6159	13135.2
35.6202	13136.6
35.6236	13138.1
35.6279	13139.5
35.6305	13140.9
35.6348	13142.3
35.6382	13143.7
35.6425	13145.1
35.6451	13146.5
35.6494	13148
35.6529	13149.4
35.6571	13150.8
35.6614	13152.2
35.664	13153.6
35.6675	13155
35.6717	13156.4
35.676	13157.9
35.6786	13159.3
35.6821	13160.7
35.6864	13162.1
35.6906	13163.5
35.6933	13164.9
35.6967	13166.3
35.701	13167.8
35.7052	13169.2
35.7079	13170.6
35.7113	13172
35.7156	13173.4
35.719	13174.8
35.7233	13176.2
35.7268	13177.6
35.731	13179.1
35.7337	13180.5
35.7379	13181.9
35.7414	13183.3
35.7456	13184.7
35.7483	13186.1
35.7525	13187.5
35.756	13189
35.7603	13190.4
35.7629	13191.8
35.7672	13193.2
35.7706	13194.6
35.7749	13196
35.7775	13197.4
35.7818	13198.9
35.7852	13200.3
35.7895	13201.7
35.7921	13203.1
35.7964	13204.5
35.7998	13205.9
35.8041	13207.3
35.8067	13208.8
35.811	13210.2
35.8145	13211.6
35.8187	13213
35.8214	13214.4
35.8256	13215.8
35.8291	13217.2
35.8334	13218.7
35.836	13220.1
35.8403	13221.5
35.8437	13222.9
35.848	13224.3
35.8506	13225.7
35.8549	13227.1
35.8583	13228.6
35.8626	13230
35.8652	13231.4
35.8695	13232.8
35.8729	13234.2
35.8772	13235.6
35.8815	13237
35.8841	13238.5
35.8876	13239.9
35.8918	13241.3
35.8961	13242.7
35.8987	13244.1
35.9022	13245.5
35.9064	13246.9
35.9107	13248.4
35.9133	13249.8
35.9168	13251.2
35.9211	13252.6
35.9253	13254
35.928	13255.4
35.9314	13256.8
35.9357	13258.2
35.9391	13259.7
35.9434	13261.1
35.9468	13262.5
35.9511	13263.9
35.9537	13265.3
35.958	13266.7
35.9615	13268.1
35.9657	13269.6
35.9684	13271
35.9726	13272.4
35.9761	13273.8
35.9803	13275.2
35.983	13276.6
35.9872	13278
35.9907	13279.5
35.995	13280.9
35.9976	13282.3
36.0019	13283.7
36.0053	13285.1
36.0096	13286.5
36.0122	13287.9
36.0165	13289.4
36.0199	13290.8
36.0242	13292.2
36.0268	13293.6
36.0311	13295
36.0345	13296.4
36.0388	13297.8
36.0414	13299.3
36.0457	13300.7
36.0492	13302.1
36.0534	13303.5
36.0561	13304.9
36.0603	13306.3
36.0638	13307.7
36.0681	13309.2
36.0707	13310.6
36.075	13312
36.0784	13313.4
36.0827	13314.8
36.0853	13316.2
36.0896	13317.6
36.093	13319.1
36.0973	13320.5
36.1016	13321.9
36.1042	13323.3
36.1076	13324.7
36.1119	13326.1
36.1162	13327.5
36.1188	13329
36.1223	13330.4
36.1265	13331.8
36.1308	13333.2
36.1334	13334.6
36.1369	13336
36.1411	13337.4
36.1454	13338.9
36.148	13340.3
36.1515	13341.7
36.1558	13343.1
36.1592	13344.5
36.1635	13345.9
36.1669	13347.3
36.1712	13348.8
36.1738	13350.2
36.1781	13351.6
36.1815	13353
36.1858	13354.4
36.1884	13355.8
36.1927	13357.2
36.1962	13358.6
36.2004	13360.1
36.2031	13361.5
36.2073	13362.9
36.2108	13364.3
36.215	13365.7
36.2177	13367.1
36.2219	13368.5
36.2254	13370
36.2297	13371.4
36.2323	13372.8
36.2366	13374.2
36.24	13375.6
36.2443	13377
36.2469	13378.4
36.2512	13379.9
36.2546	13381.3
36.2589	13382.7
36.2615	13384.1
36.2658	13385.5
36.2693	13386.9
36.2735	13388.3
36.2761	13389.8
36.2804	13391.2
36.2839	13392.6
36.2881	13394
36.2908	13395.4
36.295	13396.8
36.2985	13398.2
36.3028	13399.7
36.3054	13401.1
36.3097	13402.5
36.3131	13403.9
36.3174	13405.3
36.3216	13406.7
36.3243	13408.1
36.3277	13409.6
36.332	13411
36.3363	13412.4
36.3389	13413.8
36.3423	13415.2
36.3466	13416.6
36.3509	13418
36.3535	13419.5
36.357	13420.9
36.3612	13422.3
36.3655	13423.7
36.3681	13425.1
36.3716	13426.5
36.3758	13427.9
36.3793	13429.4
36.3836	13430.8
36.387	13432.2
36.3913	13433.6
36.3939	13435
36.3982	13436.4
36.4016	13437.8
36.4059	13439.2
36.4085	13440.7
36.4128	13442.1
36.4162	13443.5
36.4205	13444.9
36.4231	13446.3
36.4274	13447.7
36.4309	13449.1
36.4351	13450.6
36.4378	13452
36.442	13453.4
36.4455	13454.8
36.4497	13456.2
36.4524	13457.6
36.4566	13459
36.4601	13460.5
36.4644	13461.9
36.467	13463.3
36.4713	13464.7
36.4747	13466.1
36.479	13467.5
36.4816	13468.9
36.4859	13470.4
36.4893	13471.8
36.4936	13473.2
36.4962	13474.6
36.5005	13476
36.504	13477.4
36.5082	13478.8
36.5109	13480.3
36.5151	13481.7
36.5186	13483.1
36.5228	13484.5
36.5255	13485.9
36.5297	13487.3
36.5332	13488.7
36.5375	13490.2
36.5417	13491.6
36.5444	13493
36.5478	13494.4
36.5521	13495.8
36.5563	13497.2
36.559	13498.6
36.5624	13500.1
36.5667	13501.5
36.571	13502.9
36.5736	13504.3
36.577	13505.7
36.5813	13507.1
36.5856	13508.5
36.5882	13510
36.5917	13511.4
36.5959	13512.8
36.5994	13514.2
36.6036	13515.6
36.6071	13517
36.6114	13518.4
36.614	13519.9
36.6183	13521.3
36.6217	13522.7
36.626	13524.1
36.6286	13525.5
36.6329	13526.9
36.6363	13528.3
36.6406	13529.8
36.6432	13531.2
36.6475	13532.6
36.6509	13534
36.6552	13535.4
36.6578	13536.8
36.6621	13538.2
36.6656	13539.6
36.6698	13541.1
36.6725	13542.5
36.6767	13543.9
36.6802	13545.3
36.6845	13546.7
36.6871	13548.1
36.6913	13549.5
36.6948	13551
36.6991	13552.4
36.7017	13553.8
36.706	13555.2
36.7094	13556.6
36.7137	13558
36.7163	13559.4
36.7206	13560.9
36.724	13562.3
36.7283	13563.7
36.7309	13565.1
36.7352	13566.5
36.7387	13567.9
36.7429	13569.3
36.7456	13570.8
36.7498	13572.2
36.7533	13573.6
36.7575	13575
36.7618	13576.4
36.7644	13577.8
36.7679	13579.2
36.7722	13580.7
36.7764	13582.1
36.7791	13583.5
36.7825	13584.9
36.7868	13586.3
36.791	13587.7
36.7937	13589.1
36.7971	13590.6
36.8014	13592
36.8057	13593.4
36.8083	13594.8
36.8117	13596.2
36.816	13597.6
36.8195	13599
36.8237	13600.5
36.8272	13601.9
36.8314	13603.3
36.8341	13604.7
36.8383	13606.1
36.8418	13607.5
36.8461	13608.9
36.8487	13610.4
36.853	13611.8
36.8564	13613.2
36.8607	13614.6
36.8633	13616
36.8676	13617.4
36.871	13618.8
36.8753	13620.2
36.8779	13621.7
36.8822	13623.1
36.8856	13624.5
36.8899	13625.9
36.8925	13627.3
36.8968	13628.7
36.9003	13630.1
36.9045	13631.6
36.9072	13633
36.9114	13634.4
36.9149	13635.8
36.9192	13637.2
36.9218	13638.6
36.9261	13640
36.9295	13641.5
36.9338	13642.9
36.9364	13644.3
36.9407	13645.7
36.9441	13647.1
36.9484	13648.5
36.951	13649.9
36.9553	13651.4
36.9587	13652.8
36.963	13654.2
36.9656	13655.6
36.9699	13657
36.9734	13658.4
36.9776	13659.8
36.9819	13661.3
36.9845	13662.7
36.988	13664.1
36.9922	13665.5
36.9965	13666.9
36.9991	13668.3
37.0026	13669.7
37.0069	13671.2
37.0111	13672.6
37.0138	13674
37.0172	13675.4
37.0215	13676.8
37.0257	13678.2
37.0284	13679.6
37.0318	13681.1
37.0361	13682.5
37.0395	13683.9
37.0438	13685.3
37.0473	13686.7
37.0515	13688.1
37.0542	13689.5
37.0584	13691
37.0619	13692.4
37.0661	13693.8
37.0688	13695.2
37.073	13696.6
37.0765	13698
37.0808	13699.4
37.0834	13700.9
37.0877	13702.3
37.0911	13703.7
37.0954	13705.1
37.098	13706.5
37.1023	13707.9
37.1057	13709.3
37.11	13710.8
37.1126	13712.2
37.1169	13713.6
37.1203	13715
37.1246	13716.4
37.1272	13717.8
37.1315	13719.2
37.135	13720.6
37.1392	13722.1
37.1419	13723.5
37.1461	13724.9
37.1496	13726.3
37.1539	13727.7
37.1565	13729.1
37.1608	13730.5
37.1642	13732
37.1685	13733.4
37.1711	13734.8
37.1754	13736.2
37.1788	13737.6
37.1831	13739
37.1857	13740.4
37.19	13741.9
37.1934	13743.3
37.1977	13744.7
37.202	13746.1
37.2046	13747.5
37.2081	13748.9
37.2123	13750.3
37.2166	13751.8
37.2192	13753.2
37.2227	13754.6
37.2269	13756
37.2312	13757.4
37.2338	13758.8
37.2373	13760.2
37.2416	13761.7
37.2458	13763.1
37.2485	13764.5
37.2519	13765.9
37.2562	13767.3
37.2596	13768.7
37.2639	13770.1
37.2673	13771.6
37.2716	13773
37.2742	13774.4
37.2785	13775.8
37.282	13777.2
37.2862	13778.6
37.2889	13780
37.2931	13781.5
37.2966	13782.9
37.3008	13784.3
37.3035	13785.7
37.3077	13787.1
37.3112	13788.5
37.3155	13789.9
37.3181	13791.4
37.3224	13792.8
37.3258	13794.2
37.3301	13795.6
37.3327	13797
37.337	13798.4
37.3404	13799.8
37.3447	13801.2
37.3473	13802.7
37.3516	13804.1
37.355	13805.5
37.3593	13806.9
37.3619	13808.3
37.3662	13809.7
37.3697	13811.1
37.3739	13812.6
37.3766	13814
37.3808	13815.4
37.3843	13816.8
37.3886	13818.2
37.3912	13819.6
37.3955	13821
37.3989	13822.5
37.4032	13823.9
37.4058	13825.3
37.4101	13826.7
37.4135	13828.1
37.4178	13829.5
37.4221	13830.9
37.4247	13832.4
37.4281	13833.8
37.4324	13835.2
37.4367	13836.6
37.4393	13838
37.4428	13839.4
37.447	13840.8
37.4513	13842.3
37.4539	13843.7
37.4574	13845.1
37.4616	13846.5
37.4659	13847.9
37.4685	13849.3
37.472	13850.7
37.4763	13852.2
37.4797	13853.6
37.484	13855
37.4874	13856.4
37.4917	13857.8
37.4943	13859.2
37.4986	13860.6
37.502	13862.1
37.5063	13863.5
37.5089	13864.9
37.5132	13866.3
37.5167	13867.7
37.5209	13869.1
37.5236	13870.5
37.5278	13872
37.5313	13873.4
37.5355	13874.8
37.5382	13876.2
37.5424	13877.6
37.5459	13879
37.5502	13880.4
37.5528	13881.9
37.5571	13883.3
37.5605	13884.7
37.5648	13886.1
37.5674	13887.5
37.5717	13888.9
37.5751	13890.3
37.5794	13891.8
37.582	13893.2
37.5863	13894.6
37.5897	13896
37.594	13897.4
37.5966	13898.8
37.6009	13900.2
37.6044	13901.6
37.6086	13903.1
37.6113	13904.5
37.6155	13905.9
37.619	13907.3
37.6233	13908.7
37.6259	13910.1
37.6302	13911.5
37.6336	13913
37.6379	13914.4
37.6421	13915.8
37.6448	13917.2
37.6482	13918.6
37.6525	13920
37.6568	13921.4
37.6594	13922.9
37.6628	13924.3
37.6671	13925.7
37.6714	13927.1
37.674	13928.5
37.6775	13929.9
37.6817	13931.3
37.686	13932.8
37.6886	13934.2
37.6921	13935.6
37.6963	13937
37.6998	13938.4
37.7041	13939.8
37.7075	13941.2
37.7118	13942.7
37.7144	13944.1
37.7187	13945.5
37.7221	13946.9
37.7264	13948.3
37.729	13949.7
37.7333	13951.1
37.7367	13952.6
37.741	13954
37.7436	13955.4
37.7479	13956.8
37.7514	13958.2
37.7556	13959.6
37.7583	13961
37.7625	13962.5
37.766	13963.9
37.7702	13965.3
37.7729	13966.7
37.7771	13968.1
37.7806	13969.5
37.7849	13970.9
37.7875	13972.4
37.7918	13973.8
37.7952	13975.2
37.7995	13976.6
37.8021	13978
37.8064	13979.4
37.8098	13980.8
37.8141	13982.2
37.8167	13983.7
37.821	13985.1
37.8245	13986.5
37.8287	13987.9
37.8313	13989.3
37.8356	13990.7
37.8391	13992.1
37.8433	13993.6
37.846	13995
37.8502	13996.4
37.8537	13997.8
37.858	13999.2
37.8622	14000.6
37.8649	14002
37.8683	14003.5
37.8726	14004.9
37.8768	14006.3
37.8795	14007.7
37.8829	14009.1
37.8872	14010.5
37.8915	14011.9
37.8941	14013.4
37.8975	14014.8
37.9018	14016.2
37.9061	14017.6
37.9087	14019
37.9122	14020.4
37.9164	14021.8
37.9199	14023.3
37.9241	14024.7
37.9276	14026.1
37.9319	14027.5
37.9345	14028.9
37.9388	14030.3
37.9422	14031.7
37.9465	14033.2
37.9491	14034.6
37.9534	14036
37.9568	14037.4
37.9611	14038.8
37.9637	14040.2
37.968	14041.6
37.9714	14043.1
37.9757	14044.5
37.9783	14045.9
37.9826	14047.3
37.9861	14048.7
37.9903	14050.1
37.993	14051.5
37.9972	14053
38.0007	14054.4
38.0049	14055.8
38.0076	14057.2
38.0118	14058.6
38.0153	14060
38.0196	14061.4
38.0222	14062.9
38.0265	14064.3
38.0299	14065.7
38.0342	14067.1
38.0368	14068.5
38.0411	14069.9
38.0445	14071.3
38.0488	14072.8
38.0514	14074.2
38.0557	14075.6
38.0592	14077
38.0634	14078.4
38.0661	14079.8
38.0703	14081.2
38.0738	14082.6
38.078	14084.1
38.0823	14085.5
38.0849	14086.9
38.0884	14088.3
38.0927	14089.7
38.0969	14091.1
38.0996	14092.5
38.103	14094
38.1073	14095.4
38.1115	14096.8
38.1142	14098.2
38.1176	14099.6
38.1219	14101
38.1262	14102.4
38.1288	14103.9
38.1322	14105.3
38.1365	14106.7
38.14	14108.1
38.1442	14109.5
38.1477	14110.9
38.1519	14112.3
38.1546	14113.8
38.1588	14115.2
38.1623	14116.6
38.1666	14118
38.1692	14119.4
38.1735	14120.8
38.1769	14122.2
38.1812	14123.7
38.1838	14125.1
38.1881	14126.5
38.1915	14127.9
38.1958	14129.3
38.1984	14130.7
38.2027	14132.1
38.2061	14133.6
38.2104	14135
38.213	14136.4
38.2173	14137.8
38.2208	14139.2
38.225	14140.6
38.2277	14142
38.2319	14143.5
38.2354	14144.9
38.2397	14146.3
38.2423	14147.7
38.2465	14149.1
38.25	14150.5
38.2543	14151.9
38.2569	14153.4
38.2612	14154.8
38.2646	14156.2
38.2689	14157.6
38.2715	14159
38.2758	14160.4
38.2792	14161.8
38.2835	14163.2
38.2861	14164.7
38.2904	14166.1
38.2939	14167.5
38.2981	14168.9
38.3024	14170.3
38.305	14171.7
38.3085	14173.1
38.3127	14174.6
38.317	14176
38.3196	14177.4
38.3231	14178.8
38.3274	14180.2
38.3316	14181.6
38.3343	14183
38.3377	14184.5
38.342	14185.9
38.3462	14187.3
38.3489	14188.7
38.3523	14190.1
38.3566	14191.5
38.36	14192.9
38.3643	14194.4
38.3678	14195.8
38.372	14197.2
38.3747	14198.6
38.3789	14200
38.3824	14201.4
38.3866	14202.8
38.3893	14204.3
38.3935	14205.7
38.397	14207.1
38.4013	14208.5
38.4039	14209.9
38.4082	14211.3
38.4116	14212.7
38.4159	14214.2
38.4185	14215.6
38.4228	14217
38.4262	14218.4
38.4305	14219.8
38.4331	14221.2
38.4374	14222.6
38.4408	14224.1
38.4451	14225.5
38.4477	14226.9
38.452	14228.3
38.4555	14229.7
38.4597	14231.1
38.4624	14232.5
38.4666	14234
38.4701	14235.4
38.4744	14236.8
38.477	14238.2
38.4813	14239.6
38.4847	14241
38.489	14242.4
38.4916	14243.9
38.4959	14245.3
38.4993	14246.7
38.5036	14248.1
38.5062	14249.5
38.5105	14250.9
38.5139	14252.3
38.5182	14253.8
38.5225	14255.2
38.5251	14256.6
38.5286	14258
38.5328	14259.4
38.5371	14260.8
38.5397	14262.2
38.5432	14263.6
38.5474	14265.1
38.5517	14266.5
38.5543	14267.9
38.5578	14269.3
38.5621	14270.7
38.5663	14272.1
38.569	14273.5
38.5724	14275
38.5767	14276.4
38.5801	14277.8
38.5844	14279.2
38.5878	14280.6
38.5921	14282
38.5947	14283.4
38.599	14284.9
38.6025	14286.3
38.6067	14287.7
38.6094	14289.1
38.6136	14290.5
38.6171	14291.9
38.6213	14293.3
38.624	14294.8
38.6282	14296.2
38.6317	14297.6
38.636	14299
38.6386	14300.4
38.6429	14301.8
38.6463	14303.2
38.6506	14304.7
38.6532	14306.1
38.6575	14307.5
38.6609	14308.9
38.6652	14310.3
38.6678	14311.7
38.6721	14313.1
38.6755	14314.6
38.6798	14316
38.6824	14317.4
38.6867	14318.8
38.6902	14320.2
38.6944	14321.6
38.6971	14323
38.7013	14324.5
38.7048	14325.9
38.7091	14327.3
38.7117	14328.7
38.716	14330.1
38.7194	14331.5
38.7237	14332.9
38.7263	14334.4
38.7306	14335.8
38.734	14337.2
38.7383	14338.6
38.7426	14340
38.7452	14341.4
38.7486	14342.8
38.7529	14344.2
38.7572	14345.7
38.7598	14347.1
38.7633	14348.5
38.7675	14349.9
38.7718	14351.3
38.7744	14352.7
38.7779	14354.1
38.7821	14355.6
38.7864	14357
38.789	14358.4
38.7925	14359.8
38.7968	14361.2
38.8002	14362.6
38.8045	14364
38.8079	14365.5
38.8122	14366.9
38.8148	14368.3
38.8191	14369.7
38.8225	14371.1
38.8268	14372.5
38.8294	14373.9
38.8337	14375.4
38.8372	14376.8
38.8414	14378.2
38.8441	14379.6
38.8483	14381
38.8518	14382.4
38.856	14383.8
38.8587	14385.3
38.8629	14386.7
38.8664	14388.1
38.8707	14389.5
38.8733	14390.9
38.8776	14392.3
38.881	14393.7
38.8853	14395.2
38.8879	14396.6
38.8922	14398
38.8956	14399.4
38.8999	14400.8
38.9025	14402.2
38.9068	14403.6
38.9102	14405.1
38.9145	14406.5
38.9171	14407.9
38.9214	14409.3
38.9249	14410.7
38.9291	14412.1
38.9318	14413.5
38.936	14415
38.9395	14416.4
38.9438	14417.8
38.9464	14419.2
38.9507	14420.6
38.9541	14422
38.9584	14423.4
38.9626	14424.9
38.9653	14426.3
38.9687	14427.7
38.973	14429.1
38.9773	14430.5
38.9799	14431.9
38.9833	14433.3
38.9876	14434.8
38.9919	14436.2
38.9945	14437.6
38.998	14439
39.0022	14440.4
39.0065	14441.8
39.0091	14443.2
39.0126	14444.6
39.0168	14446.1
39.0203	14447.5
39.0246	14448.9
39.028	14450.3
39.0323	14451.7
39.0349	14453.1
39.0392	14454.5
39.0426	14456
39.0469	14457.4
39.0495	14458.8
39.0538	14460.2
39.0572	14461.6
39.0615	14463
39.0641	14464.4
39.0684	14465.9
39.0719	14467.3
39.0761	14468.7
39.0788	14470.1
39.083	14471.5
39.0865	14472.9
39.0907	14474.3
39.0934	14475.8
39.0976	14477.2
39.1011	14478.6
39.1054	14480
39.108	14481.4
39.1123	14482.8
39.1157	14484.2
39.12	14485.7
39.1226	14487.1
39.1269	14488.5
39.1303	14489.9
39.1346	14491.3
39.1372	14492.7
39.1415	14494.1
39.1449	14495.6
39.1492	14497
39.1518	14498.4
39.1561	14499.8
39.1596	14501.2
39.1638	14502.6
39.1665	14504
39.1707	14505.5
39.1742	14506.9
39.1785	14508.3
39.1827	14509.7
39.1854	14511.1
39.1888	14512.5
39.1931	14513.9
39.1973	14515.4
39.2	14516.8
39.2034	14518.2
39.2077	14519.6
39.212	14521
39.2146	14522.4
39.218	14523.8
39.2223	14525.2
39.2266	14526.7
39.2292	14528.1
39.2327	14529.5
39.2369	14530.9
39.2404	14532.3
39.2446	14533.7
39.2481	14535.1
39.2524	14536.6
39.255	14538
39.2593	14539.4
39.2627	14540.8
39.267	14542.2
39.2696	14543.6
39.2739	14545
39.2773	14546.5
39.2816	14547.9
39.2842	14549.3
39.2885	14550.7
39.2919	14552.1
39.2962	14553.5
39.2988	14554.9
39.3031	14556.4
39.3066	14557.8
39.3108	14559.2
39.3135	14560.6
39.3177	14562
39.3212	14563.4
39.3254	14564.8
39.3281	14566.3
39.3323	14567.7
39.3358	14569.1
39.3401	14570.5
39.3427	14571.9
39.347	14573.3
39.3504	14574.7
39.3547	14576.2
39.3573	14577.6
39.3616	14579
39.365	14580.4
39.3693	14581.8
39.3719	14583.2
39.3762	14584.6
39.3797	14586.1
39.3839	14587.5
39.3865	14588.9
39.3908	14590.3
39.3943	14591.7
39.3985	14593.1
39.4028	14594.5
39.4054	14596
39.4089	14597.4
39.4132	14598.8
39.4174	14600.2
39.4201	14601.6
39.4235	14603
39.4278	14604.4
39.432	14605.9
39.4347	14607.3
39.4381	14608.7
39.4424	14610.1
39.4467	14611.5
39.4493	14612.9
39.4527	14614.3
39.457	14615.8
39.4605	14617.2
39.4647	14618.6
39.4682	14620
39.4724	14621.4
39.4751	14622.8
39.4793	14624.2
39.4828	14625.6
39.4871	14627.1
39.4897	14628.5
39.494	14629.9
39.4974	14631.3
39.5017	14632.7
39.5043	14634.1
39.5086	14635.5
39.512	14637
39.5163	14638.4
39.5189	14639.8
39.5232	14641.2
39.5266	14642.6
39.5309	14644
39.5335	14645.4
39.5378	14646.9
39.5413	14648.3
39.5455	14649.7
39.5482	14651.1
39.5524	14652.5
39.5559	14653.9
39.5601	14655.3
39.5628	14656.8
39.567	14658.2
39.5705	14659.6
39.5748	14661
39.5774	14662.4
39.5817	14663.8
39.5851	14665.2
39.5894	14666.7
39.592	14668.1
39.5963	14669.5
39.5997	14670.9
39.604	14672.3
39.6066	14673.7
39.6109	14675.1
39.6144	14676.6
39.6186	14678
39.6229	14679.4
39.6255	14680.8
39.629	14682.2
39.6332	14683.6
39.6375	14685
39.6401	14686.5
39.6436	14687.9
39.6479	14689.3
39.6521	14690.7
39.6548	14692.1
39.6582	14693.5
39.6625	14694.9
39.6667	14696.4
39.6694	14697.8
39.6728	14699.2
39.6771	14700.6
39.6805	14702
39.6848	14703.4
39.6883	14704.8
39.6925	14706.2
39.6952	14707.7
39.6994	14709.1
39.7029	14710.5
39.7071	14711.9
39.7098	14713.3
39.714	14714.7
39.7175	14716.1
39.7218	14717.6
39.7244	14719
39.7287	14720.4
39.7321	14721.8
39.7364	14723.2
39.739	14724.6
39.7433	14726
39.7467	14727.5
39.751	14728.9
39.7536	14730.3
39.7579	14731.7
39.7613	14733.1
39.7656	14734.5
39.7682	14735.9
39.7725	14737.4
39.776	14738.8
39.7802	14740.2
39.7829	14741.6
39.7871	14743
39.7906	14744.4
39.7949	14745.8
39.7975	14747.3
39.8017	14748.7
39.8052	14750.1
39.8095	14751.5
39.8121	14752.9
39.8164	14754.3
39.8198	14755.7
39.8241	14757.2
39.8267	14758.6
39.831	14760
39.8344	14761.4
39.8387	14762.8
39.843	14764.2
39.8456	14765.6
39.8491	14767.1
39.8533	14768.5
39.8576	14769.9
39.8602	14771.3
39.8637	14772.7
39.8679	14774.1
39.8722	14775.5
39.8748	14777
39.8783	14778.4
39.8826	14779.8
39.8868	14781.2
39.8895	14782.6
39.8929	14784
39.8972	14785.4
39.9006	14786.9
39.9049	14788.3
39.9083	14789.7
39.9126	14791.1
39.9152	14792.5
39.9195	14793.9
39.923	14795.3
39.9272	14796.8
39.9299	14798.2
39.9341	14799.6
39.9376	14801
39.9418	14802.4
39.9445	14803.8
39.9487	14805.2
39.9522	14806.6
39.9565	14808.1
39.9591	14809.5
39.9634	14810.9
39.9668	14812.3
39.9711	14813.7
39.9737	14815.1
39.978	14816.5
39.9814	14818
39.9857	14819.4
39.9883	14820.8
39.9926	14822.2
39.996	14823.6
40.0003	14825
40.0029	14826.4
40.0072	14827.9
40.0107	14829.3
40.0149	14830.7
40.0176	14832.1
40.0218	14833.5
40.0253	14834.9
40.0296	14836.3
40.0322	14837.8
40.0365	14839.2
40.0399	14840.6
40.0442	14842
40.0468	14843.4
40.0511	14844.8
40.0545	14846.2
40.0588	14847.7
40.0631	14849.1
40.0657	14850.5
40.0691	14851.9
40.0734	14853.3
40.0777	14854.7
40.0803	14856.1
40.0838	14857.6
40.088	14859
40.0923	14860.4
40.0949	14861.8
40.0984	14863.2
40.1026	14864.6
40.1069	14866
40.1095	14867.5
40.113	14868.9
40.1173	14870.3
40.1207	14871.7
40.125	14873.1
40.1284	14874.5
40.1327	14875.9
40.1353	14877.4
40.1396	14878.8
40.143	14880.2
40.1473	14881.6
40.1499	14883
40.1542	14884.4
40.1577	14885.8
40.1619	14887.2
40.1646	14888.7
40.1688	14890.1
40.1723	14891.5
40.1765	14892.9
40.1792	14894.3
40.1834	14895.7
40.1869	14897.1
40.1912	14898.6
40.1938	14900
40.1981	14901.4
40.2015	14902.8
40.2058	14904.2
40.2084	14905.6
40.2127	14907
40.2161	14908.5
40.2204	14909.9
40.223	14911.3
40.2273	14912.7
40.2307	14914.1
40.235	14915.5
40.2376	14916.9
40.2419	14918.4
40.2454	14919.8
40.2496	14921.2
40.2523	14922.6
40.2565	14924
40.26	14925.4
40.2643	14926.8
40.2669	14928.3
40.2712	14929.7
40.2746	14931.1
40.2789	14932.5
40.2831	14933.9
40.2858	14935.3
40.2892	14936.7
40.2935	14938.2
40.2978	14939.6
40.3004	14941
40.3038	14942.4
40.3081	14943.8
40.3124	14945.2
40.315	14946.6
40.3185	14948.1
40.3227	14949.5
40.327	14950.9
40.3296	14952.3
40.3331	14953.7
40.3373	14955.1
40.3408	14956.5
40.3451	14958
40.3485	14959.4
40.3528	14960.8
40.3554	14962.2
40.3597	14963.6
40.3631	14965
40.3674	14966.4
40.37	14967.9
40.3743	14969.3
40.3777	14970.7
40.382	14972.1
40.3846	14973.5
40.3889	14974.9
40.3924	14976.3
40.3966	14977.8
40.3993	14979.2
40.4035	14980.6
40.407	14982
40.4112	14983.4
40.4139	14984.8
40.4181	14986.2
40.4216	14987.6
40.4259	14989.1
40.4285	14990.5
40.4328	14991.9
40.4362	14993.3
40.4405	14994.7
40.4431	14996.1
40.4474	14997.5
40.4508	14999
40.4551	15000.4
40.4577	15001.8
40.462	15003.2
40.4654	15004.6
40.4697	15006
40.4723	15007.4
40.4766	15008.9
40.4801	15010.3
40.4843	15011.7
40.487	15013.1
40.4912	15014.5
40.4947	15015.9
40.499	15017.3
40.5032	15018.8
40.5059	15020.2
40.5093	15021.6
40.5136	15023
40.5178	15024.4
40.5205	15025.8
40.5239	15027.2
40.5282	15028.7
40.5325	15030.1
40.5351	15031.5
40.5385	15032.9
40.5428	15034.3
40.5471	15035.7
40.5497	15037.1
40.5532	15038.6
40.5574	15040
40.5609	15041.4
40.5651	15042.8
40.5686	15044.2
40.5729	15045.6
40.5755	15047
40.5798	15048.5
40.5832	15049.9
40.5875	15051.3
40.5901	15052.7
40.5944	15054.1
40.5978	15055.5
40.6021	15056.9
40.6047	15058.4
40.609	15059.8
40.6124	15061.2
40.6167	15062.6
40.6193	15064
40.6236	15065.4
40.6271	15066.8
40.6313	15068.2
40.634	15069.7
40.6382	15071.1
40.6417	15072.5
40.6459	15073.9
40.6486	15075.3
40.6528	15076.7
40.6563	15078.1
40.6606	15079.6
40.6632	15081
40.6675	15082.4
40.6709	15083.8
40.6752	15085.2
40.6778	15086.6
40.6821	15088
40.6855	15089.5
40.6898	15090.9
40.6924	15092.3
40.6967	15093.7
40.7001	15095.1
40.7044	15096.5
40.707	15097.9
40.7113	15099.4
40.7148	15100.8
40.719	15102.2
40.7233	15103.6
40.7259	15105
40.7294	15106.4
40.7337	15107.8
40.7379	15109.3
40.7406	15110.7
40.744	15112.1
40.7483	15113.5
40.7525	15114.9
40.7552	15116.3
40.7586	15117.7
40.7629	15119.2
40.7672	15120.6
40.7698	15122
40.7732	15123.4
40.7775	15124.8
40.781	15126.2
40.7852	15127.6
40.7887	15129.1
40.7929	15130.5
40.7956	15131.9
40.7998	15133.3
40.8033	15134.7
40.8076	15136.1
40.8102	15137.5
40.8145	15139
40.8179	15140.4
40.8222	15141.8
40.8248	15143.2
40.8291	15144.6
40.8325	15146
40.8368	15147.4
40.8394	15148.9
40.8437	15150.3
40.8471	15151.7
40.8514	15153.1
40.854	15154.5
40.8583	15155.9
40.8618	15157.3
40.866	15158.8
40.8687	15160.2
40.8729	15161.6
40.8764	15163
40.8806	15164.4
40.8833	15165.8
40.8875	15167.2
40.891	15168.6
40.8953	15170.1
40.8979	15171.5
40.9022	15172.9
40.9056	15174.3
40.9099	15175.7
40.9125	15177.1
40.9168	15178.5
40.9202	15180
40.9245	15181.4
40.9271	15182.8
40.9314	15184.2
40.9349	15185.6
40.9391	15187
40.9434	15188.4
40.946	15189.9
40.9495	15191.3
40.9537	15192.7
40.958	15194.1
40.9606	15195.5
40.9641	15196.9
40.9684	15198.3
40.9726	15199.8
40.9753	15201.2
40.9787	15202.6
40.983	15204
40.9872	15205.4
40.9899	15206.8
40.9933	15208.2
40.9976	15209.7
41.001	15211.1
41.0053	15212.5
41.0088	15213.9
41.013	15215.3
41.0157	15216.7
41.0199	15218.1
41.0234	15219.6
41.0276	15221
41.0303	15222.4
41.0345	15223.8
41.038	15225.2
41.0423	15226.6
41.0449	15228
41.0492	15229.5
41.0526	15230.9
41.0569	15232.3
41.0595	15233.7
41.0638	15235.1
41.0672	15236.5
41.0715	15237.9
41.0741	15239.4
41.0784	15240.8
41.0818	15242.2
41.0861	15243.6
41.0887	15245
41.093	15246.4
41.0965	15247.8
41.1007	15249.2
41.1034	15250.7
41.1076	15252.1
41.1111	15253.5
41.1153	15254.9
41.118	15256.3
41.1222	15257.7
41.1257	15259.1
41.13	15260.6
41.1326	15262
41.1369	15263.4
41.1403	15264.8
41.1446	15266.2
41.1472	15267.6
41.1515	15269
41.1549	15270.5
41.1592	15271.9
41.1635	15273.3
41.1661	15274.7
41.1696	15276.1
41.1738	15277.5
41.1781	15278.9
41.1807	15280.4
41.1842	15281.8
41.1884	15283.2
41.1927	15284.6
41.1953	15286
41.1988	15287.4
41.2031	15288.8
41.2073	15290.3
41.21	15291.7
41.2134	15293.1
41.2177	15294.5
41.2211	15295.9
41.2254	15297.3
41.2288	15298.7
41.2331	15300.2
41.2357	15301.6
41.24	15303
41.2435	15304.4
41.2477	15305.8
41.2504	15307.2
41.2546	15308.6
41.2581	15310.1
41.2623	15311.5
41.265	15312.9
41.2692	15314.3
41.2727	15315.7
41.277	15317.1
41.2796	15318.5
41.2839	15320
41.2873	15321.4
41.2916	15322.8
41.2942	15324.2
41.2985	15325.6
41.3019	15327
41.3062	15328.4
41.3088	15329.9
41.3131	15331.3
41.3165	15332.7
41.3208	15334.1
41.3234	15335.5
41.3277	15336.9
41.3312	15338.3
41.3354	15339.8
41.3381	15341.2
41.3423	15342.6
41.3458	15344
41.3501	15345.4
41.3527	15346.8
41.3569	15348.2
41.3604	15349.6
41.3647	15351.1
41.3673	15352.5
41.3716	15353.9
41.375	15355.3
41.3793	15356.7
41.3836	15358.1
41.3862	15359.5
41.3896	15361
41.3939	15362.4
41.3982	15363.8
41.4008	15365.2
41.4043	15366.6
41.4085	15368
41.4128	15369.4
41.4154	15370.9
41.4189	15372.3
41.4231	15373.7
41.4274	15375.1
41.43	15376.5
41.4335	15377.9
41.4378	15379.3
41.4412	15380.8
41.4455	15382.2
41.4489	15383.6
41.4532	15385
41.4558	15386.4
41.4601	15387.8
41.4635	15389.2
41.4678	15390.7
41.4704	15392.1
41.4747	15393.5
41.4782	15394.9
41.4824	15396.3
41.4851	15397.7
41.4893	15399.1
41.4928	15400.6
41.497	15402
41.4997	15403.4
41.5039	15404.8
41.5074	15406.2
41.5117	15407.6
41.5143	15409
41.5186	15410.5
41.522	15411.9
41.5263	15413.3
41.5289	15414.7
41.5332	15416.1
41.5366	15417.5
41.5409	15418.9
41.5435	15420.4
41.5478	15421.8
41.5512	15423.2
41.5555	15424.6
41.5581	15426
41.5624	15427.4
41.5659	15428.8
41.5701	15430.2
41.5728	15431.7
41.577	15433.1
41.5805	15434.5
41.5848	15435.9
41.5874	15437.3
41.5917	15438.7
41.5951	15440.1
41.5994	15441.6
41.6036	15443
41.6063	15444.4
41.6097	15445.8
41.614	15447.2
41.6183	15448.6
41.6209	15450
41.6243	15451.5
41.6286	15452.9
41.6329	15454.3
41.6355	15455.7
41.639	15457.1
41.6432	15458.5
41.6475	15459.9
41.6501	15461.4
41.6536	15462.8
41.6578	15464.2
41.6613	15465.6
41.6656	15467
41.669	15468.4
41.6733	15469.8
41.6759	15471.3
41.6802	15472.7
41.6836	15474.1
41.6879	15475.5
41.6905	15476.9
41.6948	15478.3
41.6982	15479.7
41.7025	15481.2
41.7051	15482.6
41.7094	15484
41.7129	15485.4
41.7171	15486.8
41.7198	15488.2
41.724	15489.6
41.7275	15491.1
41.7317	15492.5
41.7344	15493.9
41.7386	15495.3
41.7421	15496.7
41.7464	15498.1
41.749	15499.5
41.7533	15501
41.7567	15502.4
41.761	15503.8
41.7636	15505.2
41.7679	15506.6
41.7713	15508
41.7756	15509.4
41.7782	15510.9
41.7825	15512.3
41.7859	15513.7
41.7902	15515.1
41.7928	15516.5
41.7971	15517.9
41.8006	15519.3
41.8048	15520.8
41.8075	15522.2
41.8117	15523.6
41.8152	15525
41.8195	15526.4
41.8237	15527.8
41.8264	15529.2
41.8298	15530.6
41.8341	15532.1
41.8383	15533.5
41.841	15534.9
41.8444	15536.3
41.8487	15537.7
41.853	15539.1
41.8556	15540.5
41.859	15542
41.8633	15543.4
41.8676	15544.8
41.8702	15546.2
41.8737	15547.6
41.8779	15549
41.8814	15550.4
41.8856	15551.9
41.8891	15553.3
41.8934	15554.7
41.896	15556.1
41.9003	15557.5
41.9037	15558.9
41.908	15560.3
41.9106	15561.8
41.9149	15563.2
41.9183	15564.6
41.9226	15566
41.9252	15567.4
41.9295	15568.8
41.9329	15570.2
41.9372	15571.7
41.9398	15573.1
41.9441	15574.5
41.9476	15575.9
41.9518	15577.3
41.9545	15578.7
41.9587	15580.1
41.9622	15581.6
41.9664	15583
41.9691	15584.4
41.9733	15585.8
41.9768	15587.2
41.9811	15588.6
41.9837	15590
41.988	15591.5
41.9914	15592.9
41.9957	15594.3
41.9983	15595.7
42.0026	15597.1
42.006	15598.5
42.0103	15599.9
42.0129	15601.4
42.0172	15602.8
42.0206	15604.2
42.0249	15605.6
42.0275	15607
42.0318	15608.4
42.0353	15609.8
42.0395	15611.2
42.0438	15612.7
42.0464	15614.1
42.0499	15615.5
42.0542	15616.9
42.0584	15618.3
42.0611	15619.7
42.0645	15621.1
42.0688	15622.6
42.073	15624
42.0757	15625.4
42.0791	15626.8
42.0834	15628.2
42.0877	15629.6
42.0903	15631
42.0937	15632.5
42.098	15633.9
42.1015	15635.3
42.1057	15636.7
42.1092	15638.1
42.1134	15639.5
42.1161	15640.9
42.1203	15642.4
42.1238	15643.8
42.1281	15645.2
42.1307	15646.6
42.135	15648
42.1384	15649.4
42.1427	15650.8
42.1453	15652.3
42.1496	15653.7
42.153	15655.1
42.1573	15656.5
42.1599	15657.9
42.1642	15659.3
42.1676	15660.7
42.1719	15662.2
42.1745	15663.6
42.1788	15665
42.1823	15666.4
42.1865	15667.8
42.1892	15669.2
42.1934	15670.6
42.1969	15672.1
42.2011	15673.5
42.2038	15674.9
42.208	15676.3
42.2115	15677.7
42.2158	15679.1
42.2184	15680.5
42.2227	15682
42.2261	15683.4
42.2304	15684.8
42.233	15686.2
42.2373	15687.6
42.2407	15689
42.245	15690.4
42.2476	15691.9
42.2519	15693.3
42.2553	15694.7
42.2596	15696.1
42.2639	15697.5
42.2665	15698.9
42.27	15700.3
42.2742	15701.8
42.2785	15703.2
42.2811	15704.6
42.2846	15706
42.2889	15707.4
42.2931	15708.8
42.2958	15710.2
42.2992	15711.6
42.3035	15713.1
42.3077	15714.5
42.3104	15715.9
42.3138	15717.3
42.3181	15718.7
42.3215	15720.1
42.3258	15721.5
42.3293	15723
42.3335	15724.4
42.3362	15725.8
42.3404	15727.2
42.3439	15728.6
42.3481	15730
42.3508	15731.4
42.355	15732.9
42.3585	15734.3
42.3628	15735.7
42.3654	15737.1
42.3697	15738.5
42.3731	15739.9
42.3774	15741.3
42.38	15742.8
42.3843	15744.2
42.3877	15745.6
42.392	15747
42.3946	15748.4
42.3989	15749.8
42.4023	15751.2
42.4066	15752.7
42.4092	15754.1
42.4135	15755.5
42.417	15756.9
42.4212	15758.3
42.4239	15759.7
42.4281	15761.1
42.4316	15762.6
42.4358	15764
42.4385	15765.4
42.4427	15766.8
42.4462	15768.2
42.4505	15769.6
42.4531	15771
42.4574	15772.5
42.4608	15773.9
42.4651	15775.3
42.4677	15776.7
42.472	15778.1
42.4754	15779.5
42.4797	15780.9
42.484	15782.4
42.4866	15783.8
42.4901	15785.2
42.4943	15786.6
42.4986	15788
42.5012	15789.4
42.5047	15790.8
42.5089	15792.2
42.5132	15793.7
42.5158	15795.1
42.5193	15796.5
42.5236	15797.9
42.5278	15799.3
42.5305	15800.7
42.5339	15802.1
42.5382	15803.6
42.5416	15805
42.5459	15806.4
42.5493	15807.8
42.5536	15809.2
42.5562	15810.6
42.5605	15812
42.564	15813.5
42.5682	15814.9
42.5709	15816.3
42.5751	15817.7
42.5786	15819.1
42.5828	15820.5
42.5855	15821.9
42.5897	15823.4
42.5932	15824.8
42.5975	15826.2
42.6001	15827.6
42.6044	15829
42.6078	15830.4
42.6121	15831.8
42.6147	15833.3
42.619	15834.7
42.6224	15836.1
42.6267	15837.5
42.6293	15838.9
42.6336	15840.3
42.637	15841.7
42.6413	15843.2
42.6439	15844.6
42.6482	15846
42.6517	15847.4
42.6559	15848.8
42.6586	15850.2
42.6628	15851.6
42.6663	15853.1
42.6705	15854.5
42.6732	15855.9
42.6774	15857.3
42.6809	15858.7
42.6852	15860.1
42.6878	15861.5
42.6921	15863
42.6955	15864.4
42.6998	15865.8
42.7041	15867.2
42.7067	15868.6
42.7101	15870
42.7144	15871.4
42.7187	15872.9
42.7213	15874.3
42.7248	15875.7
42.729	15877.1
42.7333	15878.5
42.7359	15879.9
42.7394	15881.3
42.7436	15882.8
42.7479	15884.2
42.7505	15885.6
42.754	15887
42.7583	15888.4
42.7617	15889.8
42.766	15891.2
42.7694	15892.6
42.7737	15894.1
42.7763	15895.5
42.7806	15896.9
42.784	15898.3
42.7883	15899.7
42.7909	15901.1
42.7952	15902.5
42.7987	15904
42.8029	15905.4
42.8056	15906.8
42.8098	15908.2
42.8133	15909.6
42.8175	15911
42.8202	15912.4
42.8244	15913.9
42.8279	15915.3
42.8322	15916.7
42.8348	15918.1
42.8391	15919.5
42.8425	15920.9
42.8468	15922.3
42.8494	15923.8
42.8537	15925.2
42.8571	15926.6
42.8614	15928
42.864	15929.4
42.8683	15930.8
42.8717	15932.2
42.876	15933.7
42.8786	15935.1
42.8829	15936.5
42.8864	15937.9
42.8906	15939.3
42.8933	15940.7
42.8975	15942.1
42.901	15943.6
42.9053	15945
42.9079	15946.4
42.9121	15947.8
42.9156	15949.2
42.9199	15950.6
42.9241	15952
42.9268	15953.5
42.9302	15954.9
42.9345	15956.3
42.9388	15957.7
42.9414	15959.1
42.9448	15960.5
42.9491	15961.9
42.9534	15963.4
42.956	15964.8
42.9595	15966.2
42.9637	15967.6
42.968	15969
42.9706	15970.4
42.9741	15971.8
42.9783	15973.2
42.9818	15974.7
42.9861	15976.1
42.9895	15977.5
42.9938	15978.9
42.9964	15980.3
43.0007	15981.7
43.0041	15983.1
43.0084	15984.6
43.011	15986
43.0153	15987.4
43.0187	15988.8
43.023	15990.2
43.0256	15991.6
43.0299	15993
43.0334	15994.5
43.0376	15995.9
43.0403	15997.3
43.0445	15998.7
43.048	16000.1
43.0522	16001.5
43.0549	16002.9
43.0591	16004.4
43.0626	16005.8
43.0669	16007.2
43.0695	16008.6
43.0738	16010
43.0772	16011.4
43.0815	16012.8
43.0841	16014.3
43.0884	16015.7
43.0918	16017.1
43.0961	16018.5
43.0987	16019.9
43.103	16021.3
43.1064	16022.7
43.1107	16024.2
43.1133	16025.6
43.1176	16027
43.1211	16028.4
43.1253	16029.8
43.128	16031.2
43.1322	16032.6
43.1357	16034.1
43.14	16035.5
43.1442	16036.9
43.1469	16038.3
43.1503	16039.7
43.1546	16041.1
43.1588	16042.5
43.1615	16044
43.1649	16045.4
43.1692	16046.8
43.1735	16048.2
43.1761	16049.6
43.1795	16051
43.1838	16052.4
43.1881	16053.9
43.1907	16055.3
43.1942	16056.7
43.1984	16058.1
43.2019	16059.5
43.2061	16060.9
43.2096	16062.3
43.2139	16063.8
43.2165	16065.2
43.2208	16066.6
43.2242	16068
43.2285	16069.4
43.2311	16070.8
43.2354	16072.2
43.2388	16073.6
43.2431	16075.1
43.2457	16076.5
43.25	16077.9
43.2534	16079.3
43.2577	16080.7
43.2603	16082.1
43.2646	16083.5
43.2681	16085
43.2723	16086.4
43.275	16087.8
43.2792	16089.2
43.2827	16090.6
43.2869	16092
43.2896	16093.4
43.2938	16094.9
43.2973	16096.3
43.3016	16097.7
43.3042	16099.1
43.3085	16100.5
43.3119	16101.9
43.3162	16103.3
43.3188	16104.8
43.3231	16106.2
43.3265	16107.6
43.3308	16109
43.3334	16110.4
43.3377	16111.8
43.3411	16113.2
43.3454	16114.7
43.348	16116.1
43.3523	16117.5
43.3558	16118.9
43.36	16120.3
43.3643	16121.7
43.3669	16123.1
43.3704	16124.6
43.3747	16126
43.3789	16127.4
43.3816	16128.8
43.385	16130.2
43.3893	16131.6
43.3935	16133
43.3962	16134.5
43.3996	16135.9
43.4039	16137.3
43.4082	16138.7
43.4108	16140.1
43.4142	16141.5
43.4185	16142.9
43.422	16144.4
43.4262	16145.8
43.4297	16147.2
43.4339	16148.6
43.4366	16150
43.4408	16151.4
43.4443	16152.8
43.4486	16154.2
43.4512	16155.7
43.4555	16157.1
43.4589	16158.5
43.4632	16159.9
43.4658	16161.3
43.4701	16162.7
43.4735	16164.1
43.4778	16165.6
43.4804	16167
43.4847	16168.4
43.4881	16169.8
43.4924	16171.2
43.495	16172.6
43.4993	16174
43.5028	16175.5
43.507	16176.9
43.5097	16178.3
43.5139	16179.7
43.5174	16181.1
43.5216	16182.5
43.5243	16183.9
43.5285	16185.4
43.532	16186.8
43.5363	16188.2
43.5389	16189.6
43.5432	16191
43.5466	16192.4
43.5509	16193.8
43.5535	16195.3
43.5578	16196.7
43.5612	16198.1
43.5655	16199.5
43.5681	16200.9
43.5724	16202.3
43.5758	16203.7
43.5801	16205.2
43.5844	16206.6
43.587	16208
43.5905	16209.4
43.5947	16210.8
43.599	16212.2
43.6016	16213.6
43.6051	16215.1
43.6094	16216.5
43.6136	16217.9
43.6163	16219.3
43.6197	16220.7
43.624	16222.1
43.6282	16223.5
43.6309	16225
43.6343	16226.4
43.6386	16227.8
43.642	16229.2
43.6463	16230.6
43.6498	16232
43.654	16233.4
43.6567	16234.9
43.6609	16236.3
43.6644	16237.7
43.6686	16239.1
43.6713	16240.5
43.6755	16241.9
43.679	16243.3
43.6833	16244.8
43.6859	16246.2
43.6902	16247.6
43.6936	16249
43.6979	16250.4
43.7005	16251.8
43.7048	16253.2
43.7082	16254.6
43.7125	16256.1
43.7151	16257.5
43.7194	16258.9
43.7228	16260.3
43.7271	16261.7
43.7297	16263.1
43.734	16264.5
43.7375	16266
43.7417	16267.4
43.7444	16268.8
43.7486	16270.2
43.7521	16271.6
43.7563	16273
43.759	16274.4
43.7632	16275.9
43.7667	16277.3
43.771	16278.7
43.7736	16280.1
43.7779	16281.5
43.7813	16282.9
43.7856	16284.3
43.7882	16285.8
43.7925	16287.2
43.7959	16288.6
43.8002	16290
43.8045	16291.4
43.8071	16292.8
43.8105	16294.2
43.8148	16295.7
43.8191	16297.1
43.8217	16298.5
43.8252	16299.9
43.8294	16301.3
43.8337	16302.7
43.8363	16304.1
43.8398	16305.6
43.8441	16307
43.8483	16308.4
43.851	16309.8
43.8544	16311.2
43.8587	16312.6
43.8621	16314
43.8664	16315.5
43.8698	16316.9
43.8741	16318.3
43.8767	16319.7
43.881	16321.1
43.8845	16322.5
43.8887	16323.9
43.8914	16325.4
43.8956	16326.8
43.8991	16328.2
43.9033	16329.6
43.906	16331
43.9102	16332.4
43.9137	16333.8
43.918	16335.2
43.9206	16336.7
43.9249	16338.1
43.9283	16339.5
43.9326	16340.9
43.9352	16342.3
43.9395	16343.7
43.9429	16345.1
43.9472	16346.6
43.9498	16348
43.9541	16349.4
43.9575	16350.8
43.9618	16352.2
43.9644	16353.6
43.9687	16355
43.9722	16356.5
43.9764	16357.9
43.9791	16359.3
43.9833	16360.7
43.9868	16362.1
43.991	16363.5
43.9937	16364.9
43.9979	16366.4
44.0014	16367.8
44.0057	16369.2
44.0083	16370.6
44.0126	16372
44.016	16373.4
44.0203	16374.8
44.0246	16376.3
44.0272	16377.7
44.0306	16379.1
44.0349	16380.5
44.0392	16381.9
44.0418	16383.3
44.0453	16384.7
44.0495	16386.2
44.0538	16387.6
44.0564	16389
44.0599	16390.4
44.0641	16391.8
44.0684	16393.2
44.071	16394.6
44.0745	16396.1
44.0788	16397.5
44.0822	16398.9
44.0865	16400.3
44.0899	16401.7
44.0942	16403.1
44.0968	16404.5
44.1011	16406
44.1045	16407.4
44.1088	16408.8
44.1114	16410.2
44.1157	16411.6
44.1192	16413
44.1234	16414.4
44.1261	16415.9
44.1303	16417.3
44.1338	16418.7
44.138	16420.1
44.1407	16421.5
44.1449	16422.9
44.1484	16424.3
44.1527	16425.8
44.1553	16427.2
44.1596	16428.6
44.163	16430
44.1673	16431.4
44.1699	16432.8
44.1742	16434.2
44.1776	16435.6
44.1819	16437.1
44.1845	16438.5
44.1888	16439.9
44.1922	16441.3
44.1965	16442.7
44.1991	16444.1
44.2034	16445.5
44.2069	16447
44.2111	16448.4
44.2138	16449.8
44.218	16451.2
44.2215	16452.6
44.2257	16454
44.2284	16455.4
44.2326	16456.9
44.2361	16458.3
44.2404	16459.7
44.2446	16461.1
44.2473	16462.5
44.2507	16463.9
44.255	16465.3
44.2593	16466.8
44.2619	16468.2
44.2653	16469.6
44.2696	16471
44.2739	16472.4
44.2765	16473.8
44.28	16475.2
44.2842	16476.7
44.2885	16478.1
44.2911	16479.5
44.2946	16480.9
44.2988	16482.3
44.3023	16483.7
44.3066	16485.1
44.31	16486.6
44.3143	16488
44.3169	16489.4
44.3212	16490.8
44.3246	16492.2
44.3289	16493.6
44.3315	16495
44.3358	16496.5
44.3392	16497.9
44.3435	16499.3
44.3461	16500.7
44.3504	16502.1
44.3539	16503.5
44.3581	16504.9
44.3608	16506.4
44.365	16507.8
44.3685	16509.2
44.3727	16510.6
44.3754	16512
44.3796	16513.4
44.3831	16514.8
44.3874	16516.2
44.39	16517.7
44.3943	16519.1
44.3977	16520.5
44.402	16521.9
44.4046	16523.3
44.4089	16524.7
44.4123	16526.1
44.4166	16527.6
44.4192	16529
44.4235	16530.4
44.4269	16531.8
44.4312	16533.2
44.4338	16534.6
44.4381	16536
44.4416	16537.5
44.4458	16538.9
44.4485	16540.3
44.4527	16541.7
44.4562	16543.1
44.4605	16544.5
44.4647	16545.9
44.4673	16547.4
44.4708	16548.8
44.4751	16550.2
44.4793	16551.6
44.482	16553
44.4854	16554.4
44.4897	16555.8
44.494	16557.3
44.4966	16558.7
44.5	16560.1
44.5043	16561.5
44.5086	16562.9
44.5112	16564.3
44.5147	16565.7
44.5189	16567.2
44.5224	16568.6
44.5266	16570
44.5301	16571.4
44.5344	16572.8
44.537	16574.2
44.5413	16575.6
44.5447	16577.1
44.549	16578.5
44.5516	16579.9
44.5559	16581.3
44.5593	16582.7
44.5636	16584.1
44.5662	16585.5
44.5705	16587
44.5739	16588.4
44.5782	16589.8
44.5808	16591.2
44.5851	16592.6
44.5886	16594
44.5928	16595.4
44.5955	16596.9
44.5997	16598.3
44.6032	16599.7
44.6074	16601.1
44.6101	16602.5
44.6143	16603.9
44.6178	16605.3
44.6221	16606.8
44.6247	16608.2
44.629	16609.6
44.6324	16611
44.6367	16612.4
44.6393	16613.8
44.6436	16615.2
44.647	16616.6
44.6513	16618.1
44.6539	16619.5
44.6582	16620.9
44.6616	16622.3
44.6659	16623.7
44.6685	16625.1
44.6728	16626.5
44.6763	16628
44.6805	16629.4
44.6848	16630.8
44.6874	16632.2
44.6909	16633.6
44.6952	16635
44.6994	16636.4
44.7021	16637.9
44.7055	16639.3
44.7098	16640.7
44.714	16642.1
44.7167	16643.5
44.7201	16644.9
44.7244	16646.3
44.7287	16647.8
44.7313	16649.2
44.7347	16650.6
44.739	16652
44.7425	16653.4
44.7467	16654.8
44.7502	16656.2
44.7544	16657.7
44.7571	16659.1
44.7613	16660.5
44.7648	16661.9
44.7691	16663.3
44.7717	16664.7
44.776	16666.1
44.7794	16667.6
44.7837	16669
44.7863	16670.4
44.7906	16671.8
44.794	16673.2
44.7983	16674.6
44.8009	16676
44.8052	16677.5
44.8086	16678.9
44.8129	16680.3
44.8155	16681.7
44.8198	16683.1
44.8233	16684.5
44.8275	16685.9
44.8302	16687.4
44.8344	16688.8
44.8379	16690.2
44.8421	16691.6
44.8448	16693
44.849	16694.4
44.8525	16695.8
44.8568	16697.2
44.8594	16698.7
44.8637	16700.1
44.8671	16701.5
44.8714	16702.9
44.874	16704.3
44.8783	16705.7
44.8817	16707.1
44.886	16708.6
44.8886	16710
44.8929	16711.4
44.8963	16712.8
44.9006	16714.2
44.9049	16715.6
44.9075	16717
44.911	16718.5
44.9152	16719.9
44.9195	16721.3
44.9221	16722.7
44.9256	16724.1
44.9299	16725.5
44.9341	16726.9
44.9368	16728.4
44.9402	16729.8
44.9445	16731.2
44.9487	16732.6
44.9514	16734
44.9548	16735.4
44.9591	16736.8
44.9625	16738.3
44.9668	16739.7
44.9703	16741.1
44.9745	16742.5
44.9772	16743.9
44.9814	16745.3
44.9849	16746.7
44.9891	16748.2
44.9918	16749.6
44.996	16751
44.9995	16752.4
45.0038	16753.8
45.0064	16755.2
45.0107	16756.6
45.0141	16758.1
45.0184	16759.5
45.021	16760.9
45.0253	16762.3
45.0287	16763.7
45.033	16765.1
45.0356	16766.5
45.0399	16768
45.0433	16769.4
45.0476	16770.8
45.0502	16772.2
45.0545	16773.6
45.058	16775
45.0622	16776.4
45.0649	16777.9
45.0691	16779.3
45.0726	16780.7
45.0768	16782.1
45.0795	16783.5
45.0837	16784.9
45.0872	16786.3
45.0915	16787.8
45.0941	16789.2
45.0984	16790.6
45.1018	16792
45.1061	16793.4
45.1087	16794.8
45.113	16796.2
45.1164	16797.6
45.1207	16799.1
45.125	16800.5
45.1276	16801.9
45.131	16803.3
45.1353	16804.7
45.1396	16806.1
45.1422	16807.5
45.1457	16809
45.1499	16810.4
45.1542	16811.8
45.1568	16813.2
45.1603	16814.6
45.1646	16816
45.1688	16817.4
45.1715	16818.9
45.1749	16820.3
45.1792	16821.7
45.1826	16823.1
45.1869	16824.5
45.1903	16825.9
45.1946	16827.3
45.1972	16828.8
45.2015	16830.2
45.205	16831.6
45.2092	16833
45.2119	16834.4
45.2161	16835.8
45.2196	16837.2
45.2238	16838.7
45.2265	16840.1
45.2307	16841.5
45.2342	16842.9
45.2385	16844.3
45.2411	16845.7
45.2454	16847.1
45.2488	16848.6
45.2531	16850
45.2557	16851.4
45.26	16852.8
45.2634	16854.2
45.2677	16855.6
45.2703	16857
45.2746	16858.5
45.278	16859.9
45.2823	16861.3
45.2849	16862.7
45.2892	16864.1
45.2927	16865.5
45.2969	16866.9
45.2996	16868.4
45.3038	16869.8
45.3073	16871.2
45.3115	16872.6
45.3142	16874
45.3184	16875.4
45.3219	16876.8
45.3262	16878.2
45.3288	16879.7
45.3331	16881.1
45.3365	16882.5
45.3408	16883.9
45.3451	16885.3
45.3477	16886.7
45.3511	16888.1
45.3554	16889.6
45.3597	16891
45.3623	16892.4
45.3657	16893.8
45.37	16895.2
45.3743	16896.6
45.3769	16898
45.3804	16899.5
45.3846	16900.9
45.3889	16902.3
45.3915	16903.7
45.395	16905.1
45.3993	16906.5
45.4027	16907.9
45.407	16909.4
45.4104	16910.8
45.4147	16912.2
45.4173	16913.6
45.4216	16915
45.425	16916.4
45.4293	16917.8
45.4319	16919.3
45.4362	16920.7
45.4397	16922.1
45.4439	16923.5
45.4466	16924.9
45.4508	16926.3
45.4543	16927.7
45.4585	16929.2
45.4612	16930.6
45.4654	16932
45.4689	16933.4
45.4732	16934.8
45.4758	16936.2
45.4801	16937.6
45.4835	16939.1
45.4878	16940.5
45.4904	16941.9
45.4947	16943.3
45.4981	16944.7
45.5024	16946.1
45.505	16947.5
45.5093	16949
45.5127	16950.4
45.517	16951.8
45.5196	16953.2
45.5239	16954.6
45.5274	16956
45.5316	16957.4
45.5343	16958.9
45.5385	16960.3
45.542	16961.7
45.5462	16963.1
45.5489	16964.5
45.5531	16965.9
45.5566	16967.3
45.5609	16968.8
45.5651	16970.2
45.5678	16971.6
45.5712	16973
45.5755	16974.4
45.5798	16975.8
45.5824	16977.2
45.5858	16978.6
45.5901	16980.1
45.5944	16981.5
45.597	16982.9
45.6005	16984.3
45.6047	16985.7
45.609	16987.1
45.6116	16988.5
45.6151	16990
45.6193	16991.4
45.6228	16992.8
45.6271	16994.2
45.6305	16995.6
45.6348	16997
45.6374	16998.4
45.6417	16999.9
45.6451	17001.3
45.6494	17002.7
45.652	17004.1
45.6563	17005.5
45.6597	17006.9
45.664	17008.3
45.6666	17009.8
45.6709	17011.2
45.6744	17012.6
45.6786	17014
45.6813	17015.4
45.6855	17016.8
45.689	17018.2
45.6932	17019.7
45.6959	17021.1
45.7001	17022.5
45.7036	17023.9
45.7079	17025.3
45.7105	17026.7
45.7148	17028.1
45.7182	17029.6
45.7225	17031
45.7251	17032.4
45.7294	17033.8
45.7328	17035.2
45.7371	17036.6
45.7397	17038
45.744	17039.5
45.7474	17040.9
45.7517	17042.3
45.7543	17043.7
45.7586	17045.1
45.7621	17046.5
45.7663	17047.9
45.769	17049.4
45.7732	17050.8
45.7767	17052.2
45.7809	17053.6
45.7852	17055
45.7878	17056.4
45.7913	17057.8
45.7956	17059.2
45.7998	17060.7
45.8025	17062.1
45.8059	17063.5
45.8102	17064.9
45.8145	17066.3
45.8171	17067.7
45.8205	17069.1
45.8248	17070.6
45.8291	17072
45.8317	17073.4
45.8352	17074.8
45.8394	17076.2
45.8429	17077.6
45.8471	17079
45.8506	17080.5
45.8549	17081.9
45.8575	17083.3
45.8618	17084.7
45.8652	17086.1
45.8695	17087.5
45.8721	17088.9
45.8764	17090.4
45.8798	17091.8
45.8841	17093.2
45.8867	17094.6
45.891	17096
45.8944	17097.4
45.8987	17098.8
45.9013	17100.3
45.9056	17101.7
45.9091	17103.1
45.9133	17104.5
45.916	17105.9
45.9202	17107.3
45.9237	17108.7
45.9279	17110.2
45.9306	17111.6
45.9348	17113
45.9383	17114.4
45.9426	17115.8
45.9452	17117.2
45.9495	17118.6
45.9529	17120.1
45.9572	17121.5
45.9598	17122.9
45.9641	17124.3
45.9675	17125.7
45.9718	17127.1
45.9744	17128.5
45.9787	17130
45.9821	17131.4
45.9864	17132.8
45.989	17134.2
45.9933	17135.6
45.9968	17137
46.001	17138.4
46.0053	17139.9
46.0079	17141.3
46.0114	17142.7
46.0157	17144.1
46.0199	17145.5
46.0225	17146.9
46.026	17148.3
46.0303	17149.8
46.0345	17151.2
46.0372	17152.6
46.0406	17154
46.0449	17155.4
46.0492	17156.8
46.0518	17158.2
46.0552	17159.6
46.0595	17161.1
46.063	17162.5
46.0672	17163.9
46.0707	17165.3
46.0749	17166.7
46.0776	17168.1
46.0818	17169.5
46.0853	17171
46.0896	17172.4
46.0922	17173.8
46.0965	17175.2
46.0999	17176.6
46.1042	17178
46.1068	17179.4
46.1111	17180.9
46.1145	17182.3
46.1188	17183.7
46.1214	17185.1
46.1257	17186.5
46.1291	17187.9
46.1334	17189.3
46.136	17190.8
46.1403	17192.2
46.1438	17193.6
46.148	17195
46.1507	17196.4
46.1549	17197.8
46.1584	17199.2
46.1626	17200.7
46.1653	17202.1
46.1695	17203.5
46.173	17204.9
46.1773	17206.3
46.1799	17207.7
46.1842	17209.1
46.1876	17210.6
46.1919	17212
46.1945	17213.4
46.1988	17214.8
46.2022	17216.2
46.2065	17217.6
46.2091	17219
46.2134	17220.5
46.2168	17221.9
46.2211	17223.3
46.2254	17224.7
46.228	17226.1
46.2315	17227.5
46.2357	17228.9
46.24	17230.4
46.2426	17231.8
46.2461	17233.2
46.2504	17234.6
46.2546	17236
46.2573	17237.4
46.2607	17238.8
46.265	17240.2
46.2692	17241.7
46.2719	17243.1
46.2753	17244.5
46.2796	17245.9
46.283	17247.3
46.2873	17248.7
46.2908	17250.1
46.295	17251.6
46.2977	17253
46.3019	17254.4
46.3054	17255.8
46.3096	17257.2
46.3123	17258.6
46.3165	17260
46.32	17261.5
46.3243	17262.9
46.3269	17264.3
46.3312	17265.7
46.3346	17267.1
46.3389	17268.5
46.3415	17269.9
46.3458	17271.4
46.3492	17272.8
46.3535	17274.2
46.3561	17275.6
46.3604	17277
46.3638	17278.4
46.3681	17279.8
46.3707	17281.3
46.375	17282.7
46.3785	17284.1
46.3827	17285.5
46.3854	17286.9
46.3896	17288.3
46.3931	17289.7
46.3973	17291.2
46.4	17292.6
46.4042	17294
46.4077	17295.4
46.412	17296.8
46.4146	17298.2
46.4189	17299.6
46.4223	17301.1
46.4266	17302.5
46.4292	17303.9
46.4335	17305.3
46.4369	17306.7
46.4412	17308.1
46.4455	17309.5
46.4481	17311
46.4515	17312.4
46.4558	17313.8
46.4601	17315.2
46.4627	17316.6
46.4662	17318
46.4704	17319.4
46.4747	17320.9
46.4773	17322.3
46.4808	17323.7
46.4851	17325.1
46.4893	17326.5
46.492	17327.9
46.4954	17329.3
46.4997	17330.8
46.5031	17332.2
46.5074	17333.6
46.5108	17335
46.5151	17336.4
46.5177	17337.8
46.522	17339.2
46.5255	17340.6
46.5297	17342.1
46.5324	17343.5
46.5366	17344.9
46.5401	17346.3
46.5443	17347.7
46.547	17349.1
46.5512	17350.5
46.5547	17352
46.559	17353.4
46.5616	17354.8
46.5659	17356.2
46.5693	17357.6
46.5736	17359
46.5762	17360.4
46.5805	17361.9
46.5839	17363.3
46.5882	17364.7
46.5908	17366.1
46.5951	17367.5
46.5985	17368.9
46.6028	17370.3
46.6054	17371.8
46.6097	17373.2
46.6132	17374.6
46.6174	17376
46.6201	17377.4
46.6243	17378.8
46.6278	17380.2
46.632	17381.7
46.6347	17383.1
46.6389	17384.5
46.6424	17385.9
46.6467	17387.3
46.6493	17388.7
46.6536	17390.1
46.657	17391.6
46.6613	17393
46.6656	17394.4
46.6682	17395.8
46.6716	17397.2
46.6759	17398.6
46.6802	17400
46.6828	17401.5
46.6862	17402.9
46.6905	17404.3
46.6948	17405.7
46.6974	17407.1
46.7009	17408.5
46.7051	17409.9
46.7094	17411.4
46.712	17412.8
46.7155	17414.2
46.7198	17415.6
46.7232	17417
46.7275	17418.4
46.7309	17419.8
46.7352	17421.2
46.7378	17422.7
46.7421	17424.1
46.7455	17425.5
46.7498	17426.9
46.7524	17428.3
46.7567	17429.7
46.7602	17431.1
46.7644	17432.6
46.7671	17434
46.7713	17435.4
46.7748	17436.8
46.779	17438.2
46.7817	17439.6
46.7859	17441
46.7894	17442.5
46.7937	17443.9
46.7963	17445.3
46.8006	17446.7
46.804	17448.1
46.8083	17449.5
46.8109	17450.9
46.8152	17452.4
46.8186	17453.8
46.8229	17455.2
46.8255	17456.6
46.8298	17458
46.8332	17459.4
46.8375	17460.8
46.8401	17462.3
46.8444	17463.7
46.8479	17465.1
46.8521	17466.5
46.8548	17467.9
46.859	17469.3
46.8625	17470.7
46.8667	17472.2
46.8694	17473.6
46.8736	17475
46.8771	17476.4
46.8814	17477.8
46.8856	17479.2
46.8883	17480.6
46.8917	17482.1
46.896	17483.5
46.9003	17484.9
46.9029	17486.3
46.9063	17487.7
46.9106	17489.1
46.9149	17490.5
46.9175	17492
46.9209	17493.4
46.9252	17494.8
46.9295	17496.2
46.9321	17497.6
46.9356	17499
46.9398	17500.4
46.9433	17501.9
46.9476	17503.3
46.951	17504.7
46.9553	17506.1
46.9579	17507.5
46.9622	17508.9
46.9656	17510.3
46.9699	17511.8
46.9725	17513.2
46.9768	17514.6
46.9802	17516
46.9845	17517.4
46.9871	17518.8
46.9914	17520.2
46.9949	17521.6
46.9991	17523.1
47.0018	17524.5
47.006	17525.9
47.0095	17527.3
47.0137	17528.7
47.0164	17530.1
47.0206	17531.5
47.0241	17533
47.0284	17534.4
47.031	17535.8
47.0353	17537.2
47.0387	17538.6
47.043	17540
47.0456	17541.4
47.0499	17542.9
47.0533	17544.3
47.0576	17545.7
47.0602	17547.1
47.0645	17548.5
47.0679	17549.9
47.0722	17551.3
47.0748	17552.8
47.0791	17554.2
47.0826	17555.6
47.0868	17557
47.0895	17558.4
47.0937	17559.8
47.0972	17561.2
47.1014	17562.7
47.1057	17564.1
47.1083	17565.5
47.1118	17566.9
47.1161	17568.3
47.1203	17569.7
47.123	17571.1
47.1264	17572.6
47.1307	17574
47.135	17575.4
47.1376	17576.8
47.141	17578.2
47.1453	17579.6
47.1496	17581
47.1522	17582.5
47.1557	17583.9
47.1599	17585.3
47.1634	17586.7
47.1676	17588.1
47.1711	17589.5
47.1754	17590.9
47.178	17592.4
47.1823	17593.8
47.1857	17595.2
47.19	17596.6
47.1926	17598
47.1969	17599.4
47.2003	17600.8
47.2046	17602.2
47.2072	17603.7
47.2115	17605.1
47.2149	17606.5
47.2192	17607.9
47.2218	17609.3
47.2261	17610.7
47.2296	17612.1
47.2338	17613.6
47.2365	17615
47.2407	17616.4
47.2442	17617.8
47.2484	17619.2
47.2511	17620.6
47.2553	17622
47.2588	17623.5
47.2631	17624.9
47.2657	17626.3
47.27	17627.7
47.2734	17629.1
47.2777	17630.5
47.2803	17631.9
47.2846	17633.4
47.288	17634.8
47.2923	17636.2
47.2949	17637.6
47.2992	17639
47.3026	17640.4
47.3069	17641.8
47.3095	17643.3
47.3138	17644.7
47.3173	17646.1
47.3215	17647.5
47.3258	17648.9
47.3284	17650.3
47.3319	17651.7
47.3361	17653.2
47.3404	17654.6
47.343	17656
47.3465	17657.4
47.3508	17658.8
47.355	17660.2
47.3577	17661.6
47.3611	17663.1
47.3654	17664.5
47.3697	17665.9
47.3723	17667.3
47.3757	17668.7
47.38	17670.1
47.3835	17671.5
47.3877	17673
47.3912	17674.4
47.3954	17675.8
47.3981	17677.2
47.4023	17678.6
47.4058	17680
47.4101	17681.4
47.4127	17682.9
47.417	17684.3
47.4204	17685.7
47.4247	17687.1
47.4273	17688.5
47.4316	17689.9
47.435	17691.3
47.4393	17692.8
47.4419	17694.2
47.4462	17695.6
47.4496	17697
47.4539	17698.4
47.4565	17699.8
47.4608	17701.2
47.4643	17702.6
47.4685	17704.1
47.4712	17705.5
47.4754	17706.9
47.4789	17708.3
47.4831	17709.7
47.4858	17711.1
47.49	17712.5
47.4935	17714
47.4978	17715.4
47.5004	17716.8
47.5047	17718.2
47.5081	17719.6
47.5124	17721
47.515	17722.4
47.5193	17723.9
47.5227	17725.3
47.527	17726.7
47.5296	17728.1
47.5339	17729.5
47.5373	17730.9
47.5416	17732.3
47.5459	17733.8
47.5485	17735.2
47.552	17736.6
47.5562	17738
47.5605	17739.4
47.5631	17740.8
47.5666	17742.2
47.5709	17743.7
47.5751	17745.1
47.5777	17746.5
47.5812	17747.9
47.5855	17749.3
47.5897	17750.7
47.5924	17752.1
47.5958	17753.6
47.6001	17755
47.6035	17756.4
47.6078	17757.8
47.6113	17759.2
47.6155	17760.6
47.6182	17762
47.6224	17763.5
47.6259	17764.9
47.6301	17766.3
47.6328	17767.7
47.637	17769.1
47.6405	17770.5
47.6448	17771.9
47.6474	17773.4
47.6517	17774.8
47.6551	17776.2
47.6594	17777.6
47.662	17779
47.6663	17780.4
47.6697	17781.8
47.674	17783.2
47.6766	17784.7
47.6809	17786.1
47.6843	17787.5
47.6886	17788.9
47.6912	17790.3
47.6955	17791.7
47.699	17793.1
47.7032	17794.6
47.7059	17796
47.7101	17797.4
47.7136	17798.8
47.7178	17800.2
47.7205	17801.6
47.7247	17803
47.7282	17804.5
47.7325	17805.9
47.7351	17807.3
47.7394	17808.7
47.7428	17810.1
47.7471	17811.5
47.7497	17812.9
47.754	17814.4
47.7574	17815.8
47.7617	17817.2
47.766	17818.6
47.7686	17820
47.772	17821.4
47.7763	17822.8
47.7806	17824.3
47.7832	17825.7
47.7867	17827.1
47.7909	17828.5
47.7952	17829.9
47.7978	17831.3
47.8013	17832.7
47.8056	17834.2
47.8098	17835.6
47.8125	17837
47.8159	17838.4
47.8202	17839.8
47.8236	17841.2
47.8279	17842.6
47.8313	17844.1
47.8356	17845.5
47.8382	17846.9
47.8425	17848.3
47.846	17849.7
47.8502	17851.1
47.8529	17852.5
47.8571	17854
47.8606	17855.4
47.8648	17856.8
47.8675	17858.2
47.8717	17859.6
47.8752	17861
47.8795	17862.4
47.8821	17863.9
47.8864	17865.3
47.8898	17866.7
47.8941	17868.1
47.8967	17869.5
47.901	17870.9
47.9044	17872.3
47.9087	17873.8
47.9113	17875.2
47.9156	17876.6
47.919	17878
47.9233	17879.4
47.9259	17880.8
47.9302	17882.2
47.9337	17883.6
47.9379	17885.1
47.9406	17886.5
47.9448	17887.9
47.9483	17889.3
47.9525	17890.7
47.9552	17892.1
47.9594	17893.5
47.9629	17895
47.9672	17896.4
47.9698	17897.8
47.9741	17899.2
47.9775	17900.6
47.9818	17902
47.9861	17903.4
47.9887	17904.9
47.9921	17906.3
47.9964	17907.7
48.0007	17909.1
48.0033	17910.5
48.0067	17911.9
48.011	17913.3
48.0153	17914.8
48.0179	17916.2
48.0214	17917.6
48.0256	17919
48.0299	17920.4
48.0325	17921.8
48.036	17923.2
48.0403	17924.7
48.0437	17926.1
48.048	17927.5
48.0514	17928.9
48.0557	17930.3
48.0583	17931.7
48.0626	17933.1
48.066	17934.6
48.0703	17936
48.0729	17937.4
48.0772	17938.8
48.0807	17940.2
48.0849	17941.6
48.0876	17943
48.0918	17944.5
48.0953	17945.9
48.0995	17947.3
48.1022	17948.7
48.1064	17950.1
48.1099	17951.5
48.1142	17952.9
48.1168	17954.4
48.1211	17955.8
48.1245	17957.2
48.1288	17958.6
48.1314	17960
48.1357	17961.4
48.1391	17962.8
48.1434	17964.2
48.146	17965.7
48.1503	17967.1
48.1537	17968.5
48.158	17969.9
48.1606	17971.3
48.1649	17972.7
48.1684	17974.1
48.1726	17975.6
48.1753	17977
48.1795	17978.4
48.183	17979.8
48.1872	17981.2
48.1899	17982.6
48.1941	17984
48.1976	17985.5
48.2019	17986.9
48.2061	17988.3
48.2088	17989.7
48.2122	17991.1
48.2165	17992.5
48.2208	17993.9
48.2234	17995.4
48.2268	17996.8
48.2311	17998.2
48.2354	17999.6
48.238	18001
48.2414	18002.4
48.2457	18003.8
48.25	18005.3
48.2526	18006.7
48.2561	18008.1
48.2603	18009.5
48.2638	18010.9
48.2681	18012.3
48.2715	18013.7
48.2758	18015.2
48.2784	18016.6
48.2827	18018
48.2861	18019.4
48.2904	18020.8
48.293	18022.2
48.2973	18023.6
48.3007	18025.1
48.305	18026.5
48.3076	18027.9
48.3119	18029.3
48.3154	18030.7
48.3196	18032.1
48.3223	18033.5
48.3265	18035
48.33	18036.4
48.3342	18037.8
48.3369	18039.2
48.3411	18040.6
48.3446	18042
48.3489	18043.4
48.3515	18044.9
48.3558	18046.3
48.3592	18047.7
48.3635	18049.1
48.3661	18050.5
48.3704	18051.9
48.3738	18053.3
48.3781	18054.8
48.3807	18056.2
48.385	18057.6
48.3884	18059
48.3927	18060.4
48.3953	18061.8
48.3996	18063.2
48.4031	18064.6
48.4073	18066.1
48.41	18067.5
48.4142	18068.9
48.4177	18070.3
48.4219	18071.7
48.4262	18073.1
48.4288	18074.5
48.4323	18076
48.4366	18077.4
48.4408	18078.8
48.4435	18080.2
48.4469	18081.6
48.4512	18083
48.4555	18084.4
48.4581	18085.9
48.4615	18087.3
48.4658	18088.7
48.4701	18090.1
48.4727	18091.5
48.4761	18092.9
48.4804	18094.3
48.4839	18095.8
48.4881	18097.2
48.4916	18098.6
48.4959	18100
48.4985	18101.4
48.5028	18102.8
48.5062	18104.2
48.5105	18105.7
48.5131	18107.1
48.5174	18108.5
48.5208	18109.9
48.5251	18111.3
48.5277	18112.7
48.532	18114.1
48.5354	18115.6
48.5397	18117
48.5423	18118.4
48.5466	18119.8
48.5501	18121.2
48.5543	18122.6
48.557	18124
48.5612	18125.5
48.5647	18126.9
48.5689	18128.3
48.5716	18129.7
48.5758	18131.1
48.5793	18132.5
48.5836	18133.9
48.5862	18135.4
48.5905	18136.8
48.5939	18138.2
48.5982	18139.6
48.6008	18141
48.6051	18142.4
48.6085	18143.8
48.6128	18145.2
48.6154	18146.7
48.6197	18148.1
48.6231	18149.5
48.6274	18150.9
48.63	18152.3
48.6343	18153.7
48.6378	18155.1
48.642	18156.6
48.6463	18158
48.6489	18159.4
48.6524	18160.8
48.6566	18162.2
48.6609	18163.6
48.6635	18165
48.667	18166.5
48.6713	18167.9
48.6755	18169.3
48.6782	18170.7
48.6816	18172.1
48.6859	18173.5
48.6902	18174.9
48.6928	18176.4
48.6962	18177.8
48.7005	18179.2
48.704	18180.6
48.7082	18182
48.7117	18183.4
48.7159	18184.8
48.7186	18186.3
48.7228	18187.7
48.7263	18189.1
48.7306	18190.5
48.7332	18191.9
48.7375	18193.3
48.7409	18194.7
48.7452	18196.2
48.7478	18197.6
48.7521	18199
48.7555	18200.4
48.7598	18201.8
48.7624	18203.2
48.7667	18204.6
48.7701	18206.1
48.7744	18207.5
48.777	18208.9
48.7813	18210.3
48.7848	18211.7
48.789	18213.1
48.7917	18214.5
48.7959	18216
48.7994	18217.4
48.8036	18218.8
48.8063	18220.2
48.8105	18221.6
48.814	18223
48.8183	18224.4
48.8209	18225.9
48.8252	18227.3
48.8286	18228.7
48.8329	18230.1
48.8355	18231.5
48.8398	18232.9
48.8432	18234.3
48.8475	18235.8
48.8501	18237.2
48.8544	18238.6
48.8578	18240
48.8621	18241.4
48.8664	18242.8
48.869	18244.2
48.8725	18245.6
48.8767	18247.1
48.881	18248.5
48.8836	18249.9
48.8871	18251.3
48.8913	18252.7
48.8956	18254.1
48.8982	18255.5
48.9017	18257
48.906	18258.4
48.9102	18259.8
48.9129	18261.2
48.9163	18262.6
48.9206	18264
48.924	18265.4
48.9283	18266.9
48.9318	18268.3
48.936	18269.7
48.9387	18271.1
48.9429	18272.5
48.9464	18273.9
48.9506	18275.3
48.9533	18276.8
48.9575	18278.2
48.961	18279.6
48.9653	18281
48.9679	18282.4
48.9722	18283.8
48.9756	18285.2
48.9799	18286.7
48.9825	18288.1
48.9868	18289.5
48.9902	18290.9
48.9945	18292.3
48.9971	18293.7
49.0014	18295.1
49.0048	18296.6
49.0091	18298
49.0117	18299.4
49.016	18300.8
49.0195	18302.2
49.0237	18303.6
49.0264	18305
49.0306	18306.5
49.0341	18307.9
49.0383	18309.3
49.041	18310.7
49.0452	18312.1
49.0487	18313.5
49.053	18314.9
49.0556	18316.4
49.0599	18317.8
49.0633	18319.2
49.0676	18320.6
49.0702	18322
49.0745	18323.4
49.0779	18324.8
49.0822	18326.2
49.0865	18327.7
49.0891	18329.1
49.0925	18330.5
49.0968	18331.9
49.1011	18333.3
49.1037	18334.7
49.1072	18336.1
49.1114	18337.6
49.1157	18339
49.1183	18340.4
49.1218	18341.8
49.1261	18343.2
49.1303	18344.6
49.1329	18346
49.1364	18347.5
49.1407	18348.9
49.1441	18350.3
49.1484	18351.7
49.1518	18353.1
49.1561	18354.5
49.1587	18355.9
49.163	18357.4
49.1665	18358.8
49.1707	18360.2
49.1734	18361.6
49.1776	18363
49.1811	18364.4
49.1853	18365.8
49.188	18367.3
49.1922	18368.7
49.1957	18370.1
49.2	18371.5
49.2026	18372.9
49.2069	18374.3
49.2103	18375.7
49.2146	18377.2
49.2172	18378.6
49.2215	18380
49.2249	18381.4
49.2292	18382.8
49.2318	18384.2
49.2361	18385.6
49.2395	18387.1
49.2438	18388.5
49.2464	18389.9
49.2507	18391.3
49.2542	18392.7
49.2584	18394.1
49.2611	18395.5
49.2653	18397
49.2688	18398.4
49.273	18399.8
49.2757	18401.2
49.2799	18402.6
49.2834	18404
49.2877	18405.4
49.2903	18406.9
49.2946	18408.3
49.298	18409.7
49.3023	18411.1
49.3065	18412.5
49.3092	18413.9
49.3126	18415.3
49.3169	18416.8
49.3212	18418.2
49.3238	18419.6
49.3272	18421
49.3315	18422.4
49.3358	18423.8
49.3384	18425.2
49.3419	18426.6
49.3461	18428.1
49.3504	18429.5
49.353	18430.9
49.3565	18432.3
49.3608	18433.7
49.3642	18435.1
49.3685	18436.5
49.3719	18438
49.3762	18439.4
49.3788	18440.8
49.3831	18442.2
49.3865	18443.6
49.3908	18445
49.3934	18446.4
49.3977	18447.9
49.4012	18449.3
49.4054	18450.7
49.4081	18452.1
49.4123	18453.5
49.4158	18454.9
49.42	18456.3
49.4227	18457.8
49.4269	18459.2
49.4304	18460.6
49.4347	18462
49.4373	18463.4
49.4416	18464.8
49.445	18466.2
49.4493	18467.7
49.4519	18469.1
49.4562	18470.5
49.4596	18471.9
49.4639	18473.3
49.4665	18474.7
49.4708	18476.1
49.4742	18477.6
49.4785	18479
49.4811	18480.4
49.4854	18481.8
49.4889	18483.2
49.4931	18484.6
49.4958	18486
49.5	18487.5
49.5035	18488.9
49.5077	18490.3
49.5104	18491.7
49.5146	18493.1
49.5181	18494.5
49.5224	18495.9
49.5266	18497.4
49.5293	18498.8
49.5327	18500.2
49.537	18501.6
49.5413	18503
49.5439	18504.4
49.5473	18505.8
49.5516	18507.2
49.5559	18508.7
49.5585	18510.1
49.5619	18511.5
49.5662	18512.9
49.5705	18514.3
49.5731	18515.7
49.5766	18517.1
49.5808	18518.6
49.5843	18520
49.5886	18521.4
49.592	18522.8
49.5963	18524.2
49.5989	18525.6
49.6032	18527
49.6066	18528.5
49.6109	18529.9
49.6135	18531.3
49.6178	18532.7
49.6212	18534.1
49.6255	18535.5
49.6281	18536.9
49.6324	18538.4
49.6359	18539.8
49.6401	18541.2
49.6428	18542.6
49.647	18544
49.6505	18545.4
49.6547	18546.8
49.6574	18548.3
49.6616	18549.7
49.6651	18551.1
49.6694	18552.5
49.672	18553.9
49.6763	18555.3
49.6797	18556.7
49.684	18558.2
49.6866	18559.6
49.6909	18561
49.6943	18562.4
49.6986	18563.8
49.7012	18565.2
49.7055	18566.6
49.7089	18568.1
49.7132	18569.5
49.7158	18570.9
49.7201	18572.3
49.7236	18573.7
49.7278	18575.1
49.7305	18576.5
49.7347	18578
49.7382	18579.4
49.7424	18580.8
49.7467	18582.2
49.7493	18583.6
49.7528	18585
49.7571	18586.4
49.7613	18587.9
49.764	18589.3
49.7674	18590.7
49.7717	18592.1
49.776	18593.5
49.7786	18594.9
49.782	18596.3
49.7863	18597.8
49.7906	18599.2
49.7932	18600.6
49.7966	18602
49.8009	18603.4
49.8044	18604.8
49.8086	18606.2
49.8121	18607.6
49.8164	18609.1
49.819	18610.5
49.8233	18611.9
49.8267	18613.3
49.831	18614.7
49.8336	18616.1
49.8379	18617.5
49.8413	18619
49.8456	18620.4
49.8482	18621.8
49.8525	18623.2
49.8559	18624.6
49.8602	18626
49.8628	18627.4
49.8671	18628.9
49.8706	18630.3
49.8748	18631.7
49.8775	18633.1
49.8817	18634.5
49.8852	18635.9
49.8894	18637.3
49.8921	18638.8
49.8963	18640.2
49.8998	18641.6
49.9041	18643
49.9067	18644.4
49.911	18645.8
49.9144	18647.2
49.9187	18648.7
49.9213	18650.1
49.9256	18651.5
49.929	18652.9
49.9333	18654.3
49.9359	18655.7
49.9402	18657.1
49.9436	18658.6
49.9479	18660
49.9505	18661.4
49.9548	18662.8
49.9583	18664.2
49.9625	18665.6
49.9668	18667
49.9694	18668.5
49.9729	18669.9
49.9771	18671.3
49.9814	18672.7
49.984	18674.1
49.9875	18675.5
49.9918	18676.9
49.996	18678.4
49.9987	18679.8
