1.10211	102
1.20558	102
1.20718	102
1.20879	102
1.21039	103
1.21199	104
1.30903	117
1.31064	115
1.31224	114
1.31384	113
1.31544	112
1.31705	111
1.31865	111
1.41249	122
1.41409	120
1.41569	118
1.41729	116
1.4189	115
1.4205	114
1.4221	113
1.4237	113
1.4253	112
1.42691	111
1.42851	111
1.51674	110
1.51834	110
1.51994	109
1.52155	109
1.52315	108
1.52475	108
1.52635	108
1.52795	108
1.52956	108
1.53116	108
1.53276	108
1.53436	109
1.53597	109
1.53757	109
1.53917	110
1.54077	110
1.62019	120
1.62179	118
1.6234	116
1.625	115
1.6266	114
1.6282	113
1.62981	112
1.63141	112
1.63301	111
1.63461	111
1.63621	111
1.63782	111
1.63942	111
1.64102	111
1.64262	111
1.64422	111
1.64583	111
1.64743	111
1.64903	112
1.65063	112
1.65223	112
1.65384	113
1.65544	113
1.65704	114
1.72364	122
1.72525	120
1.72685	118
1.72845	117
1.73005	115
1.73166	114
1.73326	114
1.73486	113
1.73646	112
1.73806	112
1.73967	111
1.74127	111
1.74287	111
1.74447	111
1.74607	111
1.74768	111
1.74928	111
1.75088	112
1.75248	112
1.75409	112
1.75569	112
1.75729	113
1.75889	113
1.76049	113
1.7621	114
1.7637	114
1.7653	115
1.7669	115
1.7685	116
1.77011	116
1.77171	117
1.77331	117
1.77491	118
1.77651	118
1.77812	119
1.77972	119
1.8271	125
1.8287	123
1.8303	120
1.8319	119
1.83351	117
1.83511	116
1.83671	115
1.83831	114
1.83991	113
1.84152	113
1.84312	112
1.84472	112
1.84632	112
1.84792	112
1.84953	112
1.85113	112
1.85273	112
1.85433	112
1.85594	112
1.85754	112
1.85914	113
1.86074	113
1.86234	113
1.86395	114
1.86555	114
1.86715	114
1.86875	115
1.86989	115
1.87132	116
1.87224	116
1.87384	116
1.87477	116
1.87619	117
1.87711	117
1.87871	117
1.87964	117
1.88106	117
1.88199	117
1.88359	117
1.88451	118
1.88593	118
1.88686	118
1.88846	118
1.88938	118
1.89081	118
1.89173	118
1.89333	118
1.89426	118
1.89568	118
1.8966	118
1.89821	118
1.93055	122
1.93215	120
1.93307	118
1.93468	116
1.9356	115
1.93702	114
1.93795	112
1.93955	111
1.94047	110
1.9419	110
1.94282	109
1.94442	108
1.94535	108
1.94677	108
1.94769	107
1.94929	107
1.95022	107
1.95164	106
1.95257	106
1.95399	106
1.95559	105
1.95651	105
1.95744	105
1.95886	105
1.96046	105
1.96139	105
1.96231	105
1.96373	105
1.96534	105
1.96626	105
1.96718	105
1.96861	105
1.97021	105
1.97113	105
1.97206	105
1.97348	105
1.97463	105
1.97605	105
1.9772	105
1.97862	105
1.9795	105
1.98092	104
1.98207	104
1.9835	104
1.98437	104
1.9858	104
1.98695	104
1.98837	104
1.98925	104
1.99067	104
1.99182	104
1.99324	104
1.99412	104
1.99554	104
1.99669	104
1.99811	104
1.99899	104
2.00041	104
2.00156	104
2.00299	104
2.03408	104
2.03623	104
2.03738	104
2.0388	104
2.03967	104
2.0411	104
2.04225	104
2.04367	104
2.04455	104
2.04597	104
2.04712	104
2.04854	104
2.04942	104
2.05084	104
2.05199	104
2.05342	104
2.05429	104
2.05572	104
2.05687	104
2.05829	104
2.05971	104
2.06059	104
2.06174	104
2.06316	104
2.06458	104
2.06546	104
2.06661	104
2.06803	104
2.06946	104
2.07033	104
2.07148	104
2.07291	104
2.07433	104
2.07521	104
2.07636	104
2.07778	104
2.07893	104
2.08035	104
2.0815	104
2.08292	104
2.0838	104
2.08522	104
2.08637	104
2.0878	104
2.08867	104
2.0901	104
2.09125	104
2.09267	104
2.09355	104
2.09497	104
2.09612	104
2.09754	104
2.09842	104
2.09984	104
2.10099	104
2.10241	104
2.10329	104
2.10474	104
2.10589	104
2.10732	104
2.13761	104
2.1403	104
2.14145	104
2.14287	104
2.14375	104
2.14517	104
2.14632	104
2.14774	104
2.14862	104
2.15004	104
2.15119	104
2.15262	104
2.15349	104
2.15492	104
2.15607	104
2.15749	104
2.15837	104
2.15979	104
2.16094	104
2.16236	104
2.16379	104
2.16466	104
2.16581	104
2.16723	104
2.16866	104
2.16953	104
2.17068	104
2.17211	104
2.17353	104
2.17441	104
2.17556	104
2.17698	104
2.1784	104
2.17928	104
2.18043	104
2.18185	104
2.183	104
2.18443	104
2.18558	104
2.187	104
2.18787	104
2.1893	104
2.19045	104
2.19187	104
2.19275	104
2.19417	104
2.19532	104
2.19674	104
2.19762	104
2.19904	104
2.20019	104
2.20162	104
2.20249	104
2.20392	104
2.20507	104
2.20649	104
2.20737	104
2.21683	105
2.21798	105
2.2194	106
2.24113	106
2.24437	106
2.24552	105
2.24695	105
2.24782	105
2.24925	105
2.2504	105
2.25182	104
2.2527	104
2.25412	104
2.25527	104
2.25669	104
2.25757	104
2.25899	104
2.26014	104
2.26156	104
2.26244	104
2.26386	104
2.26501	104
2.26644	104
2.26786	104
2.26874	104
2.26989	104
2.27131	104
2.27273	104
2.27361	104
2.27476	104
2.27618	104
2.2776	104
2.27848	104
2.27963	104
2.28105	104
2.28248	104
2.28335	104
2.2845	104
2.28593	104
2.28708	104
2.2885	104
2.28965	104
2.29107	104
2.29195	104
2.29337	104
2.29452	104
2.29594	104
2.29682	104
2.29824	104
2.29939	104
2.30082	104
2.30169	104
2.30312	104
2.30427	104
2.30569	104
2.30657	104
2.30799	104
2.30914	104
2.31056	104
2.31144	104
2.32408	104
2.32523	104
2.32665	105
2.34466	104
2.34845	104
2.3496	104
2.35102	104
2.3519	104
2.35332	104
2.35447	104
2.35589	104
2.35677	104
2.35819	104
2.35934	104
2.36077	104
2.36164	104
2.36307	104
2.36422	104
2.36564	104
2.36651	104
2.36794	104
2.36909	104
2.37051	104
2.37193	104
2.37281	104
2.37396	104
2.37538	104
2.37681	104
2.37768	104
2.37883	104
2.38026	104
2.38168	104
2.38256	104
2.38371	104
2.38513	104
2.38655	104
2.38743	104
2.38858	104
2.39	104
2.39115	104
2.39257	104
2.39372	104
2.39515	104
2.39602	104
2.39745	104
2.3986	104
2.40002	104
2.4009	104
2.40232	104
2.40347	104
2.40489	104
2.40577	104
2.40719	104
2.40834	104
2.40976	104
2.41064	104
2.41206	104
2.41321	104
2.41464	104
2.41551	104
2.43376	104
2.43491	105
2.43633	105
2.44819	105
2.45252	105
2.45367	105
2.45509	105
2.45597	104
2.45739	104
2.45854	104
2.45997	104
2.46084	104
2.46227	104
2.46342	104
2.46484	104
2.46572	104
2.46714	104
2.46829	104
2.46971	104
2.47059	104
2.47201	104
2.47316	104
2.47458	104
2.47601	104
2.47688	104
2.47803	104
2.47946	104
2.48088	104
2.48176	104
2.48291	104
2.48433	104
2.48575	104
2.48663	104
2.48778	104
2.4892	104
2.49063	104
2.4915	104
2.49265	104
2.49407	104
2.49522	104
2.49665	104
2.4978	104
2.49922	104
2.5001	104
2.50152	104
2.50267	104
2.50409	104
2.50497	104
2.50639	104
2.50754	104
2.50897	104
2.50984	104
2.51127	104
2.51242	104
2.51384	104
2.51471	104
2.51614	104
2.51729	104
2.51871	104
2.51959	104
2.54745	105
2.5486	106
2.55002	107
2.55172	106
2.5566	106
2.55775	106
2.55917	105
2.56005	105
2.56147	105
2.56262	105
2.56404	105
2.56492	105
2.56634	104
2.56749	104
2.56891	104
2.56979	104
2.57121	104
2.57236	104
2.57379	104
2.57466	104
2.57609	104
2.57724	104
2.57866	104
2.58008	104
2.58096	104
2.58211	104
2.58353	104
2.58495	104
2.58583	104
2.58698	104
2.5884	104
2.58983	104
2.5907	104
2.59185	104
2.59328	104
2.5947	104
2.59558	104
2.59673	104
2.59815	104
2.5993	104
2.60072	104
2.60187	104
2.60329	104
2.60417	104
2.60559	104
2.60674	104
2.60817	104
2.60904	104
2.61047	104
2.61162	104
2.61304	104
2.61392	104
2.61534	104
2.61649	104
2.61791	104
2.61879	104
2.62021	104
2.62136	104
2.62278	104
2.62366	104
2.66371	105
2.66486	106
2.66629	108
2.66716	109
2.66859	109
2.66974	109
2.67116	109
2.67204	110
2.67346	110
2.67461	110
2.67603	110
2.67691	110
2.67833	111
2.67948	111
2.68091	111
2.68178	111
2.68321	111
2.68435	111
2.68578	111
2.68665	111
2.68808	111
2.68923	111
2.69065	111
2.69207	111
2.69295	111
2.6941	111
2.69552	111
2.69695	111
2.69782	111
2.69897	111
2.7004	111
2.70182	111
2.7027	111
2.70385	111
2.70527	111
2.70669	111
2.70757	111
2.70872	111
2.71014	111
2.71129	111
2.71271	111
2.71386	111
2.71529	111
2.71616	111
2.71759	111
2.71874	111
2.72016	111
2.72104	111
2.72246	111
2.72361	111
2.72503	111
2.72591	111
2.72733	111
2.72848	111
2.7299	111
2.73078	111
2.7322	111
2.73335	111
2.73478	111
2.73565	111
2.79475	114
2.7959	116
2.79733	118
2.7982	119
2.79963	121
2.80078	122
2.8022	123
2.80308	124
2.8045	125
2.80565	126
2.80707	126
2.80795	127
2.80937	127
2.81052	128
2.81194	128
2.81282	128
2.81424	129
2.81539	129
2.81682	129
2.81769	129
2.81912	129
2.82027	129
2.82169	130
2.82311	130
2.82399	130
2.82514	130
2.82656	130
2.82798	130
2.82886	130
2.83001	130
2.83143	130
2.83286	130
2.83373	130
2.83488	130
2.83631	130
2.83773	130
2.83861	130
2.83976	130
2.84118	130
2.84233	130
2.84375	130
2.8449	130
2.84632	130
2.8472	130
2.84862	130
2.84977	130
2.8512	130
2.85207	130
2.8535	130
2.85465	130
2.85607	130
2.85695	130
2.85837	130
2.85952	130
2.86094	130
2.86182	130
2.86324	130
2.86439	130
2.86581	130
2.86669	130
2.93262	131
2.93458	132
2.93772	133
2.93952	134
2.94237	135
2.94432	136
2.94747	137
2.94847	138
2.94989	139
2.95104	140
2.95246	140
2.95334	141
2.95476	141
2.95591	142
2.95734	142
2.95821	143
2.95964	143
2.96079	143
2.96221	143
2.96309	144
2.96451	144
2.96566	144
2.96708	144
2.9685	144
2.96938	144
2.97053	144
2.97195	144
2.97338	144
2.97425	145
2.9754	145
2.97683	145
2.97825	145
2.97913	145
2.98028	145
2.9817	145
2.98312	145
2.984	145
2.98515	145
2.98657	145
2.98772	145
2.98914	145
2.99029	145
2.99172	145
2.99259	145
2.99402	145
2.99517	145
2.99659	145
2.99747	145
2.99889	145
3.00004	145
3.00146	145
3.00536	145
3.00771	146
3.00978	146
3.01201	147
3.01511	148
3.01665	148
3.01941	149
3.02175	150
3.02485	151
3.06788	149
3.0699	147
3.0731	146
3.0762	144
3.0777	143
3.07965	142
3.08284	141
3.08452	140
3.08657	140
3.08939	140
3.09259	140
3.09427	140
3.09631	140
3.09914	140
3.10233	141
3.10401	141
3.10606	142
3.10721	143
3.10863	143
3.10951	143
3.11093	144
3.11208	144
3.1135	144
3.11492	144
3.1158	144
3.11695	145
3.11837	145
3.1198	145
3.12067	145
3.12182	145
3.12325	145
3.12467	145
3.12555	145
3.1267	145
3.12812	145
3.12954	145
3.13042	146
3.13157	146
3.13299	146
3.13414	146
3.13556	146
3.13839	146
3.14159	146
3.14389	147
3.14619	147
3.14876	148
3.15133	149
3.15221	150
3.15593	150
3.1585	151
3.16188	152
3.16338	153
3.16648	154
3.16825	154
3.17162	155
3.17392	155
3.17622	156
3.17799	156
3.18137	156
3.18367	157
3.20316	154
3.20493	152
3.2083	149
3.21095	147
3.21318	146
3.21495	145
3.21805	143
3.22035	142
3.22212	142
3.22469	141
3.22779	140
3.22929	139
3.23187	139
3.23444	138
3.23754	138
3.23904	137
3.24126	137
3.24418	137
3.24728	137
3.24878	137
3.25101	138
3.25393	138
3.25703	139
3.25907	139
3.2619	140
3.26367	141
3.2651	142
3.26652	142
3.2674	143
3.26855	143
3.26997	144
3.27139	144
3.27395	144
3.27652	145
3.27909	146
3.28194	146
3.28369	147
3.28661	148
3.28884	149
3.29141	150
3.29371	151
3.29628	152
3.29886	152
3.30116	153
3.30345	153
3.30603	154
3.3086	154
3.3109	155
3.3132	155
3.31577	155
3.31897	155
3.32065	155
3.32269	155
3.32552	156
3.32871	156
3.33039	156
3.33324	156
3.33526	156
3.33846	156
3.34014	156
3.34298	154
3.34501	152
3.3482	151
3.3505	149
3.35273	148
3.35475	147
3.35795	146
3.35997	145
3.3622	144
3.36512	144
3.36734	143
3.36964	143
3.37194	142
3.37452	142
3.37709	142
3.37939	141
3.38169	141
3.38426	141
3.38683	141
3.38913	141
3.39143	140
3.39401	140
3.39658	140
3.39943	140
3.4018	140
3.40375	140
3.40632	140
3.40917	140
3.41155	141
3.4135	141
3.41607	142
3.41892	142
3.42129	143
3.42324	144
3.42581	144
3.42892	144
3.43122	145
3.43271	145
3.43636	145
3.43759	145
3.44123	145
3.44353	146
3.44558	146
3.44813	146
3.45098	146
3.45328	146
3.45532	146
3.45788	146
3.46072	146
3.46302	146
3.46507	146
3.46817	146
3.46967	146
3.47277	146
3.47481	146
3.47711	146
3.47934	146
3.48251	146
3.48456	146
3.48686	146
3.48908	146
3.49226	146
3.4943	146
3.4966	146
3.49883	146
3.502	146
3.50423	146
3.72984	141
3.73144	136
3.73304	133
3.73465	130
3.73625	127
3.73785	125
3.73945	123
3.74106	122
3.74266	121
3.74426	121
3.74586	121
3.74746	121
3.74907	121
3.75067	121
3.75227	122
3.75387	122
3.75547	123
3.75708	124
3.75868	125
3.76028	126
3.76188	127
3.83329	137
3.8349	133
3.8365	129
3.8381	126
3.8397	124
3.8413	121
3.84291	119
3.84451	117
3.84611	116
3.84771	114
3.84931	113
3.85092	112
3.85252	111
3.85412	110
3.85572	110
3.85732	109
3.85893	108
3.86053	108
3.86213	107
3.86373	107
3.86534	107
3.93675	115
3.93835	114
3.93995	113
3.94155	112
3.94315	111
3.94476	110
3.94636	109
3.94796	109
3.94956	108
3.95116	108
3.95277	107
3.95437	107
3.95597	107
3.95757	106
3.95918	106
3.96078	106
3.96238	106
3.96398	106
3.96558	105
3.96719	105
3.96879	105
3.97039	105
4.041	105
4.0426	105
4.0442	105
4.0458	105
4.04741	104
4.04901	104
4.05061	104
4.05221	104
4.05382	104
4.05542	104
4.05702	104
4.05862	104
4.06022	104
4.06183	104
4.06343	104
4.06503	104
4.06663	104
4.06823	104
4.06984	104
4.07144	104
4.07304	104
4.07464	104
4.14525	104
4.14685	104
4.14846	104
4.15006	104
4.15166	104
4.15326	104
4.15486	104
4.15647	104
4.15807	104
4.15967	104
4.16127	104
4.16288	104
4.16448	104
4.16608	104
4.16768	105
4.16928	105
4.17089	105
4.17249	105
4.17409	105
4.17569	105
4.17729	105
4.1789	105
4.2487	114
4.25031	112
4.25191	111
4.25351	111
4.25511	110
4.25671	109
4.25832	109
4.25992	108
4.26152	108
4.26312	107
4.26473	107
4.26633	107
4.26793	106
4.26953	106
4.27113	106
4.27274	106
4.27434	106
4.27594	105
4.27754	105
4.27914	105
4.28075	105
4.28235	105
4.35216	114
4.35376	112
4.35536	111
4.35696	111
4.35856	110
4.36017	109
4.36177	109
4.36337	108
4.36497	108
4.36658	107
4.36818	107
4.36978	107
4.37138	106
4.37298	106
4.37459	106
4.37619	106
4.37779	106
4.37939	105
4.38099	105
4.3826	105
4.3842	105
4.3858	105
4.3874	105
4.45641	105
4.45801	105
4.45961	105
4.46122	105
4.46282	104
4.46442	104
4.46602	104
4.46762	104
4.46923	104
4.47083	104
4.47243	104
4.47403	104
4.47564	104
4.47724	104
4.47884	104
4.48044	104
4.48204	104
4.48365	104
4.48525	104
4.48685	104
4.48845	104
4.49005	104
4.49166	104
4.56066	104
4.56227	104
4.56387	104
4.56547	104
4.56707	104
4.56867	104
4.57028	104
4.57188	104
4.57348	104
4.57508	104
4.57668	104
4.57829	104
4.57989	104
4.58149	104
4.58309	104
4.5847	104
4.5863	104
4.5879	104
4.5895	104
4.5911	105
4.59271	105
4.59431	105
4.59591	105
4.66412	113
4.66572	112
4.66732	111
4.66892	110
4.67052	110
4.67213	109
4.67373	108
4.67533	108
4.67693	107
4.67853	107
4.68014	107
4.68174	107
4.68334	106
4.68494	106
4.68655	106
4.68815	106
4.68975	106
4.69135	105
4.69295	105
4.69456	105
4.69616	105
4.69776	105
4.69936	105
4.76757	113
4.76917	112
4.77077	111
4.77237	110
4.77398	110
4.77558	109
4.77718	108
4.77878	108
4.78038	108
4.78199	107
4.78359	107
4.78519	107
4.78679	106
4.7884	106
4.79	106
4.7916	106
4.7932	106
4.7948	105
4.79641	105
4.79801	105
4.79961	105
4.80121	105
4.80281	105
4.80442	105
4.87182	105
4.87342	105
4.87503	105
4.87663	104
4.87823	104
4.87983	104
4.88143	104
4.88304	104
4.88464	104
4.88624	104
4.88784	104
4.88944	104
4.89105	104
4.89265	104
4.89425	104
4.89585	104
4.89746	104
4.89906	104
4.90066	104
4.90226	104
4.90386	104
4.90547	104
4.90707	104
4.90867	104
4.97607	104
4.97768	104
4.97928	104
4.98088	104
4.98248	104
4.98408	104
4.98569	104
4.98729	104
4.98889	104
4.99049	104
4.9921	104
4.9937	104
4.9953	104
4.9969	104
4.9985	104
5.00011	104
5.00171	104
5.00331	104
5.00491	104
5.00651	104
5.00812	104
5.00972	104
5.01132	104
5.01292	104
5.07953	113
5.08113	112
5.08273	111
5.08433	110
5.08594	109
5.08754	109
5.08914	108
5.09074	108
5.09234	107
5.09395	107
5.09555	107
5.09715	106
5.09875	106
5.10035	106
5.10196	106
5.10356	106
5.10516	105
5.10676	105
5.10836	105
5.10997	105
5.11157	105
5.11317	105
5.11477	105
5.11638	105
5.18298	113
5.18458	112
5.18618	111
5.18779	110
5.18939	109
5.19099	109
5.19259	108
5.19419	108
5.1958	107
5.1974	107
5.199	107
5.2006	107
5.2022	106
5.20381	106
5.20541	106
5.20701	106
5.20861	106
5.21022	106
5.21182	105
5.21342	105
5.21502	105
5.21662	105
5.21823	105
5.21983	105
5.22143	105
5.28723	105
5.28883	105
5.29044	105
5.29204	105
5.29364	104
5.29524	104
5.29684	104
5.29845	104
5.30005	104
5.30165	104
5.30325	104
5.30486	104
5.30646	104
5.30806	104
5.30966	104
5.31126	104
5.31287	104
5.31447	104
5.31607	104
5.31767	104
5.31927	104
5.32088	104
5.32248	104
5.32408	104
5.32568	104
5.39149	104
5.39309	104
5.39469	104
5.39629	104
5.39789	104
5.3995	104
5.4011	104
5.4027	104
5.4043	104
5.4059	104
5.40751	104
5.40911	104
5.41071	104
5.41231	104
5.41392	104
5.41552	104
5.41712	104
5.41872	104
5.42032	104
5.42193	104
5.42353	104
5.42513	104
5.42673	104
5.42833	104
5.42994	104
5.49494	112
5.49654	111
5.49814	110
5.49974	109
5.50135	109
5.50295	108
5.50455	108
5.50615	107
5.50775	107
5.50936	107
5.51096	106
5.51256	106
5.51416	106
5.51577	106
5.51737	106
5.51897	105
5.52057	105
5.52217	105
5.52378	105
5.52538	105
5.52698	105
5.52858	105
5.53018	105
5.53179	105
5.53339	105
5.59839	113
5.59999	112
5.60159	111
5.6032	110
5.6048	109
5.6064	109
5.608	108
5.6096	108
5.61121	107
5.61281	107
5.61441	107
5.61601	107
5.61762	106
5.61922	106
5.62082	106
5.62242	106
5.62402	106
5.62563	106
5.62723	105
5.62883	105
5.63043	105
5.63203	105
5.63364	105
5.63524	105
5.63684	105
5.70184	113
5.70344	112
5.70505	111
5.70665	110
5.70825	109
5.70985	109
5.71146	108
5.71306	108
5.71466	107
5.71626	107
5.71786	107
5.71947	106
5.72107	106
5.72267	106
5.72427	106
5.72587	106
5.72748	106
5.72908	105
5.73068	105
5.73228	105
5.73388	105
5.73549	105
5.73709	105
5.73869	105
5.74029	105
5.7419	105
5.8061	105
5.8077	105
5.8093	104
5.8109	104
5.8125	104
5.81411	104
5.81571	104
5.81731	104
5.81891	104
5.82051	104
5.82212	104
5.82372	104
5.82532	104
5.82692	104
5.82853	104
5.83013	104
5.83173	104
5.83333	104
5.83493	104
5.83654	104
5.83814	104
5.83974	104
5.84134	104
5.84294	104
5.84455	104
5.84615	104
5.91035	104
5.91195	104
5.91355	104
5.91516	104
5.91676	104
5.91836	104
5.91996	104
5.92156	104
5.92317	105
5.92477	105
5.92637	105
5.92797	105
5.92957	105
5.93118	105
5.93278	105
5.93438	105
5.93598	105
5.93759	105
5.93919	105
5.94079	105
5.94239	105
5.94399	105
5.9456	105
5.9472	105
5.9488	105
5.9504	105
6.0138	113
6.0154	112
6.01701	111
6.01861	110
6.02021	110
6.02181	109
6.02341	108
6.02502	108
6.02662	108
6.02822	107
6.02982	107
6.03142	107
6.03303	106
6.03463	106
6.03623	106
6.03783	106
6.03944	106
6.04104	106
6.04264	105
6.04424	105
6.04584	105
6.04745	105
6.04905	105
6.05065	105
6.05225	105
6.05385	105
6.11725	113
6.11886	112
6.12046	111
6.12206	110
6.12366	109
6.12526	109
6.12687	108
6.12847	108
6.13007	107
6.13167	107
6.13327	107
6.13488	106
6.13648	106
6.13808	106
6.13968	106
6.14129	106
6.14289	105
6.14449	105
6.14609	105
6.14769	105
6.1493	105
6.1509	105
6.1525	105
6.1541	105
6.1557	105
6.15731	105
6.15891	105
6.22151	105
6.22311	105
6.22471	104
6.22631	104
6.22792	104
6.22952	104
6.23112	104
6.23272	104
6.23432	104
6.23593	104
6.23753	104
6.23913	104
6.24073	104
6.24233	104
6.24394	104
6.24554	104
6.24714	104
6.24874	104
6.25035	104
6.25195	104
6.25355	104
6.25515	104
6.25675	104
6.25836	104
6.25996	104
6.26156	104
6.26316	104
6.32576	104
6.32736	104
6.32896	104
6.33057	104
6.33217	104
6.33377	104
6.33537	104
6.33698	104
6.33858	104
6.34018	104
6.34178	104
6.34338	104
6.34499	104
6.34659	104
6.34819	105
6.34979	105
6.35139	105
6.353	105
6.3546	105
6.3562	105
6.3578	105
6.3594	105
6.36101	105
6.36261	105
6.36421	105
6.36581	105
6.36742	105
6.42921	113
6.43081	112
6.43242	111
6.43402	110
6.43562	109
6.43722	109
6.43883	108
6.44043	108
6.44203	108
6.44363	107
6.44523	107
6.44684	107
6.44844	106
6.45004	106
6.45164	106
6.45324	106
6.45485	106
6.45645	105
6.45805	105
6.45965	105
6.46126	105
6.46286	105
6.46446	105
6.46606	105
6.46766	105
6.46927	105
6.47087	105
6.53266	112
6.53427	111
6.53587	110
6.53747	110
6.53907	109
6.54068	108
6.54228	108
6.54388	108
6.54548	107
6.54708	107
6.54869	107
6.55029	106
6.55189	106
6.55349	106
6.55509	106
6.5567	106
6.5583	105
6.5599	105
6.5615	105
6.56311	105
6.56471	105
6.56631	105
6.56791	105
6.56951	105
6.57112	105
6.57272	105
6.57432	105
6.57592	105
6.63692	105
6.63852	104
6.64012	104
6.64172	104
6.64333	104
6.64493	104
6.64653	104
6.64813	104
6.64974	104
6.65134	104
6.65294	104
6.65454	104
6.65614	104
6.65775	104
6.65935	104
6.66095	104
6.66255	104
6.66415	104
6.66576	104
6.66736	104
6.66896	104
6.67056	104
6.67216	104
6.67377	104
6.67537	104
6.67697	104
6.67857	104
6.68018	104
6.74117	104
6.74277	104
6.74438	104
6.74598	104
6.74758	104
6.74918	104
6.75078	104
6.75239	104
6.75399	104
6.75559	104
6.75719	104
6.75879	104
6.7604	104
6.762	104
6.7636	104
6.7652	104
6.76681	104
6.76841	104
6.77001	105
6.77161	105
6.77321	105
6.77482	105
6.77642	105
6.77802	105
6.77962	105
6.78122	105
6.78283	105
6.78443	105
6.84462	113
6.84623	112
6.84783	111
6.84943	110
6.85103	109
6.85263	109
6.85424	108
6.85584	108
6.85744	107
6.85904	107
6.86064	107
6.86225	106
6.86385	106
6.86545	106
6.86705	106
6.86866	106
6.87026	106
6.87186	105
6.87346	105
6.87506	105
6.87667	105
6.87827	105
6.87987	105
6.88147	105
6.88307	105
6.88468	105
6.88628	105
6.88788	105
6.94808	112
6.94968	111
6.95128	110
6.95288	110
6.95448	109
6.95609	108
6.95769	108
6.95929	107
6.96089	107
6.9625	107
6.9641	106
6.9657	106
6.9673	106
6.9689	106
6.97051	106
6.97211	106
6.97371	105
6.97531	105
6.97691	105
6.97852	105
6.98012	105
6.98172	105
6.98332	105
6.98492	105
6.98653	105
6.98813	105
6.98973	105
6.99133	105
6.99294	105
7.05233	105
7.05393	104
7.05553	104
7.05714	104
7.05874	104
7.06034	104
7.06194	104
7.06354	104
7.06515	104
7.06675	104
7.06835	104
7.06995	104
7.07155	104
7.07316	104
7.07476	104
7.07636	104
7.07796	104
7.07957	104
7.08117	104
7.08277	104
7.08437	104
7.08597	104
7.08758	104
7.08918	104
7.09078	104
7.09238	104
7.09398	104
7.09559	104
7.09719	104
7.15658	104
7.15818	104
7.15979	104
7.16139	104
7.16299	104
7.16459	104
7.1662	104
7.1678	104
7.1694	104
7.171	104
7.1726	104
7.17421	104
7.17581	104
7.17741	104
7.17901	104
7.18061	104
7.18222	104
7.18382	104
7.18542	104
7.18702	104
7.18863	104
7.19023	104
7.19183	105
7.19343	105
7.19503	105
7.19664	105
7.19824	105
7.19984	105
7.20144	105
7.26003	112
7.26164	111
7.26324	110
7.26484	110
7.26644	109
7.26805	109
7.26965	108
7.27125	108
7.27285	107
7.27445	107
7.27606	107
7.27766	106
7.27926	106
7.28086	106
7.28246	106
7.28407	106
7.28567	105
7.28727	105
7.28887	105
7.29048	105
7.29208	105
7.29368	105
7.29528	105
7.29688	105
7.29849	105
7.30009	105
7.30169	105
7.30329	105
7.30489	105
7.36349	112
7.36509	111
7.36669	110
7.36829	109
7.3699	109
7.3715	108
7.3731	108
7.3747	107
7.3763	107
7.37791	107
7.37951	106
7.38111	106
7.38271	106
7.38431	106
7.38592	106
7.38752	105
7.38912	105
7.39072	105
7.39233	105
7.39393	105
7.39553	105
7.39713	105
7.39873	105
7.40034	105
7.40194	105
7.40354	105
7.40514	105
7.40674	105
7.40835	105
7.40995	105
7.46774	105
7.46934	104
7.47094	104
7.47255	104
7.47415	104
7.47575	104
7.47735	104
7.47896	104
7.48056	104
7.48216	104
7.48376	104
7.48536	104
7.48697	104
7.48857	104
7.49017	104
7.49177	104
7.49337	104
7.49498	104
7.49658	104
7.49818	104
7.49978	104
7.50139	104
7.50299	104
7.50459	104
7.50619	104
7.50779	104
7.5094	104
7.511	104
7.5126	104
7.5142	104
7.57199	104
7.5736	104
7.5752	104
7.5768	104
7.5784	104
7.58	104
7.58161	104
7.58321	104
7.58481	104
7.58641	104
7.58802	104
7.58962	104
7.59122	104
7.59282	104
7.59442	104
7.59603	104
7.59763	104
7.59923	104
7.60083	104
7.60243	104
7.60404	104
7.60564	104
7.60724	104
7.60884	104
7.61044	104
7.61205	104
7.61365	104
7.61525	104
7.61685	105
7.61846	105
7.67545	112
7.67705	111
7.67865	110
7.68025	109
7.68185	109
7.68346	108
7.68506	108
7.68666	107
7.68826	107
7.68987	107
7.69147	106
7.69307	106
7.69467	106
7.69627	106
7.69788	106
7.69948	105
7.70108	105
7.70268	105
7.70428	105
7.70589	105
7.70749	105
7.70909	105
7.71069	105
7.7123	105
7.7139	105
7.7155	105
7.7171	105
7.7187	105
7.72031	105
7.72191	105
7.7789	112
7.7805	111
7.7821	110
7.7837	109
7.78531	109
7.78691	108
7.78851	108
7.79011	107
7.79172	107
7.79332	107
7.79492	106
7.79652	106
7.79812	106
7.79973	106
7.80133	106
7.80293	105
7.80453	105
7.80613	105
7.80774	105
7.80934	105
7.81094	105
7.81254	105
7.81415	105
7.81575	105
7.81735	105
7.81895	105
7.82055	105
7.82216	105
7.82376	105
7.82536	105
7.82696	105
7.88315	105
7.88475	104
7.88636	104
7.88796	104
7.88956	104
7.89116	104
7.89276	104
7.89437	104
7.89597	104
7.89757	104
7.89917	104
7.90078	104
7.90238	104
7.90398	104
7.90558	104
7.90718	104
7.90879	104
7.91039	104
7.91199	104
7.91359	104
7.91519	104
7.9168	104
7.9184	104
7.92	104
7.9216	104
7.9232	104
7.92481	104
7.92641	104
7.92801	104
7.92961	104
7.93122	104
7.9874	104
7.98901	104
7.99061	104
7.99221	104
7.99381	104
7.99542	104
7.99702	104
7.99862	104
8.00022	104
8.00182	104
8.00343	104
8.00503	104
8.00663	104
8.00823	104
8.00983	104
8.01144	104
8.01304	104
8.01464	104
8.01624	104
8.01785	104
8.01945	104
8.02105	104
8.02265	104
8.02425	104
8.02586	104
8.02746	104
8.02906	104
8.03066	104
8.03226	104
8.03387	104
8.03547	104
8.09086	111
8.09246	110
8.09406	109
8.09566	109
8.09727	108
8.09887	108
8.10047	107
8.10207	107
8.10367	107
8.10528	106
8.10688	106
8.10848	106
8.11008	106
8.11168	106
8.11329	105
8.11489	105
8.11649	105
8.11809	105
8.1197	105
8.1213	105
8.1229	105
8.1245	105
8.1261	105
8.12771	105
8.12931	105
8.13091	105
8.13251	105
8.13411	105
8.13572	105
8.13732	105
8.13892	105
8.19431	111
8.19591	110
8.19751	110
8.19912	109
8.20072	109
8.20232	108
8.20392	108
8.20552	107
8.20713	107
8.20873	107
8.21033	106
8.21193	106
8.21354	106
8.21514	106
8.21674	106
8.21834	105
8.21994	105
8.22155	105
8.22315	105
8.22475	105
8.22635	105
8.22795	105
8.22956	105
8.23116	105
8.23276	105
8.23436	105
8.23596	105
8.23757	105
8.23917	105
8.24077	105
8.24237	105
8.29776	111
8.29936	111
8.30097	110
8.30257	109
8.30417	109
8.30577	108
8.30737	108
8.30898	107
8.31058	107
8.31218	107
8.31378	106
8.31539	106
8.31699	106
8.31859	106
8.32019	106
8.32179	105
8.3234	105
8.325	105
8.3266	105
8.3282	105
8.3298	105
8.33141	105
8.33301	105
8.33461	105
8.33621	105
8.33782	105
8.33942	105
8.34102	105
8.34262	105
8.34422	105
8.34583	105
8.34743	105
8.40202	105
8.40362	105
8.40522	105
8.40682	104
8.40842	104
8.41003	104
8.41163	104
8.41323	104
8.41483	104
8.41643	104
8.41804	104
8.41964	104
8.42124	104
8.42284	104
8.42444	104
8.42605	104
8.42765	104
8.42925	104
8.43085	104
8.43246	104
8.43406	104
8.43566	104
8.43726	104
8.43886	104
8.44047	104
8.44207	104
8.44367	104
8.44527	104
8.44687	104
8.44848	104
8.45008	104
8.45168	104
8.50627	104
8.50787	104
8.50947	104
8.51107	104
8.51268	104
8.51428	104
8.51588	104
8.51748	104
8.51909	104
8.52069	105
8.52229	105
8.52389	105
8.52549	105
8.5271	105
8.5287	105
8.5303	105
8.5319	105
8.5335	105
8.53511	105
8.53671	105
8.53831	105
8.53991	105
8.54152	105
8.54312	105
8.54472	105
8.54632	105
8.54792	105
8.54953	105
8.55113	105
8.55273	105
8.55433	105
8.55593	105
8.60972	112
8.61132	111
8.61292	110
8.61453	109
8.61613	109
8.61773	108
8.61933	108
8.62094	107
8.62254	107
8.62414	107
8.62574	106
8.62734	106
8.62895	106
8.63055	106
8.63215	106
8.63375	105
8.63535	105
8.63696	105
8.63856	105
8.64016	105
8.64176	105
8.64337	105
8.64497	105
8.64657	105
8.64817	105
8.64977	105
8.65138	105
8.65298	105
8.65458	105
8.65618	105
8.65778	105
8.65939	105
8.71317	111
8.71478	110
8.71638	110
8.71798	109
8.71958	108
8.72118	108
8.72279	108
8.72439	107
8.72599	107
8.72759	107
8.72919	106
8.7308	106
8.7324	106
8.734	106
8.7356	106
8.7372	106
8.73881	105
8.74041	105
8.74201	105
8.74361	105
8.74522	105
8.74682	105
8.74842	105
8.75002	105
8.75162	105
8.75323	105
8.75483	105
8.75643	105
8.75803	105
8.75963	105
8.76124	105
8.76284	105
8.76444	105
8.81811	105
8.81971	105
8.82132	105
8.82292	105
8.82452	105
8.82612	105
8.82773	105
8.82933	105
8.83093	105
8.83253	105
8.83413	105
8.83574	105
8.83734	105
8.83894	104
8.84054	104
8.84214	104
8.84375	104
8.84535	104
8.84695	104
8.84855	104
8.85016	104
8.85176	104
8.85336	104
8.85496	104
8.85656	104
8.85817	104
8.85977	104
8.86137	104
8.86297	104
8.86457	104
8.86618	104
8.86778	104
8.86938	104
8.92385	104
8.92546	105
8.92706	105
8.92866	105
8.93026	105
8.93186	105
8.93347	105
8.93507	105
8.93667	105
8.93827	105
8.93987	105
8.94148	105
8.94308	105
8.94468	106
8.94628	106
8.94789	106
8.94949	106
8.95109	106
8.95269	106
8.95429	106
8.9559	106
8.9575	106
8.9591	107
8.9607	107
8.9623	107
8.96391	107
8.96551	107
8.96711	107
8.96871	107
8.97032	107
8.97192	107
8.97352	107
8.97512	107
9.0304	114
9.032	113
9.0336	112
9.0352	112
9.0368	111
9.03841	111
9.04001	110
9.04161	110
9.04321	110
9.04481	109
9.04642	109
9.04802	109
9.04962	109
9.05122	109
9.05283	109
9.05443	108
9.05603	108
9.05763	108
9.05923	108
9.06084	108
9.06244	108
9.06404	108
9.06564	108
9.06724	108
9.06885	108
9.07045	108
9.07205	108
9.07365	108
9.07526	108
9.07686	108
9.07846	108
9.08006	108
9.08166	108
9.13614	114
9.13774	113
9.13934	113
9.14094	112
9.14254	111
9.14415	111
9.14575	110
9.14735	110
9.14895	109
9.15056	109
9.15216	109
9.15376	109
9.15536	108
9.15696	108
9.15857	108
9.16017	108
9.16177	108
9.16337	108
9.16497	107
9.16658	107
9.16818	107
9.16978	107
9.17138	107
9.17299	107
9.17459	107
9.17619	107
9.17779	107
9.17939	107
9.181	107
9.1826	107
9.1842	107
9.1858	107
9.1874	107
9.18901	107
9.24428	107
9.24588	107
9.24748	107
9.24909	107
9.25069	107
9.25229	107
9.25389	107
9.2555	107
9.2571	108
9.2587	108
9.2603	108
9.2619	108
9.26351	108
9.26511	108
9.26671	108
9.26831	108
9.26991	108
9.27152	108
9.27312	108
9.27472	108
9.27632	108
9.27793	108
9.27953	108
9.28113	108
9.28273	108
9.28433	108
9.28594	108
9.28754	108
9.28914	108
9.29074	108
9.29234	108
9.29395	108
9.29555	108
9.29715	108
9.35323	108
9.35483	108
9.35643	108
9.35803	108
9.35963	108
9.36124	108
9.36284	108
9.36444	108
9.36604	108
9.36764	108
9.36925	108
9.37085	108
9.37245	108
9.37405	108
9.37566	108
9.37726	108
9.37886	108
9.38046	109
9.38206	109
9.38367	109
9.38527	109
9.38687	109
9.38847	109
9.39007	110
9.39168	110
9.39328	110
9.39488	110
9.39648	110
9.39809	110
9.39969	110
9.40129	110
9.40289	110
9.40449	110
9.4061	110
9.46297	117
9.46457	116
9.46618	115
9.46778	115
9.46938	114
9.47098	114
9.47258	113
9.47419	113
9.47579	113
9.47739	113
9.47899	112
9.4806	112
9.4822	112
9.4838	112
9.4854	112
9.487	112
9.48861	111
9.49021	111
9.49181	111
9.49341	111
9.49501	111
9.49662	111
9.49822	111
9.49982	111
9.50142	111
9.50303	111
9.50463	111
9.50623	111
9.50783	111
9.50943	111
9.51104	111
9.51264	111
9.51424	111
9.51584	111
9.57192	118
9.57352	117
9.57512	116
9.57672	115
9.57833	115
9.57993	114
9.58153	114
9.58313	113
9.58473	113
9.58634	112
9.58794	112
9.58954	112
9.59114	112
9.59274	111
9.59435	111
9.59595	111
9.59755	111
9.59915	111
9.60076	111
9.60236	111
9.60396	110
9.60556	110
9.60716	110
9.60877	110
9.61037	110
9.61197	110
9.61357	110
9.61517	110
9.61678	110
9.61838	110
9.61998	110
9.62158	110
9.62319	110
9.62479	110
9.62639	110
9.68327	110
9.68487	110
9.68647	110
9.68807	110
9.68967	110
9.69128	111
9.69288	111
9.69448	111
9.69608	111
9.69768	111
9.69929	111
9.70089	111
9.70249	111
9.70409	111
9.70569	111
9.7073	111
9.7089	111
9.7105	111
9.7121	111
9.71371	111
9.71531	111
9.71691	111
9.71851	111
9.72011	111
9.72172	111
9.72332	111
9.72492	111
9.72652	111
9.72812	111
9.72973	111
9.73133	111
9.73293	111
9.73453	111
9.73614	111
9.73774	111
9.79541	111
9.79702	111
9.79862	111
9.80022	111
9.80182	111
9.80343	111
9.80503	111
9.80663	111
9.80823	111
9.80983	111
9.81144	111
9.81304	112
9.81464	112
9.81624	112
9.81784	112
9.81945	112
9.82105	112
9.82265	112
9.82425	112
9.82586	112
9.82746	112
9.82906	112
9.83066	112
9.83226	112
9.83387	112
9.83547	112
9.83707	112
9.83867	112
9.84027	112
9.84188	112
9.84348	113
9.84508	113
9.84668	113
9.84828	113
9.84989	113
9.90836	120
9.90997	119
9.91157	119
9.91317	118
9.91477	117
9.91638	117
9.91798	117
9.91958	116
9.92118	116
9.92278	116
9.92439	116
9.92599	115
9.92759	115
9.92919	115
9.93079	115
9.9324	115
9.934	115
9.9356	114
9.9372	114
9.93881	114
9.94041	114
9.94201	114
9.94361	114
9.94521	114
9.94682	114
9.94842	114
9.95002	114
9.95162	114
9.95322	114
9.95483	114
9.95643	114
9.95803	114
9.95963	114
9.96124	114
9.96284	114
10.0205	121
10.0221	120
10.0237	119
10.0253	119
10.0269	118
10.0285	117
10.0301	117
10.0317	116
10.0333	116
10.0349	116
10.0365	115
10.0381	115
10.0397	115
10.0413	115
10.0429	114
10.0445	114
10.0461	114
10.0478	114
10.0494	114
10.051	114
10.0526	114
10.0542	114
10.0558	114
10.0574	114
10.059	113
10.0606	113
10.0622	113
10.0638	113
10.0654	113
10.067	113
10.0686	113
10.0702	113
10.0718	113
10.0734	113
10.075	113
10.0766	113
10.1351	113
10.1367	113
10.1383	114
10.1399	114
10.1415	114
10.1431	114
10.1447	114
10.1463	114
10.1479	114
10.1495	114
10.1511	114
10.1527	114
10.1543	114
10.1559	114
10.1575	114
10.1591	114
10.1607	114
10.1623	114
10.1639	114
10.1655	114
10.1671	114
10.1687	114
10.1703	114
10.1719	114
10.1735	114
10.1751	114
10.1767	114
10.1783	114
10.1799	114
10.1815	114
10.1831	114
10.1847	114
10.1863	114
10.1879	114
10.1895	114
10.1911	114
10.2504	114
10.252	114
10.2536	114
10.2552	115
10.2568	115
10.2584	115
10.26	115
10.2616	115
10.2632	115
10.2648	115
10.2664	115
10.268	115
10.2696	115
10.2712	115
10.2729	115
10.2745	115
10.2761	115
10.2777	115
10.2793	115
10.2809	115
10.2825	115
10.2841	115
10.2857	115
10.2873	115
10.2889	115
10.2905	115
10.2921	115
10.2937	115
10.2953	115
10.2969	115
10.2985	115
10.3001	115
10.3017	115
10.3033	116
10.3049	116
10.3065	116
10.3666	123
10.3682	122
10.3698	122
10.3714	121
10.373	121
10.3746	120
10.3762	120
10.3778	119
10.3794	119
10.381	119
10.3826	119
10.3842	119
10.3858	118
10.3874	118
10.389	118
10.3906	118
10.3922	118
10.3938	118
10.3954	118
10.397	118
10.3986	118
10.4002	118
10.4018	118
10.4034	118
10.405	118
10.4066	118
10.4082	118
10.4098	117
10.4114	117
10.413	117
10.4146	117
10.4162	117
10.4178	117
10.4194	117
10.421	117
10.4226	117
10.4819	125
10.4835	124
10.4851	123
10.4867	122
10.4883	121
10.4899	121
10.4915	120
10.4931	120
10.4947	119
10.4963	119
10.498	119
10.4996	118
10.5012	118
10.5028	118
10.5044	118
10.506	117
10.5076	117
10.5092	117
10.5108	117
10.5124	117
10.514	117
10.5156	117
10.5172	117
10.5188	117
10.5204	117
10.522	117
10.5236	117
10.5252	117
10.5268	117
10.5284	117
10.53	116
10.5316	116
10.5332	116
10.5348	116
10.5364	116
10.538	116
10.5396	116
10.5997	117
10.6013	117
10.6029	117
10.6045	117
10.6061	117
10.6077	117
10.6093	117
10.6109	117
10.6125	117
10.6141	117
10.6157	117
10.6173	117
10.6189	117
10.6205	117
10.6221	117
10.6237	117
10.6253	117
10.6269	117
10.6285	117
10.6301	117
10.6317	117
10.6333	117
10.6349	117
10.6365	117
10.6381	117
10.6397	117
10.6413	117
10.6429	117
10.6445	117
10.6461	117
10.6477	117
10.6494	117
10.651	117
10.6526	117
10.6542	117
10.6558	117
10.6574	117
10.7182	117
10.7198	117
10.7214	118
10.7231	118
10.7247	118
10.7263	118
10.7279	118
10.7295	118
10.7311	118
10.7327	118
10.7343	118
10.7359	118
10.7375	118
10.7391	118
10.7407	118
10.7423	118
10.7439	118
10.7455	118
10.7471	118
10.7487	118
10.7503	118
10.7519	118
10.7535	118
10.7551	118
10.7567	118
10.7583	118
10.7599	118
10.7615	118
10.7631	118
10.7647	118
10.7663	118
10.7679	118
10.7695	118
10.7711	118
10.7727	118
10.7743	118
10.7759	118
10.8368	118
10.8384	118
10.84	118
10.8416	119
10.8432	119
10.8448	119
10.8464	119
10.848	119
10.8496	119
10.8512	119
10.8528	119
10.8544	119
10.856	119
10.8576	119
10.8592	119
10.8608	119
10.8624	119
10.864	120
10.8656	120
10.8672	120
10.8688	120
10.8704	120
10.872	120
10.8737	120
10.8753	120
10.8769	120
10.8785	120
10.8801	120
10.8817	120
10.8833	120
10.8849	120
10.8865	120
10.8881	120
10.8897	120
10.8913	120
10.8929	120
10.8945	120
10.9562	127
10.9578	126
10.9594	126
10.961	125
10.9626	124
10.9642	124
10.9658	123
10.9674	123
10.969	123
10.9706	122
10.9722	122
10.9738	122
10.9754	122
10.977	121
10.9786	121
10.9802	121
10.9818	121
10.9834	121
10.985	121
10.9866	121
10.9882	121
10.9898	121
10.9914	121
10.993	121
10.9946	121
10.9962	121
10.9978	121
10.9994	121
11.001	121
11.0026	121
11.0042	121
11.0058	121
11.0074	121
11.009	121
11.0106	121
11.0122	121
11.0138	121
11.0747	128
11.0763	127
11.0779	126
11.0795	125
11.0811	125
11.0827	124
11.0843	123
11.0859	123
11.0875	122
11.0891	122
11.0907	122
11.0923	122
11.0939	121
11.0955	121
11.0971	121
11.0988	121
11.1004	121
11.102	121
11.1036	120
11.1052	120
11.1068	120
11.1084	120
11.11	120
11.1116	120
11.1132	120
11.1148	120
11.1164	120
11.118	120
11.1196	120
11.1212	120
11.1228	120
11.1244	120
11.126	120
11.1276	120
11.1292	120
11.1308	120
11.1324	120
11.134	120
11.1957	120
11.1973	120
11.1989	120
11.2005	120
11.2021	120
11.2037	120
11.2053	120
11.2069	120
11.2085	120
11.2101	120
11.2117	120
11.2133	120
11.2149	120
11.2165	120
11.2181	120
11.2197	120
11.2213	120
11.2229	120
11.2245	120
11.2261	120
11.2277	120
11.2293	120
11.2309	120
11.2325	120
11.2341	120
11.2357	120
11.2373	120
11.2389	120
11.2405	120
11.2421	120
11.2437	120
11.2453	120
11.2469	120
11.2486	120
11.2502	120
11.2518	120
11.2534	120
11.255	120
11.3174	121
11.319	121
11.3206	121
11.3222	121
11.3239	121
11.3255	121
11.3271	121
11.3287	121
11.3303	121
11.3319	122
11.3335	122
11.3351	122
11.3367	122
11.3383	122
11.3399	122
11.3415	122
11.3431	122
11.3447	122
11.3463	123
11.3479	123
11.3495	123
11.3511	123
11.3527	123
11.3543	123
11.3559	123
11.3575	123
11.3591	123
11.3607	123
11.3623	123
11.3639	123
11.3655	123
11.3671	123
11.3687	123
11.3703	123
11.3719	123
11.3735	123
11.3751	123
11.3767	123
11.44	131
11.4416	130
11.4432	129
11.4448	128
11.4464	128
11.448	127
11.4496	127
11.4512	126
11.4528	126
11.4544	126
11.456	126
11.4576	125
11.4592	125
11.4608	125
11.4624	125
11.464	125
11.4656	125
11.4672	124
11.4688	124
11.4704	124
11.472	124
11.4736	124
11.4753	124
11.4769	124
11.4785	124
11.4801	124
11.4817	124
11.4833	124
11.4849	124
11.4865	124
11.4881	124
11.4897	124
11.4913	124
11.4929	124
11.4945	124
11.4961	124
11.4977	124
11.4993	124
11.5618	131
11.5634	130
11.565	129
11.5666	128
11.5682	128
11.5698	127
11.5714	127
11.573	126
11.5746	126
11.5762	125
11.5778	125
11.5794	125
11.581	124
11.5826	124
11.5842	124
11.5858	124
11.5874	124
11.589	124
11.5906	124
11.5922	124
11.5938	123
11.5954	123
11.597	123
11.5986	123
11.6002	123
11.6018	123
11.6034	123
11.605	123
11.6066	123
11.6082	123
11.6098	123
11.6114	123
11.613	123
11.6146	123
11.6162	123
11.6178	123
11.6194	123
11.621	123
11.6226	123
11.6859	123
11.6875	123
11.6891	123
11.6907	123
11.6923	123
11.6939	123
11.6955	123
11.6971	123
11.6987	123
11.7004	123
11.702	123
11.7036	123
11.7052	124
11.7068	124
11.7084	124
11.71	124
11.7116	124
11.7132	124
11.7148	124
11.7164	124
11.718	124
11.7196	124
11.7212	124
11.7228	124
11.7244	124
11.726	124
11.7276	124
11.7292	124
11.7308	124
11.7324	124
11.734	124
11.7356	124
11.7372	124
11.7388	124
11.7404	124
11.742	124
11.7436	124
11.7452	124
11.7468	124
11.8109	124
11.8125	124
11.8141	124
11.8157	124
11.8173	124
11.8189	124
11.8205	124
11.8221	124
11.8237	124
11.8253	124
11.8269	124
11.8285	124
11.8301	124
11.8317	124
11.8333	124
11.8349	124
11.8365	125
11.8381	125
11.8397	125
11.8413	125
11.8429	125
11.8445	125
11.8461	126
11.8477	126
11.8494	126
11.851	126
11.8526	126
11.8542	126
11.8558	126
11.8574	126
11.859	126
11.8606	126
11.8622	126
11.8638	126
11.8654	126
11.867	126
11.8686	126
11.8702	126
11.8718	126
11.9367	134
11.9383	133
11.9399	132
11.9415	132
11.9431	131
11.9447	130
11.9463	130
11.9479	130
11.9495	129
11.9511	129
11.9527	129
11.9543	129
11.9559	128
11.9575	128
11.9591	128
11.9607	128
11.9623	128
11.9639	128
11.9655	127
11.9671	127
11.9687	127
11.9703	127
11.9719	127
11.9735	127
11.9751	127
11.9767	127
11.9783	127
11.9799	127
11.9815	127
11.9831	127
11.9847	127
11.9863	127
11.9879	127
11.9895	127
11.9911	127
11.9927	127
11.9943	127
11.9959	127
11.9975	127
12.0616	135
12.0632	134
12.0648	133
12.0664	132
12.068	131
12.0696	131
12.0712	130
12.0728	129
12.0745	129
12.0761	129
12.0777	128
12.0793	128
12.0809	128
12.0825	128
12.0841	127
12.0857	127
12.0873	127
12.0889	127
12.0905	127
12.0921	127
12.0937	127
12.0953	127
12.0969	127
12.0985	127
12.1001	127
12.1017	126
12.1033	126
12.1049	126
12.1065	126
12.1081	126
12.1097	126
12.1113	126
12.1129	126
12.1145	126
12.1161	126
12.1177	126
12.1193	126
12.1209	126
12.1225	126
12.1241	126
12.189	126
12.1906	126
12.1922	127
12.1938	127
12.1954	127
12.197	127
12.1986	127
12.2002	127
12.2018	127
12.2034	127
12.205	127
12.2066	127
12.2082	127
12.2098	127
12.2114	127
12.213	127
12.2146	127
12.2162	127
12.2178	127
12.2194	127
12.221	127
12.2226	127
12.2242	127
12.2259	127
12.2275	127
12.2291	127
12.2307	127
12.2323	127
12.2339	127
12.2355	127
12.2371	127
12.2387	127
12.2403	127
12.2419	127
12.2435	127
12.2451	127
12.2467	127
12.2483	127
12.2499	127
12.2515	127
12.3172	127
12.3188	127
12.3204	127
12.322	127
12.3236	127
12.3252	127
12.3268	127
12.3284	127
12.33	127
12.3316	127
12.3332	127
12.3348	127
12.3364	127
12.338	128
12.3396	128
12.3412	128
12.3428	128
12.3444	128
12.346	128
12.3476	128
12.3492	128
12.3508	128
12.3524	128
12.354	128
12.3556	128
12.3572	128
12.3588	128
12.3604	129
12.362	129
12.3636	129
12.3652	129
12.3668	129
12.3684	129
12.37	129
12.3716	129
12.3732	129
12.3749	129
12.3765	129
12.3781	129
12.3797	129
12.4461	137
12.4477	136
12.4493	136
12.451	135
12.4526	134
12.4542	134
12.4558	133
12.4574	133
12.459	133
12.4606	132
12.4622	132
12.4638	132
12.4654	132
12.467	131
12.4686	131
12.4702	131
12.4718	131
12.4734	131
12.475	131
12.4766	130
12.4782	130
12.4798	130
12.4814	130
12.483	130
12.4846	130
12.4862	130
12.4878	130
12.4894	130
12.491	130
12.4926	130
12.4942	130
12.4958	130
12.4974	130
12.499	130
12.5006	130
12.5022	130
12.5038	130
12.5054	130
12.507	130
12.5086	130
12.5743	138
12.5759	137
12.5775	136
12.5791	135
12.5807	134
12.5823	134
12.5839	133
12.5855	133
12.5871	132
12.5887	132
12.5903	132
12.5919	131
12.5935	131
12.5951	131
12.5967	131
12.5983	131
12.6	130
12.6016	130
12.6032	130
12.6048	130
12.6064	130
12.608	130
12.6096	130
12.6112	130
12.6128	130
12.6144	130
12.616	130
12.6176	130
12.6192	130
12.6208	129
12.6224	129
12.624	129
12.6256	129
12.6272	129
12.6288	129
12.6304	129
12.632	129
12.6336	129
12.6352	129
12.6368	129
12.6384	129
12.7049	129
12.7065	129
12.7081	130
12.7097	130
12.7113	130
12.7129	130
12.7145	130
12.7161	130
12.7177	130
12.7193	130
12.7209	130
12.7225	130
12.7241	130
12.7257	130
12.7273	130
12.7289	130
12.7305	130
12.7321	130
12.7337	130
12.7353	130
12.7369	130
12.7385	130
12.7401	130
12.7417	130
12.7433	130
12.7449	130
12.7465	130
12.7481	130
12.7497	130
12.7514	130
12.753	130
12.7546	130
12.7562	130
12.7578	130
12.7594	130
12.761	130
12.7626	130
12.7642	130
12.7658	130
12.7674	130
12.769	130
12.8363	130
12.8379	130
12.8395	130
12.8411	130
12.8427	130
12.8443	131
12.8459	131
12.8475	131
12.8491	131
12.8507	131
12.8523	131
12.8539	131
12.8555	131
12.8571	131
12.8587	131
12.8603	131
12.8619	131
12.8635	131
12.8651	131
12.8667	131
12.8683	131
12.8699	131
12.8715	131
12.8731	131
12.8747	131
12.8763	131
12.8779	131
12.8795	131
12.8811	131
12.8827	131
12.8843	131
12.8859	131
12.8875	131
12.8891	131
12.8907	132
12.8923	132
12.8939	132
12.8955	132
12.8971	132
12.8987	132
12.9004	132
12.9684	141
12.97	140
12.9716	139
12.9732	138
12.9748	137
12.9765	137
12.9781	137
12.9797	136
12.9813	136
12.9829	135
12.9845	135
12.9861	135
12.9877	135
12.9893	135
12.9909	134
12.9925	134
12.9941	134
12.9957	134
12.9973	134
12.9989	134
13.0005	134
13.0021	134
13.0037	134
13.0053	134
13.0069	134
13.0085	134
13.0101	134
13.0117	134
13.0133	134
13.0149	133
13.0165	133
13.0181	133
13.0197	133
13.0213	133
13.0229	133
13.0245	133
13.0261	133
13.0277	133
13.0293	133
13.0309	133
13.0325	133
13.0998	141
13.1014	140
13.103	139
13.1046	139
13.1062	138
13.1078	137
13.1094	137
13.111	136
13.1126	136
13.1142	135
13.1158	135
13.1174	135
13.119	134
13.1206	134
13.1222	134
13.1238	134
13.1254	134
13.1271	133
13.1287	133
13.1303	133
13.1319	133
13.1335	133
13.1351	133
13.1367	133
13.1383	133
13.1399	133
13.1415	133
13.1431	133
13.1447	133
13.1463	133
13.1479	133
13.1495	133
13.1511	133
13.1527	133
13.1543	133
13.1559	133
13.1575	133
13.1591	133
13.1607	133
13.1623	133
13.1639	133
13.1655	133
13.2336	133
13.2352	133
13.2368	133
13.2384	133
13.24	133
13.2416	133
13.2432	133
13.2448	133
13.2464	133
13.248	133
13.2496	133
13.2512	133
13.2528	133
13.2544	133
13.256	133
13.2576	133
13.2592	133
13.2608	133
13.2624	133
13.264	133
13.2656	133
13.2672	133
13.2688	133
13.2704	133
13.272	133
13.2736	133
13.2752	133
13.2769	133
13.2785	133
13.2801	133
13.2817	133
13.2833	133
13.2849	133
13.2865	133
13.2881	133
13.2897	133
13.2913	133
13.2929	133
13.2945	133
13.2961	133
13.2977	133
13.2993	133
13.3682	133
13.3698	133
13.3714	134
13.373	134
13.3746	134
13.3762	134
13.3778	134
13.3794	134
13.381	134
13.3826	134
13.3842	134
13.3858	134
13.3874	134
13.389	134
13.3906	134
13.3922	134
13.3938	134
13.3954	134
13.397	134
13.3986	134
13.4002	134
13.4018	134
13.4034	134
13.405	134
13.4066	134
13.4082	134
13.4098	134
13.4114	134
13.413	134
13.4146	134
13.4162	134
13.4178	134
13.4194	134
13.421	134
13.4226	134
13.4242	134
13.4259	134
13.4275	134
13.4291	135
13.4307	135
13.4323	135
13.4339	135
13.5036	143
13.5052	143
13.5068	142
13.5084	141
13.51	141
13.5116	140
13.5132	140
13.5148	139
13.5164	139
13.518	139
13.5196	138
13.5212	138
13.5228	138
13.5244	138
13.526	137
13.5276	137
13.5292	137
13.5308	137
13.5324	137
13.534	137
13.5356	137
13.5372	137
13.5388	137
13.5404	137
13.542	137
13.5436	137
13.5452	137
13.5468	137
13.5484	137
13.55	137
13.5516	137
13.5532	137
13.5548	137
13.5564	137
13.558	137
13.5596	137
13.5612	137
13.5628	137
13.5644	137
13.566	137
13.5676	137
13.5692	137
13.6381	145
13.6397	144
13.6413	143
13.6429	142
13.6445	141
13.6461	141
13.6477	140
13.6493	139
13.6509	139
13.6526	138
13.6542	138
13.6558	138
13.6574	138
13.659	137
13.6606	137
13.6622	137
13.6638	137
13.6654	137
13.667	137
13.6686	136
13.6702	136
13.6718	136
13.6734	136
13.675	136
13.6766	136
13.6782	136
13.6798	136
13.6814	136
13.683	136
13.6846	136
13.6862	136
13.6878	136
13.6894	136
13.691	136
13.6926	136
13.6942	136
13.6958	136
13.6974	136
13.699	136
13.7006	136
13.7022	136
13.7038	136
13.7054	136
13.7751	136
13.7767	136
13.7783	136
13.7799	136
13.7815	136
13.7831	136
13.7847	136
13.7863	136
13.7879	136
13.7895	136
13.7911	136
13.7927	136
13.7943	136
13.7959	136
13.7975	136
13.7991	136
13.8007	136
13.8024	136
13.804	136
13.8056	136
13.8072	136
13.8088	136
13.8104	136
13.812	136
13.8136	136
13.8152	136
13.8168	136
13.8184	136
13.82	136
13.8216	136
13.8232	136
13.8248	136
13.8264	136
13.828	136
13.8296	136
13.8312	136
13.8328	136
13.8344	136
13.836	136
13.8376	136
13.8392	136
13.8408	136
13.8424	136
13.9129	136
13.9145	137
13.9161	137
13.9177	137
13.9193	137
13.9209	137
13.9225	137
13.9241	137
13.9257	137
13.9273	137
13.9289	137
13.9305	137
13.9321	137
13.9337	137
13.9353	137
13.9369	137
13.9385	137
13.9401	137
13.9417	137
13.9433	137
13.9449	137
13.9465	137
13.9481	137
13.9497	137
13.9514	137
13.953	137
13.9546	137
13.9562	137
13.9578	137
13.9594	137
13.961	137
13.9626	137
13.9642	137
13.9658	137
13.9674	137
13.969	137
13.9706	137
13.9722	137
13.9738	137
13.9754	137
13.977	137
13.9786	137
13.9802	137
14.0507	137
14.0523	137
14.0539	137
14.0555	137
14.0571	137
14.0587	137
14.0603	138
14.0619	138
14.0635	138
14.0651	138
14.0667	138
14.0683	138
14.0699	138
14.0715	138
14.0731	139
14.0747	139
14.0763	139
14.0779	139
14.0795	139
14.0811	139
14.0827	139
14.0843	139
14.0859	139
14.0875	139
14.0891	139
14.0907	139
14.0923	139
14.0939	139
14.0955	139
14.0971	139
14.0987	139
14.1003	139
14.102	139
14.1036	139
14.1052	139
14.1068	139
14.1084	139
14.11	139
14.1116	139
14.1132	139
14.1148	139
14.1164	139
14.118	139
14.1893	148
14.1909	147
14.1925	146
14.1941	145
14.1957	144
14.1973	144
14.1989	143
14.2005	143
14.2021	142
14.2037	142
14.2053	142
14.2069	141
14.2085	141
14.2101	141
14.2117	141
14.2133	141
14.2149	141
14.2165	140
14.2181	140
14.2197	140
14.2213	140
14.2229	140
14.2245	140
14.2261	140
14.2277	140
14.2293	140
14.2309	140
14.2325	140
14.2341	140
14.2357	140
14.2373	140
14.2389	140
14.2405	140
14.2421	140
14.2437	140
14.2453	140
14.2469	140
14.2485	140
14.2501	140
14.2518	140
14.2534	140
14.255	140
14.2566	140
14.3271	148
14.3287	147
14.3303	146
14.3319	145
14.3335	144
14.3351	144
14.3367	143
14.3383	143
14.3399	142
14.3415	142
14.3431	141
14.3447	141
14.3463	141
14.3479	141
14.3495	140
14.3511	140
14.3527	140
14.3543	140
14.3559	140
14.3575	140
14.3591	140
14.3607	139
14.3623	139
14.3639	139
14.3655	139
14.3671	139
14.3687	139
14.3703	139
14.3719	139
14.3735	139
14.3751	139
14.3767	139
14.3783	139
14.3799	139
14.3815	139
14.3831	139
14.3847	139
14.3863	139
14.3879	139
14.3895	139
14.3911	139
14.3927	139
14.3943	139
14.3959	139
14.4672	139
14.4688	139
14.4704	139
14.472	139
14.4736	139
14.4752	139
14.4769	139
14.4785	139
14.4801	140
14.4817	140
14.4833	140
14.4849	140
14.4865	140
14.4881	140
14.4897	140
14.4913	140
14.4929	140
14.4945	140
14.4961	140
14.4977	140
14.4993	140
14.5009	140
14.5025	140
14.5041	140
14.5057	140
14.5073	140
14.5089	140
14.5105	140
14.5121	140
14.5137	140
14.5153	140
14.5169	140
14.5185	140
14.5201	140
14.5217	140
14.5233	140
14.5249	140
14.5265	140
14.5281	140
14.5297	140
14.5313	140
14.5329	140
14.5345	140
14.5361	140
14.6082	140
14.6098	140
14.6114	140
14.613	140
14.6146	140
14.6162	140
14.6178	140
14.6194	140
14.621	140
14.6226	140
14.6242	140
14.6258	140
14.6275	140
14.6291	141
14.6307	141
14.6323	141
14.6339	141
14.6355	141
14.6371	141
14.6387	141
14.6403	142
14.6419	142
14.6435	142
14.6451	142
14.6467	142
14.6483	142
14.6499	142
14.6515	142
14.6531	142
14.6547	142
14.6563	142
14.6579	142
14.6595	142
14.6611	142
14.6627	142
14.6643	142
14.6659	142
14.6675	142
14.6691	142
14.6707	142
14.6723	142
14.6739	142
14.6755	142
14.6771	142
14.75	151
14.7516	150
14.7532	149
14.7548	148
14.7564	148
14.758	147
14.7596	147
14.7612	146
14.7628	146
14.7644	145
14.766	145
14.7676	145
14.7692	145
14.7708	144
14.7724	144
14.774	144
14.7756	144
14.7773	144
14.7789	144
14.7805	143
14.7821	143
14.7837	143
14.7853	143
14.7869	143
14.7885	143
14.7901	143
14.7917	143
14.7933	143
14.7949	143
14.7965	143
14.7981	143
14.7997	143
14.8013	143
14.8029	143
14.8045	143
14.8061	143
14.8077	143
14.8093	143
14.8109	143
14.8125	143
14.8141	143
14.8157	143
14.8173	143
14.8189	143
14.891	152
14.8926	150
14.8942	149
14.8958	148
14.8974	148
14.899	147
14.9006	146
14.9022	146
14.9038	145
14.9054	145
14.907	145
14.9086	144
14.9102	144
14.9118	144
14.9134	144
14.915	143
14.9166	143
14.9182	143
14.9198	143
14.9214	143
14.923	143
14.9246	143
14.9262	143
14.9279	142
14.9295	142
14.9311	142
14.9327	142
14.9343	142
14.9359	142
14.9375	142
14.9391	142
14.9407	142
14.9423	142
14.9439	142
14.9455	142
14.9471	142
14.9487	142
14.9503	142
14.9519	142
14.9535	142
14.9551	142
14.9561	142
14.9577	142
14.9593	143
14.9602	143
14.9618	143
15.0341	143
15.0365	143
15.0374	143
15.039	143
15.0405	143
15.0414	143
15.043	143
15.0445	143
15.0461	143
15.0471	143
15.0487	144
15.0502	144
15.0511	144
15.0527	144
15.0536	144
15.055	144
15.056	144
15.0576	144
15.0585	144
15.0599	144
15.0608	144
15.0624	144
15.0634	144
15.0648	144
15.0657	144
15.0673	144
15.0682	144
15.0697	144
15.0706	144
15.0722	144
15.0731	144
15.0745	144
15.0755	144
15.0771	144
15.078	144
15.0794	144
15.0803	144
15.0819	144
15.0829	144
15.0843	144
15.0852	144
15.0868	144
15.0877	144
15.0892	144
15.0901	144
15.0915	144
15.0931	144
15.094	144
15.0949	144
15.0972	144
15.1012	145
15.1029	145
15.1055	146
15.1079	146
15.1104	147
15.1121	148
15.1146	149
15.117	150
15.1193	151
15.1696	149
15.1714	147
15.1734	146
15.1759	145
15.1786	144
15.1809	144
15.1821	143
15.1852	143
15.1885	143
15.1903	143
15.1933	144
15.1941	144
15.1951	144
15.1965	145
15.1976	145
15.1991	145
15.1999	145
15.2014	145
15.2025	145
15.2039	145
15.2048	145
15.2062	145
15.2074	146
15.2088	146
15.2097	146
15.2111	146
15.2123	146
15.2137	146
15.2146	146
15.216	146
15.2171	146
15.2186	146
15.2194	146
15.2209	146
15.222	146
15.2234	146
15.2243	146
15.2257	146
15.2269	146
15.2283	146
15.2292	146
15.2306	146
15.2317	146
15.2357	146
15.238	147
15.2395	147
15.2422	148
15.246	148
15.2478	149
15.2501	150
15.252	151
15.2552	152
15.258	152
15.2598	153
15.2617	153
15.2642	154
15.2664	154
15.269	154
15.271	154
15.2727	154
15.2748	154
15.3048	152
15.3063	150
15.3085	148
15.3106	146
15.3131	145
15.3154	143
15.3172	142
15.3206	141
15.3234	140
15.3257	140
15.328	139
15.3293	138
15.3312	138
15.3341	138
15.3375	138
15.3393	138
15.3418	139
15.3439	139
15.3467	140
15.3493	140
15.3516	141
15.3531	142
15.3542	142
15.3556	143
15.3565	143
15.3579	144
15.3591	144
15.3605	144
15.3614	145
15.3628	145
15.364	145
15.3654	145
15.3677	145
15.37	146
15.3726	146
15.374	147
15.3757	147
15.3791	148
15.3817	149
15.3835	149
15.3858	150
15.3894	151
15.3906	152
15.3935	153
15.3952	153
15.3986	154
15.4004	154
15.4037	155
15.4058	155
15.4075	155
15.4109	156
15.4135	156
15.4164	156
15.4181	156
15.4207	157
15.4227	157
15.4247	157
15.4273	157
15.4299	157
15.4311	157
15.4333	157
15.4388	154
15.4411	152
15.4433	150
15.4451	148
15.4469	146
15.4502	145
15.4528	143
15.4551	142
15.458	141
15.46	140
15.4629	139
15.4652	139
15.4671	138
15.4703	138
15.4732	138
15.4752	137
15.478	137
15.4801	137
15.4827	137
15.4849	137
15.4878	137
15.4898	136
15.4918	136
15.4946	137
15.4975	137
15.499	138
15.501	138
15.5047	139
15.5067	139
15.509	140
15.5116	141
15.5145	142
15.5162	143
15.5191	144
15.5214	144
15.5236	145
15.5259	146
15.5284	146
15.531	146
15.5331	147
15.5356	147
15.5385	147
15.5405	148
15.5431	148
15.5454	148
15.5479	148
15.5505	148
15.5528	148
15.5557	148
15.5583	149
15.5603	149
15.5626	149
15.5654	149
15.568	149
15.57	149
15.5718	149
15.5746	149
15.5766	149
15.5784	149
15.581	149
15.583	149
15.5864	149
15.5879	148
15.591	148
15.5925	148
15.5944	148
15.8241	142
15.8257	138
15.8273	134
15.8289	131
15.8305	128
15.8321	126
15.8337	125
15.8353	124
15.8369	123
15.8385	122
15.8401	122
15.8417	122
15.8433	122
15.8449	122
15.8465	123
15.8481	124
15.8497	124
15.8513	125
15.8529	126
15.8545	127
15.8561	128
15.9275	138
15.9291	134
15.9307	130
15.9323	127
15.9339	124
15.9355	122
15.9371	120
15.9387	118
15.9403	116
15.9419	115
15.9435	113
15.9451	112
15.9467	111
15.9483	110
15.9499	110
15.9515	109
15.9531	108
15.9547	108
15.9563	108
15.9579	107
15.9595	107
15.9611	107
16.0318	106
16.0334	106
16.035	106
16.0366	105
16.0382	105
16.0398	105
16.0414	105
16.043	105
16.0446	104
16.0462	104
16.0478	104
16.0494	104
16.051	104
16.0526	104
16.0542	104
16.0558	104
16.0574	104
16.059	104
16.0606	104
16.0622	104
16.0638	104
16.0654	104
16.136	104
16.1376	104
16.1392	104
16.1408	104
16.1424	104
16.144	104
16.1456	104
16.1472	104
16.1488	104
16.1504	104
16.152	104
16.1536	104
16.1552	104
16.1568	104
16.1584	104
16.16	104
16.1616	104
16.1632	104
16.1648	104
16.1665	105
16.1681	105
16.1697	105
16.2395	113
16.2411	112
16.2427	111
16.2443	110
16.2459	110
16.2475	109
16.2491	108
16.2507	108
16.2523	108
16.2539	107
16.2555	107
16.2571	107
16.2587	106
16.2603	106
16.2619	106
16.2635	106
16.2651	106
16.2667	105
16.2683	105
16.2699	105
16.2715	105
16.2731	105
16.3429	113
16.3445	112
16.3461	111
16.3477	111
16.3493	110
16.3509	109
16.3525	109
16.3541	108
16.3557	108
16.3573	107
16.3589	107
16.3605	107
16.3621	106
16.3637	106
16.3653	106
16.3669	106
16.3685	106
16.3702	105
16.3718	105
16.3734	105
16.375	105
16.3766	105
16.3782	105
16.4472	105
16.4488	105
16.4504	105
16.452	104
16.4536	104
16.4552	104
16.4568	104
16.4584	104
16.46	104
16.4616	104
16.4632	104
16.4648	104
16.4664	104
16.468	104
16.4696	104
16.4712	104
16.4728	104
16.4744	104
16.476	104
16.4776	104
16.4792	104
16.4808	104
16.4824	104
16.5514	104
16.553	104
16.5546	104
16.5562	104
16.5578	104
16.5594	104
16.561	104
16.5626	104
16.5642	104
16.5658	104
16.5674	104
16.569	104
16.5706	104
16.5722	104
16.5739	104
16.5755	104
16.5771	104
16.5787	104
16.5803	104
16.5819	104
16.5835	104
16.5851	104
16.5867	104
16.6549	113
16.6565	112
16.6581	111
16.6597	110
16.6613	109
16.6629	109
16.6645	108
16.6661	108
16.6677	107
16.6693	107
16.6709	107
16.6725	106
16.6741	106
16.6757	106
16.6773	106
16.6789	106
16.6805	105
16.6821	105
16.6837	105
16.6853	105
16.6869	105
16.6885	105
16.6901	105
16.7583	113
16.7599	112
16.7615	111
16.7631	110
16.7647	110
16.7663	109
16.7679	108
16.7695	108
16.7711	108
16.7727	107
16.7743	107
16.7759	107
16.7776	106
16.7792	106
16.7808	106
16.7824	106
16.784	106
16.7856	105
16.7872	105
16.7888	105
16.7904	105
16.792	105
16.7936	105
16.7952	105
16.8626	105
16.8642	105
16.8658	105
16.8674	104
16.869	104
16.8706	104
16.8722	104
16.8738	104
16.8754	104
16.877	104
16.8786	104
16.8802	104
16.8818	104
16.8834	104
16.885	104
16.8866	104
16.8882	104
16.8898	104
16.8914	104
16.893	104
16.8946	104
16.8962	104
16.8978	104
16.8994	104
16.9668	104
16.9684	104
16.97	104
16.9716	104
16.9732	104
16.9748	104
16.9764	104
16.978	104
16.9796	104
16.9813	104
16.9829	104
16.9845	104
16.9861	104
16.9877	104
16.9893	104
16.9909	104
16.9925	104
16.9941	104
16.9957	104
16.9973	104
16.9989	104
17.0005	104
17.0021	104
17.0037	104
17.0711	104
17.0727	104
17.0743	104
17.0759	104
17.0775	104
17.0791	104
17.0807	105
17.0823	105
17.0839	105
17.0855	105
17.0871	105
17.0887	105
17.0903	105
17.0919	105
17.0935	105
17.0951	105
17.0967	105
17.0983	105
17.0999	105
17.1015	105
17.1031	105
17.1047	105
17.1063	105
17.1079	105
17.1745	113
17.1761	112
17.1777	111
17.1793	110
17.1809	110
17.1825	109
17.1842	108
17.1858	108
17.1874	108
17.189	107
17.1906	107
17.1922	107
17.1938	106
17.1954	106
17.197	106
17.1986	106
17.2002	106
17.2018	105
17.2034	105
17.205	105
17.2066	105
17.2082	105
17.2098	105
17.2114	105
17.278	113
17.2796	112
17.2812	111
17.2828	110
17.2844	109
17.286	109
17.2876	108
17.2892	108
17.2908	107
17.2924	107
17.294	107
17.2956	107
17.2972	106
17.2988	106
17.3004	106
17.302	106
17.3036	106
17.3052	106
17.3068	105
17.3084	105
17.31	105
17.3116	105
17.3132	105
17.3148	105
17.3164	105
17.3822	105
17.3838	105
17.3854	105
17.387	105
17.3887	104
17.3903	104
17.3919	104
17.3935	104
17.3951	104
17.3967	104
17.3983	104
17.3999	104
17.4015	104
17.4031	104
17.4047	104
17.4063	104
17.4079	104
17.4095	104
17.4111	104
17.4127	104
17.4143	104
17.4159	104
17.4175	104
17.4191	104
17.4207	104
17.4865	104
17.4881	104
17.4897	104
17.4913	104
17.4929	104
17.4945	104
17.4961	104
17.4977	104
17.4993	104
17.5009	104
17.5025	104
17.5041	105
17.5057	105
17.5073	105
17.5089	105
17.5105	105
17.5121	105
17.5137	105
17.5153	105
17.5169	105
17.5185	105
17.5201	105
17.5217	105
17.5233	105
17.5249	105
17.5899	113
17.5916	112
17.5932	111
17.5948	110
17.5964	110
17.598	109
17.5996	108
17.6012	108
17.6028	107
17.6044	107
17.606	107
17.6076	106
17.6092	106
17.6108	106
17.6124	106
17.614	106
17.6156	106
17.6172	105
17.6188	105
17.6204	105
17.622	105
17.6236	105
17.6252	105
17.6268	105
17.6284	105
17.6934	113
17.695	112
17.6966	111
17.6982	110
17.6998	109
17.7014	109
17.703	108
17.7046	108
17.7062	107
17.7078	107
17.7094	107
17.711	107
17.7126	106
17.7142	106
17.7158	106
17.7174	106
17.719	106
17.7206	106
17.7222	105
17.7238	105
17.7254	105
17.727	105
17.7286	105
17.7303	105
17.7319	105
17.7335	105
17.7977	105
17.7993	105
17.8009	104
17.8025	104
17.8041	104
17.8057	104
17.8073	104
17.8089	104
17.8105	104
17.8121	104
17.8137	104
17.8153	104
17.8169	104
17.8185	104
17.8201	104
17.8217	104
17.8233	104
17.8249	104
17.8265	104
17.8281	104
17.8297	104
17.8313	104
17.8329	104
17.8345	104
17.8361	104
17.8377	104
17.9019	104
17.9035	104
17.9051	104
17.9067	104
17.9083	104
17.9099	104
17.9115	104
17.9131	104
17.9147	104
17.9163	104
17.9179	104
17.9195	104
17.9211	104
17.9227	104
17.9243	104
17.9259	104
17.9275	105
17.9291	105
17.9307	105
17.9323	105
17.934	105
17.9356	105
17.9372	105
17.9388	105
17.9404	105
17.942	105
18.0054	113
18.007	112
18.0086	111
18.0102	110
18.0118	109
18.0134	109
18.015	108
18.0166	108
18.0182	107
18.0198	107
18.0214	107
18.023	106
18.0246	106
18.0262	106
18.0278	106
18.0294	106
18.031	105
18.0326	105
18.0342	105
18.0358	105
18.0374	105
18.039	105
18.0406	105
18.0422	105
18.0438	105
18.0454	105
18.1088	113
18.1104	112
18.112	111
18.1136	110
18.1152	109
18.1168	109
18.1184	108
18.12	108
18.1216	107
18.1232	107
18.1248	107
18.1264	106
18.128	106
18.1296	106
18.1312	106
18.1328	106
18.1344	106
18.136	106
18.1377	105
18.1393	105
18.1409	105
18.1425	105
18.1441	105
18.1457	105
18.1473	105
18.1489	105
18.1505	105
18.2131	105
18.2147	105
18.2163	104
18.2179	104
18.2195	104
18.2211	104
18.2227	104
18.2243	104
18.2259	104
18.2275	104
18.2291	104
18.2307	104
18.2323	104
18.2339	104
18.2355	104
18.2371	104
18.2387	104
18.2403	104
18.2419	104
18.2435	104
18.2451	104
18.2467	104
18.2483	104
18.2499	104
18.2515	104
18.2531	104
18.2547	104
18.3173	104
18.3189	104
18.3205	104
18.3221	104
18.3237	104
18.3253	104
18.3269	104
18.3285	104
18.3301	104
18.3317	104
18.3333	104
18.3349	104
18.3365	104
18.3381	104
18.3397	104
18.3414	104
18.343	104
18.3446	104
18.3462	104
18.3478	104
18.3494	105
18.351	105
18.3526	105
18.3542	105
18.3558	105
18.3574	105
18.359	105
18.4208	112
18.4224	111
18.424	111
18.4256	110
18.4272	109
18.4288	109
18.4304	108
18.432	108
18.4336	107
18.4352	107
18.4368	107
18.4384	106
18.44	106
18.4416	106
18.4432	106
18.4448	106
18.4464	105
18.448	105
18.4496	105
18.4512	105
18.4528	105
18.4544	105
18.456	105
18.4576	105
18.4592	105
18.4608	105
18.4624	105
18.5242	112
18.5258	111
18.5274	111
18.529	110
18.5306	109
18.5322	109
18.5338	108
18.5354	108
18.537	107
18.5386	107
18.5402	107
18.5418	106
18.5434	106
18.5451	106
18.5467	106
18.5483	106
18.5499	106
18.5515	105
18.5531	105
18.5547	105
18.5563	105
18.5579	105
18.5595	105
18.5611	105
18.5627	105
18.5643	105
18.5659	105
18.5675	105
18.6285	105
18.6301	105
18.6317	104
18.6333	104
18.6349	104
18.6365	104
18.6381	104
18.6397	104
18.6413	104
18.6429	104
18.6445	104
18.6461	104
18.6477	104
18.6493	104
18.6509	104
18.6525	104
18.6541	104
18.6557	104
18.6573	104
18.6589	104
18.6605	104
18.6621	104
18.6637	104
18.6653	104
18.6669	104
18.6685	104
18.6701	104
18.6717	104
18.7327	104
18.7343	104
18.7359	104
18.7375	104
18.7391	104
18.7407	104
18.7423	104
18.7439	104
18.7455	104
18.7471	104
18.7488	104
18.7504	104
18.752	104
18.7536	104
18.7552	104
18.7568	104
18.7584	104
18.76	104
18.7616	104
18.7632	104
18.7648	104
18.7664	104
18.768	104
18.7696	104
18.7712	104
18.7728	104
18.7744	105
18.776	105
18.8362	112
18.8378	111
18.8394	110
18.841	110
18.8426	109
18.8442	108
18.8458	108
18.8474	107
18.849	107
18.8506	107
18.8522	106
18.8538	106
18.8554	106
18.857	106
18.8586	106
18.8602	106
18.8618	105
18.8634	105
18.865	105
18.8666	105
18.8682	105
18.8698	105
18.8714	105
18.873	105
18.8746	105
18.8762	105
18.8778	105
18.8794	105
18.9396	112
18.9412	111
18.9428	110
18.9444	110
18.946	109
18.9476	109
18.9492	108
18.9508	108
18.9525	107
18.9541	107
18.9557	107
18.9573	106
18.9589	106
18.9605	106
18.9621	106
18.9637	106
18.9653	105
18.9669	105
18.9685	105
18.9701	105
18.9717	105
18.9733	105
18.9749	105
18.9765	105
18.9781	105
18.9797	105
18.9813	105
18.9829	105
18.9845	105
19.0439	105
19.0455	104
19.0471	104
19.0487	104
19.0503	104
19.0519	104
19.0535	104
19.0551	104
19.0567	104
19.0583	104
19.0599	104
19.0615	104
19.0631	104
19.0647	104
19.0663	104
19.0679	104
19.0695	104
19.0711	104
19.0727	104
19.0743	104
19.0759	104
19.0775	104
19.0791	104
19.0807	104
19.0823	104
19.0839	104
19.0855	104
19.0871	104
19.0887	104
19.1481	104
19.1497	104
19.1513	104
19.1529	104
19.1546	104
19.1562	104
19.1578	104
19.1594	104
19.161	104
19.1626	104
19.1642	104
19.1658	104
19.1674	104
19.169	104
19.1706	104
19.1722	104
19.1738	104
19.1754	104
19.177	104
19.1786	104
19.1802	104
19.1818	104
19.1834	104
19.185	104
19.1866	104
19.1882	104
19.1898	104
19.1914	104
19.193	104
19.2516	111
19.2532	111
19.2548	110
19.2564	109
19.258	109
19.2596	108
19.2612	108
19.2628	107
19.2644	107
19.266	107
19.2676	106
19.2692	106
19.2708	106
19.2724	106
19.274	106
19.2756	106
19.2772	105
19.2788	105
19.2804	105
19.282	105
19.2836	105
19.2852	105
19.2868	105
19.2884	105
19.29	105
19.2916	105
19.2932	105
19.2949	105
19.2965	105
19.355	112
19.3566	111
19.3583	110
19.3599	109
19.3615	109
19.3631	108
19.3647	108
19.3663	107
19.3679	107
19.3695	107
19.3711	106
19.3727	106
19.3743	106
19.3759	106
19.3775	106
19.3791	105
19.3807	105
19.3823	105
19.3839	105
19.3855	105
19.3871	105
19.3887	105
19.3903	105
19.3919	105
19.3935	105
19.3951	105
19.3967	105
19.3983	105
19.3999	105
19.4015	105
19.4593	105
19.4609	104
19.4625	104
19.4641	104
19.4657	104
19.4673	104
19.4689	104
19.4705	104
19.4721	104
19.4737	104
19.4753	104
19.4769	104
19.4785	104
19.4801	104
19.4817	104
19.4833	104
19.4849	104
19.4865	104
19.4881	104
19.4897	104
19.4913	104
19.4929	104
19.4945	104
19.4961	104
19.4978	104
19.4994	104
19.501	104
19.5026	104
19.5042	104
19.5058	104
19.5636	104
19.5652	104
19.5668	104
19.5684	104
19.57	104
19.5716	104
19.5732	104
19.5748	104
19.5764	104
19.578	104
19.5796	104
19.5812	104
19.5828	104
19.5844	104
19.586	104
19.5876	104
19.5892	104
19.5908	104
19.5924	104
19.594	104
19.5956	104
19.5972	104
19.5988	104
19.6004	104
19.602	104
19.6036	104
19.6052	104
19.6068	104
19.6084	104
19.61	104
19.6678	104
19.6694	104
19.671	104
19.6726	104
19.6742	104
19.6758	104
19.6774	105
19.679	105
19.6806	105
19.6822	105
19.6838	105
19.6854	105
19.687	105
19.6886	105
19.6902	105
19.6918	105
19.6934	105
19.695	105
19.6966	105
19.6982	105
19.6998	105
19.7015	105
19.7031	105
19.7047	105
19.7063	105
19.7079	105
19.7095	105
19.7111	105
19.7127	105
19.7143	105
19.7713	112
19.7729	111
19.7745	110
19.7761	110
19.7777	109
19.7793	108
19.7809	108
19.7825	108
19.7841	107
19.7857	107
19.7873	107
19.7889	106
19.7905	106
19.7921	106
19.7937	106
19.7953	106
19.7969	105
19.7985	105
19.8001	105
19.8017	105
19.8033	105
19.8049	105
19.8065	105
19.8081	105
19.8097	105
19.8113	105
19.8129	105
19.8145	105
19.8161	105
19.8177	105
19.8747	112
19.8763	111
19.8779	110
19.8795	109
19.8811	109
19.8827	108
19.8843	108
19.8859	107
19.8875	107
19.8891	107
19.8907	106
19.8923	106
19.8939	106
19.8955	106
19.8971	106
19.8987	105
19.9003	105
19.9019	105
19.9035	105
19.9052	105
19.9068	105
19.9084	105
19.91	105
19.9116	105
19.9132	105
19.9148	105
19.9164	105
19.918	105
19.9196	105
19.9212	105
19.9228	105
19.979	104
19.9806	104
19.9822	104
19.9838	104
19.9854	104
19.987	104
19.9886	104
19.9902	104
19.9918	104
19.9934	104
19.995	104
19.9966	104
19.9982	104
19.9998	104
20.0014	104
20.003	104
20.0046	104
20.0062	104
20.0078	104
20.0094	104
20.011	104
20.0126	104
20.0142	104
20.0158	104
20.0174	104
20.019	104
20.0206	104
20.0222	104
20.0238	104
20.0254	104
20.027	104
20.0832	104
20.0848	104
20.0864	104
20.088	104
20.0896	104
20.0912	104
20.0928	104
20.0944	104
20.096	104
20.0976	104
20.0992	105
20.1008	105
20.1024	105
20.104	105
20.1056	105
20.1072	105
20.1089	105
20.1105	105
20.1121	105
20.1137	105
20.1153	105
20.1169	105
20.1185	105
20.1201	105
20.1217	105
20.1233	105
20.1249	105
20.1265	105
20.1281	105
20.1297	105
20.1313	105
20.1867	112
20.1883	111
20.1899	110
20.1915	110
20.1931	109
20.1947	108
20.1963	108
20.1979	107
20.1995	107
20.2011	107
20.2027	106
20.2043	106
20.2059	106
20.2075	106
20.2091	106
20.2107	106
20.2123	105
20.2139	105
20.2155	105
20.2171	105
20.2187	105
20.2203	105
20.2219	105
20.2235	105
20.2251	105
20.2267	105
20.2283	105
20.2299	105
20.2315	105
20.2331	105
20.2347	105
20.2901	111
20.2917	111
20.2933	110
20.2949	109
20.2965	109
20.2981	108
20.2997	108
20.3013	107
20.3029	107
20.3045	107
20.3061	106
20.3077	106
20.3093	106
20.3109	106
20.3126	106
20.3142	105
20.3158	105
20.3174	105
20.319	105
20.3206	105
20.3222	105
20.3238	105
20.3254	105
20.327	105
20.3286	105
20.3302	105
20.3318	105
20.3334	105
20.335	105
20.3366	105
20.3382	105
20.3398	105
20.3944	104
20.396	104
20.3976	104
20.3992	104
20.4008	104
20.4024	104
20.404	104
20.4056	104
20.4072	104
20.4088	104
20.4104	104
20.412	104
20.4136	104
20.4152	104
20.4168	104
20.4184	104
20.42	104
20.4216	104
20.4232	104
20.4248	104
20.4264	104
20.428	104
20.4296	104
20.4312	104
20.4328	104
20.4344	104
20.436	104
20.4376	104
20.4392	104
20.4408	104
20.4424	104
20.444	104
20.4986	104
20.5002	104
20.5018	104
20.5034	104
20.505	104
20.5066	104
20.5082	104
20.5098	104
20.5114	104
20.513	104
20.5147	104
20.5163	104
20.5179	104
20.5195	104
20.5211	104
20.5227	104
20.5243	104
20.5259	104
20.5275	105
20.5291	105
20.5307	105
20.5323	105
20.5339	105
20.5355	105
20.5371	105
20.5387	105
20.5403	105
20.5419	105
20.5435	105
20.5451	105
20.5467	105
20.5483	105
20.6021	112
20.6037	111
20.6053	110
20.6069	109
20.6085	109
20.6101	108
20.6117	108
20.6133	107
20.6149	107
20.6165	107
20.6181	106
20.6197	106
20.6213	106
20.6229	106
20.6245	106
20.6261	105
20.6277	105
20.6293	105
20.6309	105
20.6325	105
20.6341	105
20.6357	105
20.6373	105
20.6389	105
20.6405	105
20.6421	105
20.6437	105
20.6453	105
20.6469	105
20.6485	105
20.6501	105
20.6517	105
20.7055	111
20.7071	110
20.7087	110
20.7103	109
20.7119	108
20.7135	108
20.7151	107
20.7167	107
20.7184	107
20.72	106
20.7216	106
20.7232	106
20.7248	106
20.7264	106
20.728	106
20.7296	105
20.7312	105
20.7328	105
20.7344	105
20.736	105
20.7376	105
20.7392	105
20.7408	105
20.7424	105
20.744	105
20.7456	105
20.7472	105
20.7488	105
20.7504	105
20.752	105
20.7536	105
20.7552	105
20.7568	105
20.8105	105
20.8121	105
20.8137	105
20.8153	105
20.8169	105
20.8185	105
20.8201	105
20.8217	105
20.8233	105
20.8249	105
20.8265	105
20.8281	105
20.8297	105
20.8313	105
20.8329	105
20.8345	105
20.8361	105
20.8377	105
20.8393	105
20.8409	105
20.8425	105
20.8441	105
20.8457	105
20.8473	105
20.8489	105
20.8505	105
20.8521	105
20.8537	105
20.8553	105
20.8569	105
20.8585	105
20.8601	105
20.8617	105
20.9162	105
20.9178	105
20.9194	105
20.921	105
20.9226	105
20.9242	105
20.9258	105
20.9274	105
20.929	105
20.9306	105
20.9322	105
20.9338	105
20.9354	105
20.937	105
20.9386	105
20.9402	105
20.9418	105
20.9435	105
20.9451	105
20.9467	105
20.9483	106
20.9499	106
20.9515	106
20.9531	106
20.9547	106
20.9563	106
20.9579	106
20.9595	106
20.9611	106
20.9627	106
20.9643	107
20.9659	107
20.9675	107
21.0228	113
21.0244	113
21.026	112
21.0276	111
21.0292	111
21.0308	110
21.0324	110
21.034	110
21.0356	109
21.0372	109
21.0388	109
21.0404	109
21.042	109
21.0436	109
21.0452	108
21.0468	108
21.0484	108
21.05	108
21.0516	108
21.0532	108
21.0548	108
21.0564	108
21.058	108
21.0596	108
21.0612	108
21.0628	108
21.0644	108
21.066	108
21.0676	108
21.0692	108
21.0708	108
21.0724	108
21.074	108
21.1285	114
21.1301	114
21.1317	113
21.1333	112
21.1349	111
21.1365	111
21.1381	110
21.1397	110
21.1413	110
21.1429	109
21.1445	109
21.1461	109
21.1477	108
21.1493	108
21.1509	108
21.1525	108
21.1541	108
21.1557	108
21.1573	108
21.1589	107
21.1605	107
21.1621	107
21.1637	107
21.1653	107
21.1669	107
21.1685	107
21.1702	107
21.1718	107
21.1734	107
21.175	107
21.1766	107
21.1782	107
21.1798	107
21.1814	107
21.2358	107
21.2374	107
21.239	107
21.2406	107
21.2422	107
21.2439	107
21.2455	107
21.2471	107
21.2487	107
21.2503	107
21.2519	107
21.2535	107
21.2551	107
21.2567	107
21.2583	107
21.2599	107
21.2615	107
21.2631	107
21.2647	107
21.2663	107
21.2679	107
21.2695	107
21.2711	107
21.2727	107
21.2743	107
21.2759	107
21.2775	107
21.2791	107
21.2807	107
21.2823	107
21.2839	107
21.2855	107
21.2871	107
21.2887	107
21.344	107
21.3456	107
21.3472	107
21.3488	107
21.3504	107
21.352	107
21.3536	107
21.3552	107
21.3568	107
21.3584	107
21.36	107
21.3616	107
21.3632	107
21.3648	107
21.3664	107
21.368	108
21.3696	108
21.3712	108
21.3728	108
21.3744	108
21.376	108
21.3776	108
21.3792	108
21.3808	108
21.3824	108
21.384	108
21.3856	108
21.3872	108
21.3888	108
21.3904	108
21.392	109
21.3936	109
21.3953	109
21.3969	109
21.4529	116
21.4545	115
21.4561	114
21.4577	114
21.4593	113
21.4609	113
21.4625	113
21.4641	112
21.4657	112
21.4673	112
21.469	112
21.4706	111
21.4722	111
21.4738	111
21.4754	111
21.477	111
21.4786	111
21.4802	111
21.4818	110
21.4834	110
21.485	110
21.4866	110
21.4882	110
21.4898	110
21.4914	110
21.493	110
21.4946	110
21.4962	110
21.4978	110
21.4994	110
21.501	110
21.5026	110
21.5042	110
21.5058	110
21.5627	117
21.5643	116
21.5659	116
21.5675	115
21.5691	114
21.5707	114
21.5723	114
21.5739	113
21.5755	113
21.5771	113
21.5787	112
21.5803	112
21.5819	112
21.5835	112
21.5851	112
21.5867	112
21.5883	112
21.5899	112
21.5915	111
21.5931	111
21.5947	111
21.5963	111
21.5979	111
21.5995	111
21.6011	111
21.6027	111
21.6043	111
21.6059	111
21.6075	111
21.6091	111
21.6107	111
21.6123	111
21.6139	111
21.6155	111
21.6171	111
21.6732	111
21.6748	111
21.6764	111
21.678	111
21.6796	111
21.6812	111
21.6828	110
21.6844	110
21.686	110
21.6876	110
21.6892	110
21.6908	110
21.6924	110
21.694	110
21.6957	110
21.6973	110
21.6989	110
21.7005	110
21.7021	110
21.7037	110
21.7053	110
21.7069	110
21.7085	110
21.7101	110
21.7117	110
21.7133	110
21.7149	110
21.7165	110
21.7181	110
21.7197	110
21.7213	110
21.7229	110
21.7245	110
21.7261	110
21.7277	110
21.7846	110
21.7862	110
21.7878	110
21.7894	110
21.791	110
21.7926	110
21.7942	111
21.7958	111
21.7974	111
21.799	111
21.8006	111
21.8022	111
21.8038	111
21.8054	111
21.807	111
21.8086	111
21.8102	111
21.8118	111
21.8134	111
21.815	111
21.8166	111
21.8182	111
21.8198	111
21.8214	111
21.823	111
21.8246	111
21.8262	111
21.8278	111
21.8294	111
21.831	111
21.8326	111
21.8342	111
21.8358	111
21.8374	111
21.839	111
21.8967	118
21.8983	118
21.8999	117
21.9015	117
21.9031	116
21.9047	116
21.9063	116
21.9079	115
21.9095	115
21.9111	115
21.9127	115
21.9143	115
21.9159	114
21.9175	114
21.9191	114
21.9208	114
21.9224	114
21.924	114
21.9256	114
21.9272	114
21.9288	113
21.9304	113
21.932	113
21.9336	113
21.9352	113
21.9368	113
21.9384	113
21.94	113
21.9416	113
21.9432	113
21.9448	113
21.9464	113
21.948	113
21.9496	113
21.9512	113
22.0097	120
22.0113	120
22.0129	119
22.0145	118
22.0161	118
22.0177	117
22.0193	117
22.0209	116
22.0225	116
22.0241	116
22.0257	116
22.0273	116
22.0289	115
22.0305	115
22.0321	115
22.0337	115
22.0353	115
22.0369	115
22.0385	115
22.0401	115
22.0417	114
22.0433	114
22.0449	114
22.0465	114
22.0481	114
22.0497	114
22.0513	114
22.0529	114
22.0545	114
22.0561	114
22.0577	114
22.0593	114
22.0609	114
22.0625	114
22.0641	114
22.1218	121
22.1234	120
22.125	119
22.1266	119
22.1282	118
22.1298	117
22.1314	117
22.133	116
22.1346	116
22.1362	116
22.1378	115
22.1394	115
22.141	115
22.1426	115
22.1442	115
22.1459	114
22.1475	114
22.1491	114
22.1507	114
22.1523	114
22.1539	114
22.1555	114
22.1571	114
22.1587	114
22.1603	114
22.1619	114
22.1635	114
22.1651	114
22.1667	114
22.1683	114
22.1699	113
22.1715	113
22.1731	113
22.1747	113
22.1763	113
22.1779	113
22.2364	113
22.238	113
22.2396	113
22.2412	114
22.2428	114
22.2444	114
22.246	114
22.2476	114
22.2492	114
22.2508	114
22.2524	114
22.254	114
22.2556	114
22.2572	114
22.2588	114
22.2604	114
22.262	114
22.2636	114
22.2652	114
22.2668	114
22.2684	114
22.27	114
22.2716	114
22.2732	114
22.2748	114
22.2764	114
22.278	114
22.2796	114
22.2812	114
22.2828	114
22.2844	114
22.286	114
22.2876	114
22.2892	114
22.2908	114
22.2924	114
22.3517	114
22.3533	114
22.3549	114
22.3565	114
22.3581	115
22.3597	115
22.3613	115
22.3629	115
22.3645	115
22.3661	116
22.3677	116
22.3693	116
22.371	116
22.3726	116
22.3742	116
22.3758	116
22.3774	116
22.379	116
22.3806	116
22.3822	116
22.3838	116
22.3854	116
22.387	116
22.3886	116
22.3902	116
22.3918	116
22.3934	116
22.395	116
22.3966	116
22.3982	116
22.3998	116
22.4014	116
22.403	116
22.4046	116
22.4062	116
22.4078	116
22.4679	124
22.4695	123
22.4711	122
22.4727	122
22.4743	121
22.4759	120
22.4775	120
22.4791	120
22.4807	120
22.4823	119
22.4839	119
22.4855	119
22.4871	119
22.4887	118
22.4903	118
22.4919	118
22.4935	118
22.4951	118
22.4967	118
22.4983	118
22.4999	118
22.5015	118
22.5031	118
22.5047	118
22.5063	118
22.5079	117
22.5095	117
22.5111	117
22.5127	117
22.5143	117
22.5159	117
22.5175	117
22.5191	117
22.5208	117
22.5224	117
22.524	117
22.5832	125
22.5848	124
22.5864	123
22.588	122
22.5896	121
22.5912	121
22.5928	120
22.5944	120
22.5961	119
22.5977	119
22.5993	119
22.6009	118
22.6025	118
22.6041	118
22.6057	118
22.6073	118
22.6089	117
22.6105	117
22.6121	117
22.6137	117
22.6153	117
22.6169	117
22.6185	117
22.6201	117
22.6217	117
22.6233	117
22.6249	117
22.6265	117
22.6281	117
22.6297	117
22.6313	117
22.6329	117
22.6345	117
22.6361	117
22.6377	117
22.6393	117
22.6409	117
22.701	117
22.7026	117
22.7042	117
22.7058	117
22.7074	117
22.709	117
22.7106	117
22.7122	117
22.7138	117
22.7154	117
22.717	117
22.7186	117
22.7202	117
22.7218	117
22.7234	117
22.725	117
22.7266	117
22.7282	117
22.7298	117
22.7314	117
22.733	117
22.7346	117
22.7362	117
22.7378	117
22.7394	117
22.741	117
22.7426	117
22.7442	117
22.7459	117
22.7475	117
22.7491	117
22.7507	117
22.7523	117
22.7539	117
22.7555	117
22.7571	117
22.7587	117
22.8195	117
22.8212	118
22.8228	118
22.8244	118
22.826	118
22.8276	118
22.8292	118
22.8308	118
22.8324	118
22.834	118
22.8356	118
22.8372	118
22.8388	118
22.8404	118
22.842	118
22.8436	119
22.8452	119
22.8468	119
22.8484	119
22.85	119
22.8516	119
22.8532	119
22.8548	119
22.8564	119
22.858	119
22.8596	119
22.8612	119
22.8628	119
22.8644	119
22.866	120
22.8676	120
22.8692	120
22.8708	120
22.8724	120
22.874	120
22.8756	120
22.8772	120
22.9389	127
22.9405	126
22.9421	126
22.9437	125
22.9453	124
22.9469	124
22.9485	123
22.9501	123
22.9517	123
22.9533	122
22.9549	122
22.9565	122
22.9581	122
22.9597	122
22.9613	122
22.9629	121
22.9645	121
22.9661	121
22.9677	121
22.9693	121
22.971	121
22.9726	121
22.9742	121
22.9758	121
22.9774	121
22.979	121
22.9806	121
22.9822	121
22.9838	121
22.9854	121
22.987	120
22.9886	120
22.9902	120
22.9918	120
22.9934	120
22.995	120
22.9966	120
23.0575	128
23.0591	127
23.0607	126
23.0623	125
23.0639	124
23.0655	124
23.0671	123
23.0687	123
23.0703	122
23.0719	122
23.0735	122
23.0751	122
23.0767	121
23.0783	121
23.0799	121
23.0815	121
23.0831	121
23.0847	121
23.0863	120
23.0879	120
23.0895	120
23.0911	120
23.0927	120
23.0943	120
23.0959	120
23.0975	120
23.0991	120
23.1007	120
23.1023	120
23.1039	120
23.1055	120
23.1071	120
23.1087	120
23.1103	120
23.1119	120
23.1135	120
23.1151	120
23.1167	120
23.1784	120
23.18	120
23.1816	120
23.1832	120
23.1848	120
23.1864	120
23.188	120
23.1896	120
23.1912	120
23.1928	120
23.1944	120
23.1961	120
23.1977	120
23.1993	120
23.2009	120
23.2025	120
23.2041	120
23.2057	120
23.2073	120
23.2089	120
23.2105	120
23.2121	120
23.2137	120
23.2153	120
23.2169	120
23.2185	120
23.2201	120
23.2217	120
23.2233	120
23.2249	120
23.2265	120
23.2281	120
23.2297	120
23.2313	120
23.2329	120
23.2345	120
23.2361	120
23.2377	120
23.3002	121
23.3018	121
23.3034	121
23.305	121
23.3066	121
23.3082	121
23.3098	121
23.3114	121
23.313	121
23.3146	121
23.3162	121
23.3178	121
23.3194	121
23.321	121
23.3226	121
23.3242	121
23.3258	121
23.3274	121
23.329	121
23.3306	122
23.3322	122
23.3338	122
23.3354	122
23.337	122
23.3386	122
23.3402	122
23.3418	122
23.3434	122
23.345	123
23.3467	123
23.3483	123
23.3499	123
23.3515	123
23.3531	123
23.3547	123
23.3563	123
23.3579	123
23.3595	123
23.4228	130
23.4244	130
23.426	129
23.4276	128
23.4292	128
23.4308	127
23.4324	127
23.434	126
23.4356	126
23.4372	126
23.4388	125
23.4404	125
23.442	125
23.4436	125
23.4452	125
23.4468	124
23.4484	124
23.45	124
23.4516	124
23.4532	124
23.4548	124
23.4564	124
23.458	124
23.4596	124
23.4612	124
23.4628	124
23.4644	124
23.466	124
23.4676	124
23.4692	124
23.4708	124
23.4724	124
23.474	124
23.4756	124
23.4772	124
23.4788	124
23.4804	124
23.482	124
23.5445	131
23.5461	130
23.5477	129
23.5493	129
23.5509	128
23.5525	127
23.5541	127
23.5557	126
23.5573	126
23.5589	125
23.5605	125
23.5621	125
23.5637	125
23.5653	124
23.5669	124
23.5685	124
23.5701	124
23.5718	124
23.5734	124
23.575	124
23.5766	123
23.5782	123
23.5798	123
23.5814	123
23.583	123
23.5846	123
23.5862	123
23.5878	123
23.5894	123
23.591	123
23.5926	123
23.5942	123
23.5958	123
23.5974	123
23.599	123
23.6006	123
23.6022	123
23.6038	123
23.6054	123
23.6687	123
23.6703	123
23.6719	123
23.6735	123
23.6751	123
23.6767	123
23.6783	123
23.6799	123
23.6815	123
23.6831	124
23.6847	124
23.6863	124
23.6879	124
23.6895	124
23.6911	124
23.6927	124
23.6943	124
23.6959	124
23.6975	124
23.6991	124
23.7007	124
23.7023	124
23.7039	124
23.7055	124
23.7071	124
23.7087	124
23.7103	124
23.7119	124
23.7135	124
23.7151	124
23.7167	124
23.7183	124
23.7199	124
23.7216	124
23.7232	124
23.7248	124
23.7264	124
23.728	124
23.7296	124
23.7936	124
23.7952	124
23.7969	124
23.7985	124
23.8001	124
23.8017	124
23.8033	124
23.8049	124
23.8065	124
23.8081	124
23.8097	124
23.8113	124
23.8129	124
23.8145	124
23.8161	124
23.8177	124
23.8193	124
23.8209	124
23.8225	124
23.8241	124
23.8257	124
23.8273	124
23.8289	124
23.8305	124
23.8321	124
23.8337	124
23.8353	125
23.8369	125
23.8385	125
23.8401	125
23.8417	125
23.8433	125
23.8449	125
23.8465	126
23.8481	126
23.8497	126
23.8513	126
23.8529	126
23.8545	126
23.9194	134
23.921	133
23.9226	132
23.9242	132
23.9258	131
23.9274	130
23.929	130
23.9306	130
23.9322	129
23.9338	129
23.9354	129
23.937	129
23.9386	128
23.9402	128
23.9418	128
23.9434	128
23.945	128
23.9467	128
23.9483	128
23.9499	127
23.9515	127
23.9531	127
23.9547	127
23.9563	127
23.9579	127
23.9595	127
23.9611	127
23.9627	127
23.9643	127
23.9659	127
23.9675	127
23.9691	127
23.9707	127
23.9723	127
23.9739	127
23.9755	127
23.9771	127
23.9787	127
23.9803	127
24.0444	135
24.046	134
24.0476	133
24.0492	132
24.0508	131
24.0524	130
24.054	130
24.0556	129
24.0572	129
24.0588	129
24.0604	128
24.062	128
24.0636	128
24.0652	128
24.0668	127
24.0684	127
24.07	127
24.0716	127
24.0732	127
24.0748	127
24.0764	127
24.078	127
24.0796	127
24.0812	127
24.0828	126
24.0844	126
24.086	126
24.0876	126
24.0892	126
24.0908	126
24.0924	126
24.094	126
24.0956	126
24.0973	126
24.0989	126
24.1005	126
24.1021	126
24.1037	126
24.1053	126
24.1069	126
24.1709	126
24.1726	126
24.1742	126
24.1758	126
24.1774	126
24.179	126
24.1806	126
24.1822	126
24.1838	126
24.1854	126
24.187	126
24.1886	126
24.1902	126
24.1918	126
24.1934	126
24.195	126
24.1966	126
24.1982	126
24.1998	126
24.2014	126
24.203	126
24.2046	126
24.2062	126
24.2078	126
24.2094	126
24.211	126
24.2126	126
24.2142	126
24.2158	126
24.2174	126
24.219	126
24.2206	126
24.2222	126
24.2238	126
24.2254	126
24.227	126
24.2286	126
24.2302	126
24.2318	126
24.2334	126
24.2983	126
24.2999	126
24.3015	126
24.3031	126
24.3047	126
24.3063	127
24.3079	127
24.3095	127
24.3111	127
24.3127	127
24.3143	127
24.3159	127
24.3175	127
24.3191	127
24.3207	127
24.3224	127
24.324	127
24.3256	127
24.3272	127
24.3288	127
24.3304	127
24.332	127
24.3336	127
24.3352	127
24.3368	127
24.3384	127
24.34	127
24.3416	127
24.3432	127
24.3448	127
24.3464	127
24.348	127
24.3496	127
24.3512	127
24.3528	127
24.3544	127
24.356	127
24.3576	127
24.3592	128
24.3608	128
24.4265	136
24.4281	135
24.4297	134
24.4313	134
24.4329	133
24.4345	133
24.4361	132
24.4377	132
24.4393	132
24.4409	131
24.4425	131
24.4441	131
24.4457	131
24.4473	131
24.4489	130
24.4505	130
24.4521	130
24.4537	130
24.4553	130
24.4569	130
24.4585	130
24.4601	130
24.4617	130
24.4633	130
24.4649	130
24.4665	130
24.4681	130
24.4697	130
24.4713	130
24.473	129
24.4746	129
24.4762	129
24.4778	129
24.4794	129
24.481	129
24.4826	129
24.4842	129
24.4858	129
24.4874	129
24.489	129
24.5555	137
24.5571	137
24.5587	136
24.5603	135
24.5619	134
24.5635	134
24.5651	133
24.5667	133
24.5683	133
24.5699	132
24.5715	132
24.5731	132
24.5747	132
24.5763	131
24.5779	131
24.5795	131
24.5811	131
24.5827	131
24.5843	131
24.5859	131
24.5875	131
24.5891	131
24.5907	130
24.5923	130
24.5939	130
24.5955	130
24.5971	130
24.5987	130
24.6003	130
24.6019	130
24.6035	130
24.6051	130
24.6067	130
24.6083	130
24.6099	130
24.6115	130
24.6131	130
24.6147	130
24.6163	130
24.6179	130
24.6195	130
24.6852	130
24.6868	130
24.6884	130
24.69	130
24.6916	130
24.6932	130
24.6948	130
24.6964	130
24.6981	130
24.6997	130
24.7013	130
24.7029	129
24.7045	129
24.7061	129
24.7077	129
24.7093	129
24.7109	129
24.7125	129
24.7141	129
24.7157	129
24.7173	129
24.7189	129
24.7205	129
24.7221	129
24.7237	129
24.7253	129
24.7269	129
24.7285	129
24.7301	129
24.7317	129
24.7333	129
24.7349	129
24.7365	129
24.7381	129
24.7397	129
24.7413	129
24.7429	129
24.7445	129
24.7461	129
24.7477	129
24.7493	129
24.8158	129
24.8174	130
24.819	130
24.8206	130
24.8222	130
24.8238	130
24.8254	130
24.827	130
24.8286	130
24.8302	130
24.8318	130
24.8334	130
24.835	130
24.8366	130
24.8382	130
24.8398	130
24.8414	130
24.843	130
24.8446	130
24.8462	130
24.8479	130
24.8495	130
24.8511	130
24.8527	130
24.8543	130
24.8559	130
24.8575	130
24.8591	130
24.8607	130
24.8623	130
24.8639	130
24.8655	130
24.8671	130
24.8687	130
24.8703	130
24.8719	130
24.8735	130
24.8751	130
24.8767	130
24.8783	130
24.8799	130
24.9472	130
24.9488	131
24.9504	131
24.952	131
24.9536	131
24.9552	131
24.9568	131
24.9584	132
24.96	132
24.9616	132
24.9632	132
24.9648	132
24.9664	132
24.968	132
24.9696	132
24.9712	132
24.9728	132
24.9744	132
24.976	132
24.9776	132
24.9792	132
24.9808	132
24.9824	132
24.984	132
24.9856	132
24.9872	132
24.9888	132
24.9904	132
24.992	132
24.9936	132
24.9952	132
24.9968	132
24.9985	132
25.0001	132
25.0017	132
25.0033	132
25.0049	132
25.0065	132
25.0081	132
25.0097	132
25.0113	132
25.0794	141
25.081	140
25.0826	139
25.0842	138
25.0858	138
25.0874	137
25.089	137
25.0906	136
25.0922	136
25.0938	135
25.0954	135
25.097	135
25.0986	135
25.1002	135
25.1018	134
25.1034	134
25.105	134
25.1066	134
25.1082	134
25.1098	134
25.1114	134
25.113	134
25.1146	134
25.1162	134
25.1178	133
25.1194	133
25.121	133
25.1226	133
25.1242	133
25.1258	133
25.1274	133
25.129	133
25.1306	133
25.1322	133
25.1338	133
25.1354	133
25.137	133
25.1386	133
25.1402	133
25.1418	133
25.1434	133
25.2107	141
25.2123	140
25.2139	139
25.2155	138
25.2171	138
25.2187	137
25.2203	137
25.2219	136
25.2236	136
25.2252	135
25.2268	135
25.2284	135
25.23	134
25.2316	134
25.2332	134
25.2348	134
25.2364	134
25.238	133
25.2396	133
25.2412	133
25.2428	133
25.2444	133
25.246	133
25.2476	133
25.2492	133
25.2508	133
25.2524	133
25.254	133
25.2556	133
25.2572	133
25.2588	133
25.2604	133
25.262	133
25.2636	133
25.2652	133
25.2668	133
25.2684	133
25.27	133
25.2716	133
25.2732	133
25.2748	133
25.2764	133
25.3445	133
25.3461	133
25.3477	133
25.3493	133
25.3509	133
25.3525	133
25.3541	133
25.3557	133
25.3573	133
25.3589	133
25.3605	133
25.3621	133
25.3637	133
25.3653	133
25.3669	133
25.3685	133
25.3701	133
25.3717	133
25.3734	133
25.375	133
25.3766	133
25.3782	133
25.3798	133
25.3814	133
25.383	133
25.3846	133
25.3862	133
25.3878	133
25.3894	133
25.391	133
25.3926	133
25.3942	133
25.3958	133
25.3974	133
25.399	133
25.4006	133
25.4022	133
25.4038	133
25.4054	133
25.407	133
25.4086	133
25.4102	133
25.4791	133
25.4807	133
25.4823	134
25.4839	134
25.4855	134
25.4871	134
25.4887	134
25.4903	134
25.4919	134
25.4935	134
25.4951	135
25.4967	135
25.4983	135
25.4999	135
25.5015	135
25.5031	135
25.5047	135
25.5063	135
25.5079	135
25.5095	135
25.5111	135
25.5127	135
25.5143	135
25.5159	135
25.5175	135
25.5191	136
25.5207	136
25.5223	136
25.524	136
25.5256	136
25.5272	136
25.5288	136
25.5304	136
25.532	136
25.5336	136
25.5352	136
25.5368	136
25.5384	136
25.54	136
25.5416	136
25.5432	136
25.5448	136
25.6145	144
25.6161	143
25.6177	142
25.6193	142
25.6209	141
25.6225	140
25.6241	140
25.6257	140
25.6273	139
25.6289	139
25.6305	139
25.6321	138
25.6337	138
25.6353	138
25.6369	138
25.6385	138
25.6401	137
25.6417	137
25.6433	137
25.6449	137
25.6465	137
25.6481	137
25.6497	137
25.6513	137
25.6529	137
25.6545	137
25.6561	137
25.6577	137
25.6593	137
25.6609	137
25.6625	137
25.6641	137
25.6657	137
25.6673	137
25.6689	137
25.6705	137
25.6721	137
25.6738	137
25.6754	137
25.677	137
25.6786	137
25.6802	137
25.7491	145
25.7507	144
25.7523	143
25.7539	142
25.7555	141
25.7571	141
25.7587	140
25.7603	139
25.7619	139
25.7635	138
25.7651	138
25.7667	138
25.7683	138
25.7699	137
25.7715	137
25.7731	137
25.7747	137
25.7763	137
25.7779	137
25.7795	136
25.7811	136
25.7827	136
25.7843	136
25.7859	136
25.7875	136
25.7891	136
25.7907	136
25.7923	136
25.7939	136
25.7955	136
25.7971	136
25.7987	136
25.8003	136
25.8019	136
25.8035	136
25.8051	136
25.8067	136
25.8083	136
25.8099	136
25.8115	136
25.8131	136
25.8147	136
25.8163	136
25.886	136
25.8876	136
25.8892	136
25.8908	136
25.8924	136
25.894	136
25.8956	136
25.8972	136
25.8989	136
25.9005	136
25.9021	136
25.9037	136
25.9053	136
25.9069	136
25.9085	136
25.9101	136
25.9117	136
25.9133	136
25.9149	136
25.9165	136
25.9181	136
25.9197	136
25.9213	136
25.9229	136
25.9245	136
25.9261	136
25.9277	136
25.9293	136
25.9309	136
25.9325	136
25.9341	136
25.9357	136
25.9373	136
25.9389	136
25.9405	136
25.9421	136
25.9437	136
25.9453	136
25.9469	136
25.9485	136
25.9501	136
25.9517	136
25.9533	136
26.0238	136
26.0254	137
26.027	137
26.0286	137
26.0302	137
26.0318	137
26.0334	137
26.035	137
26.0366	137
26.0382	137
26.0398	137
26.0414	137
26.043	137
26.0446	137
26.0462	137
26.0478	137
26.0495	137
26.0511	137
26.0527	138
26.0543	138
26.0559	138
26.0575	138
26.0591	138
26.0607	138
26.0623	138
26.0639	138
26.0655	138
26.0671	139
26.0687	139
26.0703	139
26.0719	139
26.0735	139
26.0751	139
26.0767	139
26.0783	139
26.0799	139
26.0815	139
26.0831	139
26.0847	139
26.0863	139
26.0879	139
26.0895	139
26.0911	139
26.1624	148
26.164	147
26.1656	146
26.1672	145
26.1688	144
26.1704	144
26.172	143
26.1736	143
26.1752	142
26.1768	142
26.1784	142
26.18	142
26.1816	141
26.1832	141
26.1848	141
26.1864	141
26.188	141
26.1896	141
26.1912	140
26.1928	140
26.1944	140
26.196	140
26.1976	140
26.1993	140
26.2009	140
26.2025	140
26.2041	140
26.2057	140
26.2073	140
26.2089	140
26.2105	140
26.2121	140
26.2137	140
26.2153	140
26.2169	140
26.2185	140
26.2201	140
26.2217	140
26.2233	140
26.2249	140
26.2265	140
26.2281	140
26.2297	140
26.3002	148
26.3018	147
26.3034	146
26.305	145
26.3066	144
26.3082	144
26.3098	143
26.3114	142
26.313	142
26.3146	142
26.3162	141
26.3178	141
26.3194	141
26.321	141
26.3226	140
26.3242	140
26.3258	140
26.3274	140
26.329	140
26.3306	140
26.3322	140
26.3338	139
26.3354	139
26.337	139
26.3386	139
26.3402	139
26.3418	139
26.3434	139
26.345	139
26.3466	139
26.3482	139
26.3499	139
26.3515	139
26.3531	139
26.3547	139
26.3563	139
26.3579	139
26.3595	139
26.3611	139
26.3627	139
26.3643	139
26.3659	139
26.3675	139
26.3691	139
26.4404	139
26.442	139
26.4436	139
26.4452	139
26.4468	139
26.4484	139
26.45	139
26.4516	139
26.4532	139
26.4548	139
26.4564	139
26.458	139
26.4596	139
26.4612	139
26.4628	139
26.4644	139
26.466	140
26.4676	140
26.4692	140
26.4708	140
26.4724	140
26.474	140
26.4756	140
26.4772	140
26.4788	140
26.4804	140
26.482	140
26.4836	140
26.4852	140
26.4868	140
26.4884	140
26.49	140
26.4916	140
26.4932	140
26.4948	140
26.4964	140
26.498	140
26.4997	140
26.5013	140
26.5029	140
26.5045	140
26.5061	140
26.5077	140
26.5093	140
26.5814	140
26.583	140
26.5846	140
26.5862	140
26.5878	140
26.5894	140
26.591	140
26.5926	140
26.5942	140
26.5958	140
26.5974	140
26.599	140
26.6006	140
26.6022	140
26.6038	140
26.6054	140
26.607	140
26.6086	140
26.6102	140
26.6118	140
26.6134	140
26.615	140
26.6166	140
26.6182	140
26.6198	140
26.6214	141
26.623	141
26.6246	141
26.6262	141
26.6278	141
26.6294	141
26.631	142
26.6326	142
26.6342	142
26.6358	142
26.6374	142
26.639	142
26.6406	142
26.6422	142
26.6438	142
26.6454	142
26.647	142
26.6486	142
26.6503	142
26.7231	151
26.7248	150
26.7264	149
26.728	148
26.7296	148
26.7312	147
26.7328	146
26.7344	146
26.736	146
26.7376	145
26.7392	145
26.7408	145
26.7424	145
26.744	144
26.7456	144
26.7472	144
26.7488	144
26.7504	144
26.752	144
26.7536	143
26.7552	143
26.7568	143
26.7584	143
26.76	143
26.7616	143
26.7632	143
26.7648	143
26.7664	143
26.768	143
26.7696	143
26.7712	143
26.7728	143
26.7744	143
26.776	143
26.7776	143
26.7792	143
26.7808	143
26.7824	143
26.784	143
26.7856	143
26.7872	143
26.7888	143
26.7904	143
26.792	143
26.8641	152
26.8657	150
26.8673	149
26.8689	148
26.8705	148
26.8721	147
26.8737	146
26.8754	146
26.877	145
26.8786	145
26.8802	145
26.8818	144
26.8834	144
26.885	144
26.8866	144
26.8882	143
26.8898	143
26.8914	143
26.893	143
26.8946	143
26.8962	143
26.8978	143
26.8994	143
26.901	142
26.9026	142
26.9042	142
26.9058	142
26.9074	142
26.909	142
26.9106	142
26.9122	142
26.9138	142
26.9154	142
26.917	142
26.9186	142
26.9202	142
26.9218	142
26.9234	142
26.925	142
26.9266	142
26.9282	142
26.9298	142
26.9314	142
26.933	142
26.9346	142
27.0075	142
27.0091	142
27.0107	142
27.0123	142
27.0139	142
27.0155	142
27.0171	143
27.0187	143
27.0198	143
27.0214	143
27.023	143
27.0238	143
27.0254	143
27.027	143
27.0286	143
27.0295	143
27.0311	143
27.0326	143
27.0335	143
27.0351	143
27.0366	143
27.0382	143
27.0392	144
27.0408	144
27.0423	144
27.0432	144
27.0448	144
27.0457	144
27.0471	144
27.0481	144
27.0497	144
27.0506	144
27.052	144
27.0529	144
27.0545	144
27.0555	144
27.0569	144
27.0578	144
27.0594	144
27.0603	144
27.0618	144
27.0627	144
27.0643	144
27.0652	144
27.0666	144
27.0676	144
27.0692	144
27.0701	144
27.0739	144
27.0764	145
27.0788	145
27.0806	146
27.0836	147
27.0861	147
27.0885	148
27.1452	156
27.1466	154
27.1493	152
27.1513	150
27.1545	149
27.1564	149
27.159	148
27.1611	148
27.1627	147
27.1636	147
27.1645	147
27.1654	147
27.167	147
27.1679	146
27.1688	146
27.1697	146
27.1711	146
27.1727	146
27.1737	146
27.1751	146
27.176	146
27.1769	146
27.1783	146
27.1795	146
27.1809	146
27.1825	146
27.1834	146
27.1848	146
27.1857	146
27.1866	146
27.1881	146
27.1892	146
27.1906	146
27.1915	146
27.1929	145
27.1941	145
27.1955	145
27.1964	145
27.1978	145
27.1989	145
27.2004	145
27.2012	145
27.2027	145
27.2038	145
27.2052	145
27.2077	146
27.2109	146
27.2129	146
27.2158	147
27.2175	147
27.2206	148
27.2227	149
27.2255	150
27.2281	151
27.2304	151
27.2324	152
27.2353	153
27.2379	153
27.2401	153
27.2428	154
27.245	154
27.2786	151
27.2809	149
27.2829	147
27.2861	145
27.289	144
27.2907	143
27.2927	141
27.2956	140
27.299	140
27.3005	140
27.3031	139
27.3048	139
27.3071	139
27.3097	140
27.3117	140
27.3132	140
27.3154	141
27.3188	141
27.3203	142
27.3218	142
27.3226	143
27.3238	143
27.3252	144
27.3264	144
27.3278	144
27.3292	145
27.3301	145
27.3315	145
27.3324	145
27.3335	145
27.3349	145
27.3361	146
27.3375	146
27.3384	146
27.3398	146
27.3424	146
27.3447	146
27.3467	147
27.3496	147
27.3515	148
27.3544	149
27.3565	149
27.3593	150
27.3627	151
27.3642	152
27.3662	153
27.3691	154
27.3724	154
27.3739	155
27.3768	155
27.3788	156
27.3822	156
27.3845	156
27.3865	156
27.3885	157
27.3919	157
27.3942	157
27.3962	157
27.3983	157
27.4017	157
27.4032	157
27.4126	154
27.4147	152
27.4175	150
27.4203	148
27.4238	146
27.4255	145
27.4273	143
27.4302	142
27.4333	141
27.4356	140
27.4376	139
27.4396	139
27.4417	138
27.4442	138
27.4462	137
27.4477	137
27.45	136
27.4526	136
27.4557	136
27.4575	136
27.4598	136
27.4617	136
27.4646	136
27.4666	137
27.4692	137
27.472	138
27.4743	139
27.4766	139
27.4793	140
27.4812	141
27.4833	142
27.4861	143
27.4887	144
27.491	145
27.493	146
27.4958	147
27.499	148
27.5007	148
27.5028	149
27.5056	150
27.5088	150
27.5105	150
27.5125	151
27.5153	151
27.5185	151
27.5202	152
27.523	152
27.5251	152
27.5283	152
27.5306	152
27.5328	153
27.5348	152
27.5374	152
27.5403	153
27.5425	153
27.5446	153
27.5472	153
27.5495	153
27.5517	153
27.5546	153
27.5575	153
27.5595	152
27.5617	151
27.9016	148
27.9032	146
27.9048	144
27.9064	142
27.908	141
27.9096	140
27.9112	140
27.9128	139
27.9144	139
27.916	140
27.9176	140
27.9192	141
27.9208	141
27.9224	142
27.924	143
27.9256	144
27.9272	145
27.9288	146
27.9304	147
27.932	148
27.9336	150
28.005	156
28.0066	149
28.0082	144
28.0098	139
28.0115	135
28.0131	131
28.0147	128
28.0163	125
28.0179	122
28.0195	120
28.0211	118
28.0227	116
28.0243	115
28.0259	114
28.0275	112
28.0291	111
28.0307	111
28.0323	110
28.0339	109
28.0355	109
28.0371	108
28.1101	117
28.1117	115
28.1133	114
28.1149	113
28.1165	112
28.1181	112
28.1197	111
28.1213	110
28.1229	110
28.1245	109
28.1261	109
28.1277	108
28.1293	108
28.1309	108
28.1325	108
28.1341	108
28.1357	107
28.1373	107
28.1389	107
28.1405	107
28.1421	107
28.1437	107
28.2143	106
28.216	106
28.2176	106
28.2192	106
28.2208	105
28.2224	105
28.224	105
28.2256	105
28.2272	105
28.2288	105
28.2304	104
28.232	104
28.2336	104
28.2352	104
28.2368	104
28.2384	104
28.24	104
28.2416	104
28.2432	104
28.2448	104
28.2464	104
28.248	104
28.3186	104
28.3202	104
28.3218	104
28.3234	104
28.325	104
28.3266	104
28.3282	104
28.3298	104
28.3314	104
28.333	104
28.3346	104
28.3362	104
28.3378	104
28.3394	104
28.341	104
28.3426	104
28.3442	104
28.3458	104
28.3474	104
28.349	105
28.3506	105
28.3522	105
28.4221	113
28.4237	112
28.4253	111
28.4269	111
28.4285	110
28.4301	109
28.4317	109
28.4333	108
28.4349	108
28.4365	107
28.4381	107
28.4397	107
28.4413	106
28.4429	106
28.4445	106
28.4461	106
28.4477	106
28.4493	105
28.4509	105
28.4525	105
28.4541	105
28.4557	105
28.5255	113
28.5271	112
28.5287	111
28.5303	111
28.5319	110
28.5335	109
28.5351	109
28.5367	108
28.5383	108
28.5399	107
28.5415	107
28.5431	107
28.5447	106
28.5463	106
28.5479	106
28.5495	106
28.5511	106
28.5527	105
28.5543	105
28.5559	105
28.5576	105
28.5592	105
28.5608	105
28.6314	105
28.633	105
28.6346	105
28.6362	105
28.6378	105
28.6394	105
28.641	105
28.6426	105
28.6442	105
28.6458	105
28.6474	105
28.649	105
28.6506	105
28.6522	105
28.6538	105
28.6554	105
28.657	105
28.6586	105
28.6602	105
28.6618	105
28.6634	105
28.665	105
28.6666	105
28.7356	105
28.7372	105
28.7388	105
28.7404	105
28.742	105
28.7436	105
28.7452	105
28.7468	104
28.7484	104
28.75	104
28.7516	104
28.7532	104
28.7548	104
28.7564	104
28.758	104
28.7596	104
28.7613	104
28.7629	104
28.7645	104
28.7661	104
28.7677	104
28.7693	104
28.7709	104
28.8391	113
28.8407	112
28.8423	111
28.8439	110
28.8455	109
28.8471	109
28.8487	108
28.8503	108
28.8519	107
28.8535	107
28.8551	107
28.8567	106
28.8583	106
28.8599	106
28.8615	106
28.8631	106
28.8647	105
28.8663	105
28.8679	105
28.8695	105
28.8711	105
28.8727	105
28.8743	105
28.9425	113
28.9441	112
28.9457	111
28.9473	110
28.9489	110
28.9505	109
28.9521	108
28.9537	108
28.9553	108
28.9569	107
28.9585	107
28.9601	107
28.9617	106
28.9633	106
28.965	106
28.9666	106
28.9682	106
28.9698	105
28.9714	105
28.973	105
28.9746	105
28.9762	105
28.9778	105
28.9794	105
29.0484	105
29.05	105
29.0516	105
29.0532	105
29.0548	105
29.0564	105
29.058	105
29.0596	105
29.0612	105
29.0628	105
29.0644	105
29.066	105
29.0676	105
29.0692	105
29.0708	105
29.0724	105
29.074	105
29.0756	105
29.0772	105
29.0788	105
29.0804	105
29.082	105
29.0836	105
29.0852	105
29.1526	105
29.1542	105
29.1558	105
29.1574	105
29.159	105
29.1606	105
29.1622	105
29.1638	104
29.1654	104
29.167	104
29.1687	104
29.1703	104
29.1719	104
29.1735	104
29.1751	104
29.1767	104
29.1783	104
29.1799	104
29.1815	104
29.1831	104
29.1847	104
29.1863	104
29.1879	104
29.1895	104
29.2569	104
29.2585	104
29.2601	104
29.2617	104
29.2633	104
29.2649	104
29.2665	104
29.2681	105
29.2697	105
29.2713	105
29.2729	105
29.2745	105
29.2761	105
29.2777	105
29.2793	105
29.2809	105
29.2825	105
29.2841	105
29.2857	105
29.2873	105
29.2889	105
29.2905	105
29.2921	105
29.2937	105
29.3603	113
29.3619	112
29.3635	111
29.3651	110
29.3667	110
29.3683	109
29.3699	108
29.3716	108
29.3732	108
29.3748	107
29.3764	107
29.378	107
29.3796	106
29.3812	106
29.3828	106
29.3844	106
29.386	106
29.3876	105
29.3892	105
29.3908	105
29.3924	105
29.394	105
29.3956	105
29.3972	105
29.4646	113
29.4662	112
29.4678	111
29.4694	111
29.471	110
29.4726	109
29.4742	109
29.4758	108
29.4774	108
29.479	108
29.4806	107
29.4822	107
29.4838	107
29.4854	107
29.487	107
29.4886	106
29.4902	106
29.4918	106
29.4934	106
29.495	106
29.4966	106
29.4982	106
29.4998	106
29.5014	106
29.503	106
29.5688	106
29.5704	105
29.572	105
29.5736	105
29.5753	105
29.5769	105
29.5785	105
29.5801	105
29.5817	104
29.5833	104
29.5849	104
29.5865	104
29.5881	104
29.5897	104
29.5913	104
29.5929	104
29.5945	104
29.5961	104
29.5977	104
29.5993	104
29.6009	104
29.6025	104
29.6041	104
29.6057	104
29.6073	104
29.6731	104
29.6747	104
29.6763	104
29.6779	104
29.6795	104
29.6811	104
29.6827	104
29.6843	104
29.6859	104
29.6875	104
29.6891	105
29.6907	105
29.6923	105
29.6939	105
29.6955	105
29.6971	105
29.6987	105
29.7003	105
29.7019	105
29.7035	105
29.7051	105
29.7067	105
29.7083	105
29.7099	105
29.7115	105
29.7765	113
29.7781	112
29.7798	111
29.7814	110
29.783	110
29.7846	109
29.7862	108
29.7878	108
29.7894	107
29.791	107
29.7926	107
29.7942	106
29.7958	106
29.7974	106
29.799	106
29.8006	106
29.8022	106
29.8038	105
29.8054	105
29.807	105
29.8086	105
29.8102	105
29.8118	105
29.8134	105
29.815	105
29.8816	113
29.8832	112
29.8848	111
29.8864	111
29.888	110
29.8896	110
29.8912	109
29.8928	109
29.8944	109
29.896	108
29.8976	108
29.8992	108
29.9008	108
29.9024	107
29.904	107
29.9056	107
29.9072	107
29.9088	107
29.9104	107
29.912	107
29.9136	107
29.9152	107
29.9168	107
29.9185	107
29.9201	107
29.9217	107
29.9859	106
29.9875	106
29.9891	106
29.9907	105
29.9923	105
29.9939	105
29.9955	105
29.9971	105
29.9987	105
30.0003	104
30.0019	104
30.0035	104
30.0051	104
30.0067	104
30.0083	104
30.0099	104
30.0115	104
30.0131	104
30.0147	104
30.0163	104
30.0179	104
30.0195	104
30.0211	104
30.0227	104
30.0243	104
30.0259	104
30.0901	104
30.0917	104
30.0933	104
30.0949	104
30.0965	104
30.0981	104
30.0997	104
30.1013	104
30.1029	104
30.1045	104
30.1061	104
30.1077	104
30.1093	104
30.1109	104
30.1125	104
30.1141	105
30.1157	105
30.1173	105
30.1189	105
30.1205	105
30.1222	105
30.1238	105
30.1254	105
30.127	105
30.1286	105
30.1302	105
30.1936	113
30.1952	112
30.1968	111
30.1984	110
30.2	109
30.2016	109
30.2032	108
30.2048	108
30.2064	107
30.208	107
30.2096	107
30.2112	106
30.2128	106
30.2144	106
30.216	106
30.2176	106
30.2192	105
30.2208	105
30.2224	105
30.224	105
30.2256	105
30.2272	105
30.2288	105
30.2304	105
30.232	105
30.2336	105
30.2986	113
30.3002	112
30.3018	111
30.3034	111
30.305	110
30.3066	110
30.3082	109
30.3098	109
30.3114	108
30.313	108
30.3146	108
30.3162	108
30.3178	108
30.3194	107
30.321	107
30.3226	107
30.3242	107
30.3259	107
30.3275	107
30.3291	107
30.3307	107
30.3323	107
30.3339	106
30.3355	106
30.3371	106
30.3387	106
30.3403	106
30.4029	106
30.4045	106
30.4061	106
30.4077	105
30.4093	105
30.4109	105
30.4125	105
30.4141	105
30.4157	105
30.4173	104
30.4189	104
30.4205	104
30.4221	104
30.4237	104
30.4253	104
30.4269	104
30.4285	104
30.4301	104
30.4317	104
30.4333	104
30.4349	104
30.4365	104
30.4381	104
30.4397	104
30.4413	104
30.4429	104
30.4445	104
30.5071	104
30.5087	104
30.5103	104
30.5119	104
30.5135	104
30.5151	104
30.5167	104
30.5183	104
30.5199	104
30.5215	104
30.5231	104
30.5247	104
30.5263	104
30.528	104
30.5296	104
30.5312	104
30.5328	104
30.5344	104
30.536	104
30.5376	104
30.5392	105
30.5408	105
30.5424	105
30.544	105
30.5456	105
30.5472	105
30.5488	105
30.6106	113
30.6122	112
30.6138	111
30.6154	110
30.617	109
30.6186	109
30.6202	108
30.6218	108
30.6234	107
30.625	107
30.6266	107
30.6282	106
30.6298	106
30.6314	106
30.633	106
30.6346	106
30.6362	106
30.6378	105
30.6394	105
30.641	105
30.6426	105
30.6442	105
30.6458	105
30.6474	105
30.649	105
30.6506	105
30.6522	105
30.7148	112
30.7164	112
30.718	111
30.7196	110
30.7212	110
30.7228	109
30.7244	109
30.726	108
30.7276	108
30.7292	108
30.7308	107
30.7325	107
30.7341	107
30.7357	107
30.7373	107
30.7389	106
30.7405	106
30.7421	106
30.7437	106
30.7453	106
30.7469	106
30.7485	106
30.7501	106
30.7517	106
30.7533	106
30.7549	106
30.7565	106
30.7581	106
30.8207	106
30.8223	106
30.8239	105
30.8255	105
30.8271	105
30.8287	105
30.8303	105
30.8319	105
30.8335	105
30.8351	105
30.8367	105
30.8383	105
30.8399	105
30.8415	105
30.8431	105
30.8447	105
30.8463	105
30.8479	105
30.8495	105
30.8511	105
30.8527	105
30.8543	105
30.8559	105
30.8575	105
30.8591	105
30.8607	105
30.8623	105
30.8639	105
30.9249	105
30.9265	105
30.9281	105
30.9297	105
30.9313	104
30.9329	104
30.9345	104
30.9362	104
30.9378	104
30.9394	104
30.941	104
30.9426	104
30.9442	104
30.9458	104
30.9474	104
30.949	104
30.9506	104
30.9522	104
30.9538	104
30.9554	104
30.957	104
30.9586	104
30.9602	104
30.9618	104
30.9634	104
30.965	104
30.9666	104
30.9682	105
31.0284	112
31.03	111
31.0316	110
31.0332	110
31.0348	109
31.0364	108
31.038	108
31.0396	108
31.0412	107
31.0428	107
31.0444	107
31.046	106
31.0476	106
31.0492	106
31.0508	106
31.0524	106
31.054	106
31.0556	105
31.0572	105
31.0588	105
31.0604	105
31.062	105
31.0636	105
31.0652	105
31.0668	105
31.0684	105
31.07	105
31.0716	105
31.1318	112
31.1334	111
31.135	110
31.1366	110
31.1382	109
31.1399	108
31.1415	108
31.1431	108
31.1447	107
31.1463	107
31.1479	107
31.1495	106
31.1511	106
31.1527	106
31.1543	106
31.1559	106
31.1575	105
31.1591	105
31.1607	105
31.1623	105
31.1639	105
31.1655	105
31.1671	105
31.1687	105
31.1703	105
31.1719	105
31.1735	105
31.1751	105
31.1767	105
31.2377	105
31.2393	105
31.2409	105
31.2425	105
31.2441	105
31.2457	105
31.2473	105
31.2489	105
31.2505	105
31.2521	105
31.2537	105
31.2553	105
31.2569	105
31.2585	105
31.2601	105
31.2617	105
31.2633	105
31.2649	105
31.2665	105
31.2681	105
31.2697	105
31.2713	105
31.2729	105
31.2745	105
31.2761	105
31.2778	105
31.2794	105
31.281	105
31.2826	105
31.342	105
31.3436	105
31.3452	105
31.3468	105
31.3484	104
31.35	104
31.3516	104
31.3532	104
31.3548	104
31.3564	104
31.358	104
31.3596	104
31.3612	104
31.3628	104
31.3644	104
31.366	104
31.3676	104
31.3692	104
31.3708	104
31.3724	104
31.374	104
31.3756	104
31.3772	104
31.3788	104
31.3804	104
31.382	104
31.3836	104
31.3852	104
31.3868	104
31.4454	111
31.447	111
31.4486	110
31.4502	109
31.4518	109
31.4534	108
31.455	108
31.4566	107
31.4582	107
31.4598	107
31.4614	106
31.463	106
31.4646	106
31.4662	106
31.4678	106
31.4694	106
31.471	106
31.4726	105
31.4742	105
31.4758	105
31.4774	105
31.479	105
31.4806	105
31.4823	105
31.4839	105
31.4855	105
31.4871	105
31.4887	105
31.4903	105
31.5489	112
31.5505	111
31.5521	110
31.5537	109
31.5553	109
31.5569	108
31.5585	108
31.5601	107
31.5617	107
31.5633	107
31.5649	106
31.5665	106
31.5681	106
31.5697	106
31.5713	106
31.5729	105
31.5745	105
31.5761	105
31.5777	105
31.5793	105
31.5809	105
31.5825	105
31.5841	105
31.5857	105
31.5873	105
31.5889	105
31.5905	105
31.5921	105
31.5937	105
31.5953	105
31.6547	105
31.6563	105
31.6579	105
31.6595	105
31.6611	105
31.6627	105
31.6643	105
31.6659	105
31.6675	105
31.6691	105
31.6707	105
31.6723	105
31.6739	105
31.6755	105
31.6771	105
31.6787	105
31.6803	105
31.6819	105
31.6835	105
31.6852	105
31.6868	105
31.6884	105
31.69	105
31.6916	105
31.6932	105
31.6948	105
31.6964	105
31.698	105
31.6996	105
31.7012	105
31.759	105
31.7606	105
31.7622	105
31.7638	105
31.7654	105
31.767	104
31.7686	104
31.7702	104
31.7718	104
31.7734	104
31.775	104
31.7766	104
31.7782	104
31.7798	104
31.7814	104
31.783	104
31.7846	104
31.7862	104
31.7878	104
31.7894	104
31.791	104
31.7926	104
31.7942	104
31.7958	104
31.7974	104
31.799	104
31.8006	104
31.8022	104
31.8038	104
31.8054	104
31.8632	104
31.8648	104
31.8664	104
31.868	104
31.8696	104
31.8712	105
31.8728	105
31.8744	105
31.876	105
31.8776	105
31.8792	105
31.8808	105
31.8824	105
31.884	105
31.8856	105
31.8872	105
31.8889	105
31.8905	105
31.8921	105
31.8937	105
31.8953	105
31.8969	105
31.8985	105
31.9001	105
31.9017	105
31.9033	105
31.9049	105
31.9065	105
31.9081	105
31.9097	105
31.9667	112
31.9683	111
31.9699	110
31.9715	110
31.9731	109
31.9747	108
31.9763	108
31.9779	108
31.9795	107
31.9811	107
31.9827	107
31.9843	106
31.9859	106
31.9875	106
31.9891	106
31.9907	106
31.9923	105
31.9939	105
31.9955	105
31.9971	105
31.9987	105
32.0003	105
32.0019	105
32.0035	105
32.0051	105
32.0067	105
32.0083	105
32.0099	105
32.0115	105
32.0131	105
32.0709	112
32.0725	111
32.0741	110
32.0757	110
32.0773	109
32.0789	109
32.0805	108
32.0821	108
32.0837	108
32.0853	107
32.0869	107
32.0885	107
32.0901	107
32.0918	106
32.0934	106
32.095	106
32.0966	106
32.0982	106
32.0998	106
32.1014	106
32.103	106
32.1046	106
32.1062	106
32.1078	106
32.1094	106
32.111	105
32.1126	105
32.1142	105
32.1158	105
32.1174	105
32.119	105
32.1752	105
32.1768	105
32.1784	105
32.18	105
32.1816	105
32.1832	105
32.1848	104
32.1864	104
32.188	104
32.1896	104
32.1912	104
32.1928	104
32.1944	104
32.196	104
32.1976	104
32.1992	104
32.2008	104
32.2024	104
32.204	104
32.2056	104
32.2072	104
32.2088	104
32.2104	104
32.212	104
32.2136	104
32.2152	104
32.2168	104
32.2184	104
32.22	104
32.2216	104
32.2232	104
32.2794	104
32.281	104
32.2826	104
32.2842	104
32.2858	104
32.2874	104
32.289	104
32.2906	104
32.2922	104
32.2938	104
32.2955	105
32.2971	105
32.2987	105
32.3003	105
32.3019	105
32.3035	105
32.3051	105
32.3067	105
32.3083	105
32.3099	105
32.3115	105
32.3131	105
32.3147	105
32.3163	105
32.3179	105
32.3195	105
32.3211	105
32.3227	105
32.3243	105
32.3259	105
32.3275	105
32.3829	112
32.3845	111
32.3861	110
32.3877	109
32.3893	109
32.3909	108
32.3925	108
32.3941	107
32.3957	107
32.3973	107
32.3989	106
32.4005	106
32.4021	106
32.4037	106
32.4053	106
32.4069	105
32.4085	105
32.4101	105
32.4117	105
32.4133	105
32.4149	105
32.4165	105
32.4181	105
32.4197	105
32.4213	105
32.4229	105
32.4245	105
32.4261	105
32.4277	105
32.4293	105
32.4309	105
32.4879	111
32.4895	111
32.4911	110
32.4927	110
32.4943	109
32.4959	109
32.4975	109
32.4992	108
32.5008	108
32.5024	108
32.504	107
32.5056	107
32.5072	107
32.5088	107
32.5104	107
32.512	107
32.5136	107
32.5152	107
32.5168	107
32.5184	107
32.52	106
32.5216	106
32.5232	106
32.5248	106
32.5264	106
32.528	106
32.5296	106
32.5312	106
32.5328	106
32.5344	106
32.536	106
32.5376	106
32.5922	106
32.5938	106
32.5954	105
32.597	105
32.5986	105
32.6002	105
32.6018	105
32.6034	105
32.605	105
32.6066	104
32.6082	104
32.6098	104
32.6114	104
32.613	104
32.6146	104
32.6162	104
32.6178	104
32.6194	104
32.621	104
32.6226	104
32.6242	104
32.6258	104
32.6274	104
32.629	104
32.6306	104
32.6322	104
32.6338	104
32.6354	104
32.637	104
32.6387	104
32.6403	104
32.6419	104
32.6964	104
32.698	104
32.6996	104
32.7012	104
32.7029	104
32.7045	104
32.7061	104
32.7077	104
32.7093	104
32.7109	104
32.7125	104
32.7141	104
32.7157	104
32.7173	104
32.7189	104
32.7205	104
32.7221	104
32.7237	104
32.7253	105
32.7269	105
32.7285	105
32.7301	105
32.7317	105
32.7333	105
32.7349	105
32.7365	105
32.7381	105
32.7397	105
32.7413	105
32.7429	105
32.7445	105
32.7461	105
32.8006	112
32.8022	111
32.8038	110
32.8054	110
32.807	109
32.8086	109
32.8102	108
32.8118	108
32.8134	107
32.815	107
32.8166	107
32.8182	107
32.8198	107
32.8214	106
32.823	106
32.8246	106
32.8262	106
32.8278	106
32.8294	106
32.831	106
32.8326	106
32.8342	106
32.8358	106
32.8374	106
32.839	106
32.8406	106
32.8422	106
32.8438	105
32.8454	105
32.847	105
32.8486	105
32.8502	105
32.9056	112
32.9072	111
32.9088	111
32.9104	110
32.912	110
32.9136	109
32.9152	109
32.9169	109
32.9185	108
32.9201	108
32.9217	108
32.9233	108
32.9249	107
32.9265	107
32.9281	107
32.9297	107
32.9313	107
32.9329	107
32.9345	107
32.9361	107
32.9377	107
32.9393	107
32.9409	106
32.9425	106
32.9441	106
32.9457	106
32.9473	106
32.9489	106
32.9505	106
32.9521	106
32.9537	106
32.9553	106
32.9569	106
33.0114	106
33.013	106
33.0146	106
33.0162	106
33.0178	106
33.0194	106
33.021	105
33.0226	105
33.0242	105
33.0258	105
33.0274	105
33.029	105
33.0306	105
33.0322	105
33.0338	105
33.0354	105
33.037	105
33.0386	105
33.0402	105
33.0418	105
33.0434	105
33.045	105
33.0466	105
33.0482	105
33.0498	105
33.0514	105
33.053	105
33.0546	105
33.0562	105
33.0578	105
33.0594	105
33.061	105
33.0626	105
33.1179	105
33.1195	105
33.1211	106
33.1227	106
33.1243	106
33.1259	106
33.1275	106
33.1291	106
33.1307	106
33.1323	106
33.1339	106
33.1355	106
33.1371	106
33.1387	106
33.1403	106
33.142	106
33.1436	106
33.1452	106
33.1468	106
33.1484	106
33.15	106
33.1516	106
33.1532	106
33.1548	107
33.1564	107
33.158	107
33.1596	107
33.1612	107
33.1628	107
33.1644	107
33.166	107
33.1676	107
33.1692	107
33.2253	114
33.2269	113
33.2285	113
33.2301	112
33.2317	112
33.2333	111
33.2349	111
33.2365	111
33.2381	110
33.2397	110
33.2413	110
33.2429	110
33.2445	110
33.2461	109
33.2477	109
33.2493	109
33.2509	109
33.2525	109
33.2541	109
33.2557	109
33.2573	109
33.2589	109
33.2605	109
33.2621	109
33.2637	109
33.2653	109
33.2669	109
33.2685	109
33.2701	109
33.2717	109
33.2733	109
33.2749	109
33.2765	109
33.3326	115
33.3342	114
33.3358	114
33.3374	113
33.339	112
33.3406	112
33.3422	112
33.3438	111
33.3454	111
33.347	111
33.3486	110
33.3502	110
33.3518	110
33.3534	110
33.355	110
33.3566	109
33.3582	109
33.3598	109
33.3614	109
33.363	109
33.3646	109
33.3662	109
33.3679	109
33.3695	109
33.3711	109
33.3727	109
33.3743	109
33.3759	109
33.3775	109
33.3791	109
33.3807	109
33.3823	109
33.3839	109
33.3855	109
33.4424	109
33.444	109
33.4456	109
33.4472	109
33.4488	109
33.4504	109
33.452	109
33.4536	109
33.4552	109
33.4568	109
33.4584	109
33.46	109
33.4616	109
33.4632	109
33.4648	109
33.4664	109
33.468	109
33.4696	109
33.4712	109
33.4728	109
33.4744	109
33.476	109
33.4776	109
33.4792	109
33.4808	109
33.4824	109
33.484	109
33.4856	109
33.4872	109
33.4888	109
33.4904	109
33.492	109
33.4936	109
33.4952	109
33.5513	109
33.5529	109
33.5545	109
33.5561	109
33.5577	109
33.5593	109
33.5609	109
33.5625	109
33.5641	109
33.5657	109
33.5673	109
33.5689	109
33.5705	109
33.5721	109
33.5737	109
33.5753	109
33.5769	109
33.5785	109
33.5801	109
33.5817	109
33.5833	109
33.5849	109
33.5865	109
33.5881	109
33.5897	109
33.5913	109
33.593	109
33.5946	109
33.5962	109
33.5978	109
33.5994	109
33.601	109
33.6026	109
33.6042	110
33.661	117
33.6626	116
33.6642	115
33.6658	115
33.6675	114
33.6691	114
33.6707	113
33.6723	113
33.6739	113
33.6755	113
33.6771	112
33.6787	112
33.6803	112
33.6819	112
33.6835	112
33.6851	112
33.6867	112
33.6883	112
33.6899	111
33.6915	111
33.6931	111
33.6947	111
33.6963	111
33.6979	111
33.6995	111
33.7011	111
33.7027	111
33.7043	111
33.7059	111
33.7075	111
33.7091	111
33.7107	111
33.7123	111
33.7139	111
33.7716	118
33.7732	117
33.7748	116
33.7764	116
33.778	115
33.7796	115
33.7812	114
33.7828	114
33.7844	114
33.786	114
33.7876	113
33.7892	113
33.7908	113
33.7924	113
33.794	113
33.7956	113
33.7972	112
33.7988	112
33.8004	112
33.802	112
33.8036	112
33.8052	112
33.8068	112
33.8084	112
33.81	112
33.8116	112
33.8132	112
33.8148	112
33.8164	112
33.8181	112
33.8197	112
33.8213	112
33.8229	112
33.8245	112
33.8261	112
33.8845	112
33.8861	112
33.8877	112
33.8893	112
33.8909	112
33.8925	112
33.8942	112
33.8958	112
33.8974	112
33.899	112
33.9006	112
33.9022	112
33.9038	112
33.9054	112
33.907	112
33.9086	112
33.9102	112
33.9118	112
33.9134	112
33.915	112
33.9166	112
33.9182	112
33.9198	112
33.9214	112
33.923	112
33.9246	112
33.9262	112
33.9278	112
33.9294	112
33.931	112
33.9326	112
33.9342	112
33.9358	112
33.9374	112
33.939	112
33.9967	112
33.9983	112
33.9999	112
34.0015	112
34.0031	112
34.0047	112
34.0063	112
34.0079	112
34.0095	112
34.0111	112
34.0127	112
34.0143	112
34.0159	112
34.0175	112
34.0191	112
34.0207	112
34.0223	112
34.0239	112
34.0255	112
34.0271	112
34.0287	112
34.0303	112
34.0319	112
34.0335	112
34.0351	112
34.0367	112
34.0383	112
34.0399	112
34.0415	112
34.0432	112
34.0448	112
34.0464	112
34.048	112
34.0496	112
34.0512	112
34.1096	119
34.1112	119
34.1128	118
34.1144	118
34.116	117
34.1176	117
34.1193	116
34.1209	116
34.1225	116
34.1241	116
34.1257	115
34.1273	115
34.1289	115
34.1305	115
34.1321	115
34.1337	115
34.1353	115
34.1369	115
34.1385	115
34.1401	115
34.1417	114
34.1433	114
34.1449	114
34.1465	114
34.1481	114
34.1497	114
34.1513	114
34.1529	114
34.1545	114
34.1561	114
34.1577	114
34.1593	114
34.1609	114
34.1625	114
34.1641	114
34.2234	121
34.225	121
34.2266	120
34.2282	119
34.2298	119
34.2314	118
34.233	118
34.2346	117
34.2362	117
34.2378	117
34.2394	117
34.241	116
34.2426	116
34.2442	116
34.2458	116
34.2474	116
34.249	116
34.2506	116
34.2522	116
34.2538	115
34.2554	115
34.257	115
34.2586	115
34.2602	115
34.2618	115
34.2634	115
34.265	115
34.2666	115
34.2683	115
34.2699	115
34.2715	115
34.2731	115
34.2747	115
34.2763	115
34.2779	115
34.3379	122
34.3395	121
34.3411	121
34.3427	120
34.3444	119
34.346	119
34.3476	119
34.3492	118
34.3508	118
34.3524	118
34.354	117
34.3556	117
34.3572	117
34.3588	117
34.3604	117
34.362	116
34.3636	116
34.3652	116
34.3668	116
34.3684	116
34.37	116
34.3716	116
34.3732	116
34.3748	116
34.3764	116
34.378	116
34.3796	116
34.3812	116
34.3828	116
34.3844	116
34.386	116
34.3876	116
34.3892	116
34.3908	116
34.3924	116
34.394	116
34.4533	116
34.4549	116
34.4565	115
34.4581	115
34.4597	115
34.4613	115
34.4629	115
34.4645	115
34.4661	115
34.4677	115
34.4693	115
34.4709	115
34.4725	115
34.4741	115
34.4757	115
34.4773	115
34.4789	115
34.4805	115
34.4821	115
34.4837	115
34.4853	115
34.4869	115
34.4885	115
34.4901	115
34.4917	115
34.4934	115
34.495	115
34.4966	115
34.4982	115
34.4998	115
34.5014	115
34.503	115
34.5046	115
34.5062	115
34.5078	115
34.5094	115
34.5695	115
34.5711	115
34.5727	115
34.5743	115
34.5759	115
34.5775	116
34.5791	116
34.5807	116
34.5823	116
34.5839	116
34.5855	116
34.5871	117
34.5887	117
34.5903	117
34.5919	117
34.5935	117
34.5951	117
34.5967	117
34.5983	117
34.5999	117
34.6015	117
34.6031	117
34.6047	117
34.6063	117
34.6079	117
34.6095	117
34.6111	117
34.6127	117
34.6143	117
34.6159	117
34.6175	117
34.6191	117
34.6207	117
34.6223	117
34.6239	117
34.6255	117
34.6864	125
34.688	124
34.6896	123
34.6912	123
34.6928	122
34.6944	121
34.696	121
34.6976	121
34.6992	120
34.7008	120
34.7024	120
34.704	120
34.7056	119
34.7072	119
34.7088	119
34.7104	119
34.712	119
34.7136	119
34.7152	119
34.7168	119
34.7185	119
34.7201	119
34.7217	118
34.7233	118
34.7249	118
34.7265	118
34.7281	118
34.7297	118
34.7313	118
34.7329	118
34.7345	118
34.7361	118
34.7377	118
34.7393	118
34.7409	118
34.7425	118
34.8042	126
34.8058	125
34.8074	124
34.809	123
34.8106	123
34.8122	122
34.8138	122
34.8154	121
34.817	121
34.8186	121
34.8202	121
34.8218	120
34.8234	120
34.825	120
34.8266	120
34.8282	120
34.8298	120
34.8314	119
34.833	119
34.8346	119
34.8362	119
34.8378	119
34.8394	119
34.841	119
34.8426	119
34.8442	119
34.8458	119
34.8474	119
34.849	119
34.8506	119
34.8522	119
34.8538	119
34.8554	119
34.857	119
34.8586	119
34.8602	119
34.8618	119
34.9227	119
34.9243	119
34.9259	119
34.9275	119
34.9291	119
34.9307	118
34.9323	118
34.9339	118
34.9355	118
34.9371	118
34.9387	118
34.9403	118
34.9419	118
34.9435	118
34.9452	118
34.9468	118
34.9484	118
34.95	118
34.9516	118
34.9532	118
34.9548	118
34.9564	118
34.958	118
34.9596	118
34.9612	118
34.9628	118
34.9644	118
34.966	118
34.9676	118
34.9692	118
34.9708	118
34.9724	118
34.974	118
34.9756	118
34.9772	118
34.9788	118
34.9804	118
35.0421	118
35.0437	118
35.0453	118
35.0469	118
35.0485	118
35.0501	119
35.0517	119
35.0533	119
35.0549	119
35.0565	119
35.0581	119
35.0597	119
35.0613	119
35.0629	119
35.0645	119
35.0661	119
35.0677	120
35.0693	120
35.0709	120
35.0725	120
35.0741	120
35.0757	120
35.0773	120
35.0789	120
35.0805	120
35.0821	120
35.0837	120
35.0853	120
35.0869	120
35.0885	120
35.0901	120
35.0917	120
35.0933	120
35.095	120
35.0966	120
35.0982	120
35.0998	120
35.1622	128
35.1638	127
35.1654	126
35.167	126
35.1686	125
35.1703	125
35.1719	124
35.1735	124
35.1751	124
35.1767	123
35.1783	123
35.1799	123
35.1815	123
35.1831	122
35.1847	122
35.1863	122
35.1879	122
35.1895	122
35.1911	122
35.1927	122
35.1943	122
35.1959	122
35.1975	122
35.1991	122
35.2007	122
35.2023	122
35.2039	121
35.2055	121
35.2071	121
35.2087	121
35.2103	121
35.2119	121
35.2135	121
35.2151	121
35.2167	121
35.2183	121
35.2199	121
35.2832	129
35.2848	128
35.2864	127
35.288	127
35.2896	126
35.2912	126
35.2928	125
35.2944	125
35.296	125
35.2976	124
35.2992	124
35.3008	124
35.3024	124
35.304	123
35.3056	123
35.3072	123
35.3088	123
35.3104	123
35.312	123
35.3136	123
35.3152	123
35.3168	122
35.3184	122
35.3201	122
35.3217	122
35.3233	122
35.3249	122
35.3265	122
35.3281	122
35.3297	122
35.3313	122
35.3329	122
35.3345	122
35.3361	122
35.3377	122
35.3393	122
35.3409	122
35.3425	122
35.405	122
35.4066	122
35.4082	122
35.4098	122
35.4114	122
35.413	122
35.4146	122
35.4162	122
35.4178	121
35.4194	121
35.421	121
35.4226	121
35.4242	121
35.4258	121
35.4274	121
35.429	121
35.4306	121
35.4322	121
35.4338	121
35.4354	121
35.437	121
35.4386	121
35.4402	121
35.4418	121
35.4434	121
35.445	121
35.4466	121
35.4482	121
35.4498	121
35.4514	121
35.453	121
35.4546	121
35.4562	121
35.4578	121
35.4594	121
35.461	121
35.4626	121
35.4642	121
35.5275	121
35.5291	122
35.5307	122
35.5323	122
35.5339	122
35.5355	122
35.5371	122
35.5387	122
35.5403	122
35.5419	122
35.5435	122
35.5452	122
35.5468	122
35.5484	122
35.55	122
35.5516	122
35.5532	122
35.5548	122
35.5564	122
35.558	122
35.5596	123
35.5612	123
35.5628	123
35.5644	123
35.566	123
35.5676	123
35.5692	123
35.5708	123
35.5724	123
35.574	123
35.5756	123
35.5772	123
35.5788	123
35.5804	123
35.582	123
35.5836	123
35.5852	123
35.5868	123
35.6509	131
35.6525	130
35.6541	130
35.6557	129
35.6573	128
35.6589	128
35.6605	128
35.6621	127
35.6637	127
35.6653	127
35.6669	126
35.6685	126
35.6701	126
35.6717	126
35.6733	126
35.6749	125
35.6765	125
35.6781	125
35.6797	125
35.6813	125
35.6829	125
35.6845	125
35.6861	125
35.6877	125
35.6893	125
35.6909	125
35.6925	125
35.6941	125
35.6958	125
35.6974	125
35.699	125
35.7006	125
35.7022	125
35.7038	125
35.7054	125
35.707	124
35.7086	124
35.7102	124
35.7751	132
35.7767	132
35.7783	131
35.7799	130
35.7815	129
35.7831	129
35.7847	129
35.7863	128
35.7879	128
35.7895	127
35.7911	127
35.7927	127
35.7943	127
35.7959	127
35.7975	126
35.7991	126
35.8007	126
35.8023	126
35.8039	126
35.8055	126
35.8071	126
35.8087	126
35.8103	126
35.8119	126
35.8135	126
35.8151	126
35.8167	126
35.8183	126
35.8199	125
35.8215	125
35.8231	125
35.8247	125
35.8263	125
35.8279	125
35.8295	125
35.8311	125
35.8327	125
35.8343	125
35.8359	125
35.9	125
35.9016	125
35.9032	125
35.9048	125
35.9064	125
35.908	125
35.9096	125
35.9112	125
35.9128	125
35.9144	125
35.916	125
35.9176	125
35.9192	125
35.9209	125
35.9225	125
35.9241	125
35.9257	125
35.9273	125
35.9289	125
35.9305	125
35.9321	125
35.9337	125
35.9353	125
35.9369	125
35.9385	125
35.9401	125
35.9417	125
35.9433	125
35.9449	125
35.9465	125
35.9481	125
35.9497	125
35.9513	125
35.9529	125
35.9545	125
35.9561	125
35.9577	125
35.9593	125
35.9609	125
36.0258	125
36.0274	125
36.029	125
36.0306	125
36.0322	125
36.0338	125
36.0354	125
36.037	125
36.0386	125
36.0402	125
36.0418	125
36.0434	125
36.045	125
36.0466	125
36.0482	125
36.0498	125
36.0514	125
36.053	125
36.0546	125
36.0562	125
36.0578	125
36.0594	125
36.061	125
36.0626	125
36.0642	125
36.0658	125
36.0674	125
36.069	126
36.0707	126
36.0723	126
36.0739	126
36.0755	126
36.0771	126
36.0787	126
36.0803	126
36.0819	126
36.0835	126
36.0851	127
36.0867	127
36.1524	135
36.154	134
36.1556	133
36.1572	132
36.1588	132
36.1604	131
36.162	131
36.1636	130
36.1652	130
36.1668	130
36.1684	129
36.17	129
36.1716	129
36.1732	129
36.1748	129
36.1764	128
36.178	128
36.1796	128
36.1812	128
36.1828	128
36.1844	128
36.186	128
36.1876	128
36.1892	128
36.1908	128
36.1924	128
36.194	128
36.1956	128
36.1972	128
36.1988	128
36.2004	128
36.202	128
36.2036	128
36.2052	128
36.2068	128
36.2084	128
36.21	128
36.2116	128
36.2132	128
36.2789	136
36.2805	135
36.2821	134
36.2837	133
36.2853	132
36.2869	132
36.2885	131
36.2901	131
36.2917	130
36.2933	130
36.2949	130
36.2966	129
36.2982	129
36.2998	129
36.3014	129
36.303	129
36.3046	129
36.3062	129
36.3078	128
36.3094	128
36.311	128
36.3126	128
36.3142	128
36.3158	128
36.3174	128
36.319	128
36.3206	128
36.3222	128
36.3238	128
36.3254	128
36.327	128
36.3286	128
36.3302	128
36.3318	128
36.3334	128
36.335	128
36.3366	128
36.3382	128
36.3398	128
36.3414	128
36.4079	128
36.4095	128
36.4111	128
36.4127	128
36.4143	128
36.4159	128
36.4175	128
36.4191	128
36.4207	128
36.4223	128
36.4239	128
36.4255	128
36.4271	128
36.4287	128
36.4303	128
36.4319	128
36.4335	128
36.4351	128
36.4367	128
36.4383	128
36.4399	128
36.4415	128
36.4431	128
36.4447	128
36.4464	128
36.448	128
36.4496	128
36.4512	128
36.4528	128
36.4544	128
36.456	128
36.4576	128
36.4592	128
36.4608	128
36.4624	128
36.464	128
36.4656	128
36.4672	128
36.4688	128
36.4704	128
36.5361	128
36.5377	128
36.5393	128
36.5409	128
36.5425	128
36.5441	128
36.5457	128
36.5473	128
36.5489	128
36.5505	128
36.5521	128
36.5537	128
36.5553	128
36.5569	128
36.5585	128
36.5601	128
36.5617	128
36.5633	128
36.5649	128
36.5665	128
36.5681	128
36.5697	128
36.5713	128
36.5729	128
36.5745	128
36.5761	128
36.5777	128
36.5793	128
36.5809	128
36.5825	128
36.5841	128
36.5857	128
36.5873	128
36.5889	128
36.5905	128
36.5921	128
36.5937	128
36.5953	129
36.597	129
36.5986	129
36.665	137
36.6666	136
36.6682	135
36.6698	135
36.6715	134
36.6731	134
36.6747	133
36.6763	133
36.6779	132
36.6795	132
36.6811	132
36.6827	132
36.6843	131
36.6859	131
36.6875	131
36.6891	131
36.6907	131
36.6923	131
36.6939	131
36.6955	131
36.6971	131
36.6987	130
36.7003	130
36.7019	130
36.7035	130
36.7051	130
36.7067	130
36.7083	130
36.7099	130
36.7115	130
36.7131	130
36.7147	130
36.7163	130
36.7179	130
36.7195	130
36.7211	130
36.7227	130
36.7243	130
36.7259	130
36.7275	130
36.7948	138
36.7964	137
36.798	137
36.7996	136
36.8012	135
36.8028	135
36.8044	134
36.806	134
36.8076	133
36.8092	133
36.8108	133
36.8124	133
36.814	132
36.8156	132
36.8172	132
36.8188	132
36.8204	132
36.8221	132
36.8237	132
36.8253	132
36.8269	131
36.8285	131
36.8301	131
36.8317	131
36.8333	131
36.8349	131
36.8365	131
36.8381	131
36.8397	131
36.8413	131
36.8429	131
36.8445	131
36.8461	131
36.8477	131
36.8493	131
36.8509	131
36.8525	131
36.8541	131
36.8557	131
36.8573	131
36.8589	131
36.927	131
36.9286	131
36.9302	131
36.9318	131
36.9334	131
36.935	131
36.9366	131
36.9382	131
36.9398	131
36.9414	131
36.943	132
36.9446	132
36.9462	132
36.9478	132
36.9494	132
36.951	132
36.9526	132
36.9542	132
36.9558	132
36.9574	132
36.959	132
36.9606	132
36.9622	132
36.9638	132
36.9654	132
36.967	132
36.9686	132
36.9702	132
36.9719	132
36.9735	132
36.9751	132
36.9767	132
36.9783	132
36.9799	132
36.9815	132
36.9831	132
36.9847	132
36.9863	132
36.9879	132
36.9895	132
36.9911	132
37.0584	132
37.06	132
37.0616	131
37.0632	131
37.0648	131
37.0664	131
37.068	131
37.0696	131
37.0712	131
37.0728	131
37.0744	131
37.076	131
37.0776	131
37.0792	131
37.0808	131
37.0824	131
37.084	131
37.0856	131
37.0872	131
37.0888	131
37.0904	131
37.092	131
37.0936	131
37.0952	131
37.0968	131
37.0984	131
37.1	131
37.1016	131
37.1032	131
37.1048	131
37.1064	131
37.108	131
37.1096	131
37.1112	131
37.1128	131
37.1144	131
37.116	131
37.1176	131
37.1192	131
37.1208	131
37.1225	131
37.1905	131
37.1921	131
37.1937	132
37.1953	132
37.197	132
37.1986	132
37.2002	132
37.2018	132
37.2034	133
37.205	133
37.2066	133
37.2082	133
37.2098	133
37.2114	133
37.213	133
37.2146	133
37.2162	133
37.2178	133
37.2194	133
37.221	133
37.2226	133
37.2242	133
37.2258	133
37.2274	133
37.229	133
37.2306	133
37.2322	133
37.2338	133
37.2354	133
37.237	133
37.2386	133
37.2402	133
37.2418	133
37.2434	133
37.245	133
37.2466	133
37.2482	133
37.2498	133
37.2514	133
37.253	133
37.2546	133
37.3235	142
37.3251	141
37.3267	140
37.3283	139
37.3299	138
37.3315	138
37.3331	138
37.3347	137
37.3363	137
37.3379	136
37.3395	136
37.3411	136
37.3427	136
37.3443	135
37.3459	135
37.3476	135
37.3492	135
37.3508	135
37.3524	135
37.354	135
37.3556	135
37.3572	135
37.3588	134
37.3604	134
37.362	134
37.3636	134
37.3652	134
37.3668	134
37.3684	134
37.37	134
37.3716	134
37.3732	134
37.3748	134
37.3764	134
37.378	134
37.3796	134
37.3812	134
37.3828	134
37.3844	134
37.386	134
37.3876	134
37.4573	143
37.4589	142
37.4605	141
37.4621	140
37.4637	139
37.4653	139
37.4669	138
37.4685	138
37.4701	138
37.4717	137
37.4733	137
37.4749	137
37.4765	136
37.4781	136
37.4797	136
37.4813	136
37.4829	136
37.4845	136
37.4861	136
37.4877	135
37.4893	135
37.4909	135
37.4925	135
37.4941	135
37.4957	135
37.4974	135
37.499	135
37.5006	135
37.5022	135
37.5038	135
37.5054	135
37.507	135
37.5086	135
37.5102	135
37.5118	135
37.5134	135
37.515	135
37.5166	135
37.5182	135
37.5198	135
37.5214	135
37.523	135
37.5919	135
37.5935	135
37.5951	135
37.5967	134
37.5983	134
37.5999	134
37.6015	134
37.6031	134
37.6047	134
37.6063	134
37.6079	134
37.6095	134
37.6111	134
37.6127	134
37.6143	134
37.6159	134
37.6175	134
37.6191	134
37.6207	134
37.6223	134
37.6239	134
37.6255	134
37.6271	134
37.6287	134
37.6303	134
37.6319	134
37.6335	134
37.6351	134
37.6367	134
37.6383	134
37.6399	134
37.6415	134
37.6431	134
37.6447	134
37.6463	134
37.648	134
37.6496	134
37.6512	134
37.6528	134
37.6544	134
37.656	134
37.6576	134
37.7273	134
37.7289	134
37.7305	134
37.7321	134
37.7337	134
37.7353	135
37.7369	135
37.7385	135
37.7401	135
37.7417	135
37.7433	136
37.7449	136
37.7465	136
37.7481	136
37.7497	136
37.7513	136
37.7529	136
37.7545	136
37.7561	136
37.7577	136
37.7593	136
37.7609	136
37.7625	136
37.7641	136
37.7657	136
37.7673	136
37.7689	136
37.7705	136
37.7721	136
37.7737	136
37.7753	136
37.7769	136
37.7785	136
37.7801	136
37.7817	136
37.7833	136
37.7849	136
37.7865	136
37.7881	136
37.7897	136
37.7913	136
37.7929	136
37.8634	145
37.865	144
37.8666	143
37.8682	143
37.8698	142
37.8714	141
37.8731	141
37.8747	140
37.8763	140
37.8779	140
37.8795	139
37.8811	139
37.8827	139
37.8843	139
37.8859	138
37.8875	138
37.8891	138
37.8907	138
37.8923	138
37.8939	138
37.8955	138
37.8971	138
37.8987	138
37.9003	138
37.9019	138
37.9035	138
37.9051	138
37.9067	138
37.9083	138
37.9099	137
37.9115	137
37.9131	137
37.9147	137
37.9163	137
37.9179	137
37.9195	137
37.9211	137
37.9227	137
37.9243	137
37.9259	137
37.9275	137
37.9291	137
38.0004	146
38.002	145
38.0036	144
38.0052	143
38.0068	143
38.0084	142
38.01	142
38.0116	141
38.0132	141
38.0148	140
38.0164	140
38.018	140
38.0196	140
38.0212	140
38.0229	139
38.0245	139
38.0261	139
38.0277	139
38.0293	139
38.0309	139
38.0325	139
38.0341	139
38.0357	138
38.0373	138
38.0389	138
38.0405	138
38.0421	138
38.0437	138
38.0453	138
38.0469	138
38.0485	138
38.0501	138
38.0517	138
38.0533	138
38.0549	138
38.0565	138
38.0581	138
38.0597	138
38.0613	138
38.0629	138
38.0645	138
38.0661	138
38.0677	138
38.1382	138
38.1398	138
38.1414	138
38.143	138
38.1446	138
38.1462	138
38.1478	138
38.1494	138
38.151	138
38.1526	138
38.1542	138
38.1558	137
38.1574	137
38.159	137
38.1606	137
38.1622	137
38.1638	137
38.1654	137
38.167	137
38.1686	137
38.1702	137
38.1718	137
38.1735	137
38.1751	137
38.1767	137
38.1783	137
38.1799	137
38.1815	137
38.1831	137
38.1847	137
38.1863	137
38.1879	137
38.1895	137
38.1911	137
38.1927	137
38.1943	137
38.1959	137
38.1975	137
38.1991	137
38.2007	137
38.2023	137
38.2039	137
38.2055	137
38.2768	137
38.2784	137
38.28	137
38.2816	137
38.2832	138
38.2848	138
38.2864	138
38.288	138
38.2896	138
38.2912	138
38.2928	138
38.2944	138
38.296	138
38.2976	138
38.2992	138
38.3008	138
38.3024	138
38.304	138
38.3056	138
38.3072	139
38.3088	139
38.3104	139
38.312	139
38.3136	139
38.3152	139
38.3168	139
38.3184	139
38.32	139
38.3216	139
38.3233	139
38.3249	139
38.3265	139
38.3281	140
38.3297	140
38.3313	140
38.3329	140
38.3345	140
38.3361	140
38.3377	140
38.3393	140
38.3409	140
38.3425	140
38.3441	140
38.4162	149
38.4178	148
38.4194	147
38.421	146
38.4226	145
38.4242	145
38.4258	144
38.4274	144
38.429	143
38.4306	143
38.4322	143
38.4338	142
38.4354	142
38.437	142
38.4386	142
38.4402	142
38.4418	141
38.4434	141
38.445	141
38.4466	141
38.4482	141
38.4498	141
38.4514	141
38.453	141
38.4546	141
38.4562	141
38.4578	141
38.4594	141
38.461	141
38.4626	141
38.4642	141
38.4658	141
38.4674	141
38.469	141
38.4706	141
38.4722	141
38.4739	141
38.4755	141
38.4771	141
38.4787	141
38.4803	141
38.4819	141
38.4835	141
38.5564	149
38.558	148
38.5596	147
38.5612	147
38.5628	146
38.5644	145
38.566	145
38.5676	144
38.5692	144
38.5708	144
38.5724	143
38.574	143
38.5756	143
38.5772	143
38.5788	142
38.5804	142
38.582	142
38.5836	142
38.5852	142
38.5868	142
38.5884	142
38.59	142
38.5916	142
38.5932	142
38.5948	142
38.5964	142
38.598	142
38.5996	142
38.6012	142
38.6028	141
38.6044	141
38.606	141
38.6076	141
38.6092	141
38.6108	141
38.6124	141
38.614	141
38.6156	141
38.6172	141
38.6188	141
38.6204	141
38.622	141
38.6237	141
38.6253	141
38.6973	141
38.699	141
38.7006	141
38.7022	141
38.7038	141
38.7054	141
38.707	141
38.7086	141
38.7102	141
38.7118	141
38.7134	141
38.715	141
38.7166	141
38.7182	141
38.7198	141
38.7214	141
38.723	141
38.7246	141
38.7262	141
38.7278	141
38.7294	141
38.731	140
38.7326	140
38.7342	140
38.7358	140
38.7374	140
38.739	140
38.7406	140
38.7422	140
38.7438	140
38.7454	140
38.747	140
38.7486	140
38.7502	140
38.7518	140
38.7534	140
38.755	140
38.7566	140
38.7582	140
38.7598	140
38.7614	140
38.763	140
38.7646	140
38.7662	140
38.8391	141
38.8407	141
38.8423	141
38.8439	141
38.8455	141
38.8471	141
38.8488	141
38.8504	141
38.852	141
38.8536	141
38.8552	141
38.8568	141
38.8584	141
38.86	141
38.8616	141
38.8632	141
38.8648	141
38.8664	141
38.868	141
38.8696	141
38.8712	141
38.8728	141
38.8744	141
38.876	141
38.8776	141
38.8792	142
38.8808	142
38.8824	142
38.884	142
38.8856	142
38.8872	142
38.8888	142
38.8904	142
38.892	142
38.8936	142
38.8952	143
38.8968	143
38.8984	143
38.9	143
38.9016	143
38.9032	143
38.9048	143
38.9064	143
38.908	143
38.9775	151
38.98	150
38.983	149
38.9863	148
38.9889	148
38.9905	147
38.9921	147
38.9937	147
38.9953	146
38.9969	146
38.9985	146
39.0001	146
39.0017	146
39.0033	145
39.0049	145
39.0065	145
39.0081	145
39.0097	145
39.0113	145
39.0129	145
39.0145	145
39.0161	145
39.0177	145
39.0193	145
39.0209	145
39.0225	145
39.0241	145
39.0257	145
39.0273	145
39.0289	145
39.0305	145
39.0321	145
39.0337	145
39.0353	145
39.0369	144
39.0385	144
39.0401	144
39.0417	144
39.0433	144
39.0449	144
39.0465	144
39.0481	144
39.0497	144
39.0513	144
39.11	152
39.1134	150
39.1172	148
39.1212	147
39.1237	145
39.1269	144
39.13	144
39.1336	143
39.1366	143
39.1396	143
39.1424	144
39.144	144
39.1457	144
39.1473	144
39.1489	144
39.1505	144
39.1521	144
39.1537	144
39.1553	145
39.1569	145
39.1585	145
39.1601	145
39.1617	145
39.1633	145
39.1649	145
39.1665	145
39.1681	145
39.1697	145
39.1713	145
39.1729	145
39.1745	145
39.1761	145
39.1777	145
39.1793	145
39.1809	145
39.1825	145
39.1841	145
39.1857	145
39.1873	145
39.1889	145
39.1905	145
39.1921	145
39.1937	145
39.1953	145
39.1969	145
39.243	143
39.2467	142
39.2523	141
39.2561	140
39.258	140
39.2611	139
39.2652	139
39.2669	139
39.2696	138
39.2741	138
39.278	138
39.2797	138
39.2824	139
39.2855	139
39.2881	139
39.2905	140
39.2935	140
39.2963	141
39.2972	142
39.2988	142
39.3004	143
39.3012	143
39.3028	143
39.3037	144
39.3053	144
39.3069	144
39.3078	144
39.3094	145
39.3109	145
39.3125	145
39.3134	145
39.3149	145
39.3158	145
39.3174	145
39.3183	145
39.3197	145
39.3206	145
39.3222	145
39.3232	146
39.3246	146
39.3255	146
39.3271	146
39.328	146
39.3295	146
39.3304	146
39.332	146
39.3337	146
39.3372	147
39.3398	147
39.3417	147
39.3435	148
39.3469	149
39.3495	150
39.3515	150
39.3532	151
39.376	155
39.3786	152
39.3808	150
39.3848	148
39.3889	147
39.3912	145
39.3929	144
39.3954	143
39.3978	142
39.3995	141
39.4013	140
39.403	139
39.4069	138
39.4104	138
39.4132	138
39.415	137
39.4165	137
39.4198	136
39.4211	136
39.4234	136
39.4259	136
39.4283	136
39.4305	135
39.4328	135
39.4353	135
39.4376	136
39.4398	136
39.4413	137
39.4435	137
39.4462	138
39.4486	138
39.4501	139
39.4532	140
39.4547	141
39.4561	142
39.4571	142
39.4585	143
39.4594	143
39.4608	143
39.4619	144
39.4633	144
39.4642	144
39.4656	144
39.4668	144
39.4704	145
39.4719	145
39.4742	146
39.4765	146
39.4794	147
39.4817	148
39.484	148
39.4863	149
39.4891	150
39.4922	151
39.4945	152
39.4968	153
39.4989	153
39.502	154
39.5043	154
39.5063	154
39.5095	155
39.5112	155
39.5135	153
39.5161	151
39.5195	149
39.521	148
39.5241	146
39.5259	145
39.5276	143
39.5299	142
39.5328	141
39.5345	140
39.5362	140
39.5382	139
39.5413	138
39.5436	138
39.5471	137
39.5486	137
39.5505	136
39.5537	136
39.556	136
39.5578	135
39.5595	135
39.5629	135
39.5647	135
39.567	135
39.5692	135
39.5724	135
39.5742	135
39.5758	134
39.5781	134
39.5802	134
39.5822	134
39.585	134
39.5871	134
39.5897	134
39.5919	134
39.5953	135
39.5968	135
39.5993	136
39.6015	136
39.6035	137
39.6057	137
39.6066	138
39.6088	139
39.6108	139
39.6122	139
39.6131	140
39.6145	140
39.6164	140
39.6179	139
39.6195	139
39.621	139
39.6221	138
39.6243	138
39.6268	137
39.6282	137
39.6302	136
39.6316	136
39.6333	135
39.6355	135
39.6375	134
39.6397	134
39.6406	133
39.6428	132
39.6439	132
39.647	131
39.6478	130
39.6501	130
39.6512	129
39.6529	129
39.6543	128
39.656	127
39.6571	127
39.658	126
39.6594	125
39.6609	125
39.6617	124
39.6632	123
39.664	122
39.6652	121
39.6666	120
39.6675	119
39.6684	118
39.6698	117
39.6709	115
39.6724	114
39.674	114
39.6763	113
39.6787	112
39.6799	111
39.6816	110
39.6838	110
39.6855	109
39.6869	108
39.6894	108
39.6912	107
39.6935	107
39.6961	106
39.7	106
39.7014	106
39.7038	106
39.7056	105
39.7073	105
39.7098	105
39.7107	105
39.7129	105
39.7146	104
39.7163	104
39.7171	104
39.7186	104
39.7202	104
39.7219	104
39.7231	104
39.725	104
39.7262	104
39.7284	104
39.7303	104
39.7323	104
39.734	104
39.7357	104
39.7368	103
39.7396	103
39.7413	103
39.7438	103
39.7446	103
39.7469	103
39.748	104
39.751	104
39.7519	104
39.7541	104
39.7553	104
39.7564	104
39.7584	104
39.7595	104
39.7609	103
39.7618	103
39.7635	103
39.7649	103
39.7658	103
39.7672	103
39.7681	103
39.7693	103
39.7707	103
39.7716	103
39.7724	103
39.7739	103
39.775	104
39.7764	104
39.7776	103
39.7803	103
39.7823	103
39.7837	103
39.7851	103
39.7879	103
39.789	103
39.791	103
39.7929	103
39.7952	103
39.7973	103
39.8002	103
39.8038	103
39.8055	103
39.84	108
39.8414	111
39.8426	114
39.844	117
39.8449	119
39.8463	121
39.8475	122
39.8489	123
39.8498	124
39.8512	125
39.8523	126
39.8538	127
39.8546	127
39.8561	128
39.8572	128
39.8586	128
39.8595	128
39.8609	128
39.8621	128
39.8635	128
39.8644	128
39.8658	128
39.8669	127
39.8684	127
39.8692	127
39.8707	126
39.8718	126
39.8732	125
39.8741	125
39.8755	124
39.8767	124
39.8776	123
39.879	123
39.8799	123
39.881	122
39.8819	122
39.8833	122
39.8847	121
39.8856	121
39.887	121
39.8879	121
39.8891	120
39.8905	120
39.8914	120
39.8922	120
39.8937	120
39.8948	120
39.8962	120
39.8971	120
39.8985	120
39.8994	119
39.9006	119
39.9014	118
39.9029	118
39.9037	117
39.9052	117
39.906	117
39.9075	116
39.9086	115
39.91	115
39.9112	114
39.9126	113
39.9479	112
39.9494	111
39.9505	111
39.9519	110
39.9528	110
39.9542	110
39.9554	109
39.9568	109
39.9577	109
39.9591	109
39.9603	109
39.9617	108
39.9626	108
39.964	108
39.9651	108
39.9665	108
39.9674	108
39.9688	108
39.97	108
39.9714	108
39.9723	108
39.9737	108
39.9749	108
39.9763	108
39.9772	108
39.9786	108
39.9797	108
39.9812	108
39.982	108
39.9835	108
39.9846	108
39.9855	108
39.9869	108
39.9878	108
39.9889	107
39.9898	107
39.9912	107
39.9927	107
39.9935	107
39.995	107
39.9958	107
39.997	107
39.9984	107
39.9993	107
40.0002	107
40.0016	107
40.0027	107
40.0042	107
40.005	107
40.0065	107
40.0073	107
40.0085	107
40.0094	107
40.0108	107
40.0117	107
40.0131	107
40.014	107
40.0154	107
40.0165	107
40.018	107
40.0191	107
40.0205	107
40.0567	107
40.0581	108
40.0592	108
40.0607	108
40.0615	108
40.063	108
40.0641	108
40.0655	108
40.0664	108
40.0678	108
40.069	108
40.0704	108
40.0713	108
40.0727	108
40.0738	108
40.0753	108
40.0761	108
40.0776	108
40.0787	108
40.0801	108
40.081	108
40.0824	108
40.0836	108
40.085	108
40.0859	108
40.0873	108
40.0885	108
40.0899	108
40.0908	108
40.0922	108
40.0933	108
40.0942	108
40.0956	108
40.0965	108
40.0977	108
40.0985	108
40.1	108
40.1014	108
40.1023	108
40.1037	108
40.1046	108
40.1057	108
40.1071	108
40.108	108
40.1089	108
40.1103	108
40.1115	108
40.1129	108
40.1138	108
40.1152	108
40.1161	108
40.1172	108
40.1181	108
40.1195	108
40.1204	108
40.1218	108
40.1227	108
40.1241	108
40.1253	108
40.1267	108
40.1278	108
40.1293	108
40.1662	108
40.1676	108
40.1688	108
40.1702	109
40.1711	109
40.1725	109
40.1736	109
40.175	109
40.1759	109
40.1773	109
40.1785	109
40.1799	109
40.1808	109
40.1822	109
40.1834	109
40.1848	109
40.1857	109
40.1871	109
40.1882	109
40.1897	109
40.1905	109
40.192	109
40.1931	109
40.1945	109
40.1954	109
40.1968	109
40.198	109
40.1994	109
40.2003	109
40.2017	109
40.2029	109
40.2037	109
40.2052	109
40.206	109
40.2072	109
40.2081	109
40.2095	109
40.2109	109
40.2118	109
40.2132	109
40.2141	109
40.2152	109
40.2167	109
40.2175	109
40.2184	109
40.2198	109
40.221	109
40.2224	109
40.2233	109
40.2247	109
40.2256	109
40.2267	109
40.2276	109
40.229	109
40.2299	109
40.2313	109
40.2322	109
40.2336	109
40.2348	109
40.2362	109
40.2374	109
40.2388	109
40.2749	109
40.2763	109
40.2775	109
40.2789	109
40.2798	108
40.2812	108
40.2823	108
40.2838	108
40.2846	108
40.2861	108
40.2872	108
40.2886	108
40.2895	108
40.2909	108
40.2921	108
40.2935	108
40.2944	108
40.2958	108
40.297	108
40.2984	108
40.2993	108
40.3007	108
40.3018	108
40.3033	108
40.3041	108
40.3056	108
40.3067	108
40.3081	108
40.309	108
40.3104	108
40.3116	108
40.3125	108
40.3139	108
40.3148	108
40.3159	108
40.3168	108
40.3182	108
40.3196	108
40.3205	108
40.3219	108
40.3228	108
40.324	108
40.3254	108
40.3263	108
40.3271	108
40.3286	108
40.3297	108
40.3311	108
40.332	108
40.3334	108
40.3343	108
40.3355	108
40.3363	108
40.3378	108
40.3386	108
40.3401	108
40.3409	108
40.3424	108
40.3435	108
40.3449	108
40.3461	108
40.3475	108
40.3844	108
40.3859	108
40.387	109
40.3884	109
40.3893	109
40.3907	109
40.3919	109
40.3933	109
40.3942	109
40.3956	109
40.3967	109
40.3982	109
40.399	109
40.4005	109
40.4016	109
40.403	109
40.4039	109
40.4053	109
40.4065	109
40.4079	109
40.4088	109
40.4102	109
40.4114	109
40.4128	109
40.4137	109
40.4151	109
40.4162	109
40.4177	109
40.4185	109
40.42	109
40.4211	109
40.422	109
40.4234	109
40.4243	109
40.4254	109
40.4263	109
40.4277	109
40.4292	109
40.43	109
40.4315	109
40.4323	109
40.4335	109
40.4349	109
40.4358	109
40.4367	109
40.4381	109
40.4392	109
40.4407	109
40.4415	109
40.443	109
40.4438	109
40.445	109
40.4459	109
40.4473	109
40.4482	109
40.4496	109
40.4505	109
40.4519	109
40.453	109
40.4545	109
40.4556	109
40.457	109
40.4948	109
40.4962	109
40.4973	109
40.4987	109
40.4996	109
40.501	109
40.5022	110
40.5036	110
40.5045	110
40.5059	110
40.5071	110
40.5085	110
40.5094	110
40.5108	110
40.5119	110
40.5134	110
40.5142	110
40.5157	110
40.5168	110
40.5182	110
40.5191	110
40.5205	110
40.5217	110
40.5231	110
40.524	110
40.5254	110
40.5266	110
40.528	110
40.5289	110
40.5303	110
40.5314	110
40.5323	110
40.5337	110
40.5346	110
40.5358	110
40.5366	110
40.5381	110
40.5395	110
40.5404	110
40.5418	110
40.5427	110
40.5438	110
40.5452	110
40.5461	110
40.547	110
40.5484	110
40.5496	110
40.551	110
40.5519	110
40.5533	110
40.5542	110
40.5553	110
40.5562	110
40.5576	110
40.5585	110
40.5599	110
40.5608	110
40.5622	110
40.5634	110
40.5648	110
40.5659	110
40.5674	110
40.6059	110
40.6073	110
40.6085	110
40.6099	110
40.6108	110
40.6122	110
40.6133	110
40.6147	110
40.6156	110
40.617	110
40.6182	110
40.6196	110
40.6205	110
40.6219	110
40.6231	111
40.6245	111
40.6254	111
40.6268	111
40.6279	111
40.6294	111
40.6302	111
40.6317	111
40.6328	111
40.6342	111
40.6351	111
40.6365	111
40.6377	111
40.6391	111
40.64	111
40.6414	111
40.6426	111
40.6434	111
40.6449	111
40.6457	111
40.6469	111
40.6478	111
40.6492	111
40.6506	111
40.6515	111
40.6529	111
40.6538	111
40.6549	111
40.6564	111
40.6572	111
40.6581	111
40.6595	111
40.6607	111
40.6621	111
40.663	111
40.6644	111
40.6653	111
40.6664	111
40.6673	111
40.6687	111
40.6696	111
40.671	111
40.6719	111
40.6733	111
40.6745	111
40.6759	111
40.6771	111
40.6785	111
40.7162	111
40.7176	111
40.7188	110
40.7202	110
40.7211	110
40.7225	110
40.7237	110
40.7251	110
40.7259	110
40.7274	110
40.7285	110
40.7299	110
40.7308	110
40.7322	110
40.7334	110
40.7348	110
40.7357	110
40.7371	110
40.7383	110
40.7397	110
40.7406	110
40.742	110
40.7431	110
40.7446	110
40.7454	110
40.7469	110
40.748	110
40.7494	110
40.7503	110
40.7517	110
40.7529	110
40.7538	110
40.7552	110
40.7561	110
40.7572	110
40.7581	110
40.7595	110
40.7609	110
40.7618	110
40.7632	110
40.7641	110
40.7653	110
40.7667	110
40.7676	110
40.7684	110
40.7699	110
40.771	110
40.7724	110
40.7733	110
40.7747	110
40.7756	110
40.7768	110
40.7776	110
40.7791	110
40.7799	110
40.7814	110
40.7822	110
40.7837	110
40.7848	110
40.7862	110
40.7874	110
40.7888	110
40.8265	110
40.828	110
40.8291	110
40.8305	110
40.8314	110
40.8328	110
40.834	110
40.8354	110
40.8363	110
40.8377	110
40.8388	110
40.8403	110
40.8411	110
40.8426	110
40.8437	110
40.8451	110
40.846	110
40.8474	110
40.8486	110
40.85	110
40.8509	110
40.8523	110
40.8535	110
40.8549	110
40.8558	110
40.8572	110
40.8583	110
40.8598	110
40.8606	110
40.8621	110
40.8632	110
40.8641	110
40.8655	110
40.8664	110
40.8675	110
40.8684	110
40.8698	110
40.8713	110
40.8721	110
40.8736	110
40.8744	110
40.8756	110
40.877	110
40.8779	110
40.8788	110
40.8802	110
40.8813	110
40.8828	110
40.8836	110
40.8851	110
40.8859	110
40.8871	110
40.888	110
40.8894	110
40.8903	110
40.8917	110
40.8926	110
40.894	110
40.8951	110
40.8966	110
40.8977	110
40.8991	110
40.9377	110
40.9391	110
40.9402	110
40.9417	110
40.9425	110
40.944	110
40.9451	110
40.9465	110
40.9474	110
40.9488	110
40.95	110
40.9514	110
40.9523	110
40.9537	110
40.9548	110
40.9563	110
40.9571	110
40.9586	110
40.9597	110
40.9611	110
40.962	111
40.9634	111
40.9646	111
40.966	111
40.9669	111
40.9683	111
40.9695	111
40.9709	111
40.9718	111
40.9732	111
40.9743	111
40.9752	111
40.9766	111
40.9775	111
40.9787	111
40.9795	111
40.981	111
40.9824	111
40.9833	111
40.9847	111
40.9856	111
40.9867	111
40.9881	111
40.989	111
40.9899	111
40.9913	111
40.9925	111
40.9939	111
40.9948	111
40.9962	111
40.9971	111
40.9982	111
40.9991	111
41.0005	111
41.0014	111
41.0028	111
41.0037	111
41.0051	111
41.0063	111
41.0077	111
41.0088	111
41.0103	111
41.0496	111
41.051	111
41.0522	111
41.0536	111
41.0545	111
41.0559	111
41.057	111
41.0585	111
41.0593	111
41.0608	111
41.0619	111
41.0633	111
41.0642	111
41.0656	111
41.0668	111
41.0682	111
41.0691	111
41.0705	111
41.0716	111
41.0731	111
41.0739	111
41.0754	111
41.0765	111
41.0779	111
41.0788	111
41.0802	111
41.0814	111
41.0828	111
41.0837	111
41.0851	111
41.0863	111
41.0871	111
41.0886	111
41.0894	111
41.0906	111
41.0915	111
41.0929	111
41.0943	111
41.0952	111
41.0966	111
41.0975	111
41.0986	111
41.1001	111
41.1009	111
41.1018	111
41.1032	111
41.1044	111
41.1058	111
41.1067	111
41.1081	111
41.109	111
41.1101	111
41.111	111
41.1124	111
41.1133	111
41.1147	111
41.1156	111
41.117	111
41.1182	111
41.1196	111
41.1208	111
41.1222	111
41.1623	112
41.1637	112
41.1649	112
41.1663	112
41.1672	112
41.1686	112
41.1698	112
41.1712	112
41.1721	112
41.1735	112
41.1746	112
41.1761	112
41.1769	112
41.1784	112
41.1795	112
41.1809	112
41.1818	112
41.1832	112
41.1844	112
41.1858	112
41.1867	112
41.1881	112
41.1892	112
41.1907	112
41.1915	112
41.193	112
41.1941	112
41.1955	112
41.1964	112
41.1978	112
41.199	112
41.1999	112
41.2013	112
41.2022	112
41.2033	112
41.2042	112
41.2056	112
41.207	112
41.2079	112
41.2093	112
41.2102	112
41.2114	112
41.2128	112
41.2137	112
41.2145	112
41.216	112
41.2171	112
41.2185	112
41.2194	112
41.2208	112
41.2217	112
41.2229	112
41.2237	112
41.2252	112
41.226	112
41.2275	112
41.2283	112
41.2298	112
41.2309	112
41.2323	112
41.2335	112
41.2349	112
41.2742	112
41.2757	112
41.2768	112
41.2782	112
41.2791	112
41.2805	112
41.2817	112
41.2831	112
41.284	112
41.2854	112
41.2866	112
41.288	111
41.2889	111
41.2903	111
41.2914	111
41.2929	111
41.2937	111
41.2952	111
41.2963	111
41.2977	111
41.2986	111
41.3	111
41.3012	111
41.3026	111
41.3035	111
41.3049	111
41.306	111
41.3075	111
41.3083	111
41.3098	111
41.3109	111
41.3118	111
41.3132	111
41.3141	111
41.3152	111
41.3161	111
41.3175	111
41.319	111
41.3198	111
41.3213	111
41.3221	111
41.3233	111
41.3247	111
41.3256	111
41.3265	111
41.3279	111
41.329	111
41.3305	111
41.3313	111
41.3328	111
41.3336	111
41.3348	111
41.3357	111
41.3371	111
41.338	111
41.3394	111
41.3403	111
41.3417	111
41.3428	111
41.3443	111
41.3454	111
41.3468	111
41.387	111
41.3884	112
41.3895	112
41.391	112
41.3918	112
41.3933	112
41.3944	112
41.3958	112
41.3967	112
41.3981	112
41.3993	112
41.4007	112
41.4016	112
41.403	112
41.4042	112
41.4056	112
41.4065	112
41.4079	112
41.409	112
41.4105	112
41.4113	112
41.4128	112
41.4139	112
41.4153	112
41.4162	112
41.4176	112
41.4188	112
41.4202	112
41.4211	112
41.4225	112
41.4236	112
41.4245	112
41.4259	112
41.4268	112
41.428	112
41.4289	112
41.4303	112
41.4317	112
41.4326	112
41.434	112
41.4349	112
41.436	112
41.4374	112
41.4383	112
41.4392	112
41.4406	112
41.4418	112
41.4432	112
41.4441	112
41.4455	112
41.4464	112
41.4475	112
41.4484	112
41.4498	112
41.4507	112
41.4521	112
41.453	112
41.4544	112
41.4556	112
41.457	112
41.4581	112
41.4596	112
41.5005	112
41.5019	112
41.5031	113
41.5045	113
41.5054	113
41.5068	113
41.5079	113
41.5094	113
41.5102	113
41.5117	113
41.5128	113
41.5142	113
41.5151	113
41.5165	113
41.5177	113
41.5191	113
41.52	113
41.5214	113
41.5226	113
41.524	113
41.5249	113
41.5263	113
41.5274	113
41.5289	113
41.5297	113
41.5312	113
41.5323	113
41.5337	113
41.5346	113
41.536	113
41.5372	113
41.5381	113
41.5395	113
41.5404	113
41.5415	113
41.5424	113
41.5438	113
41.5452	113
41.5461	113
41.5475	113
41.5484	113
41.5496	113
41.551	113
41.5519	113
41.5527	113
41.5542	113
41.5553	113
41.5567	113
41.5576	113
41.559	113
41.5599	113
41.5611	113
41.5619	113
41.5634	113
41.5642	113
41.5657	113
41.5665	113
41.568	113
41.5691	113
41.5705	113
41.5717	113
41.5731	113
41.6148	113
41.6163	113
41.6174	113
41.6188	113
41.6197	113
41.6211	114
41.6223	114
41.6237	114
41.6246	114
41.626	114
41.6271	114
41.6286	114
41.6294	114
41.6309	114
41.632	114
41.6334	114
41.6343	114
41.6357	114
41.6369	114
41.6383	114
41.6392	114
41.6406	114
41.6418	114
41.6432	114
41.6441	114
41.6455	114
41.6466	114
41.6481	114
41.6489	114
41.6504	114
41.6515	114
41.6524	114
41.6538	114
41.6547	114
41.6558	114
41.6567	114
41.6581	114
41.6596	114
41.6604	114
41.6619	114
41.6627	114
41.6639	114
41.6653	114
41.6662	114
41.6671	114
41.6685	114
41.6696	114
41.6711	114
41.6719	114
41.6734	114
41.6742	114
41.6754	114
41.6763	114
41.6777	114
41.6786	114
41.68	114
41.6809	114
41.6823	114
41.6834	114
41.6849	114
41.686	114
41.6874	114
41.7284	114
41.7298	114
41.7309	113
41.7324	113
41.7332	113
41.7347	113
41.7358	113
41.7372	113
41.7381	113
41.7395	113
41.7407	113
41.7421	113
41.743	113
41.7444	113
41.7455	113
41.747	113
41.7478	113
41.7493	113
41.7504	113
41.7518	113
41.7527	113
41.7541	113
41.7553	113
41.7567	113
41.7576	113
41.759	113
41.7602	113
41.7616	113
41.7625	113
41.7639	113
41.765	113
41.7659	113
41.7673	113
41.7682	113
41.7694	113
41.7702	113
41.7717	113
41.7731	113
41.774	113
41.7754	113
41.7763	113
41.7774	113
41.7788	113
41.7797	113
41.7806	113
41.782	113
41.7832	113
41.7846	113
41.7855	113
41.7869	113
41.7878	113
41.7889	113
41.7898	113
41.7912	113
41.7921	113
41.7935	113
41.7944	113
41.7958	113
41.797	113
41.7984	113
41.7995	113
41.801	113
41.8427	113
41.8441	113
41.8453	113
41.8467	113
41.8476	113
41.849	113
41.8501	114
41.8516	114
41.8524	114
41.8539	114
41.855	114
41.8564	114
41.8573	114
41.8587	114
41.8599	114
41.8613	114
41.8622	114
41.8636	114
41.8648	114
41.8662	114
41.8671	114
41.8685	114
41.8696	114
41.871	114
41.8719	114
41.8733	114
41.8745	114
41.8759	114
41.8768	114
41.8782	114
41.8794	114
41.8802	114
41.8817	114
41.8825	114
41.8837	114
41.8846	114
41.886	114
41.8874	114
41.8883	114
41.8897	114
41.8906	114
41.8917	114
41.8932	114
41.894	114
41.8949	114
41.8963	114
41.8975	114
41.8989	114
41.8998	114
41.9012	114
41.9021	114
41.9032	114
41.9041	114
41.9055	114
41.9064	114
41.9078	114
41.9087	114
41.9101	114
41.9113	114
41.9127	114
41.9139	114
41.9153	114
41.9578	114
41.9592	114
41.9604	114
41.9618	114
41.9627	114
41.9641	114
41.9653	114
41.9667	114
41.9676	114
41.969	114
41.9701	114
41.9716	114
41.9724	114
41.9739	114
41.975	115
41.9764	115
41.9773	115
41.9787	115
41.9799	115
41.9813	115
41.9822	115
41.9836	115
41.9848	115
41.9862	115
41.9871	115
41.9885	115
41.9896	115
41.9911	115
41.9919	115
41.9934	115
41.9945	115
41.9954	115
41.9968	115
41.9977	115
41.9988	115
41.9997	115
42.0011	115
42.0026	115
42.0034	115
42.0049	115
42.0057	115
42.0069	115
42.0083	115
42.0092	115
42.0101	115
42.0115	115
42.0126	115
42.014	115
42.0149	115
42.0163	115
42.0172	115
42.0184	115
42.0193	115
42.0207	115
42.0216	115
42.023	115
42.0239	115
42.0253	115
42.0264	115
42.0278	115
42.029	115
42.0304	115
42.0738	115
42.0752	115
42.0763	115
42.0777	115
42.0786	115
42.08	115
42.0812	115
42.0826	115
42.0835	115
42.0849	115
42.0861	115
42.0875	115
42.0884	115
42.0898	115
42.0909	115
42.0924	115
42.0932	115
42.0947	115
42.0958	115
42.0972	115
42.0981	115
42.0995	115
42.1007	115
42.1021	115
42.103	115
42.1044	115
42.1056	115
42.107	115
42.1079	115
42.1093	115
42.1104	115
42.1113	115
42.1127	115
42.1136	115
42.1148	115
42.1156	115
42.1171	115
42.1185	115
42.1194	115
42.1208	115
42.1217	115
42.1228	115
42.1242	115
42.1251	115
42.126	115
42.1274	115
42.1286	115
42.13	115
42.1309	115
42.1323	115
42.1332	115
42.1343	115
42.1352	115
42.1366	115
42.1375	115
42.1389	115
42.1398	115
42.1412	115
42.1424	115
42.1438	115
42.1449	115
42.1464	115
42.1889	115
42.1903	115
42.1915	115
42.1929	115
42.1938	115
42.1952	115
42.1963	115
42.1978	115
42.1986	115
42.2001	115
42.2012	115
42.2026	115
42.2035	115
42.2049	115
42.2061	115
42.2075	115
42.2084	115
42.2098	115
42.2109	115
42.2124	115
42.2132	115
42.2147	115
42.2158	115
42.2172	115
42.2181	115
42.2195	115
42.2207	115
42.2221	115
42.223	115
42.2244	115
42.2256	115
42.2264	115
42.2279	115
42.2287	115
42.2299	115
42.2308	115
42.2322	115
42.2336	115
42.2345	115
42.2359	115
42.2368	115
42.2379	115
42.2394	115
42.2402	115
42.2411	115
42.2425	115
42.2437	115
42.2451	115
42.246	115
42.2474	115
42.2483	115
42.2494	115
42.2503	115
42.2517	115
42.2526	115
42.254	115
42.2549	115
42.2563	115
42.2575	115
42.2589	115
42.2601	115
42.2615	115
42.3048	115
42.3062	115
42.3074	115
42.3088	115
42.3097	115
42.3111	115
42.3123	115
42.3137	115
42.3146	115
42.316	115
42.3171	115
42.3186	115
42.3194	115
42.3209	115
42.322	115
42.3234	115
42.3243	115
42.3257	115
42.3269	115
42.3283	115
42.3292	115
42.3306	115
42.3318	115
42.3332	115
42.3341	115
42.3355	115
42.3366	115
42.338	115
42.3389	115
42.3403	115
42.3415	115
42.3424	115
42.3438	115
42.3447	115
42.3458	115
42.3467	115
42.3481	115
42.3495	115
42.3504	115
42.3518	115
42.3527	115
42.3539	115
42.3553	115
42.3562	115
42.3571	115
42.3585	115
42.3596	115
42.361	115
42.3619	115
42.3633	115
42.3642	115
42.3654	115
42.3663	115
42.3677	115
42.3685	115
42.37	115
42.3708	115
42.3723	115
42.3734	115
42.3748	115
42.376	115
42.3774	115
42.4216	115
42.423	115
42.4241	116
42.4255	116
42.4264	116
42.4278	116
42.429	116
42.4304	116
42.4313	116
42.4327	116
42.4339	116
42.4353	116
42.4362	116
42.4376	116
42.4387	116
42.4402	116
42.441	116
42.4425	116
42.4436	116
42.445	116
42.4459	116
42.4473	116
42.4485	116
42.4499	116
42.4508	116
42.4522	116
42.4534	116
42.4548	116
42.4557	116
42.4571	116
42.4582	116
42.4591	116
42.4605	116
42.4614	116
42.4626	116
42.4634	116
42.4649	116
42.4663	116
42.4672	116
42.4686	116
42.4695	116
42.4706	116
42.472	116
42.4729	116
42.4738	116
42.4752	116
42.4764	116
42.4778	116
42.4787	116
42.4801	116
42.481	116
42.4821	116
42.483	116
42.4844	116
42.4853	116
42.4867	116
42.4876	116
42.489	116
42.4902	116
42.4916	116
42.4927	116
42.4942	116
42.5391	117
42.5405	117
42.5417	117
42.5431	117
42.544	117
42.5454	117
42.5465	117
42.548	117
42.5488	117
42.5503	117
42.5514	117
42.5528	117
42.5537	117
42.5551	117
42.5563	117
42.5577	117
42.5586	117
42.56	117
42.5612	117
42.5626	117
42.5635	117
42.5649	117
42.566	117
42.5674	117
42.5683	117
42.5697	117
42.5709	117
42.5723	117
42.5732	117
42.5746	117
42.5758	117
42.5766	117
42.5781	117
42.5789	117
42.5801	117
42.581	117
42.5824	117
42.5838	117
42.5847	117
42.5861	117
42.587	117
42.5881	117
42.5896	117
42.5904	117
42.5913	117
42.5927	117
42.5939	117
42.5953	117
42.5962	117
42.5976	117
42.5985	117
42.5996	117
42.6005	117
42.6019	117
42.6028	117
42.6042	117
42.6051	117
42.6065	117
42.6077	117
42.6091	117
42.6103	117
42.6117	117
42.6558	117
42.6572	117
42.6584	117
42.6598	117
42.6607	117
42.6621	117
42.6633	117
42.6647	117
42.6656	117
42.667	116
42.6681	116
42.6696	116
42.6704	116
42.6719	116
42.673	116
42.6744	116
42.6753	116
42.6767	116
42.6779	116
42.6793	116
42.6802	116
42.6816	116
42.6828	116
42.6842	116
42.6851	116
42.6865	116
42.6876	116
42.6891	116
42.6899	116
42.6914	116
42.6925	116
42.6934	116
42.6948	116
42.6957	116
42.6968	116
42.6977	116
42.6991	116
42.7006	116
42.7014	116
42.7029	116
42.7037	116
42.7049	116
42.7063	116
42.7072	116
42.7081	116
42.7095	116
42.7106	116
42.712	116
42.7129	116
42.7143	116
42.7152	116
42.7164	116
42.7173	116
42.7187	116
42.7196	116
42.721	116
42.7219	116
42.7233	116
42.7244	116
42.7258	116
42.727	116
42.7284	116
42.7734	116
42.7748	116
42.7759	116
42.7774	116
42.7782	117
42.7797	117
42.7808	117
42.7822	117
42.7831	117
42.7845	117
42.7857	117
42.7871	117
42.788	117
42.7894	117
42.7905	117
42.792	117
42.7928	117
42.7943	117
42.7954	117
42.7968	117
42.7977	117
42.7991	117
42.8003	117
42.8017	117
42.8026	117
42.804	117
42.8052	117
42.8066	117
42.8075	117
42.8089	117
42.81	117
42.8109	117
42.8123	117
42.8132	117
42.8144	117
42.8152	117
42.8167	117
42.8181	117
42.819	117
42.8204	117
42.8213	117
42.8224	117
42.8238	117
42.8247	117
42.8256	117
42.827	117
42.8282	117
42.8296	117
42.8305	117
42.8319	117
42.8328	117
42.8339	117
42.8348	117
42.8362	117
42.8371	117
42.8385	117
42.8394	117
42.8408	117
42.842	117
42.8434	117
42.8445	117
42.846	117
42.8917	117
42.8931	117
42.8943	117
42.8957	117
42.8966	117
42.898	117
42.8991	118
42.9006	118
42.9014	118
42.9029	118
42.904	118
42.9054	118
42.9063	118
42.9077	118
42.9089	118
42.9103	118
42.9112	118
42.9126	118
42.9138	118
42.9152	118
42.9161	118
42.9175	118
42.9186	118
42.9201	118
42.9209	118
42.9224	118
42.9235	118
42.9249	118
42.9258	118
42.9272	118
42.9284	118
42.9292	118
42.9307	118
42.9315	118
42.9327	118
42.9336	118
42.935	118
42.9364	118
42.9373	118
42.9387	118
42.9396	118
42.9407	118
42.9422	118
42.943	118
42.9439	118
42.9453	118
42.9465	118
42.9479	118
42.9488	118
42.9502	118
42.9511	118
42.9522	118
42.9531	118
42.9545	118
42.9554	118
42.9568	118
42.9577	118
42.9591	118
42.9603	118
42.9617	118
42.9629	118
42.9643	118
43.0108	118
43.0123	118
43.0134	118
43.0148	118
43.0157	118
43.0171	118
43.0183	118
43.0197	118
43.0206	118
43.022	118
43.0231	118
43.0246	118
43.0254	118
43.0269	118
43.028	119
43.0294	119
43.0303	119
43.0317	119
43.0329	119
43.0343	119
43.0352	119
43.0366	119
43.0378	119
43.0392	119
43.0401	119
43.0415	119
43.0426	119
43.0441	119
43.0449	119
43.0464	119
43.0475	119
43.0484	119
43.0498	119
43.0507	119
43.0518	119
43.0527	119
43.0541	119
43.0556	119
43.0564	119
43.0579	119
43.0587	119
43.0599	119
43.0613	119
43.0622	119
43.0631	119
43.0645	119
43.0656	119
43.0671	119
43.0679	119
43.0694	119
43.0702	119
43.0714	119
43.0723	119
43.0737	119
43.0746	119
43.076	119
43.0769	119
43.0783	119
43.0794	119
43.0809	119
43.082	119
43.0834	119
43.1292	119
43.1306	118
43.1317	118
43.1332	118
43.134	118
43.1355	118
43.1366	118
43.138	118
43.1389	118
43.1403	118
43.1415	118
43.1429	118
43.1438	118
43.1452	118
43.1464	118
43.1478	118
43.1487	118
43.1501	118
43.1512	118
43.1527	118
43.1535	118
43.155	118
43.1561	118
43.1575	118
43.1584	118
43.1598	118
43.161	118
43.1624	118
43.1633	118
43.1647	118
43.1658	118
43.1667	118
43.1681	118
43.169	118
43.1702	118
43.171	118
43.1725	118
43.1739	118
43.1748	118
43.1762	118
43.1771	118
43.1782	118
43.1796	118
43.1805	118
43.1814	118
43.1828	118
43.184	118
43.1854	118
43.1863	118
43.1877	118
43.1886	118
43.1897	118
43.1906	118
43.192	118
43.1929	118
43.1943	118
43.1952	118
43.1966	118
43.1978	118
43.1992	118
43.2003	118
43.2018	118
43.2483	118
43.2497	118
43.2509	118
43.2523	118
43.2532	118
43.2546	118
43.2557	118
43.2572	118
43.258	118
43.2595	118
43.2606	118
43.262	119
43.2629	119
43.2643	119
43.2655	119
43.2669	119
43.2678	119
43.2692	119
43.2704	119
43.2718	119
43.2727	119
43.2741	119
43.2752	119
43.2767	119
43.2775	119
43.279	119
43.2801	119
43.2815	119
43.2824	119
43.2838	119
43.285	119
43.2859	119
43.2873	119
43.2882	119
43.2893	119
43.2902	119
43.2916	119
43.293	119
43.2939	119
43.2953	119
43.2962	119
43.2974	119
43.2988	119
43.2997	119
43.3005	119
43.302	119
43.3031	119
43.3045	119
43.3054	119
43.3068	119
43.3077	119
43.3089	119
43.3097	119
43.3112	119
43.312	119
43.3135	119
43.3143	119
43.3158	119
43.3169	119
43.3183	119
43.3195	119
43.3209	119
43.3682	119
43.3697	119
43.3708	119
43.3722	119
43.3731	119
43.3745	119
43.3757	119
43.3771	119
43.378	119
43.3794	119
43.3806	119
43.382	119
43.3829	119
43.3843	119
43.3854	119
43.3869	119
43.3877	119
43.3892	119
43.3903	119
43.3917	119
43.3926	119
43.394	119
43.3952	119
43.3966	119
43.3975	119
43.3989	119
43.4	119
43.4015	119
43.4023	119
43.4038	119
43.4049	119
43.4058	119
43.4072	119
43.4081	119
43.4092	119
43.4101	119
43.4115	119
43.413	119
43.4138	119
43.4153	119
43.4161	119
43.4173	119
43.4187	119
43.4196	119
43.4205	119
43.4219	119
43.423	119
43.4245	119
43.4253	119
43.4268	119
43.4276	119
43.4288	119
43.4297	119
43.4311	119
43.432	119
43.4334	119
43.4343	119
43.4357	119
43.4368	119
43.4383	119
43.4394	119
43.4408	119
43.489	119
43.4904	120
43.4916	120
43.493	120
43.4939	120
43.4953	120
43.4964	120
43.4978	120
43.4987	120
43.5001	120
43.5013	120
43.5027	120
43.5036	120
43.505	120
43.5062	120
43.5076	120
43.5085	120
43.5099	120
43.511	120
43.5125	120
43.5133	120
43.5148	120
43.5159	120
43.5173	120
43.5182	120
43.5196	120
43.5208	120
43.5222	120
43.5231	120
43.5245	120
43.5257	120
43.5265	120
43.528	120
43.5288	120
43.53	120
43.5309	120
43.5323	120
43.5337	120
43.5346	120
43.536	120
43.5369	120
43.538	120
43.5395	120
43.5403	120
43.5412	120
43.5426	120
43.5438	120
43.5452	120
43.5461	120
43.5475	120
43.5484	120
43.5495	120
43.5504	120
43.5518	120
43.5527	120
43.5541	120
43.555	120
43.5564	120
43.5576	120
43.559	120
43.5602	120
43.5616	120
43.6089	120
43.6103	120
43.6115	120
43.6129	120
43.6138	120
43.6152	120
43.6164	120
43.6178	120
43.6187	120
43.6201	120
43.6212	120
43.6227	120
43.6235	120
43.625	120
43.6261	120
43.6275	120
43.6284	120
43.6298	120
43.631	119
43.6324	119
43.6333	119
43.6347	119
43.6359	119
43.6373	119
43.6382	119
43.6396	119
43.6407	119
43.6421	119
43.643	119
43.6444	119
43.6456	119
43.6465	119
43.6479	119
43.6488	119
43.6499	119
43.6508	119
43.6522	119
43.6536	119
43.6545	119
43.6559	119
43.6568	119
43.658	119
43.6594	119
43.6603	119
43.6612	119
43.6626	119
43.6637	119
43.6651	119
43.666	119
43.6674	119
43.6683	119
43.6695	119
43.6703	119
43.6718	119
43.6726	119
43.6741	119
43.6749	119
43.6764	119
43.6775	119
43.6789	119
43.6801	119
43.6815	119
43.7289	119
43.7303	119
43.7314	119
43.7329	119
43.7337	119
43.7352	119
43.7363	119
43.7377	119
43.7386	119
43.74	119
43.7412	119
43.7426	119
43.7435	119
43.7449	119
43.746	119
43.7475	119
43.7483	119
43.7498	119
43.7509	119
43.7523	119
43.7532	119
43.7546	119
43.7558	119
43.7572	119
43.7581	119
43.7595	119
43.7607	119
43.7621	119
43.763	119
43.7644	119
43.7655	119
43.7664	119
43.7678	119
43.7687	119
43.7699	119
43.7707	119
43.7722	119
43.7736	119
43.7745	119
43.7759	119
43.7768	119
43.7779	119
43.7793	119
43.7802	119
43.7811	119
43.7825	119
43.7837	119
43.7851	119
43.786	119
43.7874	119
43.7883	119
43.7894	119
43.7903	119
43.7917	119
43.7926	119
43.794	119
43.7949	119
43.7963	119
43.7975	119
43.7989	119
43.8	119
43.8015	119
43.8496	120
43.851	120
43.8522	120
43.8536	120
43.8545	120
43.8559	120
43.857	120
43.8585	120
43.8593	120
43.8608	120
43.8619	120
43.8633	120
43.8642	120
43.8656	120
43.8668	120
43.8682	120
43.8691	120
43.8705	120
43.8717	120
43.8731	120
43.874	120
43.8754	120
43.8765	120
43.878	120
43.8788	120
43.8803	120
43.8814	120
43.8828	120
43.8837	120
43.8851	120
43.8863	120
43.8872	120
43.8886	120
43.8895	120
43.8906	120
43.8915	120
43.8929	120
43.8943	120
43.8952	120
43.8966	120
43.8975	120
43.8987	120
43.9001	120
43.901	120
43.9018	120
43.9033	120
43.9044	120
43.9058	120
43.9067	120
43.9081	120
43.909	120
43.9102	120
43.911	120
43.9125	120
43.9133	120
43.9148	120
43.9156	120
43.917	120
43.9182	120
43.9196	120
43.9208	120
43.9222	120
43.9711	120
43.9726	120
43.9737	120
43.9751	121
43.976	121
43.9774	121
43.9786	121
43.98	121
43.9809	121
43.9823	121
43.9835	121
43.9849	121
43.9858	121
43.9872	121
43.9883	121
43.9897	121
43.9906	121
43.992	121
43.9932	121
43.9946	121
43.9955	121
43.9969	121
43.9981	121
43.9995	121
44.0004	121
44.0018	121
44.0029	121
44.0044	121
44.0052	121
44.0067	121
44.0078	121
44.0087	121
44.0101	121
44.011	121
44.0121	121
44.013	121
44.0144	121
44.0159	121
44.0167	121
44.0182	121
44.019	121
44.0202	121
44.0216	121
44.0225	121
44.0234	121
44.0248	121
44.0259	121
44.0274	121
44.0282	121
44.0297	121
44.0305	121
44.0317	121
44.0326	121
44.034	121
44.0349	121
44.0363	121
44.0372	121
44.0386	121
44.0397	121
44.0412	121
44.0423	121
44.0437	121
44.0935	121
44.0949	121
44.0961	121
44.0975	121
44.0984	121
44.0998	121
44.1009	121
44.1023	121
44.1032	122
44.1046	122
44.1058	122
44.1072	122
44.1081	122
44.1095	122
44.1107	122
44.1121	122
44.113	122
44.1144	122
44.1155	122
44.117	122
44.1178	122
44.1193	122
44.1204	122
44.1218	122
44.1227	122
44.1241	122
44.1253	122
44.1267	122
44.1276	122
44.129	122
44.1302	122
44.131	122
44.1325	122
44.1333	122
44.1345	122
44.1354	122
44.1368	122
44.1382	122
44.1391	122
44.1405	122
44.1414	122
44.1425	122
44.144	122
44.1448	122
44.1457	122
44.1471	122
44.1483	122
44.1497	122
44.1506	122
44.152	122
44.1529	122
44.154	122
44.1549	122
44.1563	122
44.1572	122
44.1586	122
44.1595	122
44.1609	122
44.1621	122
44.1635	122
44.1647	122
44.1661	122
44.215	122
44.2164	122
44.2176	122
44.219	122
44.2199	121
44.2213	121
44.2225	121
44.2239	121
44.2248	121
44.2262	121
44.2273	121
44.2288	121
44.2296	121
44.2311	121
44.2322	121
44.2336	121
44.2345	121
44.2359	121
44.2371	121
44.2385	121
44.2394	121
44.2408	121
44.242	121
44.2434	121
44.2443	121
44.2457	121
44.2468	121
44.2482	121
44.2491	121
44.2505	121
44.2517	121
44.2526	121
44.254	121
44.2549	121
44.256	121
44.2569	121
44.2583	121
44.2597	121
44.2606	121
44.262	121
44.2629	121
44.2641	121
44.2655	121
44.2664	121
44.2673	121
44.2687	121
44.2698	121
44.2712	121
44.2721	121
44.2735	121
44.2744	121
44.2756	121
44.2764	121
44.2779	121
44.2787	121
44.2802	121
44.281	121
44.2825	121
44.2836	121
44.285	121
44.2862	121
44.2876	121
44.3374	121
44.3388	121
44.3399	121
44.3414	121
44.3422	121
44.3437	121
44.3448	121
44.3462	122
44.3471	122
44.3485	122
44.3497	122
44.3511	122
44.352	122
44.3534	122
44.3545	122
44.356	122
44.3568	122
44.3583	122
44.3594	122
44.3608	122
44.3617	122
44.3631	122
44.3643	122
44.3657	122
44.3666	122
44.368	122
44.3692	122
44.3706	122
44.3715	122
44.3729	122
44.374	122
44.3749	122
44.3763	122
44.3772	122
44.3784	122
44.3792	122
44.3807	122
44.3821	122
44.383	122
44.3844	122
44.3853	122
44.3864	122
44.3878	122
44.3887	122
44.3896	122
44.391	122
44.3922	122
44.3936	122
44.3945	122
44.3959	122
44.3968	122
44.3979	122
44.3988	122
44.4002	122
44.4011	122
44.4025	122
44.4034	122
44.4048	122
44.406	122
44.4074	122
44.4085	122
44.41	122
44.4605	122
44.4619	122
44.4631	122
44.4645	122
44.4654	122
44.4668	122
44.4679	122
44.4694	122
44.4702	122
44.4717	122
44.4728	122
44.4742	122
44.4751	123
44.4765	123
44.4777	123
44.4791	123
44.48	123
44.4814	123
44.4826	123
44.484	123
44.4849	123
44.4863	123
44.4874	123
44.4889	123
44.4897	123
44.4912	123
44.4923	123
44.4937	123
44.4946	123
44.496	123
44.4972	123
44.4981	123
44.4995	123
44.5004	123
44.5015	123
44.5024	123
44.5038	123
44.5052	123
44.5061	123
44.5075	123
44.5084	123
44.5096	123
44.511	123
44.5119	123
44.5127	123
44.5142	123
44.5153	123
44.5167	123
44.5176	123
44.519	123
44.5199	123
44.5211	123
44.5219	123
44.5234	123
44.5242	123
44.5257	123
44.5265	123
44.528	123
44.5291	123
44.5305	123
44.5317	123
44.5331	123
44.5844	123
44.5859	123
44.587	123
44.5884	123
44.5893	123
44.5907	123
44.5919	123
44.5933	123
44.5942	123
44.5956	123
44.5968	123
44.5982	123
44.5991	123
44.6005	123
44.6016	123
44.6031	123
44.6039	123
44.6054	123
44.6065	123
44.6079	123
44.6088	123
44.6102	123
44.6114	123
44.6128	123
44.6137	123
44.6151	123
44.6163	123
44.6177	123
44.6186	123
44.62	123
44.6211	123
44.622	123
44.6234	123
44.6243	123
44.6255	123
44.6263	123
44.6278	123
44.6292	123
44.6301	123
44.6315	123
44.6324	123
44.6335	123
44.6349	123
44.6358	123
44.6367	123
44.6381	123
44.6393	123
44.6407	123
44.6416	123
44.643	123
44.6438	123
44.645	123
44.6459	123
44.6473	123
44.6482	123
44.6496	123
44.6505	123
44.6519	123
44.653	123
44.6545	123
44.6556	123
44.657	123
44.7076	123
44.709	123
44.7102	123
44.7116	123
44.7125	123
44.7139	123
44.715	123
44.7165	123
44.7173	123
44.7188	123
44.7199	123
44.7213	123
44.7222	123
44.7236	123
44.7248	123
44.7262	123
44.7271	123
44.7285	123
44.7297	123
44.7311	123
44.732	123
44.7334	123
44.7345	123
44.7359	123
44.7368	123
44.7382	123
44.7394	123
44.7408	123
44.7417	123
44.7431	123
44.7443	123
44.7451	123
44.7466	123
44.7474	123
44.7486	123
44.7495	123
44.7509	123
44.7523	123
44.7532	123
44.7546	123
44.7555	123
44.7566	123
44.7581	123
44.7589	123
44.7598	123
44.7612	123
44.7624	123
44.7638	123
44.7647	123
44.7661	123
44.767	123
44.7681	123
44.769	123
44.7704	123
44.7713	123
44.7727	123
44.7736	123
44.775	123
44.7762	123
44.7776	123
44.7788	123
44.7802	123
44.8315	123
44.833	123
44.8341	123
44.8355	123
44.8364	123
44.8378	123
44.839	123
44.8404	123
44.8413	123
44.8427	123
44.8438	123
44.8453	123
44.8461	123
44.8476	123
44.8487	123
44.8501	123
44.851	123
44.8524	123
44.8536	123
44.855	123
44.8559	123
44.8573	123
44.8585	123
44.8599	123
44.8608	123
44.8622	123
44.8633	123
44.8648	123
44.8656	123
44.8671	123
44.8682	123
44.8691	123
44.8705	123
44.8714	123
44.8725	123
44.8734	123
44.8748	123
44.8763	123
44.8771	123
44.8786	123
44.8794	123
44.8806	123
44.882	123
44.8829	123
44.8838	123
44.8852	123
44.8863	123
44.8878	123
44.8886	123
44.8901	123
44.8909	123
44.8921	123
44.893	123
44.8944	123
44.8953	123
44.8967	123
44.8976	123
44.899	123
44.9001	123
44.9016	123
44.9027	123
44.9041	123
44.9563	124
44.9577	124
44.9588	124
44.9603	124
44.9611	124
44.9626	124
44.9637	124
44.9651	124
44.966	124
44.9674	124
44.9686	124
44.97	124
44.9709	124
44.9723	124
44.9735	124
44.9749	124
44.9758	124
44.9772	124
44.9783	124
44.9798	124
44.9806	124
44.9821	124
44.9832	124
44.9846	124
44.9855	124
44.9869	124
44.9881	124
44.9895	124
44.9904	124
44.9918	124
44.993	124
44.9938	124
44.9953	124
44.9961	124
44.9973	124
44.9982	124
44.9996	124
45.001	124
45.0019	124
45.0033	124
45.0042	124
45.0053	124
45.0068	124
45.0076	124
45.0085	124
45.0099	124
45.0111	124
45.0125	124
45.0134	124
45.0148	124
45.0157	124
45.0168	124
45.0177	124
45.0191	124
45.02	124
45.0214	124
45.0223	124
45.0237	124
45.0249	124
45.0263	124
45.0275	124
45.0289	124
45.0818	124
45.0832	124
45.0844	125
45.0858	125
45.0867	125
45.0881	125
45.0893	125
45.0907	125
45.0916	125
45.093	125
45.0941	125
45.0956	125
45.0964	125
45.0979	125
45.099	125
45.1004	125
45.1013	125
45.1027	125
45.1039	125
45.1053	125
45.1062	125
45.1076	125
45.1088	125
45.1102	125
45.1111	125
45.1125	125
45.1136	125
45.1151	125
45.1159	125
45.1174	125
45.1185	125
45.1194	125
45.1208	125
45.1217	125
45.1228	125
45.1237	125
45.1251	125
45.1266	125
45.1274	125
45.1289	125
45.1297	125
45.1309	125
45.1323	125
45.1332	125
45.1341	125
45.1355	125
45.1366	125
45.138	125
45.1389	125
45.1403	125
45.1412	125
45.1424	125
45.1433	125
45.1447	125
45.1456	125
45.147	125
45.1479	125
45.1493	125
45.1504	125
45.1518	125
45.153	125
45.1544	125
45.2066	125
45.208	125
45.2091	125
45.2106	125
45.2114	125
45.2129	125
45.214	125
45.2154	125
45.2163	125
45.2177	125
45.2189	124
45.2203	124
45.2212	124
45.2226	124
45.2238	124
45.2252	124
45.2261	124
45.2275	124
45.2286	124
45.2301	124
45.2309	124
45.2324	124
45.2335	124
45.2349	124
45.2358	124
45.2372	124
45.2384	124
45.2398	124
45.2407	124
45.2421	124
45.2432	124
45.2441	124
45.2455	124
45.2464	124
45.2476	124
45.2484	124
45.2499	124
45.2513	124
45.2522	124
45.2536	124
45.2545	124
45.2556	124
45.257	124
45.2579	124
45.2588	124
45.2602	124
45.2614	124
45.2628	124
45.2637	124
45.2651	124
45.266	124
45.2671	124
45.268	124
45.2694	124
45.2703	124
45.2717	124
45.2726	124
45.274	124
45.2752	124
45.2766	124
45.2777	124
45.2792	124
45.3321	125
45.3335	125
45.3347	125
45.3361	125
45.337	125
45.3384	125
45.3396	125
45.341	125
45.3419	125
45.3433	125
45.3444	125
45.3459	125
45.3467	125
45.3482	125
45.3493	125
45.3507	125
45.3516	125
45.353	125
45.3542	125
45.3556	125
45.3565	125
45.3579	125
45.359	125
45.3605	125
45.3613	125
45.3628	125
45.3639	125
45.3653	125
45.3662	125
45.3676	125
45.3688	125
45.3697	125
45.3711	125
45.372	125
45.3731	125
45.374	125
45.3754	125
45.3768	125
45.3777	125
45.3791	125
45.38	125
45.3812	125
45.3826	125
45.3835	125
45.3843	125
45.3858	125
45.3869	125
45.3883	125
45.3892	125
45.3906	125
45.3915	125
45.3927	125
45.3935	125
45.395	125
45.3958	125
45.3973	125
45.3981	125
45.3996	125
45.4007	125
45.4021	125
45.4033	125
45.4047	125
45.4585	125
45.4599	125
45.461	125
45.4625	125
45.4633	125
45.4648	125
45.4659	125
45.4673	126
45.4682	126
45.4696	126
45.4708	126
45.4722	126
45.4731	126
45.4745	126
45.4756	126
45.4771	126
45.4779	126
45.4794	126
45.4805	126
45.4819	126
45.4828	126
45.4842	126
45.4854	126
45.4868	126
45.4877	126
45.4891	126
45.4903	126
45.4917	126
45.4926	126
45.494	126
45.4951	126
45.496	126
45.4974	126
45.4983	126
45.4995	126
45.5003	126
45.5018	126
45.5032	126
45.5041	126
45.5055	126
45.5064	126
45.5075	126
45.5089	126
45.5098	126
45.5107	126
45.5121	126
45.5133	126
45.5147	126
45.5156	126
45.517	126
45.5179	126
45.519	126
45.5199	126
45.5213	126
45.5222	126
45.5236	126
45.5245	126
45.5259	126
45.5271	126
45.5285	126
45.5296	126
45.5311	126
45.5856	126
45.587	126
45.5882	126
45.5896	126
45.5905	126
45.5919	126
45.5931	126
45.5945	126
45.5954	126
45.5968	126
45.5979	126
45.5993	126
45.6002	126
45.6016	126
45.6028	126
45.6042	126
45.6051	127
45.6065	127
45.6077	127
45.6091	127
45.61	127
45.6114	127
45.6125	127
45.614	127
45.6148	127
45.6163	127
45.6174	127
45.6188	127
45.6197	127
45.6211	127
45.6223	127
45.6232	127
45.6246	127
45.6255	127
45.6266	127
45.6275	127
45.6289	127
45.6303	127
45.6312	127
45.6326	127
45.6335	127
45.6347	127
45.6361	127
45.637	127
45.6378	127
45.6393	127
45.6404	127
45.6418	127
45.6427	127
45.6441	127
45.645	127
45.6462	127
45.647	127
45.6485	127
45.6493	127
45.6508	127
45.6516	127
45.6531	127
45.6542	127
45.6556	127
45.6568	127
45.6582	127
45.712	127
45.7134	126
45.7145	126
45.7159	126
45.7168	126
45.7182	126
45.7194	126
45.7208	126
45.7217	126
45.7231	126
45.7243	126
45.7257	126
45.7266	126
45.728	126
45.7291	126
45.7306	126
45.7314	126
45.7329	126
45.734	126
45.7354	126
45.7363	126
45.7377	126
45.7389	126
45.7403	126
45.7412	126
45.7426	126
45.7438	126
45.7452	126
45.7461	126
45.7475	126
45.7486	126
45.7495	126
45.7509	126
45.7518	126
45.753	126
45.7538	126
45.7553	126
45.7567	126
45.7576	126
45.759	126
45.7599	126
45.761	126
45.7624	126
45.7633	126
45.7642	126
45.7656	126
45.7668	126
45.7682	126
45.7691	126
45.7705	126
45.7714	126
45.7725	126
45.7734	126
45.7748	126
45.7757	126
45.7771	126
45.778	126
45.7794	126
45.7806	126
45.782	126
45.7831	126
45.7846	126
45.8391	126
45.8405	126
45.8417	126
45.8431	126
45.844	126
45.8454	126
45.8465	126
45.848	126
45.8488	126
45.8503	126
45.8514	126
45.8528	126
45.8537	126
45.8551	127
45.8563	127
45.8577	127
45.8586	127
45.86	127
45.8612	127
45.8626	127
45.8635	127
45.8649	127
45.866	127
45.8675	127
45.8683	127
45.8698	127
45.8709	127
45.8723	127
45.8732	127
45.8746	127
45.8758	127
45.8767	127
45.8781	127
45.879	127
45.8801	127
45.881	127
45.8824	127
45.8838	127
45.8847	127
45.8861	127
45.887	127
45.8882	127
45.8896	127
45.8905	127
45.8913	127
45.8928	127
45.8939	127
45.8953	127
45.8962	127
45.8976	127
45.8985	127
45.8997	127
45.9005	127
45.902	127
45.9028	127
45.9043	127
45.9051	127
45.9066	127
45.9077	127
45.9091	127
45.9103	127
45.9117	127
45.967	127
45.9685	127
45.9696	127
45.971	127
45.9719	127
45.9733	127
45.9745	127
45.9759	127
45.9768	127
45.9782	127
45.9794	127
45.9808	127
45.9817	127
45.9831	127
45.9842	127
45.9857	127
45.9865	127
45.988	127
45.9891	127
45.9905	127
45.9914	127
45.9928	127
45.994	127
45.9954	127
45.9963	127
45.9977	127
45.9989	127
46.0003	127
46.0012	127
46.0026	127
46.0037	127
46.0046	127
46.006	127
46.0069	127
46.0081	127
46.0089	127
46.0104	127
46.0118	127
46.0127	127
46.0141	127
46.015	127
46.0161	127
46.0175	127
46.0184	127
46.0193	127
46.0207	127
46.0219	127
46.0233	127
46.0242	127
46.0256	127
46.0265	127
46.0276	127
46.0285	127
46.0299	127
46.0308	127
46.0322	127
46.0331	127
46.0345	127
46.0357	127
46.0371	127
46.0382	127
46.0396	127
46.0958	127
46.0972	128
46.0984	128
46.0998	128
46.1007	128
46.1021	128
46.1032	128
46.1047	128
46.1055	128
46.107	128
46.1081	128
46.1095	128
46.1104	128
46.1118	128
46.113	128
46.1144	128
46.1153	128
46.1167	128
46.1179	128
46.1193	128
46.1202	128
46.1216	128
46.1227	128
46.1242	128
46.125	128
46.1265	128
46.1276	128
46.129	128
46.1299	128
46.1313	128
46.1325	128
46.1334	128
46.1348	128
46.1357	128
46.1368	128
46.1377	128
46.1391	128
46.1405	128
46.1414	128
46.1428	128
46.1437	128
46.1449	128
46.1463	128
46.1472	128
46.148	128
46.1495	128
46.1506	128
46.152	128
46.1529	128
46.1543	128
46.1552	128
46.1564	128
46.1572	128
46.1587	128
46.1595	128
46.161	128
46.1618	128
46.1633	128
46.1644	128
46.1658	128
46.167	128
46.1684	128
46.2237	128
46.2252	128
46.2263	128
46.2277	128
46.2286	128
46.23	128
46.2312	128
46.2326	128
46.2335	128
46.2349	128
46.2361	128
46.2375	128
46.2384	128
46.2398	128
46.2409	128
46.2424	128
46.2432	128
46.2447	128
46.2458	128
46.2472	128
46.2481	128
46.2495	128
46.2507	128
46.2521	128
46.253	127
46.2544	127
46.2556	127
46.257	127
46.2579	127
46.2593	127
46.2604	127
46.2613	127
46.2627	127
46.2636	127
46.2648	127
46.2656	127
46.2671	127
46.2685	127
46.2694	127
46.2708	127
46.2717	127
46.2728	127
46.2742	127
46.2751	127
46.276	127
46.2774	127
46.2786	127
46.28	127
46.2809	127
46.2823	127
46.2832	127
46.2843	127
46.2852	127
46.2866	127
46.2875	127
46.2889	127
46.2898	127
46.2912	127
46.2924	127
46.2938	127
46.2949	127
46.2963	127
46.3525	128
46.3539	128
46.3551	128
46.3565	128
46.3574	128
46.3588	128
46.3599	128
46.3614	128
46.3622	128
46.3637	128
46.3648	128
46.3662	128
46.3671	128
46.3685	128
46.3697	128
46.3711	128
46.372	128
46.3734	128
46.3746	128
46.376	128
46.3769	128
46.3783	128
46.3794	128
46.3809	128
46.3817	128
46.3832	128
46.3843	128
46.3857	128
46.3866	128
46.388	128
46.3892	128
46.3901	128
46.3915	128
46.3924	128
46.3935	128
46.3944	128
46.3958	128
46.3972	128
46.3981	128
46.3995	128
46.4004	128
46.4016	128
46.403	128
46.4039	128
46.4047	128
46.4062	128
46.4073	128
46.4087	128
46.4096	128
46.411	128
46.4119	128
46.4131	128
46.4139	128
46.4154	128
46.4162	128
46.4177	128
46.4185	128
46.42	128
46.4211	128
46.4225	128
46.4237	128
46.4251	128
46.482	128
46.4835	129
46.4846	129
46.486	129
46.4869	129
46.4883	129
46.4895	129
46.4909	129
46.4918	129
46.4932	129
46.4944	129
46.4958	129
46.4967	129
46.4981	129
46.4992	129
46.5007	129
46.5015	129
46.503	129
46.5041	129
46.5055	129
46.5064	129
46.5078	129
46.509	129
46.5104	129
46.5113	129
46.5127	129
46.5139	129
46.5153	129
46.5162	129
46.5176	129
46.5187	129
46.5196	129
46.521	129
46.5219	129
46.5231	129
46.5239	129
46.5254	129
46.5268	129
46.5277	129
46.5291	129
46.53	129
46.5311	129
46.5325	129
46.5334	129
46.5343	129
46.5357	129
46.5369	129
46.5383	129
46.5392	129
46.5406	129
46.5415	129
46.5426	129
46.5435	129
46.5449	129
46.5458	129
46.5472	129
46.5481	129
46.5495	129
46.5507	129
46.5521	129
46.5532	129
46.5546	129
46.6116	129
46.613	129
46.6142	129
46.6156	129
46.6165	129
46.6179	129
46.619	129
46.6205	129
46.6213	129
46.6228	129
46.6239	129
46.6253	129
46.6262	129
46.6276	129
46.6288	129
46.6302	129
46.6311	129
46.6325	129
46.6337	129
46.6351	129
46.636	129
46.6374	129
46.6385	129
46.64	129
46.6408	129
46.6423	129
46.6434	129
46.6448	129
46.6457	129
46.6471	129
46.6483	129
46.6492	129
46.6506	129
46.6515	129
46.6526	129
46.6535	129
46.6549	129
46.6563	129
46.6572	129
46.6586	129
46.6595	129
46.6607	129
46.6621	129
46.663	129
46.6638	129
46.6653	129
46.6664	129
46.6678	129
46.6687	129
46.6701	129
46.671	129
46.6722	129
46.673	129
46.6745	129
46.6753	129
46.6768	129
46.6776	129
46.6791	129
46.6802	129
46.6816	129
46.6828	129
46.6842	129
46.742	129
46.7434	129
46.7445	129
46.7459	129
46.7468	129
46.7482	129
46.7494	129
46.7508	129
46.7517	129
46.7531	130
46.7543	130
46.7557	130
46.7566	130
46.758	130
46.7591	130
46.7606	130
46.7614	130
46.7629	130
46.764	130
46.7654	130
46.7663	130
46.7677	130
46.7689	130
46.7703	130
46.7712	130
46.7726	130
46.7738	130
46.7752	130
46.7761	130
46.7775	130
46.7786	130
46.7795	130
46.7809	130
46.7818	130
46.783	130
46.7838	130
46.7853	130
46.7867	130
46.7876	130
46.789	130
46.7899	130
46.791	130
46.7924	130
46.7933	130
46.7942	130
46.7956	130
46.7968	130
46.7982	130
46.7991	130
46.8005	130
46.8014	130
46.8025	130
46.8034	130
46.8048	130
46.8057	130
46.8071	130
46.808	130
46.8094	130
46.8106	130
46.812	130
46.8131	130
46.8146	130
46.8715	130
46.8729	130
46.8741	130
46.8755	130
46.8764	130
46.8778	129
46.8789	129
46.8804	129
46.8812	129
46.8827	129
46.8838	129
46.8852	129
46.8861	129
46.8875	129
46.8887	129
46.8901	129
46.891	129
46.8924	129
46.8936	129
46.895	129
46.8959	129
46.8973	129
46.8984	129
46.8999	129
46.9007	129
46.9022	129
46.9033	129
46.9047	129
46.9056	129
46.907	129
46.9082	129
46.9091	129
46.9105	129
46.9114	129
46.9125	129
46.9134	129
46.9148	129
46.9162	129
46.9171	129
46.9185	129
46.9194	129
46.9206	129
46.922	129
46.9229	129
46.9237	129
46.9252	129
46.9263	129
46.9277	129
46.9286	129
46.93	129
46.9309	129
46.9321	129
46.9329	129
46.9344	129
46.9352	129
46.9367	129
46.9375	129
46.939	129
46.9401	129
46.9415	129
46.9427	129
46.9441	129
47.0019	129
47.0033	129
47.0044	129
47.0059	129
47.0067	129
47.0082	130
47.0093	130
47.0107	130
47.0116	130
47.013	130
47.0142	130
47.0156	130
47.0165	130
47.0179	130
47.019	130
47.0205	130
47.0213	130
47.0228	130
47.0239	130
47.0253	130
47.0262	130
47.0276	130
47.0288	130
47.0302	130
47.0311	130
47.0325	130
47.0337	130
47.0351	130
47.036	130
47.0374	130
47.0385	130
47.0394	130
47.0408	130
47.0417	130
47.0429	130
47.0437	130
47.0452	130
47.0466	130
47.0475	130
47.0489	130
47.0498	130
47.0509	130
47.0523	130
47.0532	130
47.0541	130
47.0555	130
47.0567	130
47.0581	130
47.059	130
47.0604	130
47.0613	130
47.0624	130
47.0633	130
47.0647	130
47.0656	130
47.067	130
47.0679	130
47.0693	130
47.0705	130
47.0719	130
47.073	130
47.0745	130
47.133	130
47.1344	130
47.1356	130
47.137	130
47.1379	130
47.1393	130
47.1405	130
47.1419	130
47.1428	130
47.1442	130
47.1453	130
47.1467	130
47.1476	130
47.149	131
47.1502	131
47.1516	131
47.1525	131
47.1539	131
47.1551	131
47.1565	131
47.1574	131
47.1588	131
47.1599	131
47.1614	131
47.1622	131
47.1637	131
47.1648	131
47.1662	131
47.1671	131
47.1685	131
47.1697	131
47.1706	131
47.172	131
47.1729	131
47.174	131
47.1749	131
47.1763	131
47.1777	131
47.1786	131
47.18	131
47.1809	131
47.1821	131
47.1835	131
47.1844	131
47.1852	131
47.1867	131
47.1878	131
47.1892	131
47.1901	131
47.1915	131
47.1924	131
47.1936	131
47.1944	131
47.1959	131
47.1967	131
47.1982	131
47.199	131
47.2005	131
47.2016	131
47.203	131
47.2042	131
47.2056	131
47.265	131
47.2664	131
47.2675	131
47.269	131
47.2698	131
47.2713	131
47.2724	131
47.2738	131
47.2747	131
47.2761	131
47.2773	131
47.2787	131
47.2796	131
47.281	131
47.2822	131
47.2836	131
47.2845	131
47.2859	131
47.287	131
47.2884	131
47.2893	131
47.2907	131
47.2919	131
47.2933	131
47.2942	131
47.2956	131
47.2968	131
47.2982	131
47.2991	131
47.3005	131
47.3016	131
47.3025	131
47.3039	131
47.3048	131
47.306	131
47.3068	131
47.3083	131
47.3097	131
47.3106	131
47.312	131
47.3129	131
47.314	131
47.3154	131
47.3163	131
47.3172	131
47.3186	131
47.3198	131
47.3212	131
47.3221	131
47.3235	131
47.3244	131
47.3255	131
47.3264	131
47.3278	131
47.3287	131
47.3301	131
47.331	131
47.3324	131
47.3336	131
47.335	131
47.3361	131
47.3376	131
47.3961	131
47.3975	131
47.3987	131
47.4001	131
47.401	131
47.4024	131
47.4036	131
47.405	131
47.4059	131
47.4073	131
47.4084	131
47.4099	131
47.4107	131
47.4122	131
47.4133	131
47.4147	131
47.4156	131
47.417	131
47.4182	131
47.4196	131
47.4205	131
47.4219	131
47.4231	131
47.4245	131
47.4254	131
47.4268	131
47.4279	131
47.4293	131
47.4302	131
47.4316	131
47.4328	131
47.4337	131
47.4351	131
47.436	131
47.4371	131
47.438	131
47.4394	131
47.4408	131
47.4417	131
47.4431	131
47.444	131
47.4452	131
47.4466	131
47.4475	131
47.4483	131
47.4498	131
47.4509	131
47.4523	131
47.4532	131
47.4546	131
47.4555	131
47.4567	131
47.4575	131
47.459	131
47.4598	131
47.4613	131
47.4621	131
47.4636	131
47.4647	131
47.4661	131
47.4673	131
47.4687	131
47.5281	131
47.5295	131
47.5306	131
47.5321	131
47.5329	131
47.5344	131
47.5355	131
47.5369	131
47.5378	131
47.5392	131
47.5404	131
47.5418	131
47.5427	131
47.5441	131
47.5453	131
47.5467	131
47.5476	131
47.549	131
47.5501	131
47.5516	131
47.5524	131
47.5539	131
47.555	131
47.5564	131
47.5573	131
47.5587	131
47.5599	131
47.5613	131
47.5622	131
47.5636	131
47.5648	131
47.5656	131
47.567	131
47.5679	131
47.5691	131
47.57	131
47.5714	131
47.5728	131
47.5737	131
47.5751	131
47.576	131
47.5771	131
47.5785	131
47.5794	131
47.5803	131
47.5817	131
47.5829	131
47.5843	131
47.5852	131
47.5866	131
47.5875	131
47.5886	131
47.5895	131
47.5909	131
47.5918	131
47.5932	131
47.5941	131
47.5955	131
47.5967	131
47.5981	131
47.5992	131
47.6007	131
47.6608	131
47.6622	132
47.6634	132
47.6648	132
47.6657	132
47.6671	132
47.6683	132
47.6697	132
47.6706	132
47.672	132
47.6731	132
47.6746	132
47.6754	132
47.6769	132
47.678	132
47.6794	132
47.6803	132
47.6817	132
47.6829	132
47.6843	132
47.6852	132
47.6866	132
47.6878	132
47.6892	132
47.6901	132
47.6915	132
47.6926	132
47.6941	132
47.6949	132
47.6964	132
47.6975	132
47.6984	132
47.6998	132
47.7007	132
47.7018	132
47.7027	132
47.7041	132
47.7056	132
47.7064	132
47.7079	132
47.7087	132
47.7099	132
47.7113	132
47.7122	132
47.7131	132
47.7145	132
47.7156	132
47.7171	132
47.7179	132
47.7194	132
47.7202	132
47.7214	132
47.7223	132
47.7237	132
47.7246	132
47.726	132
47.7269	132
47.7283	132
47.7294	132
47.7309	132
47.732	132
47.7334	132
47.7944	132
47.7958	132
47.797	132
47.7984	133
47.7993	133
47.8007	133
47.8018	133
47.8032	133
47.8041	133
47.8055	133
47.8067	133
47.8081	133
47.809	133
47.8104	133
47.8116	133
47.813	133
47.8139	133
47.8153	133
47.8164	133
47.8179	133
47.8187	133
47.8202	133
47.8213	133
47.8227	133
47.8236	133
47.825	133
47.8262	133
47.8276	133
47.8285	133
47.8299	133
47.8311	133
47.8319	133
47.8334	133
47.8342	133
47.8354	133
47.8363	133
47.8377	133
47.8391	133
47.84	133
47.8414	133
47.8423	133
47.8434	133
47.8449	133
47.8457	133
47.8466	133
47.848	133
47.8492	133
47.8506	133
47.8515	133
47.8529	133
47.8538	133
47.8549	133
47.8558	133
47.8572	133
47.8581	133
47.8595	133
47.8604	133
47.8618	133
47.863	133
47.8644	133
47.8656	133
47.867	133
47.9271	133
47.9286	133
47.9297	133
47.9311	133
47.932	133
47.9334	133
47.9346	133
47.936	133
47.9369	132
47.9383	132
47.9395	132
47.9409	132
47.9418	132
47.9432	132
47.9443	132
47.9457	132
47.9466	132
47.948	132
47.9492	132
47.9506	132
47.9515	132
47.9529	132
47.9541	132
47.9555	132
47.9564	132
47.9578	132
47.9589	132
47.9604	132
47.9612	132
47.9627	132
47.9638	132
47.9647	132
47.9661	132
47.967	132
47.9681	132
47.969	132
47.9704	132
47.9719	132
47.9727	132
47.9742	132
47.975	132
47.9762	132
47.9776	132
47.9785	132
47.9794	132
47.9808	132
47.9819	132
47.9834	132
47.9842	132
47.9857	132
47.9865	132
47.9877	132
47.9886	132
47.99	132
47.9909	132
47.9923	132
47.9932	132
47.9946	132
47.9957	132
47.9972	132
47.9983	132
47.9997	132
48.0607	132
48.0621	133
48.0633	133
48.0647	133
48.0656	133
48.067	133
48.0681	133
48.0696	133
48.0704	133
48.0719	133
48.073	133
48.0744	133
48.0753	133
48.0767	133
48.0779	133
48.0793	133
48.0802	133
48.0816	133
48.0828	133
48.0842	133
48.0851	133
48.0865	133
48.0876	133
48.0891	133
48.0899	133
48.0914	133
48.0925	133
48.0939	133
48.0948	133
48.0962	133
48.0974	133
48.0983	133
48.0997	133
48.1005	133
48.1017	133
48.1026	133
48.104	133
48.1054	133
48.1063	133
48.1077	133
48.1086	133
48.1097	133
48.1112	133
48.112	133
48.1129	133
48.1143	133
48.1155	133
48.1169	133
48.1178	133
48.1192	133
48.1201	133
48.1212	133
48.1221	133
48.1235	133
48.1244	133
48.1258	133
48.1267	133
48.1281	133
48.1293	133
48.1307	133
48.1319	133
48.1333	133
48.1951	133
48.1965	133
48.1976	133
48.199	133
48.1999	133
48.2013	134
48.2025	134
48.2039	134
48.2048	134
48.2062	134
48.2074	134
48.2088	134
48.2097	134
48.2111	134
48.2122	134
48.2137	134
48.2145	134
48.216	134
48.2171	134
48.2185	134
48.2194	134
48.2208	134
48.222	134
48.2234	134
48.2243	134
48.2257	134
48.2269	134
48.2283	134
48.2292	134
48.2306	134
48.2317	134
48.2326	134
48.234	134
48.2349	134
48.2361	134
48.2369	134
48.2384	134
48.2398	134
48.2407	134
48.2421	134
48.243	134
48.2441	134
48.2455	134
48.2464	134
48.2473	134
48.2487	134
48.2499	134
48.2513	134
48.2522	134
48.2536	134
48.2545	134
48.2556	134
48.2565	134
48.2579	134
48.2588	134
48.2602	134
48.2611	134
48.2625	134
48.2637	134
48.2651	134
48.2662	134
48.2693	134
48.3302	134
48.3316	134
48.3328	134
48.3342	134
48.3351	134
48.3365	134
48.3377	134
48.3391	135
48.34	135
48.3414	135
48.3425	135
48.3439	135
48.3448	135
48.3462	135
48.3474	135
48.3488	135
48.3497	135
48.3511	135
48.3523	135
48.3537	135
48.3546	135
48.356	135
48.3571	135
48.3586	135
48.3594	135
48.3609	135
48.362	135
48.3634	135
48.3643	135
48.3657	135
48.3669	135
48.3678	135
48.3692	135
48.3701	135
48.3712	135
48.3721	135
48.3735	135
48.3749	135
48.3758	135
48.3772	135
48.3781	135
48.3793	135
48.3807	135
48.3816	135
48.3824	135
48.3839	135
48.385	135
48.3864	135
48.3873	135
48.3887	135
48.3896	135
48.3908	135
48.3916	135
48.3931	135
48.3939	135
48.3954	135
48.3962	135
48.3977	135
48.3988	135
48.4002	135
48.403	135
48.4052	135
48.4646	135
48.466	135
48.4671	135
48.4686	134
48.4694	134
48.4709	134
48.472	134
48.4734	134
48.4743	134
48.4757	134
48.4769	134
48.4783	134
48.4792	134
48.4806	134
48.4818	134
48.4832	134
48.4841	134
48.4855	134
48.4866	134
48.4881	134
48.4889	134
48.4904	134
48.4915	134
48.4929	134
48.4938	134
48.4952	134
48.4964	134
48.4978	134
48.4987	134
48.5001	134
48.5012	134
48.5021	134
48.5035	134
48.5044	134
48.5056	134
48.5064	134
48.5079	134
48.5093	134
48.5102	134
48.5116	134
48.5125	134
48.5136	134
48.515	134
48.5159	134
48.5168	134
48.5182	134
48.5194	134
48.5208	134
48.5217	134
48.5231	134
48.524	134
48.5251	134
48.526	134
48.5274	134
48.5283	134
48.5297	134
48.5306	134
48.532	134
48.5332	134
48.5362	134
48.5389	134
48.5412	134
48.5997	134
48.6011	135
48.6023	135
48.6037	135
48.6046	135
48.606	135
48.6072	135
48.6086	135
48.6095	135
48.6109	135
48.612	135
48.6135	135
48.6143	135
48.6158	135
48.6169	135
48.6183	135
48.6192	135
48.6206	135
48.6218	135
48.6232	135
48.6241	135
48.6255	135
48.6267	135
48.6281	135
48.629	135
48.6304	135
48.6315	135
48.633	135
48.6338	135
48.6353	135
48.6364	135
48.6373	135
48.6387	135
48.6396	135
48.6407	135
48.6416	135
48.643	135
48.6445	135
48.6453	135
48.6468	135
48.6476	135
48.6488	135
48.6502	135
48.6511	135
48.652	135
48.6534	135
48.6545	135
48.656	135
48.6568	135
48.6583	135
48.6591	135
48.6603	135
48.6612	135
48.6626	135
48.6635	135
48.6649	135
48.6658	135
48.6688	135
48.6699	135
48.673	135
48.6757	135
48.6779	135
48.7357	135
48.7371	135
48.7383	135
48.7397	135
48.7406	135
48.742	135
48.7431	135
48.7446	135
48.7454	135
48.7469	135
48.748	135
48.7494	135
48.7503	135
48.7517	135
48.7529	135
48.7543	135
48.7552	135
48.7566	135
48.7577	135
48.7592	135
48.76	135
48.7615	135
48.7626	135
48.764	135
48.7649	135
48.7663	135
48.7675	135
48.7689	135
48.7698	135
48.7712	135
48.7724	135
48.7732	135
48.7747	135
48.7755	135
48.7767	135
48.7776	135
48.779	135
48.7804	135
48.7813	135
48.7827	135
48.7836	135
48.7847	135
48.7862	135
48.787	135
48.7879	135
48.7893	135
48.7905	135
48.7919	135
48.7928	135
48.7942	135
48.7951	135
48.7962	135
48.7971	135
48.7985	135
48.7994	135
48.8024	136
48.8033	136
48.8063	136
48.8075	136
48.8105	136
48.8117	136
48.8147	136
48.8724	136
48.8739	136
48.875	136
48.8764	136
48.8773	136
48.8787	136
48.8799	136
48.8813	136
48.8822	136
48.8836	136
48.8848	136
48.8862	136
48.8871	136
48.8885	136
48.8896	136
48.8911	136
48.8919	136
48.8934	136
48.8945	136
48.8959	136
48.8968	136
48.8982	136
48.8994	136
48.9008	136
48.9017	136
48.9031	136
48.9043	136
48.9057	136
48.9066	136
48.908	136
48.9091	136
48.91	136
48.9114	136
48.9123	136
48.9135	136
48.9143	136
48.9158	136
48.9172	136
48.9181	136
48.9195	136
48.9204	136
48.9215	136
48.9229	136
48.9238	136
48.9247	136
48.9261	136
48.9272	136
48.9287	136
48.9295	136
48.931	136
48.9318	136
48.933	136
48.9355	136
48.9369	136
48.9394	137
48.9408	137
48.9417	137
48.9447	137
48.9459	137
48.9473	137
48.95	137
48.9531	137
49.0084	137
49.0098	137
49.011	137
49.0124	136
49.0133	136
49.0147	136
49.0158	136
49.0173	136
49.0181	136
49.0196	136
49.0207	136
49.0221	136
49.023	136
49.0244	136
49.0256	136
49.027	136
49.0279	136
49.0293	136
49.0305	136
49.0319	136
49.0328	136
49.0342	136
49.0353	136
49.0368	136
49.0376	136
49.0391	136
49.0402	136
49.0416	136
49.0425	136
49.0439	136
49.0451	136
49.046	135
49.0474	135
49.0483	135
49.0494	135
49.0503	135
49.0517	135
49.0531	135
49.054	135
49.0554	135
49.0563	135
49.0575	135
49.0589	135
49.0598	135
49.0606	135
49.0621	135
49.0632	135
49.0646	135
49.0655	135
49.0677	136
49.0694	136
49.0722	136
49.073	136
49.0745	137
49.0753	136
49.0784	137
49.0792	137
49.0807	137
49.0834	137
49.0856	137
49.0876	137
49.0906	137
49.1452	137
49.1466	137
49.1477	137
49.1492	137
49.15	137
49.1515	137
49.1526	137
49.154	137
49.1549	136
49.1563	136
49.1575	136
49.1589	136
49.1598	136
49.1612	136
49.1624	136
49.1638	136
49.1647	136
49.1661	136
49.1672	136
49.1687	136
49.1695	136
49.171	136
49.1721	136
49.1735	136
49.1744	136
49.1758	136
49.177	136
49.1784	136
49.1793	136
49.1807	136
49.1818	136
49.1827	136
49.1841	136
49.185	136
49.1862	136
49.187	136
49.1885	136
49.1899	136
49.1908	136
49.1922	136
49.1931	136
49.1942	136
49.1956	136
49.1965	136
49.1974	136
49.1988	136
49.2016	136
49.203	137
49.2055	137
49.2069	137
49.2078	137
49.2097	137
49.2114	137
49.2128	137
49.2137	137
49.2159	137
49.2176	137
49.2206	137
49.2218	137
49.2232	137
49.226	137
49.229	137
49.2827	137
49.2841	137
49.2853	137
49.2867	137
49.2876	137
49.289	137
49.2902	137
49.2916	137
49.2925	137
49.2939	137
49.295	137
49.2965	137
49.2973	137
49.2988	137
49.2999	137
49.3013	137
49.3022	137
49.3036	137
49.3048	137
49.3062	137
49.3071	137
49.3085	137
49.3097	137
49.3111	137
49.312	137
49.3134	137
49.3145	137
49.316	137
49.3168	137
49.3183	137
49.3194	137
49.3203	137
49.3217	137
49.3226	137
49.3237	137
49.3246	137
49.326	137
49.3275	137
49.3283	137
49.3298	137
49.3306	137
49.3318	137
49.3332	137
49.3357	137
49.3366	137
49.338	137
49.3407	138
49.3422	138
49.343	138
49.3461	138
49.3469	138
49.3481	138
49.349	138
49.352	138
49.3529	138
49.3559	138
49.3568	138
49.3582	138
49.3609	138
49.3624	138
49.3651	138
49.3673	138
49.4211	138
49.4225	138
49.4237	138
49.4251	138
49.426	138
49.4274	138
49.4285	138
49.43	138
49.4308	138
49.4323	138
49.4334	138
49.4348	138
49.4357	138
49.4371	138
49.4383	138
49.4397	138
49.4406	138
49.442	138
49.4432	138
49.4446	138
49.4455	138
49.4469	138
49.448	138
49.4494	138
49.4503	138
49.4517	138
49.4529	138
49.4543	138
49.4552	138
49.4566	138
49.4578	138
49.4586	138
49.4601	138
49.4609	138
49.4621	138
49.463	138
49.4644	138
49.4658	138
49.4667	138
49.4681	138
49.4706	138
49.4717	138
49.4748	139
49.4756	139
49.4765	139
49.4796	139
49.4807	139
49.4821	139
49.483	139
49.4844	139
49.4869	139
49.4881	139
49.4905	139
49.492	139
49.4928	139
49.4943	139
49.4967	139
49.4982	139
49.5009	139
49.5023	139
49.5051	139
49.5073	139
49.5587	139
49.5601	139
49.5612	139
49.5626	138
49.5635	138
49.5649	138
49.5661	138
49.5675	138
49.5684	138
49.5698	138
49.571	138
49.5724	138
49.5733	138
49.5747	137
49.5758	137
49.5773	137
49.5781	137
49.5796	137
49.5807	137
49.5821	137
49.583	137
49.5844	137
49.5856	137
49.587	137
49.5879	137
49.5893	137
49.5905	137
49.5919	137
49.5928	137
49.5942	137
49.5953	137
49.5962	137
49.5976	137
49.5985	137
49.5997	137
49.6005	137
49.602	137
49.605	137
49.6059	137
49.6089	138
49.6098	138
49.6109	138
49.6139	138
49.6148	138
49.6157	138
49.6171	138
49.6183	138
49.6213	138
49.6222	138
49.6244	138
49.6261	138
49.6272	138
49.6281	138
49.6295	138
49.632	138
49.6334	138
49.6359	138
49.6373	138
49.6401	138
49.6423	139
49.6458	139
49.6481	139
49.6962	139
49.6976	138
49.6988	138
49.7002	138
49.7011	138
49.7025	138
49.7037	138
49.7051	138
49.706	138
49.7074	138
49.7085	138
49.71	137
49.7108	137
49.7123	137
49.7134	137
49.7148	137
49.7157	137
49.7171	137
49.7183	137
49.7197	137
49.7206	137
49.722	137
49.7231	137
49.7246	137
49.7254	137
49.7269	137
49.728	137
49.7294	137
49.7303	137
49.7317	137
49.7329	137
49.7338	137
49.7352	137
49.7369	137
49.7396	137
49.7405	138
49.7435	138
49.7449	138
49.7458	138
49.7488	139
49.7497	139
49.7509	139
49.7523	139
49.7532	139
49.7557	139
49.7571	139
49.7598	139
49.7613	139
49.7621	139
49.7636	139
49.7644	139
49.7672	139
49.7681	139
49.7711	139
49.772	139
49.7734	139
49.7767	140
49.7789	140
49.7808	140
49.7839	140
49.7866	140
49.7888	140
49.8346	140
49.836	139
49.8371	139
49.8386	139
49.8394	139
49.8409	139
49.842	139
49.8434	138
49.8443	138
49.8457	138
49.8469	138
49.8483	138
49.8492	138
49.8506	138
49.8518	138
49.8532	138
49.8541	138
49.8555	138
49.8566	138
49.8581	138
49.8589	138
49.8604	138
49.8615	138
49.8629	138
49.8638	138
49.8652	138
49.8664	138
49.8678	138
49.8687	138
49.8701	138
49.8729	138
49.8753	139
49.8776	139
49.8792	139
49.8804	139
49.8813	140
49.8843	140
49.8857	140
49.8866	140
49.888	140
49.8889	140
49.8916	140
49.8931	140
49.8955	140
49.8964	140
49.8978	140
49.899	140
49.9004	140
49.9029	140
49.9043	140
49.9068	140
49.9079	140
49.9088	140
49.9118	140
49.9135	140
49.9158	140
49.9182	140
49.9197	140
49.9224	141
49.9254	141
49.9282	141
49.9304	141
49.9737	141
49.9752	140
49.9763	140
49.9777	140
49.9786	140
49.98	140
49.9812	140
49.9826	139
49.9835	139
49.9849	139
49.9861	139
49.9875	139
49.9884	139
49.9898	139
49.9909	139
49.9924	139
49.9932	139
49.9947	139
49.9958	139
49.9972	139
49.9981	139
49.9995	139
