1.1009	22
1.10251	22
1.10411	22
1.10571	22
1.10731	22
1.10891	22
1.11052	22
1.11212	22
1.11372	23
1.11532	23
1.11693	23
1.11853	23
1.12013	23
1.12173	23
1.12333	23
1.12494	23
1.12654	23
1.12814	23
1.12974	23
1.13134	23
1.13295	23
1.13455	23
1.13615	23
1.13775	23
1.13935	23
1.14096	23
1.14256	24
1.14416	24
1.14576	24
1.14737	24
1.14897	24
1.15057	24
1.15217	25
1.15377	25
1.15538	25
1.15698	25
1.15858	25
1.16018	25
1.16178	25
1.16339	25
1.16499	25
1.16659	25
1.16819	25
1.1698	25
1.1714	25
1.173	25
1.1746	25
1.1762	25
1.17781	25
1.17941	26
1.18101	26
1.18261	26
1.18421	26
1.18582	26
1.18742	26
1.18902	26
1.19062	26
1.19223	27
1.19383	27
1.19543	27
1.19703	27
1.19863	27
1.20024	27
1.20184	27
1.20344	27
1.20504	27
1.20664	27
1.20825	27
1.20985	27
1.21145	27
1.21305	27
1.21466	27
1.21626	28
1.21786	28
1.21946	28
1.22106	28
1.22267	28
1.22427	28
1.22587	28
1.22747	28
1.22907	28
1.23068	28
1.23228	28
1.23388	28
1.23548	28
1.23709	28
1.23869	28
1.24029	28
1.24189	28
1.24349	28
1.2451	29
1.2467	29
1.2483	29
1.2499	29
1.2515	29
1.25311	29
1.25471	29
1.25631	29
1.25791	29
1.25952	29
1.26112	30
1.26272	30
1.26432	30
1.26592	30
1.26753	30
1.26913	30
1.27073	30
1.27233	30
1.27393	30
1.27554	30
1.27714	30
1.27874	30
1.28034	30
1.28194	30
1.28355	31
1.28515	31
1.28675	31
1.28835	31
1.28996	31
1.29156	31
1.29316	31
1.29476	31
1.29636	31
1.29797	31
1.29957	31
1.30117	31
1.30277	31
1.30437	31
1.30598	31
1.30758	31
1.30918	31
1.31078	32
1.31239	32
1.31399	32
1.31559	32
1.31719	32
1.31879	32
1.3204	32
1.322	32
1.3236	33
1.3252	33
1.3268	33
1.32841	33
1.33001	33
1.33161	33
1.33321	33
1.33482	33
1.33642	33
1.33802	33
1.33962	33
1.34122	33
1.34283	33
1.34443	33
1.34603	34
1.34763	34
1.34923	34
1.35084	34
1.35244	34
1.35404	34
1.35564	34
1.35725	34
1.35885	34
1.36045	34
1.36205	35
1.36365	35
1.36526	35
1.36686	35
1.36846	35
1.37006	35
1.37166	35
1.37327	35
1.37487	35
1.37647	35
1.37807	35
1.37968	35
1.38128	35
1.38288	35
1.38448	35
1.38608	36
1.38769	36
1.38929	36
1.39089	36
1.39249	36
1.39409	36
1.3957	36
1.3973	36
1.3989	36
1.4005	36
1.4021	36
1.40371	36
1.40531	36
1.40691	36
1.40851	36
1.41012	36
1.41172	36
1.41332	37
1.41492	37
1.41652	37
1.41813	37
1.41973	37
1.42133	37
1.42293	37
1.42453	37
1.42614	37
1.42774	37
1.42934	38
1.43094	38
1.43255	38
1.43415	38
1.43575	38
1.43735	38
1.43895	38
1.44056	38
1.44216	38
1.44376	38
1.44536	38
1.44696	38
1.44857	38
1.45017	38
1.45177	39
1.45337	39
1.45498	39
1.45658	39
1.45818	39
1.45978	39
1.46138	39
1.46299	39
1.46459	39
1.46619	39
1.46779	39
1.46939	39
1.471	39
1.4726	39
1.4742	39
1.4758	39
1.47741	39
1.47901	40
1.48061	40
1.48221	40
1.48381	40
1.48542	40
1.48702	40
1.48862	41
1.49022	41
1.49182	41
1.49343	41
1.49503	41
1.49663	41
1.49823	41
1.49984	41
1.50144	41
1.50304	41
1.50464	41
1.50624	41
1.50785	41
1.50945	41
1.51105	41
1.51265	41
1.51425	42
1.51586	42
1.51746	42
1.51906	42
1.52066	42
1.52227	42
1.52387	42
1.52547	42
1.52707	42
1.52867	42
1.53028	42
1.53188	42
1.53348	42
1.53508	43
1.53668	43
1.53829	43
1.53989	43
1.54149	43
1.54309	43
1.54469	43
1.5463	43
1.5479	43
1.5495	43
1.5511	43
1.55271	43
1.55431	44
1.55591	44
1.55751	44
1.55911	44
1.56072	44
1.56232	44
1.56392	44
1.56552	44
1.56712	44
1.56873	44
1.57033	44
1.57193	44
1.57353	44
1.57514	44
1.57674	44
1.57834	44
1.57994	44
1.58154	45
1.58315	45
1.58475	45
1.58635	45
1.58795	45
1.58955	45
1.59116	45
1.59276	45
1.59436	46
1.59596	46
1.59757	46
1.59917	46
1.60077	46
1.60237	46
1.60397	46
1.60558	46
1.60718	46
1.60878	46
1.61038	46
1.61198	46
1.61359	46
1.61519	46
1.61679	46
1.61839	46
1.62	47
1.6216	47
1.6232	47
1.6248	47
1.6264	47
1.62801	47
1.62961	47
1.63121	47
1.63281	47
1.63441	47
1.63602	47
1.63762	47
1.63922	47
1.64082	47
1.64243	47
1.64403	48
1.64563	48
1.64723	48
1.64883	48
1.65044	48
1.65204	48
1.65364	48
1.65524	49
1.65684	49
1.65845	49
1.66005	49
1.66165	49
1.66325	49
1.66485	49
1.66646	49
1.66806	49
1.66966	49
1.67126	49
1.67287	49
1.67447	49
1.67607	49
1.67767	49
1.67927	49
1.68088	49
1.68248	49
1.68408	50
1.68568	50
1.68728	50
1.68889	50
1.69049	50
1.69209	50
1.69369	50
1.6953	50
1.6969	50
1.6985	50
1.7001	50
1.7017	50
1.70331	50
1.70491	50
1.70651	50
1.70811	51
1.70971	51
1.71132	51
1.71292	51
1.71452	51
1.71612	51
1.71773	51
1.71933	51
1.72093	51
1.72253	52
1.72413	52
1.72574	52
1.72734	52
1.72894	52
1.73054	52
1.73214	52
1.73375	52
1.73535	52
1.73695	52
1.73855	52
1.74016	52
1.74176	52
1.74336	52
1.74496	52
1.74656	52
1.74817	52
1.74977	53
1.75137	53
1.75297	53
1.75457	53
1.75618	53
1.75778	53
1.75938	53
1.76098	53
1.76259	53
1.76419	54
1.76579	54
1.76739	54
1.76899	54
1.7706	54
1.7722	54
1.7738	54
1.7754	54
1.777	54
1.77861	54
1.78021	54
1.78181	54
1.78341	54
1.78501	55
1.78662	55
1.78822	55
1.78982	55
1.79142	55
1.79303	55
1.79463	55
1.79623	55
1.79783	55
1.79943	55
1.80104	55
1.80264	55
1.80424	55
1.80584	55
1.80744	55
1.80905	56
1.81065	56
1.81225	56
1.87634	56
1.87794	56
1.87954	56
1.88114	56
1.88275	55
1.88435	55
1.88541	55
1.91425	53
1.91585	52
1.91745	51
1.91906	50
1.92066	50
1.92226	49
1.92386	49
1.92547	50
1.92707	50
1.92867	51
1.93027	51
1.93187	52
1.93348	53
1.93508	54
1.93668	55
1.93828	56
1.93988	57
1.94149	59
1.94309	60
1.94469	61
1.94629	62
1.9479	63
1.9495	64
1.9511	65
1.9527	65
1.9543	66
1.95591	63
1.95751	60
1.95911	58
1.96071	56
1.96231	54
1.96392	52
1.96552	51
1.96712	50
1.96872	48
1.97032	48
1.97193	47
1.97353	47
1.97513	46
1.97673	46
1.97834	45
1.97994	45
1.98154	45
1.98314	44
1.98474	44
1.98635	44
1.98795	44
1.98955	44
1.99115	44
1.99275	44
1.99436	43
1.99596	43
1.99756	43
1.99916	43
2.00077	43
2.00237	43
2.00397	43
2.00557	43
2.00717	43
2.00878	43
2.01038	43
2.01198	43
2.01358	43
2.01518	43
2.01679	43
2.01839	43
2.01999	43
2.02159	43
2.0232	43
2.0248	43
2.0264	43
2.028	43
2.0296	43
2.03121	43
2.03281	43
2.03441	43
2.03601	43
2.03761	43
2.03922	43
2.04082	43
2.04242	43
2.04402	43
2.04563	43
2.04723	43
2.04883	43
2.05043	43
2.05203	43
2.05364	43
2.05524	43
2.05684	43
2.05844	43
2.06004	43
2.06165	43
2.06325	43
2.06485	43
2.06645	43
2.06806	43
2.06966	43
2.07126	43
2.07286	43
2.07446	43
2.07607	43
2.07767	43
2.07927	43
2.08087	43
2.08247	43
2.08408	43
2.08568	43
2.08728	43
2.08888	43
2.09048	43
2.09209	43
2.09369	43
2.09529	43
2.09689	43
2.0985	44
2.1001	44
2.1017	44
2.1033	44
2.1049	44
2.10651	44
2.10811	44
2.10971	44
2.11131	44
2.11291	44
2.11452	44
2.11612	44
2.11772	44
2.11932	44
2.12093	44
2.12253	44
2.12413	44
2.12573	44
2.12733	44
2.12894	44
2.13054	44
2.13214	44
2.13374	44
2.13534	44
2.13695	44
2.13855	44
2.14015	44
2.14175	44
2.14336	44
2.14496	44
2.14656	44
2.14816	44
2.14976	44
2.15137	44
2.15297	44
2.15457	44
2.15617	44
2.15777	44
2.15938	44
2.16098	44
2.16258	44
2.16418	44
2.16579	44
2.16739	44
2.16899	44
2.17059	44
2.17219	44
2.1738	44
2.1754	44
2.177	44
2.1786	44
2.1802	44
2.18181	44
2.18341	44
2.18501	44
2.18661	44
2.18822	44
2.18982	44
2.19142	44
2.19302	44
2.19462	44
2.19623	44
2.19783	44
2.19943	44
2.20103	44
2.20263	44
2.20424	44
2.20584	44
2.20744	44
2.20904	44
2.21065	44
2.21225	44
2.21385	44
2.21545	44
2.21705	44
2.21866	45
2.22026	45
2.22186	45
2.22346	45
2.22506	45
2.22667	45
2.22827	45
2.22987	45
2.23147	45
2.23307	46
2.23468	46
2.23628	46
2.23788	46
2.23948	46
2.24109	46
2.24269	46
2.24429	46
2.24589	46
2.24749	46
2.2491	46
2.2507	46
2.2523	46
2.2539	46
2.2555	46
2.25711	46
2.25871	46
2.26031	46
2.26191	46
2.26352	46
2.26512	46
2.26672	46
2.26832	46
2.26992	46
2.27153	46
2.27313	46
2.27473	46
2.27633	46
2.27793	46
2.27954	46
2.28114	46
2.28274	46
2.28434	46
2.28595	46
2.28755	46
2.28915	46
2.29075	46
2.29235	46
2.29396	46
2.29556	46
2.29716	46
2.29876	46
2.30036	46
2.30197	46
2.30357	46
2.30517	46
2.30677	46
2.30838	46
2.30998	46
2.31158	46
2.31318	46
2.31478	46
2.31639	46
2.31799	46
2.31959	46
2.32119	46
2.32279	46
2.3244	46
2.326	46
2.3276	46
2.3292	46
2.33081	46
2.33241	46
2.33401	46
2.33561	46
2.33721	46
2.33882	46
2.34042	46
2.34202	46
2.34362	46
2.34522	46
2.34683	46
2.34843	46
2.35003	46
2.35163	46
2.35323	46
2.35484	46
2.35644	46
2.35804	46
2.35964	47
2.36125	47
2.36285	47
2.36445	47
2.36605	47
2.36765	47
2.36926	47
2.37086	47
2.37246	47
2.37406	47
2.37566	47
2.37727	47
2.37887	47
2.38047	47
2.38207	47
2.38368	47
2.38528	47
2.38688	47
2.38848	47
2.39008	47
2.39169	47
2.39329	47
2.39489	47
2.39649	47
2.39809	47
2.3997	47
2.4013	47
2.4029	47
2.4045	47
2.40611	47
2.40771	47
2.40931	47
2.41091	47
2.41251	47
2.41412	47
2.41572	47
2.41732	47
2.41892	47
2.42052	47
2.42213	47
2.42373	47
2.42533	47
2.42693	47
2.42854	47
2.43014	47
2.43174	47
2.43334	47
2.43494	47
2.43655	47
2.43815	47
2.43975	47
2.44135	47
2.44295	47
2.44456	47
2.44616	47
2.44776	47
2.44936	47
2.45097	47
2.45257	47
2.45417	47
2.45577	47
2.45737	47
2.45898	47
2.46058	47
2.46218	47
2.46378	47
2.46538	47
2.46699	47
2.46859	47
2.47019	47
2.47179	47
2.4734	47
2.475	47
2.4766	47
2.4782	47
2.4798	47
2.48141	47
2.48301	48
2.48461	48
2.48621	48
2.48781	48
2.48942	48
2.49102	48
2.49262	48
2.49422	48
2.49582	48
2.49743	48
2.49903	48
2.50063	48
2.50223	48
2.50384	48
2.50544	48
2.50704	48
2.50864	48
2.51024	48
2.51185	48
2.51345	48
2.51505	49
2.51665	49
2.51825	49
2.51986	49
2.52146	49
2.52306	49
2.52466	49
2.52627	49
2.52787	49
2.52947	49
2.53107	49
2.53267	49
2.53428	49
2.53588	49
2.53748	49
2.53908	49
2.54068	49
2.54229	49
2.54389	49
2.54549	49
2.54709	49
2.5487	49
2.5503	49
2.5519	49
2.5535	49
2.5551	49
2.55671	49
2.55831	49
2.55991	49
2.56151	49
2.56311	49
2.56472	49
2.56632	49
2.56792	49
2.56952	49
2.57113	49
2.57273	49
2.57433	49
2.57593	49
2.57753	49
2.57914	49
2.58074	49
2.58234	49
2.58394	49
2.58554	49
2.58715	49
2.58875	49
2.59035	49
2.59195	49
2.59356	49
2.59516	49
2.59676	49
2.59836	49
2.59996	49
2.60157	49
2.60317	49
2.60477	49
2.60637	49
2.60797	49
2.60958	49
2.61118	49
2.61278	49
2.61438	49
2.61598	49
2.61759	49
2.61919	49
2.62079	49
2.62239	49
2.624	49
2.6256	49
2.6272	49
2.6288	49
2.6304	49
2.63201	49
2.63361	49
2.63521	49
2.63681	49
2.63841	49
2.64002	49
2.64162	49
2.64322	49
2.64482	49
2.64643	49
2.64803	49
2.64963	49
2.65123	49
2.65283	49
2.65444	49
2.65604	49
2.65764	49
2.65924	49
2.66084	49
2.66245	49
2.66405	49
2.66565	49
2.66725	49
2.66886	49
2.67046	49
2.67206	49
2.67366	49
2.67526	50
2.67687	50
2.67847	50
2.68007	50
2.68167	50
2.68327	50
2.68488	50
2.68648	50
2.68808	50
2.68968	50
2.69129	50
2.69289	50
2.69449	50
2.69609	51
2.69769	51
2.6993	51
2.7009	51
2.7025	51
2.7041	51
2.7057	51
2.70731	51
2.70891	51
2.71051	51
2.71211	51
2.71372	51
2.71532	51
2.71692	51
2.71852	51
2.72012	51
2.72173	51
2.72333	51
2.72493	51
2.72653	51
2.72813	51
2.72974	51
2.73134	51
2.73294	51
2.73454	51
2.73614	51
2.73775	51
2.73935	51
2.74095	51
2.74255	51
2.74416	51
2.74576	51
2.74736	51
2.74896	51
2.75056	51
2.75217	51
2.75377	51
2.75537	51
2.75697	51
2.75857	51
2.76018	51
2.76178	51
2.76338	51
2.76498	51
2.76659	51
2.76819	51
2.76979	51
2.77139	51
2.77299	51
2.7746	51
2.7762	51
2.7778	51
2.7794	51
2.781	51
2.78261	51
2.78421	51
2.78581	51
2.78741	51
2.78902	51
2.79062	51
2.79222	51
2.79382	51
2.79542	51
2.79703	51
2.79863	51
2.80023	51
2.80183	51
2.80343	51
2.80504	51
2.80664	51
2.80824	51
2.80984	51
2.81145	51
2.81305	51
2.81465	51
2.81625	51
2.81785	51
2.81946	51
2.82106	51
2.82266	51
2.82426	51
2.82586	51
2.82747	51
2.82907	51
2.83067	51
2.83227	51
2.83388	51
2.83548	51
2.83708	51
2.83868	51
2.84028	51
2.84189	51
2.84349	51
2.84509	51
2.84669	51
2.84829	51
2.8499	51
2.8515	51
2.8531	51
2.8547	51
2.85631	51
2.85791	51
2.85951	51
2.86111	51
2.86271	51
2.86432	52
2.86592	52
2.86752	52
2.86912	52
2.87072	52
2.87233	52
2.87393	52
2.87553	52
2.87713	52
2.87873	52
2.88034	52
2.88194	52
2.88354	52
2.88514	52
2.88675	52
2.88835	52
2.88995	52
2.89155	52
2.89315	52
2.89476	52
2.89636	52
2.89796	52
2.89956	52
2.90116	52
2.90277	52
2.90437	52
2.90597	52
2.90757	52
2.90918	52
2.91078	52
2.91238	52
2.91398	52
2.91558	52
2.91719	52
2.91879	52
2.92039	52
2.92199	52
2.92359	52
2.9252	52
2.9268	52
2.9284	52
2.93	52
2.93161	52
2.93321	52
2.93481	52
2.93641	52
2.93801	52
2.93962	52
2.94122	52
2.94282	52
2.94442	52
2.94602	52
2.94763	52
2.94923	52
2.95083	52
2.95243	52
2.95404	52
2.95564	52
3.01331	52
3.01492	52
3.01652	52
3.01812	51
3.01972	51
3.02132	50
3.02293	50
3.02453	49
3.02613	49
3.02773	48
3.0289	47
3.04733	46
3.04893	45
3.05053	44
3.05214	44
3.05374	44
3.05534	44
3.05694	44
3.05854	44
3.06015	45
3.06175	46
3.06335	47
3.06495	47
3.06655	48
3.06816	49
3.06976	50
3.07136	50
3.07296	51
3.07457	51
3.07617	52
3.07777	52
3.07937	52
3.08097	52
3.08258	53
3.08418	53
3.08578	51
3.08738	50
3.08898	48
3.09059	47
3.09219	46
3.09379	45
3.09539	44
3.097	43
3.0986	42
3.1002	42
3.1018	41
3.1034	41
3.10501	41
3.10661	40
3.10821	40
3.10981	40
3.11141	40
3.11302	39
3.11462	39
3.11622	39
3.11782	39
3.11943	39
3.12103	39
3.12263	39
3.12423	39
3.12583	38
3.12744	38
3.12904	38
3.13064	38
3.13224	38
3.13384	38
3.13545	38
3.13705	38
3.13865	38
3.14025	38
3.14186	38
3.14346	38
3.14506	38
3.14666	38
3.14826	38
3.14987	38
3.15147	38
3.15307	38
3.15467	38
3.15627	38
3.15788	38
3.15948	38
3.16108	38
3.16268	38
3.16428	38
3.16589	38
3.16749	38
3.16909	38
3.17069	38
3.1723	38
3.1739	38
3.1755	38
3.1771	38
3.1787	38
3.18031	38
3.18191	38
3.18351	38
3.18511	38
3.18671	38
3.18832	38
3.18992	38
3.19152	38
3.19312	38
3.19473	38
3.19633	38
3.19793	38
3.19953	38
3.20113	38
3.20274	38
3.20434	38
3.20594	38
3.20754	38
3.20914	38
3.21075	38
3.21235	38
3.21395	38
3.21555	38
3.21716	38
3.21876	38
3.22036	38
3.22196	38
3.22356	38
3.22517	38
3.22677	38
3.22837	38
3.22997	38
3.23157	38
3.23318	38
3.23478	38
3.23638	38
3.23798	38
3.23959	38
3.24119	38
3.24279	38
3.24439	38
3.24599	38
3.2476	38
3.2492	38
3.2508	38
3.2524	38
3.254	38
3.25561	38
3.25721	38
3.25881	38
3.26041	38
3.26202	39
3.26362	39
3.26522	39
3.26682	39
3.26842	39
3.27003	39
3.27163	39
3.27323	39
3.27483	39
3.27643	39
3.27804	39
3.27964	39
3.28124	39
3.28284	39
3.28444	39
3.28605	40
3.28765	40
3.28925	40
3.29085	40
3.29246	40
3.29406	40
3.29566	40
3.29726	40
3.29886	40
3.30047	40
3.30207	40
3.30367	40
3.30527	40
3.30687	40
3.30848	40
3.31008	40
3.31168	40
3.31328	40
3.31489	40
3.31649	40
3.31809	40
3.31969	40
3.32129	40
3.3229	40
3.3245	40
3.3261	40
3.3277	40
3.3293	40
3.33091	40
3.33251	40
3.33411	40
3.33571	40
3.33732	40
3.33892	40
3.34052	40
3.34212	40
3.34372	40
3.34533	40
3.34693	40
3.34853	40
3.35013	40
3.35173	40
3.35334	40
3.35494	40
3.35654	40
3.35814	40
3.35975	40
3.36135	40
3.36295	40
3.36455	40
3.36615	40
3.36776	40
3.36936	40
3.37096	40
3.37256	40
3.37416	40
3.37577	40
3.37737	40
3.37897	40
3.38057	40
3.38218	40
3.38378	40
3.38538	40
3.38698	40
3.38858	40
3.39019	40
3.39179	40
3.39339	40
3.39499	40
3.39659	40
3.3982	40
3.3998	40
3.4014	40
3.403	40
3.4046	40
3.40621	40
3.40781	40
3.40941	40
3.41101	40
3.41262	40
3.41422	40
3.41582	40
3.41742	40
3.41902	40
3.42063	40
3.42223	40
3.42383	40
3.42543	40
3.42703	40
3.42864	40
3.43024	40
3.43184	40
3.43344	40
3.43505	40
3.43665	40
3.43825	40
3.43985	40
3.44145	40
3.44306	40
3.44466	40
3.44626	40
3.44786	40
3.44946	40
3.45107	40
3.45267	40
3.45427	40
3.45587	40
3.45748	40
3.45908	40
3.46068	40
3.46228	40
3.46388	40
3.46549	40
3.46709	40
3.46869	40
3.47029	40
3.47189	40
3.4735	40
3.4751	40
3.4767	40
3.4783	40
3.47991	40
3.48151	40
3.48311	40
3.48471	40
3.48631	40
3.48792	40
3.48952	40
3.49112	40
3.49272	40
3.49432	40
3.49593	40
3.49753	40
3.49913	40
3.50073	40
3.50234	40
3.50394	40
3.50554	40
3.50714	40
3.50874	40
3.51035	40
3.51195	40
3.51355	40
3.51515	41
3.51675	41
3.51836	41
3.51996	41
3.52156	41
3.52316	41
3.52477	41
3.52637	41
3.52797	41
3.52957	41
3.53117	41
3.53278	41
3.53438	41
3.53598	41
3.53758	41
3.53918	41
3.54079	41
3.54239	41
3.54399	41
3.54559	41
3.54719	41
3.5488	41
3.5504	41
3.552	41
3.5536	41
3.55521	41
3.55681	41
3.55841	41
3.56001	41
3.56161	41
3.56322	41
3.56482	41
3.56642	41
3.56802	41
3.56962	41
3.57123	41
3.57283	41
3.57443	41
3.57603	41
3.57764	41
3.57924	41
3.58084	41
3.58244	41
3.58404	41
3.58565	41
3.58725	41
3.58885	41
3.59045	41
3.59205	41
3.59366	41
3.59526	41
3.59686	41
3.59846	41
3.60007	41
3.60167	41
3.60327	41
3.60487	41
3.60647	41
3.60808	41
3.60968	41
3.61128	41
3.61288	41
3.61448	41
3.61609	41
3.61769	41
3.61929	41
3.62089	41
3.6225	41
3.6241	41
3.6257	41
3.6273	41
3.6289	41
3.63051	41
3.63211	41
3.63371	41
3.63531	41
3.63691	41
3.63852	41
3.64012	41
3.64172	41
3.64332	41
3.64493	41
3.64653	41
3.64813	41
3.64973	41
3.65133	41
3.65294	41
3.65454	41
3.65614	41
3.65774	41
3.65934	41
3.66095	41
3.66255	41
3.66415	41
3.66575	41
3.66735	41
3.66896	41
3.67056	41
3.67216	41
3.67376	41
3.67537	41
3.67697	41
3.67857	41
3.68017	41
3.68177	41
3.68338	41
3.68498	41
3.68658	41
3.68818	41
3.68978	41
3.69139	41
3.69299	41
3.69459	41
3.69619	41
3.6978	41
3.6994	41
3.701	41
3.7026	41
3.7042	41
3.70581	41
3.70741	41
3.70901	41
3.71061	41
3.71221	41
3.71382	41
3.71542	41
3.71702	41
3.71862	41
3.72023	41
3.72183	41
3.72343	41
3.72503	41
3.72663	41
3.72824	41
3.72984	41
3.73144	41
3.73304	41
3.73464	41
3.73625	41
3.73785	41
3.73945	41
3.74105	41
3.74266	41
3.74426	41
3.74586	41
3.74746	41
3.74906	41
3.75067	41
3.75227	41
3.75387	41
3.75547	41
3.75707	41
3.75868	41
3.76028	41
3.76188	41
3.76348	41
3.76509	41
3.76669	41
3.76829	41
3.76989	41
3.77149	41
3.7731	41
3.7747	41
3.7763	41
3.7779	41
3.7795	41
3.78111	41
3.78271	41
3.78431	41
3.78591	41
3.78752	41
3.78912	41
3.79072	41
3.79232	41
3.79392	41
3.79553	41
3.79713	41
3.79873	41
3.80033	41
3.80193	41
3.80354	41
3.80514	41
3.80674	41
3.80834	41
3.80994	41
3.81155	41
3.81315	41
3.81475	41
3.81635	41
3.81796	41
3.81956	41
3.82116	42
3.82276	42
3.82436	42
3.82597	42
3.82757	42
3.82917	42
3.83077	42
3.83237	42
3.83398	42
3.83558	42
3.83718	42
3.83878	42
3.84039	42
3.84199	42
3.84359	42
3.84519	43
3.84679	43
3.8484	43
3.85	43
3.8516	43
3.8532	43
3.8548	43
3.85641	43
3.85801	43
3.85961	43
3.86121	43
3.86282	43
3.86442	43
3.86602	43
3.86762	43
3.86922	43
3.87083	43
3.87243	43
3.87403	43
3.87563	43
3.87723	43
3.87884	43
3.88044	43
3.88204	43
3.88364	43
3.88525	43
3.88685	43
3.88845	43
3.89005	43
3.89165	43
3.89326	43
3.89486	43
3.89646	43
3.89806	43
3.89966	43
3.90127	43
3.90287	43
3.90447	43
3.90607	43
3.90768	43
3.90928	43
3.91088	43
3.91248	43
3.91408	43
3.91569	43
3.91729	43
3.91889	43
3.92049	43
3.92209	43
3.9237	43
3.9253	43
3.9269	43
3.9285	43
3.9301	43
3.93171	43
3.93331	43
3.93491	43
3.93651	43
3.93812	43
3.93972	43
3.94132	43
3.94292	43
3.94452	43
3.94613	43
3.94773	43
3.94933	43
3.95093	43
3.95253	43
3.95414	43
3.95574	43
3.95734	43
3.95894	43
3.96055	43
3.96215	43
3.96375	43
3.96535	43
3.96695	43
3.96856	43
3.97016	43
3.97176	43
3.97336	43
3.97496	43
3.97657	43
3.97817	43
3.97977	43
3.98137	43
3.98298	43
3.98458	43
3.98618	43
3.98778	43
3.98938	43
3.99099	43
3.99259	43
3.99419	43
3.99579	43
3.99739	43
3.999	43
4.0006	43
4.0022	43
4.0038	43
4.00541	43
4.00701	43
4.00861	43
4.01021	43
4.01181	43
4.01342	43
4.01502	43
4.01662	43
4.01822	43
4.01982	43
4.02143	43
4.02303	43
4.02463	43
4.02623	43
4.02784	43
4.02944	43
4.03104	43
4.03264	43
4.03424	43
4.03585	43
4.03745	43
4.03905	43
4.04065	43
4.04225	43
4.04386	43
4.04546	43
4.04706	43
4.04866	43
4.05026	43
4.05187	43
4.05347	43
4.05507	43
4.05667	43
4.05828	43
4.05988	43
4.06148	43
4.06308	43
4.06468	43
4.06629	43
4.06789	43
4.06949	43
4.07109	43
4.07269	43
4.0743	43
4.0759	43
4.0775	43
4.0791	43
4.08071	43
4.08231	43
4.08391	43
4.08551	43
4.08711	43
4.08872	43
4.09032	43
4.09192	43
4.09352	43
4.09512	43
4.09673	43
4.09833	43
4.09993	43
4.10153	43
4.10314	43
4.10474	43
4.10634	43
4.10794	43
4.10954	43
4.11115	43
4.11275	43
4.11435	43
4.11595	43
4.11755	43
4.11916	43
4.12076	43
4.12236	43
4.12396	43
4.12557	43
4.12717	43
4.12877	43
4.13037	43
4.13197	43
4.13358	43
4.13518	43
4.13678	43
4.13838	43
4.13998	43
4.14159	43
4.14319	43
4.14479	43
4.14639	43
4.148	43
4.1496	43
4.1512	43
4.1528	43
4.1544	43
4.15601	43
4.15761	43
4.15921	43
4.16081	43
4.16241	43
4.16402	43
4.16562	43
4.16722	43
4.16882	43
4.17043	43
4.17203	43
4.17363	43
4.17523	43
4.17683	43
4.17844	43
4.18004	43
4.18164	43
4.18324	43
4.18484	43
4.18645	43
4.18805	43
4.18965	43
4.19125	43
4.19285	43
4.19446	43
4.19606	43
4.19766	43
4.19926	43
4.20087	43
4.20247	43
4.20407	43
4.20567	43
4.20727	43
4.20888	43
4.21048	43
4.21208	43
4.21368	43
4.21528	43
4.21689	43
4.21849	43
4.22009	43
4.22169	43
4.2233	43
4.2249	43
4.2265	43
4.2281	43
4.2297	43
4.23131	43
4.23291	43
4.23451	43
4.23611	43
4.23771	43
4.23932	43
4.24092	43
4.24252	43
4.24412	43
4.24573	43
4.24733	43
4.24893	43
4.25053	43
4.25213	43
4.25374	43
4.25534	43
4.25694	43
4.25854	43
4.26014	43
4.26175	43
4.26335	43
4.26495	43
4.26655	43
4.26816	43
4.26976	43
4.27136	44
4.27296	44
4.27456	44
4.27617	44
4.27777	44
4.27937	44
4.28097	44
4.28257	44
4.28418	44
4.28578	44
4.28738	44
4.28898	44
4.29059	44
4.29219	44
4.29379	44
4.29539	44
4.29699	44
4.2986	44
4.3002	44
4.3018	44
4.3034	44
4.305	44
4.30661	44
4.30821	44
4.30981	44
4.31141	44
4.31301	44
4.31462	44
4.31622	44
4.31782	44
4.31942	44
4.32103	44
4.32263	44
4.32423	44
4.32583	44
4.32743	44
4.32904	44
4.33064	44
4.33224	44
4.33384	44
4.33544	44
4.33705	44
4.33865	44
4.34025	44
4.34185	44
4.34346	44
4.34506	44
4.34666	44
4.34826	44
4.34986	44
4.35147	44
4.35307	44
4.35467	44
4.35627	44
4.35787	44
4.35948	44
4.36108	44
4.36268	44
4.36428	44
4.36589	44
4.36749	44
4.36909	44
4.37069	44
4.37229	44
4.3739	44
4.3755	44
4.3771	44
4.3787	44
4.3803	44
4.38191	44
4.38351	44
4.38511	44
4.38671	44
4.38832	44
4.38992	44
4.39152	44
4.39312	44
4.39472	44
4.39633	44
4.39793	44
4.39953	44
4.40113	44
4.40273	44
4.40434	44
4.40594	44
4.40754	44
4.40914	44
4.41075	44
4.41235	44
4.41395	44
4.41555	44
4.41715	44
4.41876	44
4.42036	44
4.42196	44
4.42356	44
4.42516	44
4.42677	44
4.42837	44
4.42997	44
4.43157	44
4.43318	44
4.43478	44
4.43638	44
4.43798	44
4.43958	44
4.44119	44
4.44279	44
4.44439	44
4.44599	44
4.44759	44
4.4492	44
4.4508	44
4.4524	44
4.454	44
4.4556	44
4.45721	44
4.45881	44
4.46041	44
4.46201	44
4.46362	44
4.46522	44
4.46682	44
4.46842	44
4.47002	44
4.47163	44
4.47323	44
4.47483	44
4.47643	44
4.47803	44
4.47964	44
4.48124	44
4.48284	44
4.48444	44
4.48605	44
4.48765	44
4.48925	44
4.49085	44
4.49245	44
4.49406	44
4.49566	44
4.49726	44
4.49886	44
4.50046	44
4.50207	44
4.50367	44
4.50527	44
4.50687	44
4.50848	44
4.51008	44
4.51168	44
4.51328	44
4.51488	44
4.51649	44
4.51809	44
4.51969	44
4.52129	44
4.52289	44
4.5245	44
4.5261	44
4.5277	44
4.5293	44
4.53091	44
4.53251	44
4.53411	44
4.53571	44
4.53731	44
4.53892	44
4.54052	44
4.54212	44
4.54372	44
4.54532	44
4.54693	44
4.54853	44
4.55013	44
4.55173	44
4.55334	44
4.55494	44
4.55654	44
4.55814	44
4.55974	44
4.56135	44
4.56295	44
4.56455	44
4.56615	44
4.56775	44
4.56936	44
4.57096	44
4.57256	44
4.57416	44
4.57576	44
4.57737	44
4.57897	44
4.58057	44
4.58217	44
4.58378	44
4.58538	44
4.58698	44
4.58858	44
4.59018	44
4.59179	44
4.59339	44
4.59499	44
4.59659	44
4.59819	44
4.5998	44
4.6014	44
4.603	44
4.6046	44
4.60621	44
4.60781	44
4.60941	44
4.61101	44
4.61261	44
4.61422	44
4.61582	44
4.61742	44
4.61902	44
4.62062	44
4.62223	44
4.62383	44
4.62543	44
4.62703	44
4.62864	44
4.63024	44
4.63184	44
4.63344	44
4.63504	44
4.63665	44
4.63825	44
4.63985	44
4.64145	44
4.64305	44
4.64466	44
4.64626	44
4.64786	44
4.64946	44
4.65107	44
4.65267	44
4.65427	44
4.65587	44
4.65747	44
4.65908	44
4.66068	44
4.66228	44
4.66388	44
4.66548	44
4.66709	44
4.66869	44
4.67029	44
4.67189	44
4.6735	44
4.6751	44
4.6767	44
4.6783	44
4.6799	44
4.68151	44
4.68311	44
4.68471	44
4.68631	44
4.68791	44
4.68952	44
4.69112	44
4.69272	44
4.69432	44
4.69592	44
4.69753	44
4.69913	44
4.70073	44
4.70233	44
4.70394	44
4.70554	44
4.70714	44
4.70874	44
4.71034	44
4.71195	44
4.71355	44
4.71515	44
4.71675	44
4.71835	44
4.71996	44
4.72156	44
4.72316	44
4.72476	44
4.72637	44
4.72797	44
4.72957	44
4.73117	44
4.73277	44
4.73438	44
4.73598	44
4.73758	44
4.73918	44
4.74078	44
4.74239	44
4.74399	44
4.74559	44
4.74719	44
4.7488	44
4.7504	44
4.752	44
4.7536	44
4.7552	44
4.75681	44
4.75841	44
4.76001	44
4.76161	44
4.76321	44
4.76482	44
4.76642	44
4.76802	44
4.76962	44
4.77123	44
4.77283	44
4.77443	44
4.77603	44
4.77763	44
4.77924	44
4.78084	44
4.78244	44
4.78404	44
4.78564	44
4.78725	44
4.78885	44
4.79045	44
4.79205	44
4.79366	44
4.79526	44
4.79686	44
4.79846	44
4.80006	44
4.80167	44
4.80327	44
4.80487	44
4.80647	44
4.80807	44
4.80968	44
4.81128	44
4.81288	44
4.81448	44
4.81609	44
4.81769	44
4.81929	44
4.82089	44
4.82249	44
4.8241	44
4.8257	44
4.8273	44
4.8289	44
4.8305	44
4.83211	44
4.83371	44
4.83531	44
4.83691	44
4.83851	44
4.84012	44
4.84172	44
4.84332	44
4.84492	44
4.84653	44
4.84813	44
4.84973	44
4.85133	44
4.85293	44
4.85454	44
4.85614	44
4.85774	44
4.85934	44
4.86094	44
4.86255	44
4.86415	44
4.86575	44
4.86735	44
4.86896	44
4.87056	44
4.87216	44
4.87376	44
4.87536	44
4.87697	44
4.87857	44
4.88017	44
4.88177	44
4.88337	44
4.88498	44
4.88658	44
4.88818	44
4.88978	44
4.89139	44
4.89299	44
4.89459	44
4.89619	44
4.89779	44
4.8994	44
4.901	44
4.9026	44
4.9042	44
4.9058	44
4.90741	44
4.90901	44
4.91061	44
4.91221	44
4.91382	44
4.91542	44
4.91702	44
4.91862	44
4.92022	44
4.92183	44
4.92343	44
4.92503	44
4.92663	44
4.92823	44
4.92984	44
4.93144	44
4.93304	44
4.93464	44
4.93625	44
4.93785	44
4.93945	44
4.94105	44
4.94265	44
4.94426	44
4.94586	44
4.94746	44
4.94906	44
4.95066	44
4.95227	44
4.95387	44
4.95547	44
4.95707	44
4.95867	44
4.96028	44
4.96188	44
4.96348	44
4.96508	44
4.96669	44
4.96829	44
4.96989	44
4.97149	44
4.97309	44
4.9747	44
4.9763	44
4.9779	44
4.9795	44
4.9811	44
4.98271	44
4.98431	44
4.98591	44
4.98751	44
4.98912	44
4.99072	44
4.99232	44
4.99392	44
4.99552	44
4.99713	44
4.99873	44
5.00033	44
5.00193	44
5.00353	44
5.00514	44
5.00674	44
5.00834	44
5.00994	44
5.01155	44
5.01315	44
5.01475	44
5.01635	44
5.01795	44
5.01956	44
5.02116	44
5.02276	44
5.02436	44
5.02596	44
5.02757	44
5.02917	44
5.03077	44
5.03237	44
5.03398	44
5.03558	44
5.03718	44
5.03878	44
5.04038	44
5.04199	44
5.04359	44
5.04519	44
5.04679	44
5.04839	44
5.05	44
5.0516	44
5.0532	44
5.0548	44
5.05641	44
5.05801	44
5.05961	44
5.06121	44
5.06281	44
5.06442	44
5.06602	44
5.06762	44
5.06922	44
5.07082	44
5.07243	44
5.07403	44
5.07563	44
5.07723	44
5.07884	44
5.08044	44
5.08204	44
5.08364	44
5.08524	44
5.08685	44
5.08845	44
5.09005	44
5.09165	44
5.09325	44
5.09486	44
5.09646	44
5.09806	44
5.09966	44
5.10126	44
5.10287	44
5.10447	44
5.10607	44
5.10767	44
5.10928	44
5.11088	44
5.11248	44
5.11408	44
5.11568	44
5.11729	44
5.11889	44
5.12049	44
5.12209	44
5.12369	44
5.1253	44
5.1269	44
5.1285	44
5.1301	44
5.13171	44
5.13331	44
5.13491	44
5.13651	44
5.13811	44
5.13972	44
5.14132	44
5.14292	44
5.14452	44
5.14612	44
5.14773	44
5.14933	44
5.15093	44
5.15253	44
5.15414	44
5.15574	44
5.15734	44
5.15894	44
5.16054	44
5.16215	44
5.16375	44
5.16535	44
5.16695	44
5.16855	44
5.17016	44
5.17176	44
5.17336	44
5.17496	44
5.17657	44
5.17817	44
5.17977	44
5.18137	44
5.18297	44
5.18458	44
5.18618	44
5.18778	44
5.18938	44
5.19098	44
5.19259	44
5.19419	44
5.19579	44
5.19739	44
5.199	44
5.2006	44
5.2022	44
5.2038	44
5.2054	44
5.20701	44
5.20861	44
5.21021	44
5.21181	44
5.21341	44
5.21502	44
5.21662	44
5.21822	44
5.21982	44
5.22142	44
5.22303	44
5.22463	44
5.22623	44
5.22783	44
5.22944	44
5.23104	44
5.23264	44
5.23424	44
5.23584	44
5.23745	44
5.23905	44
5.24065	44
5.24225	44
5.24385	44
5.24546	44
5.24706	44
5.24866	44
5.25026	44
5.25187	44
5.25347	44
5.25507	44
5.25667	44
5.25827	44
5.25988	44
5.26148	44
5.26308	44
5.26468	44
5.26628	44
5.26789	44
5.26949	44
5.27109	44
5.27269	44
5.2743	44
5.2759	44
5.2775	44
5.2791	44
5.2807	44
5.28231	44
5.28391	44
5.28551	44
5.28711	44
5.28871	44
5.29032	44
5.29192	44
5.29352	44
5.29512	44
5.29673	44
5.29833	44
5.29993	44
5.30153	44
5.30313	44
5.30474	44
5.30634	44
5.30794	44
5.30954	44
5.31114	44
5.31275	44
5.31435	44
5.31595	44
5.31755	44
5.31916	44
5.32076	44
5.32236	44
5.32396	44
5.32556	44
5.32717	44
5.32877	44
5.33037	44
5.33197	44
5.33357	44
5.33518	44
5.33678	44
5.33838	44
5.33998	44
5.34159	44
5.34319	44
5.34479	44
5.34639	44
5.34799	44
5.3496	44
5.3512	44
5.3528	44
5.3544	44
5.356	44
5.35761	44
5.35921	44
5.36081	44
5.36241	44
5.36401	44
5.36562	44
5.36722	44
5.36882	44
5.37042	44
5.37203	44
5.37363	44
5.37523	44
5.37683	44
5.37843	44
5.38004	44
5.38164	44
5.38324	44
5.38484	44
5.38644	44
5.38805	44
5.38965	44
5.39125	44
5.39285	44
5.39446	44
5.39606	44
5.39766	44
5.39926	44
5.40086	44
5.40247	44
5.40407	44
5.40567	44
5.40727	44
5.40887	44
5.41048	44
5.41208	44
5.41368	44
5.41528	44
5.41689	44
5.41849	44
5.42009	44
5.42169	44
5.42329	44
5.4249	44
5.4265	44
5.4281	44
5.4297	44
5.4313	44
5.43291	44
5.43451	44
5.43611	44
5.43771	44
5.43932	44
5.44092	44
5.44252	44
5.44412	44
5.44572	44
5.44733	44
5.44893	44
5.45053	44
5.45213	44
5.45373	44
5.45534	44
5.45694	44
5.45854	44
5.46014	44
5.46175	44
5.46335	44
5.46495	44
5.46655	44
5.46815	44
5.46976	44
5.47136	44
5.47296	44
5.47456	44
5.47616	44
5.47777	44
5.47937	44
5.48097	44
5.48257	44
5.48417	44
5.48578	44
5.48738	44
5.48898	44
5.49058	44
5.49219	44
5.49379	44
5.49539	44
5.49699	44
5.49859	44
5.5002	44
5.5018	44
5.5034	44
5.505	44
5.5066	44
5.50821	44
5.50981	44
5.51141	44
5.51301	44
5.51462	44
5.51622	44
5.51782	44
5.51942	44
5.52102	44
5.52263	44
5.52423	44
5.52583	44
5.52743	44
5.52903	44
5.53064	44
5.53224	44
5.53384	44
5.53544	44
5.53705	44
5.53865	44
5.54025	44
5.54185	44
5.54345	44
5.54506	44
5.54666	44
5.54826	44
5.54986	44
5.55146	44
5.55307	44
5.55467	44
5.55627	44
5.55787	44
5.55948	44
5.56108	44
5.56268	44
5.56428	44
5.56588	44
5.56749	44
5.56909	44
5.57069	44
5.57229	44
5.57389	44
5.5755	44
5.5771	44
5.5787	44
5.5803	44
5.58191	44
5.58351	44
5.58511	44
5.58671	44
5.58831	44
5.58992	44
5.59152	44
5.59312	44
5.59472	44
5.59632	44
5.59793	44
5.59953	44
5.60113	44
5.60273	44
5.60433	44
5.60594	44
5.60754	44
5.60914	44
5.61074	44
5.61235	44
5.61395	44
5.61555	44
5.61715	44
5.61875	44
5.62036	44
5.62196	44
5.62356	44
5.62516	44
5.62676	44
5.62837	44
5.62997	44
5.63157	44
5.63317	44
5.63478	44
5.63638	44
5.63798	44
5.63958	44
5.64118	44
5.64279	44
5.64439	44
5.64599	44
5.64759	44
5.64919	44
5.6508	44
5.6524	44
5.654	44
5.6556	44
5.65721	44
5.65881	44
5.66041	44
5.66201	44
5.66361	44
5.66522	44
5.66682	44
5.66842	44
5.67002	44
5.67162	44
5.67323	44
5.67483	44
5.67643	44
5.67803	44
5.67964	44
5.68124	44
5.68284	44
5.68444	44
5.68604	44
5.68765	44
5.68925	44
5.69085	44
5.69245	44
5.69405	44
5.69566	44
5.69726	44
5.69886	44
5.70046	44
5.70207	44
5.70367	44
5.70527	44
5.70687	44
5.70847	44
5.71008	44
5.71168	44
5.71328	44
5.71488	44
5.71648	44
5.71809	44
5.71969	44
5.72129	44
5.72289	44
5.7245	44
5.7261	44
5.7277	44
5.7293	44
5.7309	44
5.73251	44
5.73411	44
5.73571	44
5.73731	44
5.73891	44
5.74052	44
5.74212	44
5.74372	44
5.74532	44
5.74692	44
5.74853	44
5.75013	44
5.75173	44
5.75333	44
5.75494	44
5.75654	44
5.75814	44
5.75974	44
5.76134	44
5.76295	44
5.76455	44
5.76615	44
5.76775	44
5.76935	44
5.77096	44
5.77256	44
5.77416	44
5.77576	44
5.77737	44
5.77897	44
5.78057	44
5.78217	44
5.78377	44
5.78538	44
5.78698	44
5.78858	44
5.79018	44
5.79178	44
5.79339	44
5.79499	44
5.79659	44
5.79819	44
5.7998	44
5.8014	44
5.803	44
5.8046	44
5.8062	44
5.80781	44
5.80941	44
5.81101	44
5.81261	44
5.81421	44
5.81582	44
5.81742	44
5.81902	44
5.82062	44
5.82223	44
5.82383	44
5.82543	44
5.82703	44
5.82863	44
5.83024	44
5.83184	44
5.83344	44
5.83504	44
5.83664	44
5.83825	44
5.83985	44
5.84145	44
5.84305	44
5.84466	44
5.84626	44
5.84786	44
5.84946	44
5.85106	44
5.85267	44
5.85427	44
5.85587	44
5.85747	44
5.85907	44
5.86068	44
5.86228	44
5.86388	44
5.86548	44
5.86708	44
5.86869	44
5.87029	44
5.87189	44
5.87349	44
5.8751	44
5.8767	44
5.8783	44
5.8799	44
5.8815	44
5.88311	44
5.88471	44
5.88631	44
5.88791	44
5.88951	44
5.89112	44
5.89272	44
5.89432	44
5.89592	44
5.89753	44
5.89913	44
5.90073	44
5.90233	44
5.90393	44
5.90554	44
5.90714	44
5.90874	44
5.91034	44
5.91194	44
5.91355	44
5.91515	44
5.91675	44
5.91835	44
5.91996	44
5.92156	44
5.92316	44
5.92476	44
5.92636	44
5.92797	44
5.92957	44
5.93117	44
5.93277	44
5.93437	44
5.93598	44
5.93758	44
5.93918	44
5.94078	44
5.94239	44
5.94399	44
5.94559	44
5.94719	44
5.94879	44
5.9504	44
5.952	44
5.9536	44
5.9552	44
5.9568	44
5.95841	44
5.96001	44
5.96161	44
5.96321	44
5.96482	44
5.96642	44
5.96802	44
5.96962	44
5.97122	44
5.97283	44
5.97443	44
5.97603	44
5.97763	44
5.97923	44
5.98084	44
5.98244	44
5.98404	44
5.98564	44
5.98725	44
5.98885	44
5.99045	44
5.99205	44
5.99365	44
5.99526	44
5.99686	44
5.99846	44
6.00006	44
6.00166	44
6.00327	44
6.00487	44
6.00647	44
6.00807	44
6.00967	44
6.01128	44
6.01288	44
6.01448	44
6.01608	44
6.01769	44
6.01929	44
6.02089	44
6.02249	44
6.02409	44
6.0257	44
6.0273	44
6.0289	44
6.0305	44
6.0321	44
6.03371	44
6.03531	44
6.03691	44
6.03851	44
6.04012	44
6.04172	44
6.04332	44
6.04492	44
6.04652	44
6.04813	44
6.04973	44
6.05133	44
6.05293	44
6.05453	44
6.05614	44
6.05774	44
6.05934	44
6.06094	44
6.06255	44
6.06415	44
6.06575	44
6.06735	44
6.06895	44
6.07056	44
6.07216	44
6.07376	44
6.07536	44
6.07696	44
6.07857	44
6.08017	44
6.08177	44
6.08337	44
6.08498	44
6.08658	44
6.08818	44
6.08978	44
6.09138	44
6.09299	44
6.09459	44
6.09619	44
6.09779	44
6.09939	44
6.101	44
6.1026	44
6.1042	44
6.1058	44
6.10741	44
6.10901	44
6.11061	44
6.11221	44
6.11381	44
6.11542	44
6.11702	44
6.11862	44
6.12022	44
6.12182	44
6.12343	44
6.12503	44
6.12663	44
6.12823	44
6.12983	44
6.13144	44
6.13304	44
6.13464	44
6.13624	44
6.13785	44
6.13945	44
6.14105	44
6.14265	44
6.14425	44
6.14586	44
6.14746	44
6.14906	44
6.15066	44
6.15226	44
6.15387	44
6.15547	44
6.15707	44
6.15867	44
6.16028	44
6.16188	44
6.16348	44
6.16508	44
6.16668	44
6.16829	44
6.16989	44
6.17149	44
6.17309	44
6.17469	44
6.1763	44
6.1779	44
6.1795	44
6.1811	44
6.18271	44
6.18431	44
6.18591	44
6.18751	44
6.18911	44
6.19072	44
6.19232	44
6.19392	44
6.19552	44
6.19712	44
6.19873	44
6.20033	44
6.20193	44
6.20353	44
6.20514	44
6.20674	44
6.20834	44
6.20994	44
6.21154	44
6.21315	44
6.21475	44
6.21635	44
6.21795	44
6.21955	44
6.22116	44
6.22276	44
6.22436	44
6.22596	44
6.22757	44
6.22917	44
6.23077	44
6.23237	44
6.23397	44
6.23558	44
6.23718	44
6.23878	44
6.24038	44
6.24198	44
6.24359	44
6.24519	44
6.24679	44
6.24839	44
6.24999	44
6.2516	44
6.2532	44
6.2548	44
6.2564	44
6.25801	44
6.25961	44
6.26121	44
6.26281	44
6.26441	44
6.26602	44
6.26762	44
6.26922	44
6.27082	44
6.27242	44
6.27403	44
6.27563	44
6.27723	44
6.27883	44
6.28044	44
6.28204	44
6.28364	44
6.28524	44
6.28684	44
6.28845	44
6.29005	44
6.29165	44
6.29325	44
6.29485	44
6.29646	44
6.29806	44
6.29966	44
6.30126	44
6.30287	44
6.30447	44
6.30607	44
6.30767	44
6.30927	44
6.31088	44
6.31248	44
6.31408	44
6.31568	44
6.31728	44
6.31889	44
6.32049	44
6.32209	44
6.32369	44
6.3253	44
6.3269	44
6.3285	44
6.3301	44
6.3317	44
6.33331	44
6.33491	44
6.33651	44
6.33811	44
6.33971	44
6.34132	44
6.34292	44
6.34452	44
6.34612	44
6.34773	44
6.34933	44
6.35093	44
6.35253	44
6.35413	44
6.35574	44
6.35734	44
6.35894	44
6.36054	44
6.36214	44
6.36375	44
6.36535	44
6.36695	44
6.36855	44
6.37016	44
6.37176	44
6.37336	44
6.37496	44
6.37656	44
6.37817	44
6.37977	44
6.38137	44
6.38297	44
6.38457	44
6.38618	44
6.38778	44
6.38938	44
6.39098	44
6.39258	44
6.39419	44
6.39579	44
6.39739	44
6.39899	44
6.4006	44
6.4022	44
6.4038	44
6.4054	44
6.407	44
6.40861	44
6.41021	44
6.41181	44
6.41341	44
6.41501	44
6.41662	44
6.41822	44
6.41982	44
6.42142	44
6.42303	44
6.42463	44
6.42623	44
6.42783	44
6.42943	44
6.43104	44
6.43264	44
6.43424	44
6.43584	44
6.43744	44
6.43905	44
6.44065	44
6.44225	44
6.44385	44
6.44546	44
6.44706	44
6.44866	44
6.45026	44
6.45186	44
6.45347	44
6.45507	44
6.45667	44
6.45827	44
6.45987	44
6.46148	44
6.46308	44
6.46468	44
6.46628	44
6.46789	44
6.46949	44
6.47109	44
6.47269	44
6.47429	44
6.4759	44
6.4775	44
6.4791	44
6.4807	44
6.4823	44
6.48391	44
6.48551	44
6.48711	44
6.48871	44
6.49032	44
6.49192	44
6.49352	44
6.49512	44
6.49672	44
6.49833	44
6.49993	44
6.50153	44
6.50313	44
6.50473	44
6.50634	44
6.50794	44
6.50954	44
6.51114	44
6.51274	44
6.51435	44
6.51595	44
6.51755	44
6.51915	44
6.52076	44
6.52236	44
6.52396	44
6.52556	44
6.52716	44
6.52877	44
6.53037	44
6.53197	44
6.53357	44
6.53517	44
6.53678	44
6.53838	44
6.53998	44
6.54158	44
6.54319	44
6.54479	44
6.54639	44
6.54799	44
6.54959	44
6.5512	44
6.5528	44
6.5544	44
6.556	44
6.5576	44
6.55921	44
6.56081	44
6.56241	44
6.56401	44
6.56562	44
6.56722	44
6.56882	44
6.57042	44
6.57202	44
6.57363	44
6.57523	44
6.57683	44
6.57843	44
6.58003	44
6.58164	44
6.58324	44
6.58484	44
6.58644	44
6.58805	44
6.58965	44
6.59125	44
6.59285	44
6.59445	44
6.59606	44
6.59766	44
6.59926	44
6.60086	44
6.60246	44
6.60407	44
6.60567	44
6.60727	44
6.60887	44
6.61048	44
6.61208	44
6.61368	44
6.61528	44
6.61688	44
6.61849	44
6.62009	44
6.62169	44
6.62329	44
6.62489	44
6.6265	44
6.6281	44
6.6297	44
6.6313	44
6.63291	44
6.63451	44
6.63611	44
6.63771	44
6.63931	44
6.64092	44
6.64252	44
6.64412	44
6.64572	44
6.64732	44
6.64893	44
6.65053	44
6.65213	44
6.65373	44
6.65533	44
6.65694	44
6.65854	44
6.66014	44
6.66174	44
6.66335	44
6.66495	44
6.66655	44
6.66815	44
6.66975	44
6.67136	44
6.67296	44
6.67456	44
6.67616	44
6.67776	44
6.67937	44
6.68097	44
6.68257	44
6.68417	44
6.68578	44
6.68738	44
6.68898	44
6.69058	44
6.69218	44
6.69379	44
6.69539	44
6.69699	44
6.69859	44
6.70019	44
6.7018	44
6.7034	44
6.705	44
6.7066	44
6.70821	44
6.70981	44
6.71141	44
6.71301	44
6.71461	44
6.71622	44
6.71782	44
6.71942	44
6.72102	44
6.72262	44
6.72423	44
6.72583	44
6.72743	44
6.72903	44
6.73064	44
6.73224	44
6.73384	44
6.73544	44
6.73704	44
6.73865	44
6.74025	44
6.74185	44
6.74345	44
6.74505	44
6.74666	44
6.74826	44
6.74986	44
6.75146	44
6.75307	44
6.75467	44
6.75627	44
6.75787	44
6.75947	44
6.76108	44
6.76268	44
6.76428	44
6.76588	44
6.76748	44
6.76909	44
6.77069	44
6.77229	44
6.77389	44
6.77549	44
6.7771	44
6.7787	44
6.7803	44
6.7819	44
6.78351	44
6.78511	44
6.78671	44
6.78831	44
6.78991	44
6.79152	44
6.79312	44
6.79472	44
6.79632	44
6.79792	44
6.79953	44
6.80113	44
6.80273	44
6.80433	44
6.80594	44
6.80754	44
6.80914	44
6.81074	44
6.81234	44
6.81395	44
6.81555	44
6.81715	44
6.81875	44
6.82035	44
6.82196	44
6.82356	44
6.82516	44
6.82676	44
6.82837	44
6.82997	44
6.83157	44
6.83317	44
6.83477	44
6.83638	44
6.83798	44
6.83958	44
6.84118	44
6.84278	44
6.84439	44
6.84599	44
6.84759	44
6.84919	44
6.8508	44
6.8524	44
6.854	44
6.8556	44
6.8572	44
6.85881	44
6.86041	44
6.86201	44
6.86361	44
6.86521	44
6.86682	44
6.86842	44
6.87002	44
6.87162	44
6.87323	44
6.87483	44
6.87643	44
6.87803	44
6.87963	44
6.88124	44
6.88284	44
6.88444	44
6.88604	44
6.88764	44
6.88925	44
6.89085	44
6.89245	44
6.89405	44
6.89565	44
6.89726	44
6.89886	44
6.90046	44
6.90206	44
6.90367	44
6.90527	44
6.90687	44
6.90847	44
6.91007	44
6.91168	44
6.91328	44
6.91488	44
6.91648	44
6.91808	44
6.91969	44
6.92129	44
6.92289	44
6.92449	44
6.9261	44
6.9277	44
6.9293	44
6.9309	44
6.9325	44
6.93411	44
6.93571	44
6.93731	44
6.93891	44
6.94051	44
6.94212	44
6.94372	44
6.94532	44
6.94692	44
6.94853	44
6.95013	44
6.95173	44
6.95333	44
6.95493	44
6.95654	44
6.95814	44
6.95974	44
6.96134	44
6.96294	44
6.96455	44
6.96615	44
6.96775	44
6.96935	44
6.97096	44
6.97256	44
6.97416	44
6.97576	44
6.97736	44
6.97897	44
6.98057	44
6.98217	44
6.98377	44
6.98537	44
6.98698	44
6.98858	44
6.99018	44
6.99178	44
6.99339	44
6.99499	44
6.99659	44
6.99819	44
6.99979	44
7.0014	44
7.003	44
7.0046	44
7.0062	44
7.0078	44
7.00941	44
7.01101	44
7.01261	44
7.01421	44
7.01582	44
7.01742	44
7.01902	44
7.02062	44
7.02222	44
7.02383	44
7.02543	44
7.02703	44
7.02863	44
7.03023	44
7.03184	44
7.03344	44
7.03504	44
7.03664	44
7.03824	44
7.03985	44
7.04145	44
7.04305	44
7.04465	44
7.04626	44
7.04786	44
7.04946	44
7.05106	44
7.05266	44
7.05427	44
7.05587	44
7.05747	44
7.05907	44
7.06067	44
7.06228	44
7.06388	44
7.06548	44
7.06708	44
7.06869	44
7.07029	44
7.07189	44
7.07349	44
7.07509	44
7.0767	44
7.0783	44
7.0799	44
7.0815	44
7.0831	44
7.08471	44
7.08631	44
7.08791	44
7.08951	44
7.09112	44
7.09272	44
7.09432	44
7.09592	44
7.09752	44
7.09913	44
7.10073	44
7.10233	44
7.10393	44
7.10553	44
7.10714	44
7.10874	44
7.11034	44
7.11194	44
7.11355	44
7.11515	44
7.11675	44
7.11835	44
7.11995	44
7.12156	44
7.12316	44
7.12476	44
7.12636	44
7.12796	44
7.12957	44
7.13117	44
7.13277	44
7.13437	44
7.13598	44
7.13758	44
7.13918	44
7.14078	44
7.14238	44
7.14399	44
7.14559	44
7.14719	44
7.14879	44
7.15039	44
7.152	44
7.1536	44
7.1552	44
7.1568	44
7.1584	44
7.16001	44
7.16161	44
7.16321	44
7.16481	44
7.16642	44
7.16802	44
7.16962	44
7.17122	44
7.17282	44
7.17443	44
7.17603	44
7.17763	44
7.17923	44
7.18083	44
7.18244	44
7.18404	44
7.18564	44
7.18724	44
7.18885	44
7.19045	44
7.19205	44
7.19365	44
7.19525	44
7.19686	44
7.19846	44
7.20006	44
7.20166	44
7.20326	44
7.20487	44
7.20647	44
7.20807	44
7.20967	44
7.21128	44
7.21288	44
7.21448	44
7.21608	44
7.21768	44
7.21929	44
7.22089	44
7.22249	44
7.22409	44
7.22569	44
7.2273	44
7.2289	44
7.2305	44
7.2321	44
7.23371	44
7.23531	44
7.23691	44
7.23851	44
7.24011	44
7.24172	44
7.24332	44
7.24492	44
7.24652	44
7.24812	44
7.24973	44
7.25133	44
7.25293	44
7.25453	44
7.25614	44
7.25774	44
7.25934	44
7.26094	44
7.26254	44
7.26415	44
7.26575	44
7.26735	44
7.26895	44
7.27055	44
7.27216	44
7.27376	44
7.27536	44
7.27696	44
7.27857	44
7.28017	44
7.28177	44
7.28337	44
7.28497	44
7.28658	44
7.28818	44
7.28978	44
7.29138	44
7.29298	44
7.29459	44
7.29619	44
7.29779	44
7.29939	44
7.30099	44
7.3026	44
7.3042	44
7.3058	44
7.3074	44
7.30901	44
7.31061	44
7.31221	44
7.31381	44
7.31541	44
7.31702	44
7.31862	44
7.32022	44
7.32182	44
7.32342	44
7.32503	44
7.32663	44
7.32823	44
7.32983	44
7.33144	44
7.33304	44
7.33464	45
7.33624	45
7.33784	45
7.33945	45
7.34105	45
7.34265	45
7.34425	45
7.34585	45
7.34746	46
7.34906	46
7.35066	46
7.35226	46
7.35387	46
7.35547	46
7.35707	46
7.35867	46
7.36027	46
7.36188	46
7.36348	46
7.36508	46
7.36668	46
7.36828	46
7.36989	46
7.37149	46
7.37309	46
7.37469	46
7.3763	46
7.3779	46
7.3795	46
7.3811	46
7.3827	46
7.38431	46
7.38591	46
7.38751	46
7.38911	46
7.39071	46
7.39232	46
7.39392	46
7.39552	46
7.39712	46
7.39873	46
7.40033	46
7.40193	46
7.40353	46
7.40513	46
7.40674	46
7.40834	46
7.40994	46
7.41154	46
7.41314	46
7.41475	46
7.41635	46
7.41795	46
7.41955	46
7.42115	46
7.42276	46
7.42436	46
7.42596	46
7.42756	46
7.42917	46
7.43077	46
7.43237	46
7.43397	46
7.43557	46
7.43718	46
7.43878	46
7.44038	46
7.44198	46
7.44358	46
7.44519	46
7.44679	46
7.44839	46
7.44999	46
7.4516	46
7.4532	46
7.4548	46
7.4564	46
7.458	46
7.45961	46
7.46121	46
7.46281	46
7.46441	46
7.46601	46
7.46762	46
7.46922	46
7.47082	46
7.47242	46
7.47403	46
7.47563	46
7.47723	46
7.47883	46
7.48043	46
7.48204	46
7.48364	46
7.48524	46
7.48684	46
7.48844	46
7.49005	46
7.49165	46
7.49325	46
7.49485	46
7.49646	46
7.49806	46
7.49966	46
7.50126	46
7.50286	46
7.50447	46
7.50607	46
7.50767	46
7.50927	46
7.51087	46
7.51248	46
7.51408	46
7.51568	46
7.51728	46
7.51889	46
7.52049	46
7.52209	46
7.52369	46
7.52529	46
7.5269	46
7.5285	46
7.5301	46
7.5317	46
7.5333	46
7.53491	46
7.53651	46
7.53811	46
7.53971	46
7.54131	46
7.54292	46
7.54452	46
7.54612	46
7.54772	46
7.54933	46
7.55093	46
7.55253	46
7.55413	46
7.55573	46
7.55734	46
7.55894	46
7.56054	46
7.56214	46
7.56374	46
7.56535	46
7.56695	46
7.56855	46
7.57015	46
7.57176	46
7.57336	46
7.57496	46
7.57656	46
7.57816	46
7.57977	46
7.58137	46
7.58297	46
7.58457	46
7.58617	46
7.58778	46
7.58938	46
7.59098	46
7.59258	46
7.59419	46
7.59579	46
7.59739	46
7.59899	46
7.60059	46
7.6022	46
7.6038	46
7.6054	46
7.607	46
7.6086	46
7.61021	46
7.61181	46
7.61341	46
7.61501	46
7.61662	46
7.61822	46
7.61982	46
7.62142	46
7.62302	46
7.62463	46
7.62623	46
7.62783	46
7.62943	46
7.63103	46
7.63264	46
7.63424	46
7.63584	46
7.63744	46
7.63905	46
7.64065	46
7.64225	46
7.64385	46
7.64545	46
7.64706	46
7.64866	46
7.65026	46
7.65186	46
7.65346	46
7.65507	46
7.65667	46
7.65827	46
7.65987	46
7.66148	46
7.66308	46
7.66468	46
7.66628	46
7.66788	46
7.66949	46
7.67109	46
7.67269	46
7.67429	46
7.67589	46
7.6775	46
7.6791	46
7.6807	46
7.6823	46
7.6839	46
7.68551	46
7.68711	46
7.68871	46
7.69031	46
7.69192	46
7.69352	46
7.69512	46
7.69672	46
7.69832	46
7.69993	46
7.70153	46
7.70313	46
7.70473	46
7.70633	46
7.70794	46
7.70954	46
7.71114	46
7.71274	46
7.71435	46
7.71595	46
7.71755	46
7.71915	46
7.72075	46
7.72236	46
7.72396	46
7.72556	46
7.72716	46
7.72876	46
7.73037	46
7.73197	46
7.73357	46
7.73517	46
7.73678	46
7.73838	46
7.73998	46
7.74158	46
7.74318	46
7.74479	46
7.74639	46
7.74799	46
7.74959	46
7.75119	46
7.7528	46
7.7544	46
7.756	46
7.7576	46
7.75921	46
7.76081	46
7.76241	46
7.76401	46
7.76561	46
7.76722	46
7.76882	46
7.77042	46
7.77202	46
7.77362	46
7.77523	46
7.77683	46
7.77843	46
7.78003	46
7.78164	46
7.78324	46
7.78484	46
7.78644	46
7.78804	46
7.78965	46
7.79125	46
7.79285	46
7.79445	46
7.79605	46
7.79766	46
7.79926	46
7.80086	46
7.80246	46
7.80406	46
7.80567	46
7.80727	46
7.80887	46
7.81047	46
7.81208	46
7.81368	46
7.81528	46
7.81688	46
7.81848	46
7.82009	46
7.82169	46
7.82329	46
7.82489	46
7.82649	46
7.8281	46
7.8297	46
7.8313	46
7.8329	46
7.83451	46
7.83611	46
7.83771	46
7.83931	46
7.84091	46
7.84252	46
7.84412	46
7.84572	46
7.84732	46
7.84892	46
7.85053	46
7.85213	46
7.85373	46
7.85533	46
7.85694	46
7.85854	46
7.86014	46
7.86174	46
7.86334	46
7.86495	46
7.86655	46
7.86815	46
7.86975	46
7.87135	46
7.87296	46
7.87456	46
7.87616	46
7.87776	46
7.87937	46
7.88097	46
7.88257	46
7.88417	46
7.88577	46
7.88738	46
7.88898	46
7.89058	46
7.89218	46
7.89378	46
7.89539	46
7.89699	46
7.89859	46
7.90019	46
7.9018	46
7.9034	46
7.905	46
7.9066	46
7.9082	46
7.90981	46
7.91141	46
7.91301	46
7.91461	46
7.91621	46
7.91782	46
7.91942	46
7.92102	46
7.92262	46
7.92423	46
7.92583	46
7.92743	46
7.92903	46
7.93063	46
7.93224	46
7.93384	46
7.93544	46
7.93704	46
7.93864	47
7.94025	47
7.94185	47
7.94345	47
7.94505	47
7.94665	47
7.94826	47
7.94986	47
7.95146	47
7.95306	47
7.95467	47
7.95627	47
7.95787	47
7.95947	47
7.96107	47
7.96268	47
7.96428	47
7.96588	47
7.96748	47
7.96908	47
7.97069	47
7.97229	47
7.97389	47
7.97549	47
7.9771	47
7.9787	47
7.9803	47
7.9819	47
7.9835	47
7.98511	47
7.98671	47
7.98831	47
7.98991	47
7.99151	47
7.99312	47
7.99472	47
7.99632	47
7.99792	47
7.99953	47
8.00113	47
8.00273	47
8.00433	47
8.00593	47
8.00754	47
8.00914	47
8.01074	47
8.01234	47
8.01394	47
8.01555	47
8.01715	47
8.01875	47
8.02035	47
8.02196	47
8.02356	47
8.02516	47
8.02676	47
8.02836	47
8.02997	47
8.03157	47
8.03317	47
8.03477	47
8.03637	47
8.03798	47
8.03958	47
8.04118	47
8.04278	47
8.04439	47
8.04599	47
8.04759	47
8.04919	47
8.05079	47
8.0524	47
8.054	47
8.0556	47
8.0572	47
8.0588	47
8.06041	47
8.06201	48
8.06361	48
8.06521	48
8.06681	48
8.06842	48
8.07002	48
8.07162	48
8.07322	48
8.07483	48
8.07643	48
8.07803	48
8.07963	48
8.08123	48
8.08284	48
8.08444	48
8.08604	48
8.08764	48
8.08924	48
8.09085	48
8.09245	48
8.09405	48
8.09565	48
8.09726	48
8.09886	48
8.10046	48
8.10206	48
8.10366	48
8.10527	48
8.10687	48
8.10847	48
8.11007	48
8.11167	48
8.11328	48
8.11488	48
8.11648	48
8.11808	48
8.11969	48
8.12129	48
8.12289	48
8.12449	48
8.12609	48
8.1277	48
8.1293	48
8.1309	48
8.1325	48
8.1341	48
8.13571	48
8.13731	48
8.13891	48
8.14051	48
8.14212	48
8.14372	48
8.14532	48
8.14692	48
8.14852	48
8.15013	48
8.15173	48
8.15333	48
8.15493	48
8.15653	48
8.15814	48
8.15974	48
8.16134	48
8.16294	48
8.16455	48
8.16615	48
8.16775	48
8.16935	48
8.17095	48
8.17256	48
8.17416	48
8.17576	48
8.17736	48
8.17896	48
8.18057	48
8.18217	48
8.18377	48
8.18537	48
8.18697	48
8.18858	48
8.19018	48
8.19178	48
8.19338	48
8.19499	48
8.19659	48
8.19819	48
8.19979	48
8.20139	48
8.203	48
8.2046	48
8.2062	48
8.2078	48
8.2094	48
8.21101	48
8.21261	48
8.21421	48
8.21581	48
8.21742	48
8.21902	48
8.22062	48
8.22222	48
8.22382	48
8.22543	48
8.22703	48
8.22863	48
8.23023	48
8.23183	48
8.23344	48
8.23504	48
8.23664	48
8.23824	48
8.23985	48
8.24145	48
8.24305	48
8.24465	48
8.24625	48
8.24786	48
8.24946	48
8.25106	48
8.25266	48
8.25426	48
8.25587	48
8.25747	48
8.25907	48
8.26067	48
8.26228	48
8.26388	48
8.26548	48
8.26708	48
8.26868	48
8.27029	48
8.27189	48
8.27349	48
8.27509	48
8.27669	48
8.2783	48
8.2799	48
8.2815	48
8.2831	48
8.28471	48
8.28631	48
8.28791	48
8.28951	48
8.29111	48
8.29272	48
8.29432	48
8.29592	48
8.29752	48
8.29912	48
8.30073	48
8.30233	48
8.30393	48
8.30553	48
8.30714	48
8.30874	48
8.31034	48
8.31194	48
8.31354	49
8.31515	49
8.31675	49
8.31835	49
8.31995	49
8.32155	49
8.32316	49
8.32476	49
8.32636	49
8.32796	49
8.32956	49
8.33117	49
8.33277	49
8.33437	49
8.33597	49
8.33758	49
8.33918	49
8.34078	49
8.34238	49
8.34398	49
8.34559	49
8.34719	49
8.34879	49
8.35039	49
8.35199	49
8.3536	49
8.3552	49
8.3568	49
8.3584	49
8.36001	49
8.36161	49
8.36321	49
8.36481	49
8.36641	49
8.36802	49
8.36962	49
8.37122	49
8.37282	49
8.37442	49
8.37603	49
8.37763	49
8.37923	49
8.38083	49
8.38244	49
8.38404	49
8.38564	49
8.38724	49
8.38884	49
8.39045	49
8.39205	49
8.39365	49
8.39525	49
8.39685	49
8.39846	49
8.40006	49
8.40166	49
8.40326	49
8.40487	49
8.40647	49
8.40807	49
8.40967	49
8.41127	49
8.41288	49
8.41448	49
8.41608	49
8.41768	49
8.41928	49
8.42089	49
8.42249	49
8.42409	49
8.42569	49
8.4273	49
8.4289	49
8.4305	49
8.4321	49
8.4337	49
8.43531	49
8.43691	49
8.43851	49
8.44011	49
8.44171	49
8.44332	49
8.44492	49
8.44652	49
8.44812	49
8.44972	49
8.45133	49
8.45293	49
8.45453	49
8.45613	49
8.45774	49
8.45934	49
8.46094	49
8.46254	49
8.46414	49
8.46575	49
8.46735	49
8.46895	49
8.47055	49
8.47215	49
8.47376	49
8.47536	49
8.47696	49
8.47856	49
8.48017	49
8.48177	49
8.48337	49
8.48497	49
8.48657	49
8.48818	49
8.48978	49
8.49138	49
8.49298	49
8.49458	49
8.49619	49
8.49779	49
8.49939	49
8.50099	49
8.5026	49
8.5042	49
8.5058	49
8.5074	49
8.509	49
8.51061	49
8.51221	49
8.51381	49
8.51541	49
8.51701	49
8.51862	49
8.52022	49
8.52182	49
8.52342	49
8.52503	49
8.52663	49
8.52823	49
8.52983	49
8.53143	49
8.53304	49
8.53464	49
8.53624	49
8.53784	49
8.53944	49
8.54105	49
8.54265	49
8.54425	49
8.54585	49
8.54746	49
8.54906	49
8.55066	49
8.55226	49
8.55386	49
8.55547	49
8.55707	49
8.55867	49
8.56027	49
8.56187	49
8.56348	49
8.56508	49
8.56668	49
8.56828	49
8.56989	49
8.57149	49
8.57309	49
8.57469	49
8.57629	49
8.5779	49
8.5795	49
8.5811	50
8.5827	50
8.5843	50
8.58591	50
8.58751	50
8.58911	50
8.59071	50
8.59231	50
8.59392	50
8.59552	50
8.59712	50
8.59872	50
8.60033	50
8.60193	50
8.60353	50
8.60513	51
8.60673	51
8.60834	51
8.60994	51
8.61154	51
8.61314	51
8.61474	51
8.61635	51
8.61795	51
8.61955	51
8.62115	51
8.62276	51
8.62436	51
8.62596	51
8.62756	51
8.62916	51
8.63077	51
8.63237	51
8.63397	51
8.63557	51
8.63717	51
8.63878	51
8.64038	51
8.64198	51
8.64358	51
8.64519	51
8.64679	51
8.64839	51
8.64999	51
8.65159	51
8.6532	51
8.6548	51
8.6564	51
8.658	51
8.6596	51
8.66121	51
8.66281	51
8.66441	51
8.66601	51
8.66762	51
8.66922	51
8.67082	51
8.67242	51
8.67402	51
8.67563	51
8.67723	51
8.67883	51
8.68043	51
8.68203	51
8.68364	51
8.68524	51
8.68684	51
8.68844	51
8.69005	51
8.69165	51
8.69325	51
8.69485	51
8.69645	51
8.69806	51
8.69966	51
8.70126	51
8.70286	51
8.70446	51
8.70607	51
8.70767	51
8.70927	51
8.71087	51
8.71247	51
8.71408	51
8.71568	51
8.71728	51
8.71888	51
8.72049	51
8.72209	51
8.72369	51
8.72529	51
8.72689	51
8.7285	51
8.7301	51
8.7317	51
8.7333	51
8.7349	51
8.73651	51
8.73811	51
8.73971	51
8.74131	51
8.74292	51
8.74452	51
8.74612	51
8.74772	51
8.74932	51
8.75093	51
8.75253	51
8.75413	51
8.75573	51
8.75733	51
8.75894	51
8.76054	51
8.76214	51
8.76374	51
8.76535	51
8.76695	51
8.76855	51
8.77015	51
8.77175	51
8.77336	51
8.77496	51
8.77656	51
8.77816	51
8.77976	51
8.78137	51
8.78297	51
8.78457	51
8.78617	51
8.78778	51
8.78938	51
8.79098	51
8.79258	51
8.79418	51
8.79579	51
8.79739	51
8.79899	51
8.80059	51
8.80219	51
8.8038	51
8.8054	51
8.807	51
8.8086	51
8.81021	51
8.81181	51
8.81341	52
8.81501	52
8.81661	52
8.81822	52
8.81982	52
8.82142	52
8.82302	52
8.82462	52
8.82623	52
8.82783	52
8.82943	52
8.83103	52
8.83263	52
8.83424	52
8.83584	52
8.83744	52
8.83904	52
8.84065	52
8.84225	52
8.84385	52
8.84545	52
8.84705	52
8.84866	52
8.85026	52
8.85186	52
8.85346	52
8.85506	52
8.85667	52
8.85827	52
8.85987	52
8.86147	52
8.86308	52
8.86468	52
8.86628	52
8.86788	52
8.86948	52
8.87109	52
8.87269	52
8.87429	52
8.87589	52
8.87749	52
8.8791	52
8.8807	52
8.8823	52
8.8839	52
8.88551	52
8.88711	52
8.88871	52
8.89031	52
8.89191	52
8.89352	52
8.89512	52
8.89672	52
8.89832	52
8.89992	52
8.90153	52
8.90313	52
8.90473	52
8.96241	52
8.96401	52
8.96561	52
8.96721	51
8.96882	51
8.97042	50
8.97202	50
8.97362	49
8.97522	49
8.97683	48
8.97781	47
8.99624	46
8.99784	45
8.99944	44
9.00104	44
9.00264	44
9.00425	44
9.00585	44
9.00745	44
9.00905	45
9.01065	46
9.01226	47
9.01386	47
9.01546	48
9.01706	49
9.01866	50
9.02027	50
9.02187	51
9.02347	51
9.02507	52
9.02668	52
9.02828	52
9.02988	52
9.03148	53
9.03308	53
9.03469	51
9.03629	49
9.03789	48
9.03949	47
9.04109	46
9.0427	45
9.0443	44
9.0459	43
9.0475	42
9.04911	42
9.05071	41
9.05231	41
9.05391	41
9.05551	40
9.05712	40
9.05872	40
9.06032	40
9.06192	39
9.06352	39
9.06513	39
9.06673	39
9.06833	39
9.06993	39
9.07154	38
9.07314	38
9.07474	38
9.07634	38
9.07794	38
9.07955	38
9.08115	38
9.08275	38
9.08435	38
9.08595	38
9.08756	38
9.08916	38
9.09076	38
9.09236	38
9.09397	38
9.09557	38
9.09717	38
9.09877	38
9.10037	38
9.10198	38
9.10358	38
9.10518	38
9.10678	38
9.10838	38
9.10999	38
9.11159	38
9.11319	38
9.11479	38
9.1164	38
9.118	38
9.1196	38
9.1212	38
9.1228	38
9.12441	38
9.12601	39
9.12761	39
9.12921	39
9.13081	39
9.13242	39
9.13402	39
9.13562	39
9.13722	39
9.13882	39
9.14043	39
9.14203	39
9.14363	39
9.14523	39
9.14684	39
9.14844	39
9.15004	40
9.15164	40
9.15324	40
9.15485	40
9.15645	40
9.15805	40
9.15965	40
9.16125	40
9.16286	40
9.16446	40
9.16606	40
9.16766	40
9.16927	40
9.17087	40
9.17247	40
9.17407	40
9.17567	40
9.17728	40
9.17888	40
9.18048	40
9.18208	40
9.18368	40
9.18529	40
9.18689	40
9.18849	40
9.19009	40
9.1917	40
9.1933	40
9.1949	40
9.1965	40
9.1981	40
9.19971	40
9.20131	40
9.20291	40
9.20451	40
9.20611	40
9.20772	40
9.20932	40
9.21092	40
9.21252	40
9.21413	40
9.21573	40
9.21733	40
9.21893	40
9.22053	40
9.22214	40
9.22374	40
9.22534	40
9.22694	40
9.22854	40
9.23015	40
9.23175	40
9.23335	40
9.23495	40
9.23656	40
9.23816	40
9.23976	40
9.24136	40
9.24296	40
9.24457	40
9.24617	40
9.24777	40
9.24937	40
9.25097	40
9.25258	40
9.25418	40
9.25578	40
9.25738	40
9.25899	40
9.26059	40
9.26219	40
9.26379	40
9.26539	40
9.267	40
9.2686	40
9.2702	40
9.2718	40
9.2734	41
9.27501	41
9.27661	41
9.27821	41
9.27981	41
9.28141	41
9.28302	41
9.28462	41
9.28622	41
9.28782	41
9.28943	41
9.29103	41
9.29263	41
9.29423	41
9.29583	41
9.29744	41
9.29904	41
9.30064	41
9.30224	41
9.30384	41
9.30545	41
9.30705	41
9.30865	41
9.31025	41
9.31186	41
9.31346	41
9.31506	41
9.31666	41
9.31826	41
9.31987	41
9.32147	41
9.32307	41
9.32467	41
9.32627	41
9.32788	41
9.32948	41
9.33108	41
9.33268	41
9.33429	41
9.33589	41
9.33749	41
9.33909	41
9.34069	41
9.3423	41
9.3439	41
9.3455	41
9.3471	41
9.3487	41
9.35031	41
9.35191	41
9.35351	41
9.35511	41
9.35672	41
9.35832	41
9.35992	41
9.36152	41
9.36312	41
9.36473	41
9.36633	41
9.36793	41
9.36953	41
9.37113	41
9.37274	41
9.37434	41
9.37594	41
9.37754	41
9.37915	41
9.38075	41
9.38235	41
9.38395	41
9.38555	41
9.38716	41
9.38876	41
9.39036	41
9.39196	41
9.39356	41
9.39517	41
9.39677	41
9.39837	41
9.39997	41
9.40157	41
9.40318	41
9.40478	41
9.40638	41
9.40798	41
9.40959	41
9.41119	41
9.41279	41
9.41439	41
9.41599	42
9.4176	42
9.4192	42
9.4208	42
9.4224	42
9.424	42
9.42561	42
9.42721	42
9.42881	42
9.43041	42
9.43202	43
9.43362	43
9.43522	43
9.43682	43
9.43842	43
9.44003	43
9.44163	43
9.44323	43
9.44483	43
9.44643	43
9.44804	43
9.44964	43
9.45124	43
9.45284	43
9.45445	43
9.45605	43
9.45765	43
9.45925	43
9.46085	43
9.46246	43
9.46406	43
9.46566	43
9.46726	43
9.46886	43
9.47047	43
9.47207	43
9.47367	43
9.47527	43
9.47688	43
9.47848	43
9.48008	43
9.48168	43
9.48328	43
9.48489	43
9.48649	43
9.48809	43
9.48969	43
9.49129	43
9.4929	43
9.4945	43
9.4961	43
9.4977	43
9.49931	43
9.50091	43
9.50251	43
9.50411	43
9.50571	43
9.50732	43
9.50892	43
9.51052	43
9.51212	43
9.51372	43
9.51533	43
9.51693	43
9.51853	43
9.52013	43
9.52174	43
9.52334	43
9.52494	43
9.52654	43
9.52814	43
9.52975	43
9.53135	43
9.53295	43
9.53455	43
9.53615	43
9.53776	43
9.53936	43
9.54096	43
9.54256	43
9.54416	43
9.54577	43
9.54737	43
9.54897	43
9.55057	43
9.55218	43
9.55378	43
9.55538	43
9.55698	43
9.55858	43
9.56019	43
9.56179	43
9.56339	43
9.56499	43
9.56659	43
9.5682	43
9.5698	43
9.5714	43
9.573	43
9.57461	43
9.57621	43
9.57781	43
9.57941	43
9.58101	43
9.58262	44
9.58422	44
9.58582	44
9.58742	44
9.58902	44
9.59063	44
9.59223	44
9.59383	44
9.59543	44
9.59704	44
9.59864	44
9.60024	44
9.60184	44
9.60344	44
9.60505	44
9.60665	44
9.60825	44
9.60985	44
9.61145	44
9.61306	44
9.61466	44
9.61626	44
9.61786	44
9.61947	44
9.62107	44
9.62267	44
9.62427	44
9.62587	44
9.62748	44
9.62908	44
9.63068	44
9.63228	44
9.63388	44
9.63549	44
9.63709	44
9.63869	44
9.64029	44
9.6419	44
9.6435	44
9.6451	44
9.6467	44
9.6483	44
9.64991	44
9.65151	44
9.65311	44
9.65471	44
9.65631	44
9.65792	44
9.65952	44
9.66112	44
9.66272	44
9.66432	44
9.66593	44
9.66753	44
9.66913	44
9.67073	44
9.67234	44
9.67394	44
9.67554	44
9.67714	44
9.67874	44
9.68035	44
9.68195	44
9.68355	44
9.68515	44
9.68675	44
9.68836	44
9.68996	44
9.69156	44
9.69316	44
9.69477	44
9.69637	44
9.69797	44
9.69957	44
9.70117	44
9.70278	44
9.70438	44
9.70598	44
9.70758	44
9.70918	44
9.71079	44
9.71239	44
9.71399	44
9.71559	44
9.7172	44
9.7188	44
9.7204	44
9.722	44
9.7236	44
9.72521	44
9.72681	44
9.72841	44
9.73001	44
9.73161	44
9.73322	44
9.73482	44
9.73642	44
9.73802	44
9.73963	44
9.74123	44
9.74283	44
9.74443	44
9.74603	44
9.74764	44
9.74924	44
9.75084	44
9.75244	44
9.75404	44
9.75565	44
9.75725	44
9.75885	44
9.76045	44
9.76206	45
9.76366	45
9.76526	45
9.76686	45
9.76846	45
9.77007	45
9.77167	45
9.77327	45
9.77487	45
9.77647	45
9.77808	46
9.77968	46
9.78128	46
9.78288	46
9.78448	46
9.78609	46
9.78769	46
9.78929	46
9.79089	46
9.7925	46
9.7941	46
9.7957	46
9.7973	46
9.7989	46
9.80051	46
9.80211	46
9.80371	46
9.80531	46
9.80691	46
9.80852	46
9.81012	46
9.81172	46
9.81332	46
9.81493	46
9.81653	46
9.81813	46
9.81973	46
9.82133	46
9.82294	46
9.82454	46
9.82614	46
9.82774	46
9.82934	46
9.83095	46
9.83255	46
9.83415	46
9.83575	46
9.83736	46
9.83896	46
9.84056	46
9.84216	46
9.84376	46
9.84537	46
9.84697	46
9.84857	46
9.85017	46
9.85177	46
9.85338	46
9.85498	46
9.85658	46
9.85818	46
9.85979	46
9.86139	46
9.86299	46
9.86459	46
9.86619	46
9.8678	46
9.8694	46
9.871	46
9.8726	46
9.8742	46
9.87581	46
9.87741	46
9.87901	46
9.88061	46
9.88222	46
9.88382	46
9.88542	46
9.88702	46
9.88862	46
9.89023	46
9.89183	46
9.89343	46
9.89503	46
9.89663	46
9.89824	46
9.89984	46
9.90144	46
9.90304	46
9.90465	46
9.90625	46
9.90785	46
9.90945	46
9.91105	46
9.91266	46
9.91426	46
9.91586	46
9.91746	46
9.91906	46
9.92067	46
9.92227	46
9.92387	46
9.92547	46
9.92707	46
9.92868	46
9.93028	46
9.93188	46
9.93348	46
9.93509	46
9.93669	46
9.93829	46
9.93989	46
9.94149	46
9.9431	46
9.9447	46
9.9463	46
9.9479	46
9.9495	46
9.95111	46
9.95271	46
9.95431	46
9.95591	46
9.95752	46
9.95912	46
9.96072	46
9.96232	46
9.96392	46
9.96553	46
9.96713	46
9.96873	46
9.97033	46
9.97193	46
9.97354	46
9.97514	46
9.97674	46
9.97834	47
9.97995	47
9.98155	47
9.98315	47
9.98475	47
9.98635	47
9.98796	47
9.98956	47
9.99116	47
9.99276	47
9.99436	47
9.99597	47
9.99757	47
9.99917	47
10.0008	47
10.0024	47
10.004	47
10.0056	47
10.0072	47
10.0088	47
10.0104	47
10.012	47
10.0136	47
10.0152	47
10.0168	47
10.0184	47
10.02	47
10.0216	47
10.0232	47
10.0248	47
10.0264	47
10.028	48
10.0296	48
10.0312	48
10.0328	48
10.0344	48
10.036	48
10.0376	48
10.0392	48
10.0408	48
10.0424	48
10.044	48
10.0456	48
10.0472	48
10.0488	48
10.0504	48
10.052	48
10.0536	48
10.0552	48
10.0568	48
10.0584	48
10.0601	48
10.0617	48
10.0633	48
10.0649	48
10.0665	48
10.0681	48
10.0697	48
10.0713	48
10.0729	48
10.0745	48
10.0761	48
10.0777	48
10.0793	48
10.0809	48
10.0825	48
10.0841	48
10.0857	48
10.0873	48
10.0889	48
10.0905	48
10.0921	48
10.0937	48
10.0953	48
10.0969	48
10.0985	48
10.1001	48
10.1017	48
10.1033	48
10.1049	48
10.1065	48
10.1081	48
10.1097	48
10.1113	48
10.1129	48
10.1145	48
10.1161	48
10.1177	48
10.1193	48
10.1209	48
10.1225	48
10.1241	48
10.1257	48
10.1273	48
10.1289	48
10.1305	48
10.1321	48
10.1338	48
10.1354	48
10.137	48
10.1386	48
10.1402	48
10.1418	48
10.1434	48
10.145	48
10.1466	48
10.1482	48
10.1498	48
10.1514	48
10.153	48
10.1546	48
10.1562	48
10.1578	48
10.1594	48
10.161	48
10.1626	48
10.1642	48
10.1658	48
10.1674	48
10.169	48
10.1706	48
10.1722	48
10.1738	48
10.1754	48
10.177	48
10.1786	48
10.1802	48
10.1818	48
10.1834	48
10.185	48
10.1866	48
10.1882	48
10.1898	48
10.1914	48
10.193	48
10.1946	48
10.1962	48
10.1978	48
10.1994	48
10.201	48
10.2026	48
10.2042	48
10.2058	48
10.2074	48
10.2091	48
10.2107	48
10.2123	48
10.2139	48
10.2155	48
10.2171	48
10.2187	48
10.2203	48
10.2219	48
10.2235	48
10.2251	48
10.2267	48
10.2283	48
10.2299	48
10.2315	48
10.2331	49
10.2347	49
10.2363	49
10.2379	49
10.2395	49
10.2411	49
10.2427	49
10.2443	49
10.2459	49
10.2475	49
10.2491	49
10.2507	49
10.2523	49
10.2539	49
10.2555	49
10.2571	49
10.2587	49
10.2603	49
10.2619	49
10.2635	49
10.2651	49
10.2667	49
10.2683	49
10.2699	49
10.2715	49
10.2731	49
10.2747	49
10.2763	49
10.2779	49
10.2795	49
10.2811	49
10.2827	49
10.2844	49
10.286	49
10.2876	49
10.2892	49
10.2908	49
10.2924	49
10.294	49
10.2956	49
10.2972	49
10.2988	49
10.3004	49
10.302	49
10.3036	49
10.3052	49
10.3068	49
10.3084	49
10.31	49
10.3116	49
10.3132	49
10.3148	49
10.3164	49
10.318	49
10.3196	49
10.3212	49
10.3228	49
10.3244	49
10.326	49
10.3276	49
10.3292	49
10.3308	49
10.3324	49
10.334	49
10.3356	49
10.3372	49
10.3388	49
10.3404	49
10.342	49
10.3436	49
10.3452	49
10.3468	49
10.3484	49
10.35	49
10.3516	49
10.3532	49
10.3548	49
10.3564	49
10.358	49
10.3597	49
10.3613	49
10.3629	49
10.3645	49
10.3661	49
10.3677	49
10.3693	49
10.3709	49
10.3725	49
10.3741	49
10.3757	49
10.3773	49
10.3789	49
10.3805	49
10.3821	49
10.3837	49
10.3853	49
10.3869	49
10.3885	49
10.3901	49
10.3917	49
10.3933	49
10.3949	49
10.3965	49
10.3981	49
10.3997	49
10.4013	49
10.4029	49
10.4045	49
10.4061	49
10.4077	49
10.4093	49
10.4109	49
10.4125	49
10.4141	49
10.4157	49
10.4173	49
10.4189	49
10.4205	49
10.4221	49
10.4237	49
10.4253	49
10.4269	49
10.4285	49
10.4301	49
10.4317	49
10.4333	49
10.435	49
10.4366	49
10.4382	49
10.4398	49
10.4414	49
10.443	49
10.4446	49
10.4462	49
10.4478	49
10.4494	49
10.451	49
10.4526	49
10.4542	49
10.4558	49
10.4574	49
10.459	49
10.4606	49
10.4622	49
10.4638	49
10.4654	49
10.467	49
10.4686	49
10.4702	49
10.4718	49
10.4734	49
10.475	49
10.4766	49
10.4782	49
10.4798	49
10.4814	49
10.483	49
10.4846	49
10.4862	49
10.4878	49
10.4894	49
10.491	49
10.4926	49
10.4942	49
10.4958	49
10.4974	49
10.499	49
10.5006	49
10.5022	49
10.5038	49
10.5054	49
10.507	49
10.5086	49
10.5103	49
10.5119	49
10.5135	49
10.5151	49
10.5167	49
10.5183	49
10.5199	49
10.5215	49
10.5231	49
10.5247	49
10.5263	49
10.5279	49
10.5295	49
10.5311	49
10.5327	49
10.5343	49
10.5359	49
10.5375	49
10.5391	50
10.5407	50
10.5423	50
10.5439	50
10.5455	50
10.5471	50
10.5487	50
10.5503	50
10.5519	50
10.5535	50
10.5551	50
10.5567	50
10.5583	50
10.5599	50
10.5615	50
10.5631	51
10.5647	51
10.5663	51
10.5679	51
10.5695	51
10.5711	51
10.5727	51
10.5743	51
10.5759	51
10.5775	51
10.5791	51
10.5807	51
10.5823	51
10.5839	51
10.5856	51
10.5872	51
10.5888	51
10.5904	51
10.592	51
10.5936	51
10.5952	51
10.5968	51
10.5984	51
10.6	51
10.6016	51
10.6032	51
10.6048	51
10.6064	51
10.608	51
10.6096	51
10.6112	51
10.6128	51
10.6144	51
10.616	51
10.6176	51
10.6192	51
10.6208	51
10.6224	51
10.624	51
10.6256	51
10.6272	51
10.6288	51
10.6304	51
10.632	51
10.6336	51
10.6352	51
10.6368	51
10.6384	51
10.64	51
10.6416	51
10.6432	51
10.6448	51
10.6464	51
10.648	51
10.6496	51
10.6512	51
10.6528	51
10.6544	51
10.656	51
10.6576	51
10.6593	51
10.6609	51
10.6625	51
10.6641	51
10.6657	51
10.6673	51
10.6689	51
10.6705	51
10.6721	51
10.6737	51
10.6753	51
10.6769	51
10.6785	51
10.6801	51
10.6817	51
10.6833	51
10.6849	51
10.6865	51
10.6881	51
10.6897	51
10.6913	51
10.6929	51
10.6945	51
10.6961	51
10.6977	51
10.6993	51
10.7009	51
10.7025	51
10.7041	51
10.7057	51
10.7073	51
10.7089	51
10.7105	51
10.7121	51
10.7137	51
10.7153	51
10.7169	51
10.7185	51
10.7201	51
10.7217	51
10.7233	51
10.7249	51
10.7265	51
10.7281	51
10.7297	51
10.7313	51
10.7329	51
10.7346	51
10.7362	51
10.7378	51
10.7394	51
10.741	51
10.7426	51
10.7442	51
10.7458	51
10.7474	51
10.749	51
10.7506	51
10.7522	51
10.7538	51
10.7554	51
10.757	51
10.7586	51
10.7602	51
10.7618	51
10.7634	51
10.765	51
10.7666	51
10.7682	51
10.7698	51
10.7714	51
10.773	51
10.7746	51
10.7762	51
10.7778	51
10.7794	51
10.781	51
10.7826	51
10.7842	51
10.7858	51
10.7874	51
10.789	51
10.7906	51
10.7922	51
10.7938	51
10.7954	51
10.797	51
10.7986	51
10.8002	51
10.8018	51
10.8034	51
10.805	51
10.8066	51
10.8082	51
10.8099	51
10.8115	51
10.8131	51
10.8147	51
10.8163	51
10.8179	51
10.8195	51
10.8211	51
10.8227	51
10.8243	51
10.8259	51
10.8275	51
10.8291	51
10.8307	51
10.8323	51
10.8339	51
10.8355	51
10.8371	51
10.8387	51
10.8403	51
10.8419	51
10.8435	51
10.8451	51
10.8467	51
10.8483	51
10.8499	51
10.8515	51
10.8531	51
10.8547	51
10.8563	51
10.8579	51
10.8595	51
10.8611	51
10.8627	51
10.8643	51
10.8659	51
10.8675	51
10.8691	51
10.8707	51
10.8723	51
10.8739	51
10.8755	51
10.8771	51
10.8787	51
10.8803	51
10.8819	51
10.8835	51
10.8852	51
10.8868	51
10.8884	51
10.89	51
10.8916	51
10.8932	51
10.8948	51
10.8964	51
10.898	51
10.8996	51
10.9012	51
10.9028	51
10.9044	51
10.906	51
10.9076	51
10.9092	51
10.9108	51
10.9124	51
10.914	51
10.9156	51
10.9172	51
10.9188	51
10.9204	51
10.922	51
10.9236	51
10.9252	51
10.9268	51
10.9284	51
10.93	51
10.9316	51
10.9332	51
10.9348	51
10.9364	51
10.938	51
10.9396	51
10.9412	51
10.9428	51
10.9444	51
10.946	51
10.9476	51
10.9492	51
10.9508	51
10.9524	51
10.954	51
10.9556	51
10.9572	51
10.9588	51
10.9605	51
10.9621	51
10.9637	51
10.9653	51
10.9669	51
10.9685	51
10.9701	51
10.9717	51
10.9733	51
10.9749	51
10.9765	51
10.9781	51
10.9797	51
10.9813	51
10.9829	51
10.9845	51
10.9861	51
10.9877	51
10.9893	52
10.9909	52
10.9925	52
10.9941	52
10.9957	52
10.9973	52
10.9989	52
11.0005	52
11.0021	52
11.0037	52
11.0053	52
11.0069	52
11.0085	52
11.0101	52
11.0117	52
11.0133	52
11.0149	52
11.0165	52
11.0181	52
11.0197	52
11.0213	52
11.0229	52
11.0245	52
11.0261	52
11.0277	52
11.0293	52
11.0309	52
11.0325	52
11.0341	52
11.0358	52
11.0374	52
11.039	52
11.0406	52
11.0422	52
11.0438	52
11.0454	52
11.047	52
11.0486	52
11.0502	52
11.0518	52
11.0534	52
11.055	52
11.0566	52
11.0582	52
11.0598	52
11.0614	52
11.063	52
11.0646	52
11.0662	52
11.0678	52
11.0694	52
11.071	52
11.0726	52
11.0742	52
11.0758	52
11.0774	52
11.079	52
11.0806	52
11.1375	52
11.1391	52
11.1407	51
11.1423	51
11.1439	50
11.1455	50
11.1471	49
11.1487	49
11.1503	48
11.1519	47
11.153	47
11.1706	45
11.1722	44
11.1738	43
11.1754	43
11.177	43
11.1787	43
11.1803	43
11.1819	44
11.1835	44
11.1851	45
11.1867	46
11.1883	47
11.1899	47
11.1915	48
11.1931	48
11.1947	49
11.1963	49
11.1979	50
11.1995	50
11.2011	50
11.2027	50
11.2043	51
11.2059	51
11.2075	49
11.2091	47
11.2107	46
11.2123	45
11.2139	44
11.2155	43
11.2171	42
11.2187	41
11.2203	41
11.2219	40
11.2235	40
11.2251	39
11.2267	39
11.2283	39
11.2299	38
11.2315	38
11.2331	38
11.2347	38
11.2363	37
11.2379	37
11.2395	37
11.2411	37
11.2427	37
11.2443	37
11.2459	37
11.2475	37
11.2491	37
11.2507	37
11.2524	37
11.254	37
11.2556	37
11.2572	37
11.2588	37
11.2604	37
11.262	36
11.2636	36
11.2652	36
11.2668	36
11.2684	36
11.27	37
11.2716	37
11.2732	37
11.2748	37
11.2764	37
11.278	37
11.2796	37
11.2812	37
11.2828	37
11.2844	38
11.286	38
11.2876	38
11.2892	38
11.2908	38
11.2924	38
11.294	38
11.2956	38
11.2972	38
11.2988	38
11.3004	38
11.302	38
11.3036	38
11.3052	38
11.3068	38
11.3084	38
11.31	38
11.3116	38
11.3132	38
11.3148	38
11.3164	38
11.318	38
11.3196	38
11.3212	38
11.3228	38
11.3244	38
11.326	38
11.3277	38
11.3293	38
11.3309	38
11.3325	38
11.3341	38
11.3357	38
11.3373	38
11.3389	38
11.3405	38
11.3421	38
11.3437	38
11.3453	38
11.3469	38
11.3485	38
11.3501	38
11.3517	38
11.3533	38
11.3549	38
11.3565	38
11.3581	38
11.3597	38
11.3613	38
11.3629	38
11.3645	38
11.3661	38
11.3677	38
11.3693	38
11.3709	38
11.3725	38
11.3741	38
11.3757	38
11.3773	38
11.3789	38
11.3805	38
11.3821	38
11.3837	38
11.3853	38
11.3869	38
11.3885	38
11.3901	38
11.3917	38
11.3933	38
11.3949	38
11.3965	38
11.3981	38
11.3997	38
11.4013	38
11.403	38
11.4046	38
11.4062	38
11.4078	38
11.4094	38
11.411	38
11.4126	38
11.4142	38
11.4158	38
11.4174	38
11.419	38
11.4206	38
11.4222	38
11.4238	38
11.4254	38
11.427	38
11.4286	38
11.4302	38
11.4318	38
11.4334	38
11.435	38
11.4366	38
11.4382	38
11.4398	38
11.4414	38
11.443	38
11.4446	38
11.4462	38
11.4478	38
11.4494	38
11.451	38
11.4526	38
11.4542	38
11.4558	38
11.4574	38
11.459	38
11.4606	38
11.4622	38
11.4638	38
11.4654	38
11.467	38
11.4686	38
11.4702	38
11.4718	38
11.4734	38
11.475	38
11.4766	38
11.4783	38
11.4799	38
11.4815	38
11.4831	38
11.4847	38
11.4863	38
11.4879	38
11.4895	38
11.4911	38
11.4927	38
11.4943	38
11.4959	38
11.4975	38
11.4991	38
11.5007	38
11.5023	38
11.5039	39
11.5055	39
11.5071	39
11.5087	39
11.5103	39
11.5119	39
11.5135	39
11.5151	39
11.5167	39
11.5183	39
11.5199	39
11.5215	39
11.5231	39
11.5247	39
11.5263	39
11.5279	39
11.5295	39
11.5311	39
11.5327	39
11.5343	39
11.5359	39
11.5375	39
11.5391	39
11.5407	39
11.5423	39
11.5439	39
11.5455	39
11.5471	39
11.5487	39
11.5503	39
11.5519	39
11.5536	39
11.5552	39
11.5568	39
11.5584	39
11.56	39
11.5616	39
11.5632	39
11.5648	39
11.5664	39
11.568	39
11.5696	39
11.5712	39
11.5728	39
11.5744	39
11.576	39
11.5776	39
11.5792	39
11.5808	39
11.5824	39
11.584	39
11.5856	39
11.5872	39
11.5888	39
11.5904	39
11.592	40
11.5936	40
11.5952	40
11.5968	40
11.5984	40
11.6	40
11.6016	40
11.6032	40
11.6048	40
11.6064	40
11.608	40
11.6096	40
11.6112	40
11.6128	40
11.6144	40
11.616	40
11.6176	40
11.6192	40
11.6208	40
11.6224	40
11.624	40
11.6256	40
11.6272	40
11.6289	40
11.6305	40
11.6321	40
11.6337	40
11.6353	40
11.6369	40
11.6385	40
11.6401	40
11.6417	40
11.6433	40
11.6449	40
11.6465	40
11.6481	40
11.6497	40
11.6513	40
11.6529	40
11.6545	40
11.6561	40
11.6577	40
11.6593	40
11.6609	40
11.6625	40
11.6641	40
11.6657	40
11.6673	40
11.6689	40
11.6705	40
11.6721	40
11.6737	40
11.6753	40
11.6769	40
11.6785	40
11.6801	40
11.6817	40
11.6833	40
11.6849	40
11.6865	40
11.6881	40
11.6897	40
11.6913	40
11.6929	40
11.6945	40
11.6961	40
11.6977	40
11.6993	40
11.7009	40
11.7025	40
11.7042	40
11.7058	40
11.7074	40
11.709	40
11.7106	40
11.7122	40
11.7138	40
11.7154	40
11.717	40
11.7186	40
11.7202	40
11.7218	40
11.7234	40
11.725	40
11.7266	40
11.7282	40
11.7298	40
11.7314	40
11.733	40
11.7346	40
11.7362	40
11.7378	40
11.7394	40
11.741	40
11.7426	40
11.7442	40
11.7458	40
11.7474	40
11.749	40
11.7506	40
11.7522	40
11.7538	40
11.7554	40
11.757	40
11.7586	40
11.7602	40
11.7618	40
11.7634	40
11.765	40
11.7666	40
11.7682	40
11.7698	40
11.7714	40
11.773	40
11.7746	40
11.7762	40
11.7779	40
11.7795	40
11.7811	40
11.7827	40
11.7843	41
11.7859	41
11.7875	41
11.7891	41
11.7907	41
11.7923	41
11.7939	41
11.7955	41
11.7971	41
11.7987	41
11.8003	41
11.8019	41
11.8035	41
11.8051	41
11.8067	41
11.8083	41
11.8099	41
11.8115	41
11.8131	41
11.8147	41
11.8163	41
11.8179	41
11.8195	41
11.8211	41
11.8227	41
11.8243	41
11.8259	41
11.8275	41
11.8291	41
11.8307	41
11.8323	41
11.8339	41
11.8355	41
11.8371	41
11.8387	41
11.8403	41
11.8419	41
11.8435	41
11.8451	41
11.8467	41
11.8483	41
11.8499	41
11.8515	41
11.8532	41
11.8548	41
11.8564	41
11.858	41
11.8596	41
11.8612	41
11.8628	41
11.8644	41
11.866	41
11.8676	41
11.8692	41
11.8708	41
11.8724	41
11.874	41
11.8756	41
11.8772	41
11.8788	41
11.8804	41
11.882	41
11.8836	41
11.8852	41
11.8868	41
11.8884	41
11.89	41
11.8916	41
11.8932	41
11.8948	41
11.8964	41
11.898	41
11.8996	41
11.9012	41
11.9028	41
11.9044	41
11.906	41
11.9076	41
11.9092	41
11.9108	41
11.9124	41
11.914	41
11.9156	41
11.9172	41
11.9188	41
11.9204	41
11.922	41
11.9236	41
11.9252	41
11.9268	41
11.9285	41
11.9301	41
11.9317	41
11.9333	41
11.9349	41
11.9365	41
11.9381	41
11.9397	41
11.9413	41
11.9429	41
11.9445	41
11.9461	41
11.9477	41
11.9493	41
11.9509	41
11.9525	41
11.9541	41
11.9557	41
11.9573	41
11.9589	41
11.9605	41
11.9621	41
11.9637	41
11.9653	41
11.9669	41
11.9685	41
11.9701	41
11.9717	41
11.9733	41
11.9749	41
11.9765	41
11.9781	41
11.9797	41
11.9813	41
11.9829	41
11.9845	41
11.9861	41
11.9877	41
11.9893	41
11.9909	41
11.9925	41
11.9941	41
11.9957	41
11.9973	41
11.9989	41
12.0005	41
12.0021	41
12.0038	41
12.0054	41
12.007	41
12.0086	41
12.0102	41
12.0118	41
12.0134	41
12.015	41
12.0166	41
12.0182	41
12.0198	41
12.0214	41
12.023	41
12.0246	41
12.0262	41
12.0278	41
12.0294	41
12.031	41
12.0326	41
12.0342	41
12.0358	41
12.0374	41
12.039	41
12.0406	41
12.0422	41
12.0438	41
12.0454	41
12.047	41
12.0486	41
12.0502	41
12.0518	41
12.0534	41
12.055	41
12.0566	41
12.0582	41
12.0598	41
12.0614	41
12.063	41
12.0646	41
12.0662	41
12.0678	41
12.0694	41
12.071	41
12.0726	41
12.0742	41
12.0758	41
12.0774	41
12.0791	41
12.0807	41
12.0823	41
12.0839	41
12.0855	41
12.0871	41
12.0887	41
12.0903	41
12.0919	41
12.0935	41
12.0951	41
12.0967	41
12.0983	41
12.0999	41
12.1015	41
12.1031	41
12.1047	41
12.1063	41
12.1079	41
12.1095	41
12.1111	41
12.1127	41
12.1143	41
12.1159	41
12.1175	41
12.1191	41
12.1207	41
12.1223	41
12.1239	41
12.1255	41
12.1271	41
12.1287	41
12.1303	41
12.1319	41
12.1335	41
12.1351	41
12.1367	41
12.1383	41
12.1399	41
12.1415	41
12.1431	42
12.1447	42
12.1463	42
12.1479	42
12.1495	42
12.1511	42
12.1527	42
12.1544	42
12.156	42
12.1576	42
12.1592	42
12.1608	42
12.1624	42
12.164	42
12.1656	42
12.1672	43
12.1688	43
12.1704	43
12.172	43
12.1736	43
12.1752	43
12.1768	43
12.1784	43
12.18	43
12.1816	43
12.1832	43
12.1848	43
12.1864	43
12.188	43
12.1896	43
12.1912	43
12.1928	43
12.1944	43
12.196	43
12.1976	43
12.1992	43
12.2008	43
12.2024	43
12.204	43
12.2056	43
12.2072	43
12.2088	43
12.2104	43
12.212	43
12.2136	43
12.2152	43
12.2168	43
12.2184	43
12.22	43
12.2216	43
12.2232	43
12.2248	43
12.2264	43
12.228	43
12.2297	43
12.2313	43
12.2329	43
12.2345	43
12.2361	43
12.2377	43
12.2393	43
12.2409	43
12.2425	43
12.2441	43
12.2457	43
12.2473	43
12.2489	43
12.2505	43
12.2521	43
12.2537	43
12.2553	43
12.2569	43
12.2585	43
12.2601	43
12.2617	43
12.2633	43
12.2649	43
12.2665	43
12.2681	43
12.2697	43
12.2713	43
12.2729	43
12.2745	43
12.2761	43
12.2777	43
12.2793	43
12.2809	43
12.2825	43
12.2841	43
12.2857	43
12.2873	43
12.2889	43
12.2905	43
12.2921	43
12.2937	43
12.2953	43
12.2969	43
12.2985	43
12.3001	43
12.3017	43
12.3034	43
12.305	43
12.3066	43
12.3082	43
12.3098	43
12.3114	43
12.313	43
12.3146	43
12.3162	43
12.3178	43
12.3194	43
12.321	43
12.3226	43
12.3242	43
12.3258	43
12.3274	43
12.329	43
12.3306	43
12.3322	43
12.3338	43
12.3354	43
12.337	43
12.3386	43
12.3402	43
12.3418	43
12.3434	43
12.345	43
12.3466	43
12.3482	43
12.3498	43
12.3514	43
12.353	43
12.3546	43
12.3562	43
12.3578	43
12.3594	43
12.361	43
12.3626	43
12.3642	43
12.3658	43
12.3674	43
12.369	43
12.3706	43
12.3722	43
12.3738	43
12.3754	43
12.377	43
12.3787	43
12.3803	43
12.3819	43
12.3835	43
12.3851	43
12.3867	43
12.3883	43
12.3899	43
12.3915	43
12.3931	43
12.3947	43
12.3963	43
12.3979	43
12.3995	43
12.4011	43
12.4027	43
12.4043	43
12.4059	43
12.4075	43
12.4091	43
12.4107	43
12.4123	43
12.4139	43
12.4155	43
12.4171	43
12.4187	43
12.4203	43
12.4219	43
12.4235	43
12.4251	43
12.4267	43
12.4283	43
12.4299	43
12.4315	43
12.4331	43
12.4347	43
12.4363	43
12.4379	43
12.4395	43
12.4411	43
12.4427	43
12.4443	43
12.4459	43
12.4475	43
12.4491	43
12.4507	43
12.4523	43
12.454	43
12.4556	43
12.4572	43
12.4588	43
12.4604	43
12.462	43
12.4636	43
12.4652	43
12.4668	43
12.4684	43
12.47	43
12.4716	43
12.4732	43
12.4748	43
12.4764	43
12.478	43
12.4796	43
12.4812	43
12.4828	43
12.4844	43
12.486	43
12.4876	43
12.4892	43
12.4908	43
12.4924	43
12.494	43
12.4956	43
12.4972	43
12.4988	43
12.5004	43
12.502	43
12.5036	43
12.5052	43
12.5068	43
12.5084	43
12.51	43
12.5116	43
12.5132	43
12.5148	43
12.5164	43
12.518	43
12.5196	43
12.5212	43
12.5228	43
12.5244	43
12.526	43
12.5276	43
12.5293	43
12.5309	43
12.5325	43
12.5341	43
12.5357	43
12.5373	43
12.5389	43
12.5405	43
12.5421	43
12.5437	43
12.5453	43
12.5469	43
12.5485	43
12.5501	43
12.5517	43
12.5533	43
12.5549	43
12.5565	43
12.5581	43
12.5597	43
12.5613	43
12.5629	43
12.5645	43
12.5661	43
12.5677	43
12.5693	43
12.5709	43
12.5725	43
12.5741	43
12.5757	43
12.5773	43
12.5789	43
12.5805	43
12.5821	43
12.5837	43
12.5853	43
12.5869	43
12.5885	43
12.5901	43
12.5917	43
12.5933	43
12.5949	43
12.5965	43
12.5981	43
12.5997	43
12.6013	43
12.6029	43
12.6046	43
12.6062	43
12.6078	43
12.6094	43
12.611	43
12.6126	43
12.6142	43
12.6158	43
12.6174	43
12.619	43
12.6206	43
12.6222	43
12.6238	43
12.6254	43
12.627	43
12.6286	43
12.6302	43
12.6318	43
12.6334	43
12.635	43
12.6366	43
12.6382	43
12.6398	43
12.6414	43
12.643	43
12.6446	43
12.6462	43
12.6478	43
12.6494	43
12.651	43
12.6526	43
12.6542	43
12.6558	43
12.6574	43
12.659	43
12.6606	43
12.6622	43
12.6638	43
12.6654	43
12.667	43
12.6686	43
12.6702	43
12.6718	43
12.6734	43
12.675	43
12.6766	43
12.6782	43
12.6799	43
12.6815	43
12.6831	43
12.6847	43
12.6863	43
12.6879	43
12.6895	43
12.6911	43
12.6927	43
12.6943	43
12.6959	43
12.6975	43
12.6991	43
12.7007	43
12.7023	43
12.7039	43
12.7055	43
12.7071	43
12.7087	43
12.7103	43
12.7119	43
12.7135	43
12.7151	43
12.7167	43
12.7183	43
12.7199	43
12.7215	43
12.7231	43
12.7247	43
12.7263	43
12.7279	43
12.7295	43
12.7311	43
12.7327	43
12.7343	43
12.7359	43
12.7375	43
12.7391	43
12.7407	43
12.7423	43
12.7439	43
12.7455	43
12.7471	43
12.7487	44
12.7503	44
12.7519	44
12.7535	44
12.7552	44
12.7568	44
12.7584	44
12.76	44
12.7616	44
12.7632	44
12.7648	44
12.7664	44
12.768	44
12.7696	44
12.7712	44
12.7728	44
12.7744	44
12.776	44
12.7776	44
12.7792	44
12.7808	44
12.7824	44
12.784	44
12.7856	44
12.7872	44
12.7888	44
12.7904	44
12.792	44
12.7936	44
12.7952	44
12.7968	44
12.7984	44
12.8	44
12.8016	44
12.8032	44
12.8048	44
12.8064	44
12.808	44
12.8096	44
12.8112	44
12.8128	44
12.8144	44
12.816	44
12.8176	44
12.8192	44
12.8208	44
12.8224	44
12.824	44
12.8256	44
12.8272	44
12.8288	44
12.8305	44
12.8321	44
12.8337	44
12.8353	44
12.8369	44
12.8385	44
12.8401	44
12.8417	44
12.8433	44
12.8449	44
12.8465	44
12.8481	44
12.8497	44
12.8513	44
12.8529	44
12.8545	44
12.8561	44
12.8577	44
12.8593	44
12.8609	44
12.8625	44
12.8641	44
12.8657	44
12.8673	44
12.8689	44
12.8705	44
12.8721	44
12.8737	44
12.8753	44
12.8769	44
12.8785	44
12.8801	44
12.8817	44
12.8833	44
12.8849	44
12.8865	44
12.8881	44
12.8897	44
12.8913	44
12.8929	44
12.8945	44
12.8961	44
12.8977	44
12.8993	44
12.9009	44
12.9025	44
12.9042	44
12.9058	44
12.9074	44
12.909	44
12.9106	44
12.9122	44
12.9138	44
12.9154	44
12.917	44
12.9186	44
12.9202	44
12.9218	44
12.9234	44
12.925	44
12.9266	44
12.9282	44
12.9298	44
12.9314	44
12.933	44
12.9346	44
12.9362	44
12.9378	44
12.9394	44
12.941	44
12.9426	44
12.9442	44
12.9458	44
12.9474	44
12.949	44
12.9506	44
12.9522	44
12.9538	44
12.9554	44
12.957	44
12.9586	44
12.9602	44
12.9618	44
12.9634	44
12.965	44
12.9666	44
12.9682	44
12.9698	44
12.9714	44
12.973	44
12.9746	44
12.9762	44
12.9778	44
12.9795	44
12.9811	44
12.9827	44
12.9843	44
12.9859	44
12.9875	44
12.9891	44
12.9907	44
12.9923	44
12.9939	44
12.9955	44
12.9971	44
12.9987	44
13.0003	44
13.0019	44
13.0035	44
13.0051	44
13.0067	44
13.0083	44
13.0099	44
13.0115	44
13.0131	44
13.0147	44
13.0163	44
13.0179	44
13.0195	44
13.0211	44
13.0227	44
13.0243	44
13.0259	44
13.0275	44
13.0291	44
13.0307	44
13.0323	44
13.0339	44
13.0355	44
13.0371	44
13.0387	44
13.0403	44
13.0419	44
13.0435	44
13.0451	44
13.0467	44
13.0483	44
13.0499	44
13.0515	44
13.0531	44
13.0548	44
13.0564	44
13.058	44
13.0596	44
13.0612	44
13.0628	44
13.0644	44
13.066	44
13.0676	44
13.0692	44
13.0708	44
13.0724	44
13.074	44
13.0756	44
13.0772	44
13.0788	44
13.0804	44
13.082	44
13.0836	44
13.0852	44
13.0868	44
13.0884	44
13.09	44
13.0916	44
13.0932	44
13.0948	44
13.0964	44
13.098	44
13.0996	44
13.1012	44
13.1028	44
13.1044	44
13.106	44
13.1076	44
13.1092	44
13.1108	44
13.1124	44
13.114	44
13.1156	44
13.1172	44
13.1188	44
13.1204	44
13.122	44
13.1236	44
13.1252	44
13.1268	44
13.1284	44
13.1301	44
13.1317	44
13.1333	44
13.1349	44
13.1365	44
13.1381	44
13.1397	44
13.1413	44
13.1429	44
13.1445	44
13.1461	44
13.1477	44
13.1493	44
13.1509	44
13.1525	44
13.1541	44
13.1557	44
13.1573	44
13.1589	44
13.1605	44
13.1621	44
13.1637	44
13.1653	44
13.1669	44
13.1685	44
13.1701	44
13.1717	44
13.1733	44
13.1749	44
13.1765	44
13.1781	44
13.1797	44
13.1813	44
13.1829	44
13.1845	44
13.1861	44
13.1877	44
13.1893	44
13.1909	44
13.1925	44
13.1941	44
13.1957	44
13.1973	44
13.1989	44
13.2005	44
13.2021	44
13.2037	44
13.2054	44
13.207	44
13.2086	44
13.2102	44
13.2118	44
13.2134	44
13.215	44
13.2166	44
13.2182	44
13.2198	44
13.2214	44
13.223	44
13.2246	44
13.2262	44
13.2278	44
13.2294	44
13.231	44
13.2326	44
13.2342	44
13.2358	44
13.2374	44
13.239	44
13.2406	44
13.2422	44
13.2438	44
13.2454	44
13.247	44
13.2486	44
13.2502	44
13.2518	44
13.2534	44
13.255	44
13.2566	44
13.2582	44
13.2598	44
13.2614	44
13.263	44
13.2646	44
13.2662	44
13.2678	44
13.2694	44
13.271	44
13.2726	44
13.2742	44
13.2758	44
13.2774	44
13.279	44
13.2807	44
13.2823	44
13.2839	44
13.2855	44
13.2871	44
13.2887	44
13.2903	44
13.2919	44
13.2935	44
13.2951	44
13.2967	44
13.2983	44
13.2999	44
13.3015	44
13.3031	44
13.3047	44
13.3063	44
13.3079	44
13.3095	44
13.3111	44
13.3127	44
13.3143	44
13.3159	44
13.3175	44
13.3191	44
13.3207	44
13.3223	44
13.3239	44
13.3255	44
13.3271	44
13.3287	44
13.3303	44
13.3319	44
13.3335	44
13.3351	44
13.3367	44
13.3383	44
13.3399	44
13.3415	44
13.3431	44
13.3447	44
13.3463	44
13.3479	44
13.3495	44
13.3511	44
13.3527	44
13.3543	44
13.356	44
13.3576	44
13.3592	44
13.3608	44
13.3624	44
13.364	44
13.3656	44
13.3672	44
13.3688	44
13.3704	44
13.372	44
13.3736	44
13.3752	44
13.3768	44
13.3784	44
13.38	44
13.3816	44
13.3832	44
13.3848	44
13.3864	44
13.388	44
13.3896	44
13.3912	44
13.3928	44
13.3944	44
13.396	44
13.3976	44
13.3992	44
13.4008	44
13.4024	44
13.404	44
13.4056	44
13.4072	44
13.4088	44
13.4104	44
13.412	44
13.4136	44
13.4152	44
13.4168	44
13.4184	44
13.42	44
13.4216	44
13.4232	44
13.4248	44
13.4264	44
13.428	44
13.4297	44
13.4313	44
13.4329	44
13.4345	44
13.4361	44
13.4377	44
13.4393	44
13.4409	44
13.4425	44
13.4441	44
13.4457	44
13.4473	44
13.4489	44
13.4505	44
13.4521	44
13.4537	44
13.4553	44
13.4569	44
13.4585	44
13.4601	44
13.4617	44
13.4633	44
13.4649	44
13.4665	44
13.4681	44
13.4697	44
13.4713	44
13.4729	44
13.4745	44
13.4761	44
13.4777	44
13.4793	44
13.4809	44
13.4825	44
13.4841	44
13.4857	44
13.4873	44
13.4889	44
13.4905	44
13.4921	44
13.4937	44
13.4953	44
13.4969	44
13.4985	44
13.5001	44
13.5017	44
13.5033	44
13.505	44
13.5066	44
13.5082	44
13.5098	44
13.5114	44
13.513	44
13.5146	44
13.5162	44
13.5178	44
13.5194	44
13.521	44
13.5226	44
13.5242	44
13.5258	44
13.5274	44
13.529	44
13.5306	44
13.5322	44
13.5338	44
13.5354	44
13.537	44
13.5386	44
13.5402	44
13.5418	44
13.5434	44
13.545	44
13.5466	44
13.5482	44
13.5498	44
13.5514	44
13.553	44
13.5546	44
13.5562	44
13.5578	44
13.5594	44
13.561	44
13.5626	44
13.5642	44
13.5658	44
13.5674	44
13.569	44
13.5706	44
13.5722	44
13.5738	44
13.5754	44
13.577	44
13.5786	44
13.5803	44
13.5819	44
13.5835	44
13.5851	44
13.5867	44
13.5883	44
13.5899	44
13.5915	44
13.5931	44
13.5947	44
13.5963	44
13.5979	44
13.5995	44
13.6011	44
13.6027	44
13.6043	44
13.6059	44
13.6075	44
13.6091	44
13.6107	44
13.6123	44
13.6139	44
13.6155	44
13.6171	44
13.6187	44
13.6203	44
13.6219	44
13.6235	44
13.6251	44
13.6267	44
13.6283	44
13.6299	44
13.6315	44
13.6331	44
13.6347	44
13.6363	44
13.6379	44
13.6395	44
13.6411	44
13.6427	44
13.6443	44
13.6459	44
13.6475	44
13.6491	44
13.6507	44
13.6523	44
13.6539	44
13.6556	44
13.6572	44
13.6588	44
13.6604	44
13.662	44
13.6636	44
13.6652	44
13.6668	44
13.6684	44
13.67	44
13.6716	44
13.6732	44
13.6748	44
13.6764	44
13.678	44
13.6796	44
13.6812	44
13.6828	44
13.6844	44
13.686	44
13.6876	44
13.6892	44
13.6908	44
13.6924	44
13.694	44
13.6956	44
13.6972	44
13.6988	44
13.7004	44
13.702	44
13.7036	44
13.7052	44
13.7068	44
13.7084	44
13.71	44
13.7116	44
13.7132	44
13.7148	44
13.7164	44
13.718	44
13.7196	44
13.7212	44
13.7228	44
13.7244	44
13.726	44
13.7276	44
13.7292	44
13.7309	44
13.7325	44
13.7341	44
13.7357	44
13.7373	44
13.7389	44
13.7405	44
13.7421	44
13.7437	44
13.7453	44
13.7469	44
13.7485	44
13.7501	44
13.7517	44
13.7533	44
13.7549	44
13.7565	44
13.7581	44
13.7597	44
13.7613	44
13.7629	44
13.7645	44
13.7661	44
13.7677	44
13.7693	44
13.7709	44
13.7725	44
13.7741	44
13.7757	44
13.7773	44
13.7789	44
13.7805	44
13.7821	44
13.7837	44
13.7853	44
13.7869	44
13.7885	44
13.7901	44
13.7917	44
13.7933	44
13.7949	44
13.7965	44
13.7981	44
13.7997	44
13.8013	44
13.8029	44
13.8045	44
13.8062	44
13.8078	44
13.8094	44
13.811	44
13.8126	44
13.8142	44
13.8158	44
13.8174	44
13.819	44
13.8206	44
13.8222	44
13.8238	44
13.8254	44
13.827	44
13.8286	44
13.8302	44
13.8318	44
13.8334	44
13.835	44
13.8366	44
13.8382	44
13.8398	44
13.8414	44
13.843	44
13.8446	44
13.8462	44
13.8478	44
13.8494	44
13.851	44
13.8526	44
13.8542	44
13.8558	44
13.8574	44
13.859	44
13.8606	44
13.8622	44
13.8638	44
13.8654	44
13.867	44
13.8686	44
13.8702	44
13.8718	44
13.8734	44
13.875	44
13.8766	44
13.8782	44
13.8798	44
13.8815	44
13.8831	44
13.8847	44
13.8863	44
13.8879	44
13.8895	44
13.8911	44
13.8927	44
13.8943	44
13.8959	44
13.8975	44
13.8991	44
13.9007	44
13.9023	44
13.9039	44
13.9055	44
13.9071	44
13.9087	44
13.9103	44
13.9119	44
13.9135	44
13.9151	44
13.9167	44
13.9183	44
13.9199	44
13.9215	44
13.9231	44
13.9247	44
13.9263	44
13.9279	44
13.9295	44
13.9311	44
13.9327	44
13.9343	44
13.9359	44
13.9375	44
13.9391	44
13.9407	44
13.9423	44
13.9439	44
13.9455	44
13.9471	44
13.9487	44
13.9503	44
13.9519	44
13.9535	44
13.9552	44
13.9568	44
13.9584	44
13.96	44
13.9616	44
13.9632	44
13.9648	44
13.9664	44
13.968	44
13.9696	44
13.9712	44
13.9728	44
13.9744	44
13.976	44
13.9776	44
13.9792	44
13.9808	44
13.9824	44
13.984	44
13.9856	44
13.9872	44
13.9888	44
13.9904	44
13.992	44
13.9936	44
13.9952	44
13.9968	44
13.9984	44
14	44
14.0016	44
14.0032	44
14.0048	44
14.0064	44
14.008	44
14.0096	44
14.0112	44
14.0128	44
14.0144	44
14.016	44
14.0176	44
14.0192	44
14.0208	44
14.0224	44
14.024	44
14.0256	44
14.0272	44
14.0288	44
14.0305	44
14.0321	44
14.0337	44
14.0353	44
14.0369	44
14.0385	44
14.0401	44
14.0417	44
14.0433	44
14.0449	44
14.0465	44
14.0481	44
14.0497	44
14.0513	44
14.0529	44
14.0545	44
14.0561	44
14.0577	44
14.0593	44
14.0609	44
14.0625	44
14.0641	44
14.0657	44
14.0673	44
14.0689	44
14.0705	44
14.0721	44
14.0737	44
14.0753	44
14.0769	44
14.0785	44
14.0801	44
14.0817	44
14.0833	44
14.0849	44
14.0865	44
14.0881	44
14.0897	44
14.0913	44
14.0929	44
14.0945	44
14.0961	44
14.0977	44
14.0993	44
14.1009	44
14.1025	44
14.1041	44
14.1058	44
14.1074	44
14.109	44
14.1106	44
14.1122	44
14.1138	44
14.1154	44
14.117	44
14.1186	44
14.1202	44
14.1218	44
14.1234	44
14.125	44
14.1266	44
14.1282	44
14.1298	44
14.1314	44
14.133	44
14.1346	44
14.1362	44
14.1378	44
14.1394	44
14.141	44
14.1426	44
14.1442	44
14.1458	44
14.1474	44
14.149	44
14.1506	44
14.1522	44
14.1538	44
14.1554	44
14.157	44
14.1586	44
14.1602	44
14.1618	44
14.1634	44
14.165	44
14.1666	44
14.1682	44
14.1698	44
14.1714	44
14.173	44
14.1746	44
14.1762	44
14.1778	44
14.1794	44
14.1811	44
14.1827	44
14.1843	44
14.1859	44
14.1875	44
14.1891	44
14.1907	44
14.1923	44
14.1939	44
14.1955	44
14.1971	44
14.1987	44
14.2003	44
14.2019	44
14.2035	44
14.2051	44
14.2067	44
14.2083	44
14.2099	44
14.2115	44
14.2131	44
14.2147	44
14.2163	44
14.2179	44
14.2195	44
14.2211	44
14.2227	44
14.2243	44
14.2259	44
14.2275	44
14.2291	44
14.2307	44
14.2323	44
14.2339	44
14.2355	44
14.2371	44
14.2387	44
14.2403	44
14.2419	44
14.2435	44
14.2451	44
14.2467	44
14.2483	44
14.2499	44
14.2515	44
14.2531	44
14.2547	44
14.2564	44
14.258	44
14.2596	44
14.2612	44
14.2628	44
14.2644	44
14.266	44
14.2676	44
14.2692	44
14.2708	44
14.2724	44
14.274	44
14.2756	44
14.2772	44
14.2788	44
14.2804	44
14.282	44
14.2836	44
14.2852	44
14.2868	44
14.2884	44
14.29	44
14.2916	44
14.2932	44
14.2948	44
14.2964	44
14.298	44
14.2996	44
14.3012	44
14.3028	44
14.3044	44
14.306	44
14.3076	44
14.3092	44
14.3108	44
14.3124	44
14.314	44
14.3156	44
14.3172	44
14.3188	44
14.3204	44
14.322	44
14.3236	44
14.3252	44
14.3268	44
14.3284	44
14.33	44
14.3317	44
14.3333	44
14.3349	44
14.3365	44
14.3381	44
14.3397	44
14.3413	44
14.3429	44
14.3445	44
14.3461	44
14.3477	44
14.3493	44
14.3509	44
14.3525	44
14.3541	44
14.3557	44
14.3573	44
14.3589	44
14.3605	44
14.3621	44
14.3637	44
14.3653	44
14.3669	44
14.3685	44
14.3701	44
14.3717	44
14.3733	44
14.3749	44
14.3765	44
14.3781	44
14.3797	44
14.3813	44
14.3829	44
14.3845	44
14.3861	44
14.3877	44
14.3893	44
14.3909	44
14.3925	44
14.3941	44
14.3957	44
14.3973	44
14.3989	44
14.4005	44
14.4021	44
14.4037	44
14.4053	44
14.407	44
14.4086	44
14.4102	44
14.4118	44
14.4134	44
14.415	44
14.4166	44
14.4182	44
14.4198	44
14.4214	44
14.423	44
14.4246	44
14.4262	44
14.4278	44
14.4294	44
14.431	44
14.4326	44
14.4342	44
14.4358	44
14.4374	44
14.439	44
14.4406	44
14.4422	44
14.4438	44
14.4454	44
14.447	44
14.4486	44
14.4502	44
14.4518	44
14.4534	44
14.455	44
14.4566	44
14.4582	44
14.4598	44
14.4614	44
14.463	44
14.4646	44
14.4662	44
14.4678	44
14.4694	44
14.471	44
14.4726	44
14.4742	44
14.4758	44
14.4774	44
14.479	44
14.4807	44
14.4823	44
14.4839	44
14.4855	44
14.4871	44
14.4887	44
14.4903	44
14.4919	44
14.4935	44
14.4951	44
14.4967	44
14.4983	44
14.4999	44
14.5015	44
14.5031	44
14.5047	44
14.5063	44
14.5079	44
14.5095	44
14.5111	44
14.5127	44
14.5143	44
14.5159	44
14.5175	44
14.5191	44
14.5207	44
14.5223	44
14.5239	44
14.5255	44
14.5271	44
14.5287	44
14.5303	44
14.5319	44
14.5335	44
14.5351	44
14.5367	44
14.5383	44
14.5399	44
14.5415	44
14.5431	44
14.5447	44
14.5463	44
14.5479	44
14.5495	44
14.5511	44
14.5527	44
14.5543	44
14.556	44
14.5576	44
14.5592	44
14.5608	44
14.5624	44
14.564	44
14.5656	44
14.5672	44
14.5688	44
14.5704	44
14.572	44
14.5736	44
14.5752	44
14.5768	44
14.5784	44
14.58	44
14.5816	44
14.5832	44
14.5848	44
14.5864	44
14.588	44
14.5896	44
14.5912	44
14.5928	44
14.5944	44
14.596	44
14.5976	44
14.5992	44
14.6008	44
14.6024	44
14.604	44
14.6056	44
14.6072	44
14.6088	44
14.6104	44
14.612	44
14.6136	44
14.6152	44
14.6168	44
14.6184	44
14.62	44
14.6216	44
14.6232	44
14.6248	44
14.6264	44
14.628	44
14.6296	44
14.6313	44
14.6329	44
14.6345	44
14.6361	44
14.6377	44
14.6393	44
14.6409	44
14.6425	44
14.6441	44
14.6457	44
14.6473	44
14.6489	44
14.6505	44
14.6521	44
14.6537	44
14.6553	44
14.6569	44
14.6585	44
14.6601	44
14.6617	44
14.6633	44
14.6649	44
14.6665	44
14.6681	44
14.6697	44
14.6713	44
14.6729	44
14.6745	44
14.6761	44
14.6777	44
14.6793	44
14.6809	44
14.6825	44
14.6841	44
14.6857	44
14.6873	44
14.6889	44
14.6905	44
14.6921	44
14.6937	44
14.6953	44
14.6969	44
14.6985	44
14.7001	44
14.7017	44
14.7033	44
14.7049	44
14.7066	44
14.7082	44
14.7098	44
14.7114	44
14.713	44
14.7146	44
14.7162	44
14.7178	44
14.7194	44
14.721	44
14.7226	44
14.7242	44
14.7258	44
14.7274	44
14.729	44
14.7306	44
14.7322	44
14.7338	44
14.7354	44
14.737	44
14.7386	44
14.7402	44
14.7418	44
14.7434	44
14.745	44
14.7466	44
14.7482	44
14.7498	44
14.7514	44
14.753	44
14.7546	44
14.7562	44
14.7578	44
14.7594	44
14.761	44
14.7626	44
14.7642	44
14.7658	44
14.7674	44
14.769	44
14.7706	44
14.7722	44
14.7738	44
14.7754	44
14.777	44
14.7786	44
14.7802	44
14.7819	44
14.7835	44
14.7851	44
14.7867	44
14.7883	44
14.7899	44
14.7915	44
14.7931	44
14.7947	44
14.7963	44
14.7979	44
14.7995	44
14.8011	44
14.8027	44
14.8043	44
14.8059	44
14.8075	44
14.8091	44
14.8107	44
14.8123	44
14.8139	44
14.8155	44
14.8171	44
14.8187	44
14.8203	44
14.8219	44
14.8235	44
14.8251	44
14.8267	44
14.8283	44
14.8299	44
14.8315	44
14.8331	44
14.8347	44
14.8363	44
14.8379	44
14.8395	44
14.8411	44
14.8427	44
14.8443	44
14.8459	44
14.8475	44
14.8491	44
14.8507	44
14.8523	44
14.8539	44
14.8555	44
14.8572	44
14.8588	44
14.8604	44
14.862	44
14.8636	44
14.8652	44
14.8668	44
14.8684	44
14.87	44
14.8716	44
14.8732	44
14.8748	44
14.8764	44
14.878	44
14.8796	44
14.8812	44
14.8828	44
14.8844	44
14.886	44
14.8876	44
14.8892	44
14.8908	44
14.8924	44
14.894	44
14.8956	44
14.8972	44
14.8988	44
14.9004	44
14.902	44
14.9036	44
14.9052	44
14.9068	44
14.9084	44
14.91	44
14.9116	44
14.9132	44
14.9148	44
14.9164	44
14.918	44
14.9196	44
14.9212	44
14.9228	44
14.9244	44
14.926	44
14.9276	44
14.9292	44
14.9308	44
14.9325	44
14.9341	44
14.9357	44
14.9373	44
14.9389	44
14.9405	44
14.9421	44
14.9437	44
14.9453	44
14.9469	44
14.9485	44
14.9501	44
14.9517	44
14.9533	44
14.9549	44
14.9565	44
14.9581	44
14.9597	44
14.9613	44
14.9629	44
14.9645	44
14.9661	44
14.9677	44
14.9693	44
14.9709	44
14.9725	44
14.9741	44
14.9757	44
14.9773	44
14.9789	44
14.9805	44
14.9821	44
14.9837	44
14.9853	44
14.9869	44
14.9885	44
14.9901	44
14.9917	44
14.9933	44
14.9949	44
14.9965	44
14.9981	44
14.9997	44
15.0013	44
15.0029	44
15.0045	44
15.0062	44
15.0078	44
15.0094	44
15.011	44
15.0126	44
15.0142	44
15.0158	44
15.0174	44
15.019	44
15.0206	44
15.0222	44
15.0238	44
15.0254	44
15.027	44
15.0286	44
15.0302	44
15.0318	44
15.0334	44
15.035	44
15.0366	44
15.0382	44
15.0398	44
15.0414	44
15.043	44
15.0446	44
15.0462	44
15.0478	44
15.0494	44
15.051	44
15.0526	44
15.0542	44
15.0558	44
15.0574	44
15.059	44
15.0606	44
15.0622	44
15.0638	44
15.0654	44
15.067	44
15.0686	44
15.0702	44
15.0718	44
15.0734	44
15.075	44
15.0766	44
15.0782	44
15.0798	44
15.0815	44
15.0831	44
15.0847	44
15.0863	44
15.0879	44
15.0895	44
15.0911	44
15.0927	44
15.0943	44
15.0959	44
15.0975	44
15.0991	44
15.1007	44
15.1023	44
15.1039	44
15.1055	44
15.1071	44
15.1087	44
15.1103	44
15.1119	44
15.1135	44
15.1151	44
15.1167	44
15.1183	44
15.1199	44
15.1215	44
15.1231	44
15.1247	44
15.1263	44
15.1279	44
15.1295	44
15.1311	44
15.1327	44
15.1343	44
15.1359	44
15.1375	44
15.1391	44
15.1407	44
15.1423	44
15.1439	44
15.1455	44
15.1471	44
15.1487	44
15.1503	44
15.1519	44
15.1535	44
15.1551	44
15.1568	44
15.1584	44
15.16	44
15.1616	44
15.1632	44
15.1648	44
15.1664	44
15.168	44
15.1696	44
15.1712	44
15.1728	44
15.1744	44
15.176	44
15.1776	44
15.1792	44
15.1808	44
15.1824	44
15.184	44
15.1856	44
15.1872	44
15.1888	44
15.1904	44
15.192	44
15.1936	44
15.1952	44
15.1968	44
15.1984	44
15.2	44
15.2016	44
15.2032	44
15.2048	44
15.2064	44
15.208	44
15.2096	44
15.2112	44
15.2128	44
15.2144	44
15.216	44
15.2176	44
15.2192	44
15.2208	44
15.2224	44
15.224	44
15.2256	44
15.2272	44
15.2288	44
15.2304	44
15.2321	44
15.2337	44
15.2353	44
15.2369	44
15.2385	44
15.2401	44
15.2417	44
15.2433	44
15.2449	44
15.2465	44
15.2481	44
15.2497	44
15.2513	44
15.2529	44
15.2545	44
15.2561	44
15.2577	44
15.2593	44
15.2609	44
15.2625	44
15.2641	44
15.2657	44
15.2673	44
15.2689	44
15.2705	44
15.2721	44
15.2737	44
15.2753	44
15.2769	44
15.2785	44
15.2801	44
15.2817	44
15.2833	44
15.2849	44
15.2865	44
15.2881	44
15.2897	44
15.2913	44
15.2929	44
15.2945	44
15.2961	44
15.2977	44
15.2993	44
15.3009	44
15.3025	44
15.3041	44
15.3057	44
15.3074	44
15.309	44
15.3106	44
15.3122	44
15.3138	44
15.3154	44
15.317	44
15.3186	44
15.3202	44
15.3218	44
15.3234	44
15.325	44
15.3266	44
15.3282	44
15.3298	44
15.3314	44
15.333	44
15.3346	44
15.3362	44
15.3378	44
15.3394	44
15.341	44
15.3426	44
15.3442	44
15.3458	44
15.3474	44
15.349	44
15.3506	44
15.3522	44
15.3538	44
15.3554	44
15.357	44
15.3586	44
15.3602	44
15.3618	44
15.3634	44
15.365	44
15.3666	44
15.3682	44
15.3698	44
15.3714	44
15.373	44
15.3746	44
15.3762	44
15.3778	44
15.3794	44
15.381	44
15.3827	44
15.3843	44
15.3859	44
15.3875	44
15.3891	44
15.3907	44
15.3923	44
15.3939	44
15.3955	44
15.3971	44
15.3987	44
15.4003	44
15.4019	44
15.4035	44
15.4051	44
15.4067	44
15.4083	44
15.4099	44
15.4115	44
15.4131	44
15.4147	44
15.4163	44
15.4179	44
15.4195	44
15.4211	44
15.4227	44
15.4243	44
15.4259	44
15.4275	44
15.4291	44
15.4307	44
15.4323	44
15.4339	44
15.4355	44
15.4371	44
15.4387	44
15.4403	44
15.4419	44
15.4435	44
15.4451	44
15.4467	44
15.4483	44
15.4499	44
15.4515	44
15.4531	44
15.4547	44
15.4563	44
15.458	44
15.4596	44
15.4612	44
15.4628	44
15.4644	44
15.466	44
15.4676	44
15.4692	44
15.4708	44
15.4724	44
15.474	44
15.4756	44
15.4772	44
15.4788	44
15.4804	44
15.482	44
15.4836	44
15.4852	44
15.4868	44
15.4884	44
15.49	44
15.4916	44
15.4932	44
15.4948	44
15.4964	44
15.498	44
15.4996	44
15.5012	44
15.5028	44
15.5044	44
15.506	44
15.5076	44
15.5092	44
15.5108	44
15.5124	44
15.514	44
15.5156	44
15.5172	44
15.5188	44
15.5204	44
15.522	44
15.5236	44
15.5252	44
15.5268	44
15.5284	44
15.53	44
15.5317	44
15.5333	44
15.5349	44
15.5365	44
15.5381	44
15.5397	44
15.5413	44
15.5429	44
15.5445	44
15.5461	44
15.5477	44
15.5493	44
15.5509	44
15.5525	44
15.5541	44
15.5557	44
15.5573	44
15.5589	44
15.5605	44
15.5621	44
15.5637	44
15.5653	44
15.5669	44
15.5685	44
15.5701	44
15.5717	44
15.5733	44
15.5749	44
15.5765	44
15.5781	44
15.5797	44
15.5813	44
15.5829	44
15.5845	44
15.5861	44
15.5877	44
15.5893	44
15.5909	44
15.5925	44
15.5941	44
15.5957	44
15.5973	44
15.5989	44
15.6005	44
15.6021	44
15.6037	44
15.6053	44
15.607	44
15.6086	44
15.6102	44
15.6118	44
15.6134	44
15.615	44
15.6166	44
15.6182	44
15.6198	44
15.6214	44
15.623	44
15.6246	44
15.6262	44
15.6278	44
15.6294	44
15.631	44
15.6326	44
15.6342	44
15.6358	44
15.6374	44
15.639	44
15.6406	44
15.6422	44
15.6438	44
15.6454	44
15.647	44
15.6486	44
15.6502	44
15.6518	44
15.6534	44
15.655	44
15.6566	44
15.6582	44
15.6598	44
15.6614	44
15.663	44
15.6646	44
15.6662	44
15.6678	44
15.6694	44
15.671	44
15.6726	44
15.6742	44
15.6758	44
15.6774	44
15.679	44
15.6806	44
15.6823	44
15.6839	44
15.6855	44
15.6871	44
15.6887	44
15.6903	44
15.6919	44
15.6935	44
15.6951	44
15.6967	44
15.6983	44
15.6999	44
15.7015	44
15.7031	44
15.7047	44
15.7063	44
15.7079	44
15.7095	44
15.7111	44
15.7127	44
15.7143	44
15.7159	44
15.7175	44
15.7191	44
15.7207	44
15.7223	44
15.7239	44
15.7255	44
15.7271	44
15.7287	44
15.7303	44
15.7319	44
15.7335	44
15.7351	44
15.7367	44
15.7383	44
15.7399	44
15.7415	44
15.7431	44
15.7447	44
15.7463	44
15.7479	44
15.7495	44
15.7511	44
15.7527	44
15.7543	44
15.7559	44
15.7576	44
15.7592	44
15.7608	44
15.7624	44
15.764	44
15.7656	44
15.7672	44
15.7688	44
15.7704	44
15.772	44
15.7736	44
15.7752	44
15.7768	44
15.7784	44
15.78	44
15.7816	44
15.7832	44
15.7848	44
15.7864	44
15.788	44
15.7896	44
15.7912	44
15.7928	44
15.7944	44
15.796	44
15.7976	44
15.7992	44
15.8008	44
15.8024	44
15.804	44
15.8056	44
15.8072	44
15.8088	44
15.8104	44
15.812	45
15.8136	45
15.8152	45
15.8168	45
15.8184	45
15.82	45
15.8216	45
15.8232	46
15.8248	46
15.8264	46
15.828	46
15.8296	46
15.8312	46
15.8329	46
15.8345	46
15.8361	46
15.8377	46
15.8393	46
15.8409	46
15.8425	46
15.8441	46
15.8457	46
15.8473	46
15.8489	46
15.8505	46
15.8521	46
15.8537	46
15.8553	46
15.8569	46
15.8585	46
15.8601	46
15.8617	46
15.8633	46
15.8649	46
15.8665	46
15.8681	46
15.8697	46
15.8713	46
15.8729	46
15.8745	46
15.8761	46
15.8777	46
15.8793	46
15.8809	46
15.8825	46
15.8841	46
15.8857	46
15.8873	46
15.8889	46
15.8905	46
15.8921	46
15.8937	46
15.8953	46
15.8969	46
15.8985	46
15.9001	46
15.9017	46
15.9033	46
15.9049	46
15.9065	46
15.9082	46
15.9098	46
15.9114	46
15.913	46
15.9146	46
15.9162	46
15.9178	46
15.9194	46
15.921	46
15.9226	46
15.9242	46
15.9258	46
15.9274	46
15.929	46
15.9306	46
15.9322	46
15.9338	46
15.9354	46
15.937	46
15.9386	46
15.9402	46
15.9418	46
15.9434	46
15.945	46
15.9466	46
15.9482	46
15.9498	46
15.9514	46
15.953	46
15.9546	46
15.9562	46
15.9578	46
15.9594	46
15.961	46
15.9626	46
15.9642	46
15.9658	46
15.9674	46
15.969	46
15.9706	46
15.9722	46
15.9738	46
15.9754	46
15.977	46
15.9786	46
15.9802	46
15.9818	46
15.9835	46
15.9851	46
15.9867	46
15.9883	46
15.9899	46
15.9915	46
15.9931	46
15.9947	46
15.9963	46
15.9979	46
15.9995	46
16.0011	46
16.0027	46
16.0043	46
16.0059	46
16.0075	46
16.0091	46
16.0107	46
16.0123	46
16.0139	46
16.0155	46
16.0171	46
16.0187	46
16.0203	46
16.0219	46
16.0235	46
16.0251	46
16.0267	46
16.0283	46
16.0299	46
16.0315	46
16.0331	46
16.0347	46
16.0363	46
16.0379	46
16.0395	46
16.0411	46
16.0427	46
16.0443	46
16.0459	46
16.0475	46
16.0491	46
16.0507	46
16.0523	46
16.0539	46
16.0555	46
16.0571	46
16.0588	46
16.0604	46
16.062	46
16.0636	46
16.0652	46
16.0668	46
16.0684	46
16.07	46
16.0716	46
16.0732	46
16.0748	46
16.0764	46
16.078	46
16.0796	46
16.0812	46
16.0828	46
16.0844	46
16.086	46
16.0876	46
16.0892	46
16.0908	46
16.0924	46
16.094	46
16.0956	46
16.0972	46
16.0988	46
16.1004	46
16.102	46
16.1036	46
16.1052	46
16.1068	46
16.1084	46
16.11	46
16.1116	46
16.1132	46
16.1148	46
16.1164	46
16.118	46
16.1196	46
16.1212	46
16.1228	46
16.1244	46
16.126	46
16.1276	46
16.1292	46
16.1308	46
16.1325	46
16.1341	46
16.1357	46
16.1373	46
16.1389	46
16.1405	46
16.1421	46
16.1437	46
16.1453	46
16.1469	46
16.1485	46
16.1501	46
16.1517	46
16.1533	46
16.1549	46
16.1565	46
16.1581	46
16.1597	46
16.1613	46
16.1629	46
16.1645	46
16.1661	46
16.1677	46
16.1693	46
16.1709	46
16.1725	46
16.1741	46
16.1757	46
16.1773	46
16.1789	46
16.1805	46
16.1821	46
16.1837	46
16.1853	46
16.1869	46
16.1885	46
16.1901	46
16.1917	46
16.1933	46
16.1949	46
16.1965	46
16.1981	46
16.1997	46
16.2013	46
16.2029	46
16.2045	46
16.2061	46
16.2078	46
16.2094	46
16.211	46
16.2126	46
16.2142	46
16.2158	46
16.2174	46
16.219	46
16.2206	46
16.2222	46
16.2238	46
16.2254	46
16.227	46
16.2286	46
16.2302	46
16.2318	46
16.2334	46
16.235	46
16.2366	46
16.2382	46
16.2398	46
16.2414	46
16.243	46
16.2446	46
16.2462	46
16.2478	46
16.2494	46
16.251	46
16.2526	46
16.2542	46
16.2558	46
16.2574	46
16.259	46
16.2606	47
16.2622	47
16.2638	47
16.2654	47
16.267	47
16.2686	47
16.2702	47
16.2718	47
16.2734	47
16.275	47
16.2766	47
16.2782	47
16.2798	47
16.2814	47
16.2831	48
16.2847	48
16.2863	48
16.2879	48
16.2895	48
16.2911	48
16.2927	48
16.2943	48
16.2959	48
16.2975	48
16.2991	48
16.3007	48
16.3023	48
16.3039	48
16.3055	48
16.3071	48
16.3087	48
16.3103	48
16.3119	48
16.3135	48
16.3151	48
16.3167	48
16.3183	48
16.3199	48
16.3215	48
16.3231	48
16.3247	48
16.3263	48
16.3279	48
16.3295	48
16.3311	48
16.3327	48
16.3343	48
16.3359	48
16.3375	48
16.3391	48
16.3407	48
16.3423	48
16.3439	48
16.3455	48
16.3471	48
16.3487	48
16.3503	48
16.3519	48
16.3535	48
16.3551	48
16.3567	48
16.3584	48
16.36	48
16.3616	48
16.3632	48
16.3648	48
16.3664	48
16.368	48
16.3696	48
16.3712	48
16.3728	48
16.3744	48
16.376	48
16.3776	48
16.3792	48
16.3808	48
16.3824	48
16.384	48
16.3856	48
16.3872	48
16.3888	48
16.3904	48
16.392	48
16.3936	48
16.3952	48
16.3968	48
16.3984	48
16.4	48
16.4016	48
16.4032	48
16.4048	48
16.4064	48
16.408	48
16.4096	48
16.4112	48
16.4128	48
16.4144	48
16.416	48
16.4176	48
16.4192	48
16.4208	48
16.4224	48
16.424	48
16.4256	48
16.4272	48
16.4288	48
16.4304	48
16.432	48
16.4337	48
16.4353	48
16.4369	48
16.4385	48
16.4401	48
16.4417	48
16.4433	48
16.4449	48
16.4465	48
16.4481	48
16.4497	48
16.4513	48
16.4529	48
16.4545	48
16.4561	48
16.4577	48
16.4593	48
16.4609	48
16.4625	48
16.4641	48
16.4657	48
16.4673	48
16.4689	48
16.4705	48
16.4721	48
16.4737	48
16.4753	48
16.4769	48
16.4785	48
16.4801	48
16.4817	48
16.4833	48
16.4849	48
16.4865	48
16.4881	48
16.4897	48
16.4913	48
16.4929	48
16.4945	48
16.4961	48
16.4977	48
16.4993	48
16.5009	48
16.5025	48
16.5041	48
16.5057	48
16.5073	48
16.509	48
16.5106	48
16.5122	48
16.5138	48
16.5154	48
16.517	48
16.5186	48
16.5202	48
16.5218	48
16.5234	48
16.525	48
16.5266	48
16.5282	48
16.5298	48
16.5314	48
16.533	48
16.5346	48
16.5362	48
16.5378	48
16.5394	48
16.541	48
16.5426	48
16.5442	48
16.5458	48
16.5474	48
16.549	48
16.5506	48
16.5522	48
16.5538	48
16.5554	48
16.557	48
16.5586	48
16.5602	48
16.5618	48
16.5634	48
16.565	48
16.5666	48
16.5682	48
16.5698	48
16.5714	48
16.573	48
16.5746	48
16.5762	48
16.5778	48
16.5794	49
16.581	49
16.5826	49
16.5843	49
16.5859	49
16.5875	49
16.5891	49
16.5907	49
16.5923	49
16.5939	49
16.5955	49
16.5971	49
16.5987	49
16.6003	49
16.6019	49
16.6035	49
16.6051	49
16.6067	49
16.6083	49
16.6099	49
16.6115	49
16.6131	49
16.6147	49
16.6163	49
16.6179	49
16.6195	49
16.6211	49
16.6227	49
16.6243	49
16.6259	49
16.6275	49
16.6291	49
16.6307	49
16.6323	49
16.6339	49
16.6355	49
16.6371	49
16.6387	49
16.6403	49
16.6419	49
16.6435	49
16.6451	49
16.6467	49
16.6483	49
16.6499	49
16.6515	49
16.6531	49
16.6547	49
16.6563	49
16.658	49
16.6596	49
16.6612	49
16.6628	49
16.6644	49
16.666	49
16.6676	49
16.6692	49
16.6708	49
16.6724	49
16.674	49
16.6756	49
16.6772	49
16.6788	49
16.6804	49
16.682	49
16.6836	49
16.6852	49
16.6868	49
16.6884	49
16.69	49
16.6916	49
16.6932	49
16.6948	49
16.6964	49
16.698	49
16.6996	49
16.7012	49
16.7028	49
16.7044	49
16.706	49
16.7076	49
16.7092	49
16.7108	49
16.7124	49
16.714	49
16.7156	49
16.7172	49
16.7188	49
16.7204	49
16.722	49
16.7236	49
16.7252	49
16.7268	49
16.7284	49
16.73	49
16.7316	49
16.7333	49
16.7349	49
16.7365	49
16.7381	49
16.7397	49
16.7413	49
16.7429	49
16.7445	49
16.7461	49
16.7477	49
16.7493	49
16.7509	49
16.7525	49
16.7541	49
16.7557	49
16.7573	49
16.7589	49
16.7605	49
16.7621	49
16.7637	49
16.7653	49
16.7669	49
16.7685	49
16.7701	49
16.7717	49
16.7733	49
16.7749	49
16.7765	49
16.7781	49
16.7797	49
16.7813	49
16.7829	49
16.7845	49
16.7861	49
16.7877	49
16.7893	49
16.7909	49
16.7925	49
16.7941	49
16.7957	49
16.7973	49
16.7989	49
16.8005	49
16.8021	49
16.8037	49
16.8053	49
16.8069	49
16.8086	49
16.8102	49
16.8118	49
16.8134	49
16.815	49
16.8166	49
16.8182	49
16.8198	49
16.8214	49
16.823	49
16.8246	50
16.8262	50
16.8278	50
16.8294	50
16.831	50
16.8326	50
16.8342	50
16.8358	50
16.8374	50
16.839	50
16.8406	50
16.8422	51
16.8438	51
16.8454	51
16.847	51
16.8486	51
16.8502	51
16.8518	51
16.8534	51
16.855	51
16.8566	51
16.8582	51
16.8598	51
16.8614	51
16.863	51
16.8646	51
16.8662	51
16.8678	51
16.8694	51
16.871	51
16.8726	51
16.8742	51
16.8758	51
16.8774	51
16.879	51
16.8806	51
16.8822	51
16.8839	51
16.8855	51
16.8871	51
16.8887	51
16.8903	51
16.8919	51
16.8935	51
16.8951	51
16.8967	51
16.8983	51
16.8999	51
16.9015	51
16.9031	51
16.9047	51
16.9063	51
16.9079	51
16.9095	51
16.9111	51
16.9127	51
16.9143	51
16.9159	51
16.9175	51
16.9191	51
16.9207	51
16.9223	51
16.9239	51
16.9255	51
16.9271	51
16.9287	51
16.9303	51
16.9319	51
16.9335	51
16.9351	51
16.9367	51
16.9383	51
16.9399	51
16.9415	51
16.9431	51
16.9447	51
16.9463	51
16.9479	51
16.9495	51
16.9511	51
16.9527	51
16.9543	51
16.9559	51
16.9575	51
16.9592	51
16.9608	51
16.9624	51
16.964	51
16.9656	51
16.9672	51
16.9688	51
16.9704	51
16.972	51
16.9736	51
16.9752	51
16.9768	51
16.9784	51
16.98	51
16.9816	51
16.9832	51
16.9848	51
16.9864	51
16.988	51
16.9896	51
16.9912	51
16.9928	51
16.9944	51
16.996	51
16.9976	51
16.9992	51
17.0008	51
17.0024	51
17.004	51
17.0056	51
17.0072	51
17.0088	51
17.0104	51
17.012	51
17.0136	51
17.0152	51
17.0168	51
17.0184	51
17.02	51
17.0216	51
17.0232	51
17.0248	51
17.0264	51
17.028	51
17.0296	51
17.0312	51
17.0328	51
17.0345	51
17.0361	52
17.0377	52
17.0393	52
17.0409	52
17.0425	52
17.0441	52
17.0457	52
17.0473	52
17.0489	52
17.0505	52
17.0521	52
17.0537	52
17.0553	52
17.0569	52
17.0585	52
17.0601	52
17.0617	52
17.0633	52
17.0649	52
17.0665	52
17.0681	52
17.0697	52
17.0713	52
17.0729	52
17.0745	52
17.0761	52
17.0777	52
17.0793	52
17.0809	52
17.0825	52
17.0841	52
17.0857	52
17.0873	52
17.0889	52
17.0905	52
17.0921	52
17.0937	52
17.0953	52
17.0969	52
17.0985	52
17.1001	52
17.1017	52
17.1033	52
17.1049	52
17.1065	52
17.1081	52
17.1098	52
17.1114	52
17.113	52
17.1146	52
17.1162	52
17.1178	52
17.1194	52
17.121	52
17.1226	52
17.1242	52
17.1258	52
17.1274	52
17.129	52
17.1867	52
17.1883	52
17.1899	51
17.1915	51
17.1931	51
17.1947	50
17.1963	50
17.1979	49
17.1995	48
17.2011	48
17.2022	47
17.2207	46
17.2223	45
17.2239	44
17.2255	44
17.2271	44
17.2287	44
17.2303	44
17.2319	45
17.2335	45
17.2351	46
17.2367	47
17.2383	48
17.2399	49
17.2415	49
17.2431	50
17.2447	51
17.2463	51
17.2479	51
17.2495	52
17.2511	52
17.2527	52
17.2543	53
17.2559	53
17.2575	53
17.2591	51
17.2607	49
17.2623	48
17.2639	47
17.2655	46
17.2671	45
17.2687	44
17.2703	43
17.2719	42
17.2735	42
17.2751	41
17.2767	41
17.2783	41
17.2799	40
17.2815	40
17.2831	40
17.2847	39
17.2863	39
17.288	39
17.2896	39
17.2912	39
17.2928	39
17.2944	39
17.296	39
17.2976	38
17.2992	38
17.3008	38
17.3024	38
17.304	38
17.3056	38
17.3072	38
17.3088	38
17.3104	38
17.312	38
17.3136	38
17.3152	38
17.3168	38
17.3184	38
17.32	38
17.3216	38
17.3232	38
17.3248	38
17.3264	38
17.328	38
17.3296	38
17.3312	38
17.3328	38
17.3344	38
17.336	38
17.3376	38
17.3392	38
17.3408	38
17.3424	38
17.344	38
17.3456	38
17.3472	38
17.3488	38
17.3504	39
17.352	39
17.3536	39
17.3552	39
17.3568	39
17.3584	39
17.36	39
17.3616	39
17.3633	39
17.3649	39
17.3665	39
17.3681	39
17.3697	39
17.3713	39
17.3729	39
17.3745	39
17.3761	39
17.3777	39
17.3793	39
17.3809	39
17.3825	39
17.3841	39
17.3857	39
17.3873	39
17.3889	39
17.3905	39
17.3921	39
17.3937	39
17.3953	39
17.3969	39
17.3985	39
17.4001	39
17.4017	39
17.4033	39
17.4049	39
17.4065	39
17.4081	39
17.4097	39
17.4113	39
17.4129	39
17.4145	39
17.4161	39
17.4177	39
17.4193	39
17.4209	39
17.4225	39
17.4241	39
17.4257	39
17.4273	39
17.4289	39
17.4305	39
17.4321	39
17.4337	39
17.4353	39
17.4369	39
17.4386	39
17.4402	39
17.4418	39
17.4434	39
17.445	39
17.4466	39
17.4482	39
17.4498	39
17.4514	39
17.453	39
17.4546	39
17.4562	39
17.4578	39
17.4594	39
17.461	39
17.4626	39
17.4642	39
17.4658	39
17.4674	39
17.469	39
17.4706	39
17.4722	39
17.4738	39
17.4754	39
17.477	40
17.4786	40
17.4802	40
17.4818	40
17.4834	40
17.485	40
17.4866	40
17.4882	40
17.4898	40
17.4914	40
17.493	40
17.4946	41
17.4962	41
17.4978	41
17.4994	41
17.501	41
17.5026	41
17.5042	41
17.5058	41
17.5074	41
17.509	41
17.5106	41
17.5122	41
17.5139	41
17.5155	41
17.5171	41
17.5187	41
17.5203	41
17.5219	41
17.5235	41
17.5251	41
17.5267	41
17.5283	41
17.5299	41
17.5315	41
17.5331	41
17.5347	41
17.5363	41
17.5379	41
17.5395	41
17.5411	41
17.5427	41
17.5443	41
17.5459	41
17.5475	41
17.5491	41
17.5507	41
17.5523	41
17.5539	41
17.5555	41
17.5571	41
17.5587	41
17.5603	41
17.5619	41
17.5635	41
17.5651	41
17.5667	41
17.5683	41
17.5699	41
17.5715	41
17.5731	41
17.5747	41
17.5763	41
17.5779	41
17.5795	41
17.5811	41
17.5827	41
17.5843	41
17.5859	41
17.5875	41
17.5892	41
17.5908	41
17.5924	41
17.594	41
17.5956	41
17.5972	41
17.5988	41
17.6004	41
17.602	41
17.6036	41
17.6052	41
17.6068	41
17.6084	41
17.61	41
17.6116	41
17.6132	41
17.6148	41
17.6164	41
17.618	41
17.6196	41
17.6212	41
17.6228	41
17.6244	41
17.626	41
17.6276	41
17.6292	41
17.6308	41
17.6324	41
17.634	41
17.6356	41
17.6372	42
17.6388	42
17.6404	42
17.642	42
17.6436	42
17.6452	42
17.6468	42
17.6484	42
17.65	42
17.6516	42
17.6532	43
17.6548	43
17.6564	43
17.658	43
17.6596	43
17.6612	43
17.6628	43
17.6645	43
17.6661	43
17.6677	43
17.6693	43
17.6709	43
17.6725	43
17.6741	43
17.6757	43
17.6773	43
17.6789	43
17.6805	43
17.6821	43
17.6837	43
17.6853	43
17.6869	43
17.6885	43
17.6901	43
17.6917	43
17.6933	43
17.6949	43
17.6965	43
17.6981	43
17.6997	43
17.7013	43
17.7029	43
17.7045	43
17.7061	43
17.7077	43
17.7093	43
17.7109	43
17.7125	43
17.7141	43
17.7157	43
17.7173	43
17.7189	43
17.7205	43
17.7221	43
17.7237	43
17.7253	43
17.7269	43
17.7285	43
17.7301	43
17.7317	43
17.7333	43
17.7349	43
17.7365	43
17.7382	43
17.7398	43
17.7414	43
17.743	43
17.7446	43
17.7462	43
17.7478	43
17.7494	43
17.751	43
17.7526	43
17.7542	43
17.7558	43
17.7574	43
17.759	43
17.7606	43
17.7622	43
17.7638	43
17.7654	43
17.767	43
17.7686	43
17.7702	43
17.7718	43
17.7734	43
17.775	43
17.7766	43
17.7782	43
17.7798	43
17.7814	43
17.783	43
17.7846	43
17.7862	43
17.7878	43
17.7894	43
17.791	43
17.7926	43
17.7942	43
17.7958	43
17.7974	43
17.799	43
17.8006	43
17.8022	43
17.8038	43
17.8054	43
17.807	44
17.8086	44
17.8102	44
17.8118	44
17.8135	44
17.8151	44
17.8167	44
17.8183	44
17.8199	44
17.8215	44
17.8231	44
17.8247	44
17.8263	44
17.8279	44
17.8295	44
17.8311	44
17.8327	44
17.8343	44
17.8359	44
17.8375	44
17.8391	44
17.8407	44
17.8423	44
17.8439	44
17.8455	44
17.8471	44
17.8487	44
17.8503	44
17.8519	44
17.8535	44
17.8551	44
17.8567	44
17.8583	44
17.8599	44
17.8615	44
17.8631	44
17.8647	44
17.8663	44
17.8679	44
17.8695	44
17.8711	44
17.8727	44
17.8743	44
17.8759	44
17.8775	44
17.8791	44
17.8807	44
17.8823	44
17.8839	44
17.8855	44
17.8871	44
17.8888	44
17.8904	44
17.892	44
17.8936	44
17.8952	44
17.8968	44
17.8984	44
17.9	44
17.9016	44
17.9032	44
17.9048	44
17.9064	44
17.908	44
17.9096	44
17.9112	44
17.9128	44
17.9144	44
17.916	44
17.9176	44
17.9192	44
17.9208	44
17.9224	44
17.924	44
17.9256	44
17.9272	44
17.9288	44
17.9304	44
17.932	44
17.9336	44
17.9352	44
17.9368	44
17.9384	44
17.94	44
17.9416	44
17.9432	44
17.9448	44
17.9464	44
17.948	44
17.9496	44
17.9512	44
17.9528	44
17.9544	44
17.956	44
17.9576	44
17.9592	44
17.9608	44
17.9624	44
17.9641	44
17.9657	44
17.9673	44
17.9689	44
17.9705	44
17.9721	44
17.9737	44
17.9753	44
17.9769	44
17.9785	44
17.9801	44
17.9817	44
17.9833	44
17.9849	44
17.9865	44
17.9881	45
17.9897	45
17.9913	45
17.9929	45
17.9945	45
17.9961	45
17.9977	45
17.9993	45
18.0009	45
18.0025	45
18.0041	46
18.0057	46
18.0073	46
18.0089	46
18.0105	46
18.0121	46
18.0137	46
18.0153	46
18.0169	46
18.0185	46
18.0201	46
18.0217	46
18.0233	46
18.0249	46
18.0265	46
18.0281	46
18.0297	46
18.0313	46
18.0329	46
18.0345	46
18.0361	46
18.0377	46
18.0394	46
18.041	46
18.0426	46
18.0442	46
18.0458	46
18.0474	46
18.049	46
18.0506	46
18.0522	46
18.0538	46
18.0554	46
18.057	46
18.0586	46
18.0602	46
18.0618	46
18.0634	46
18.065	46
18.0666	46
18.0682	46
18.0698	46
18.0714	46
18.073	46
18.0746	46
18.0762	46
18.0778	46
18.0794	46
18.081	46
18.0826	46
18.0842	46
18.0858	46
18.0874	46
18.089	46
18.0906	46
18.0922	46
18.0938	46
18.0954	46
18.097	46
18.0986	46
18.1002	46
18.1018	46
18.1034	46
18.105	46
18.1066	46
18.1082	46
18.1098	46
18.1114	46
18.113	46
18.1147	46
18.1163	46
18.1179	46
18.1195	46
18.1211	46
18.1227	46
18.1243	46
18.1259	46
18.1275	46
18.1291	46
18.1307	46
18.1323	46
18.1339	46
18.1355	46
18.1371	46
18.1387	46
18.1403	46
18.1419	46
18.1435	46
18.1451	46
18.1467	46
18.1483	46
18.1499	46
18.1515	46
18.1531	46
18.1547	46
18.1563	46
18.1579	46
18.1595	46
18.1611	46
18.1627	46
18.1643	46
18.1659	46
18.1675	46
18.1691	46
18.1707	46
18.1723	46
18.1739	46
18.1755	46
18.1771	46
18.1787	46
18.1803	46
18.1819	46
18.1835	46
18.1851	46
18.1867	46
18.1883	46
18.19	46
18.1916	46
18.1932	46
18.1948	46
18.1964	46
18.198	46
18.1996	46
18.2012	46
18.2028	47
18.2044	47
18.206	47
18.2076	47
18.2092	47
18.2108	47
18.2124	47
18.214	47
18.2156	47
18.2172	47
18.2188	47
18.2204	47
18.222	47
18.2236	47
18.2252	47
18.2268	47
18.2284	47
18.23	48
18.2316	48
18.2332	48
18.2348	48
18.2364	48
18.238	48
18.2396	48
18.2412	48
18.2428	48
18.2444	48
18.246	48
18.2476	48
18.2492	48
18.2508	48
18.2524	48
18.254	48
18.2556	48
18.2572	48
18.2588	48
18.2604	48
18.262	48
18.2637	48
18.2653	48
18.2669	48
18.2685	48
18.2701	48
18.2717	48
18.2733	48
18.2749	48
18.2765	48
18.2781	48
18.2797	48
18.2813	48
18.2829	48
18.2845	48
18.2861	48
18.2877	48
18.2893	48
18.2909	48
18.2925	48
18.2941	48
18.2957	48
18.2973	48
18.2989	48
18.3005	48
18.3021	48
18.3037	48
18.3053	48
18.3069	48
18.3085	48
18.3101	48
18.3117	48
18.3133	48
18.3149	48
18.3165	48
18.3181	48
18.3197	48
18.3213	48
18.3229	48
18.3245	48
18.3261	48
18.3277	48
18.3293	48
18.3309	48
18.3325	48
18.3341	48
18.3357	48
18.3373	48
18.339	48
18.3406	48
18.3422	48
18.3438	48
18.3454	48
18.347	48
18.3486	48
18.3502	48
18.3518	48
18.3534	48
18.355	48
18.3566	48
18.3582	48
18.3598	48
18.3614	48
18.363	48
18.3646	48
18.3662	48
18.3678	48
18.3694	48
18.371	48
18.3726	48
18.3742	48
18.3758	48
18.3774	48
18.379	48
18.3806	48
18.3822	48
18.3838	48
18.3854	48
18.387	48
18.3886	48
18.3902	48
18.3918	48
18.3934	48
18.395	48
18.3966	48
18.3982	48
18.3998	48
18.4014	48
18.403	48
18.4046	48
18.4062	48
18.4078	48
18.4094	48
18.411	48
18.4126	48
18.4143	48
18.4159	48
18.4175	48
18.4191	48
18.4207	48
18.4223	48
18.4239	48
18.4255	48
18.4271	48
18.4287	48
18.4303	48
18.4319	48
18.4335	48
18.4351	48
18.4367	48
18.4383	48
18.4399	48
18.4415	48
18.4431	48
18.4447	48
18.4463	48
18.4479	48
18.4495	48
18.4511	48
18.4527	48
18.4543	48
18.4559	48
18.4575	48
18.4591	49
18.4607	49
18.4623	49
18.4639	49
18.4655	49
18.4671	49
18.4687	49
18.4703	49
18.4719	49
18.4735	49
18.4751	49
18.4767	49
18.4783	49
18.4799	49
18.4815	49
18.4831	49
18.4847	49
18.4863	49
18.4879	49
18.4896	49
18.4912	49
18.4928	49
18.4944	49
18.496	49
18.4976	49
18.4992	49
18.5008	49
18.5024	49
18.504	49
18.5056	49
18.5072	49
18.5088	49
18.5104	49
18.512	49
18.5136	49
18.5152	49
18.5168	49
18.5184	49
18.52	49
18.5216	49
18.5232	49
18.5248	49
18.5264	49
18.528	49
18.5296	49
18.5312	49
18.5328	49
18.5344	49
18.536	49
18.5376	49
18.5392	49
18.5408	49
18.5424	49
18.544	49
18.5456	49
18.5472	49
18.5488	49
18.5504	49
18.552	49
18.5536	49
18.5552	49
18.5568	49
18.5584	49
18.56	49
18.5616	49
18.5632	49
18.5649	49
18.5665	49
18.5681	49
18.5697	49
18.5713	49
18.5729	49
18.5745	49
18.5761	49
18.5777	49
18.5793	49
18.5809	49
18.5825	49
18.5841	49
18.5857	49
18.5873	49
18.5889	49
18.5905	49
18.5921	49
18.5937	49
18.5953	49
18.5969	49
18.5985	49
18.6001	49
18.6017	49
18.6033	49
18.6049	49
18.6065	49
18.6081	49
18.6097	49
18.6113	49
18.6129	49
18.6145	49
18.6161	49
18.6177	49
18.6193	49
18.6209	49
18.6225	49
18.6241	49
18.6257	49
18.6273	49
18.6289	49
18.6305	49
18.6321	49
18.6337	49
18.6353	49
18.6369	49
18.6385	49
18.6402	49
18.6418	49
18.6434	49
18.645	49
18.6466	49
18.6482	49
18.6498	49
18.6514	49
18.653	49
18.6546	49
18.6562	49
18.6578	49
18.6594	49
18.661	49
18.6626	49
18.6642	49
18.6658	49
18.6674	49
18.669	49
18.6706	49
18.6722	49
18.6738	49
18.6754	49
18.677	49
18.6786	49
18.6802	49
18.6818	49
18.6834	49
18.685	49
18.6866	49
18.6882	49
18.6898	49
18.6914	49
18.693	49
18.6946	49
18.6962	49
18.6978	49
18.6994	49
18.701	49
18.7026	49
18.7042	49
18.7058	49
18.7074	49
18.709	49
18.7106	49
18.7122	49
18.7138	49
18.7155	49
18.7171	49
18.7187	49
18.7203	49
18.7219	49
18.7235	49
18.7251	49
18.7267	49
18.7283	49
18.7299	49
18.7315	49
18.7331	49
18.7347	49
18.7363	49
18.7379	49
18.7395	49
18.7411	49
18.7427	49
18.7443	49
18.7459	49
18.7475	49
18.7491	49
18.7507	49
18.7523	49
18.7539	49
18.7555	49
18.7571	49
18.7587	49
18.7603	49
18.7619	49
18.7635	50
18.7651	50
18.7667	50
18.7683	50
18.7699	50
18.7715	50
18.7731	50
18.7747	50
18.7763	50
18.7779	50
18.7795	50
18.7811	51
18.7827	51
18.7843	51
18.7859	51
18.7875	51
18.7892	51
18.7908	51
18.7924	51
18.794	51
18.7956	51
18.7972	51
18.7988	51
18.8004	51
18.802	51
18.8036	51
18.8052	51
18.8068	51
18.8084	51
18.81	51
18.8116	51
18.8132	51
18.8148	51
18.8164	51
18.818	51
18.8196	51
18.8212	51
18.8228	51
18.8244	51
18.826	51
18.8276	51
18.8292	51
18.8308	51
18.8324	51
18.834	51
18.8356	51
18.8372	51
18.8388	51
18.8404	51
18.842	51
18.8436	51
18.8452	51
18.8468	51
18.8484	51
18.85	51
18.8516	51
18.8532	51
18.8548	51
18.8564	51
18.858	51
18.8596	51
18.8612	51
18.8628	51
18.8645	51
18.8661	51
18.8677	51
18.8693	51
18.8709	51
18.8725	51
18.8741	51
18.8757	51
18.8773	51
18.8789	51
18.8805	51
18.8821	51
18.8837	51
18.8853	51
18.8869	51
18.8885	51
18.8901	51
18.8917	51
18.8933	51
18.8949	51
18.8965	51
18.8981	51
18.8997	51
18.9013	51
18.9029	51
18.9045	51
18.9061	51
18.9077	51
18.9093	51
18.9109	51
18.9125	51
18.9141	51
18.9157	51
18.9173	51
18.9189	51
18.9205	51
18.9221	51
18.9237	51
18.9253	51
18.9269	51
18.9285	51
18.9301	51
18.9317	51
18.9333	51
18.9349	51
18.9365	51
18.9381	51
18.9398	51
18.9414	51
18.943	51
18.9446	51
18.9462	51
18.9478	51
18.9494	51
18.951	51
18.9526	51
18.9542	51
18.9558	51
18.9574	51
18.959	51
18.9606	51
18.9622	51
18.9638	51
18.9654	51
18.967	51
18.9686	51
18.9702	51
18.9718	51
18.9734	51
18.975	51
18.9766	51
18.9782	51
18.9798	51
18.9814	51
18.983	51
18.9846	51
18.9862	51
18.9878	51
18.9894	51
18.991	51
18.9926	51
18.9942	51
18.9958	51
18.9974	51
18.999	51
19.0006	51
19.0022	51
19.0038	51
19.0054	51
19.007	51
19.0086	51
19.0102	51
19.0118	51
19.0134	51
19.0151	51
19.0167	51
19.0183	51
19.0199	51
19.0215	51
19.0231	51
19.0247	51
19.0263	51
19.0279	51
19.0295	51
19.0311	51
19.0327	51
19.0343	51
19.0359	51
19.0375	51
19.0391	51
19.0407	51
19.0423	51
19.0439	51
19.0455	51
19.0471	51
19.0487	51
19.0503	51
19.0519	51
19.0535	51
19.0551	51
19.0567	51
19.0583	51
19.0599	51
19.0615	51
19.0631	51
19.0647	51
19.0663	51
19.0679	51
19.0695	51
19.0711	51
19.0727	51
19.0743	51
19.0759	51
19.0775	51
19.0791	51
19.0807	51
19.0823	51
19.0839	51
19.0855	51
19.0871	51
19.0887	51
19.0904	51
19.092	51
19.0936	51
19.0952	51
19.0968	51
19.0984	51
19.1	51
19.1016	51
19.1032	51
19.1048	51
19.1064	51
19.108	51
19.1096	51
19.1112	51
19.1128	51
19.1144	51
19.116	51
19.1176	51
19.1192	51
19.1208	51
19.1224	51
19.124	51
19.1256	51
19.1272	51
19.1288	51
19.1304	51
19.132	51
19.1336	51
19.1352	51
19.1368	51
19.1384	51
19.14	51
19.1416	51
19.1432	51
19.1448	51
19.1464	51
19.148	51
19.1496	51
19.1512	51
19.1528	51
19.1544	51
19.156	51
19.1576	51
19.1592	51
19.1608	51
19.1624	51
19.164	51
19.1657	51
19.1673	51
19.1689	51
19.1705	51
19.1721	51
19.1737	51
19.1753	51
19.1769	51
19.1785	51
19.1801	51
19.1817	51
19.1833	51
19.1849	51
19.1865	51
19.1881	51
19.1897	51
19.1913	51
19.1929	51
19.1945	51
19.1961	51
19.1977	51
19.1993	51
19.2009	51
19.2025	51
19.2041	51
19.2057	51
19.2073	51
19.2089	51
19.2105	51
19.2121	51
19.2137	52
19.2153	52
19.2169	52
19.2185	52
19.2201	52
19.2217	52
19.2233	52
19.2249	52
19.2265	52
19.2281	52
19.2297	52
19.2313	52
19.2329	52
19.2345	52
19.2361	52
19.2377	52
19.2393	52
19.241	52
19.2426	52
19.2442	52
19.2458	52
19.2474	52
19.249	52
19.2506	52
19.2522	52
19.2538	52
19.2554	52
19.257	52
19.2586	52
19.2602	52
19.2618	52
19.2634	52
19.265	52
19.2666	52
19.2682	52
19.2698	52
19.2714	52
19.273	52
19.2746	52
19.2762	52
19.2778	52
19.2794	52
19.281	52
19.2826	52
19.2842	52
19.2858	52
19.2874	52
19.289	52
19.2906	52
19.2922	52
19.2938	52
19.2954	52
19.297	52
19.2986	52
19.3002	52
19.3018	52
19.3034	52
19.305	52
19.3619	52
19.3635	52
19.3651	51
19.3667	51
19.3683	50
19.3699	50
19.3715	49
19.3731	49
19.3747	48
19.3763	47
19.3774	47
19.3951	45
19.3967	44
19.3983	44
19.3999	43
19.4015	43
19.4031	43
19.4047	44
19.4063	44
19.4079	45
19.4095	45
19.4111	46
19.4127	47
19.4143	48
19.4159	48
19.4175	49
19.4191	50
19.4207	50
19.4223	51
19.4239	51
19.4255	51
19.4271	52
19.4287	52
19.4303	52
19.4319	52
19.4335	50
19.4351	49
19.4367	47
19.4383	46
19.4399	45
19.4415	44
19.4431	44
19.4447	43
19.4463	42
19.4479	42
19.4495	41
19.4511	41
19.4527	40
19.4543	40
19.4559	40
19.4576	40
19.4592	39
19.4608	39
19.4624	39
19.464	39
19.4656	39
19.4672	39
19.4688	39
19.4704	39
19.472	38
19.4736	38
19.4752	38
19.4768	38
19.4784	38
19.48	38
19.4816	38
19.4832	38
19.4848	38
19.4864	38
19.488	38
19.4896	38
19.4912	38
19.4928	38
19.4944	38
19.496	38
19.4976	38
19.4992	38
19.5008	38
19.5024	38
19.504	38
19.5056	38
19.5072	38
19.5088	38
19.5104	38
19.512	38
19.5136	38
19.5152	38
19.5168	38
19.5184	38
19.52	38
19.5216	38
19.5232	38
19.5248	38
19.5264	38
19.528	38
19.5296	38
19.5312	38
19.5329	38
19.5345	38
19.5361	38
19.5377	38
19.5393	38
19.5409	38
19.5425	38
19.5441	38
19.5457	38
19.5473	38
19.5489	38
19.5505	38
19.5521	38
19.5537	38
19.5553	38
19.5569	38
19.5585	38
19.5601	38
19.5617	38
19.5633	38
19.5649	38
19.5665	38
19.5681	38
19.5697	38
19.5713	38
19.5729	38
19.5745	38
19.5761	38
19.5777	38
19.5793	38
19.5809	38
19.5825	38
19.5841	38
19.5857	38
19.5873	38
19.5889	38
19.5905	38
19.5921	38
19.5937	38
19.5953	38
19.5969	38
19.5985	38
19.6001	38
19.6017	38
19.6033	38
19.6049	38
19.6065	38
19.6082	38
19.6098	38
19.6114	38
19.613	38
19.6146	38
19.6162	38
19.6178	38
19.6194	38
19.621	38
19.6226	38
19.6242	38
19.6258	38
19.6274	38
19.629	38
19.6306	38
19.6322	38
19.6338	38
19.6354	38
19.637	38
19.6386	38
19.6402	38
19.6418	38
19.6434	38
19.645	38
19.6466	38
19.6482	38
19.6498	38
19.6514	38
19.653	38
19.6546	38
19.6562	38
19.6578	38
19.6594	38
19.661	38
19.6626	38
19.6642	38
19.6658	38
19.6674	38
19.669	38
19.6706	38
19.6722	38
19.6738	38
19.6754	38
19.677	38
19.6786	38
19.6802	38
19.6818	38
19.6835	38
19.6851	38
19.6867	38
19.6883	38
19.6899	38
19.6915	38
19.6931	38
19.6947	38
19.6963	38
19.6979	38
19.6995	38
19.7011	38
19.7027	38
19.7043	38
19.7059	38
19.7075	38
19.7091	38
19.7107	38
19.7123	38
19.7139	38
19.7155	38
19.7171	38
19.7187	38
19.7203	38
19.7219	38
19.7235	38
19.7251	38
19.7267	38
19.7283	39
19.7299	39
19.7315	39
19.7331	39
19.7347	39
19.7363	39
19.7379	39
19.7395	39
19.7411	39
19.7427	39
19.7443	39
19.7459	39
19.7475	39
19.7491	39
19.7507	39
19.7523	39
19.7539	39
19.7555	39
19.7571	39
19.7588	39
19.7604	39
19.762	39
19.7636	39
19.7652	39
19.7668	39
19.7684	39
19.77	39
19.7716	39
19.7732	39
19.7748	39
19.7764	39
19.778	39
19.7796	39
19.7812	39
19.7828	39
19.7844	39
19.786	39
19.7876	39
19.7892	39
19.7908	39
19.7924	39
19.794	39
19.7956	39
19.7972	39
19.7988	39
19.8004	39
19.802	40
19.8036	40
19.8052	40
19.8068	40
19.8084	40
19.81	40
19.8116	40
19.8132	40
19.8148	40
19.8164	40
19.818	40
19.8196	40
19.8212	40
19.8228	40
19.8244	40
19.826	40
19.8276	40
19.8292	40
19.8308	40
19.8324	40
19.8341	40
19.8357	40
19.8373	40
19.8389	40
19.8405	40
19.8421	40
19.8437	40
19.8453	40
19.8469	40
19.8485	40
19.8501	40
19.8517	40
19.8533	40
19.8549	40
19.8565	40
19.8581	40
19.8597	40
19.8613	40
19.8629	40
19.8645	40
19.8661	40
19.8677	40
19.8693	40
19.8709	40
19.8725	40
19.8741	40
19.8757	40
19.8773	40
19.8789	40
19.8805	40
19.8821	40
19.8837	40
19.8853	40
19.8869	40
19.8885	40
19.8901	40
19.8917	40
19.8933	40
19.8949	40
19.8965	40
19.8981	40
19.8997	40
19.9013	40
19.9029	40
19.9045	40
19.9061	40
19.9077	40
19.9094	40
19.911	40
19.9126	40
19.9142	40
19.9158	40
19.9174	40
19.919	40
19.9206	40
19.9222	40
19.9238	40
19.9254	40
19.927	40
19.9286	40
19.9302	40
19.9318	40
19.9334	40
19.935	40
19.9366	40
19.9382	40
19.9398	40
19.9414	40
19.943	40
19.9446	40
19.9462	40
19.9478	40
19.9494	40
19.951	40
19.9526	40
19.9542	40
19.9558	40
19.9574	40
19.959	40
19.9606	40
19.9622	40
19.9638	40
19.9654	40
19.967	40
19.9686	40
19.9702	40
19.9718	40
19.9734	40
19.975	40
19.9766	40
19.9782	40
19.9798	40
19.9814	40
19.9831	40
19.9847	40
19.9863	40
19.9879	40
19.9895	40
19.9911	40
19.9927	40
19.9943	40
19.9959	40
19.9975	40
19.9991	40
20.0007	40
20.0023	40
20.0039	40
20.0055	40
20.0071	40
20.0087	40
20.0103	41
20.0119	41
20.0135	41
20.0151	41
20.0167	41
20.0183	41
20.0199	41
20.0215	41
20.0231	41
20.0247	41
20.0263	41
20.0279	41
20.0295	41
20.0311	41
20.0327	41
20.0343	41
20.0359	41
20.0375	41
20.0391	41
20.0407	41
20.0423	41
20.0439	41
20.0455	41
20.0471	41
20.0487	41
20.0503	41
20.0519	41
20.0535	41
20.0551	41
20.0567	41
20.0584	41
20.06	41
20.0616	41
20.0632	41
20.0648	41
20.0664	41
20.068	41
20.0696	41
20.0712	41
20.0728	41
20.0744	41
20.076	41
20.0776	41
20.0792	41
20.0808	41
20.0824	41
20.084	41
20.0856	41
20.0872	41
20.0888	41
20.0904	41
20.092	41
20.0936	41
20.0952	41
20.0968	41
20.0984	41
20.1	41
20.1016	41
20.1032	41
20.1048	41
20.1064	41
20.108	41
20.1096	41
20.1112	41
20.1128	41
20.1144	41
20.116	41
20.1176	41
20.1192	41
20.1208	41
20.1224	41
20.124	41
20.1256	41
20.1272	41
20.1288	41
20.1304	41
20.132	41
20.1337	41
20.1353	41
20.1369	41
20.1385	41
20.1401	41
20.1417	41
20.1433	41
20.1449	41
20.1465	41
20.1481	41
20.1497	41
20.1513	41
20.1529	41
20.1545	41
20.1561	41
20.1577	41
20.1593	41
20.1609	41
20.1625	41
20.1641	41
20.1657	41
20.1673	41
20.1689	41
20.1705	41
20.1721	41
20.1737	41
20.1753	41
20.1769	41
20.1785	41
20.1801	41
20.1817	41
20.1833	41
20.1849	41
20.1865	41
20.1881	41
20.1897	41
20.1913	41
20.1929	41
20.1945	41
20.1961	41
20.1977	41
20.1993	41
20.2009	41
20.2025	41
20.2041	41
20.2057	41
20.2073	41
20.209	41
20.2106	41
20.2122	41
20.2138	41
20.2154	41
20.217	41
20.2186	41
20.2202	41
20.2218	41
20.2234	41
20.225	41
20.2266	41
20.2282	41
20.2298	41
20.2314	41
20.233	41
20.2346	41
20.2362	41
20.2378	41
20.2394	41
20.241	41
20.2426	41
20.2442	41
20.2458	41
20.2474	41
20.249	41
20.2506	41
20.2522	41
20.2538	41
20.2554	41
20.257	41
20.2586	41
20.2602	41
20.2618	41
20.2634	41
20.265	41
20.2666	41
20.2682	41
20.2698	41
20.2714	41
20.273	41
20.2746	41
20.2762	41
20.2778	41
20.2794	41
20.281	41
20.2826	41
20.2843	41
20.2859	41
20.2875	41
20.2891	41
20.2907	41
20.2923	41
20.2939	41
20.2955	41
20.2971	41
20.2987	41
20.3003	41
20.3019	41
20.3035	41
20.3051	41
20.3067	41
20.3083	41
20.3099	41
20.3115	41
20.3131	41
20.3147	41
20.3163	41
20.3179	41
20.3195	41
20.3211	41
20.3227	41
20.3243	41
20.3259	41
20.3275	41
20.3291	41
20.3307	41
20.3323	41
20.3339	41
20.3355	41
20.3371	41
20.3387	41
20.3403	41
20.3419	41
20.3435	41
20.3451	41
20.3467	41
20.3483	41
20.3499	41
20.3515	41
20.3531	41
20.3547	41
20.3563	41
20.3579	41
20.3596	41
20.3612	41
20.3628	41
20.3644	41
20.366	41
20.3676	41
20.3692	42
20.3708	42
20.3724	42
20.374	42
20.3756	42
20.3772	42
20.3788	42
20.3804	42
20.382	42
20.3836	42
20.3852	42
20.3868	42
20.3884	42
20.39	42
20.3916	42
20.3932	43
20.3948	43
20.3964	43
20.398	43
20.3996	43
20.4012	43
20.4028	43
20.4044	43
20.406	43
20.4076	43
20.4092	43
20.4108	43
20.4124	43
20.414	43
20.4156	43
20.4172	43
20.4188	43
20.4204	43
20.422	43
20.4236	43
20.4252	43
20.4268	43
20.4284	43
20.43	43
20.4316	43
20.4332	43
20.4349	43
20.4365	43
20.4381	43
20.4397	43
20.4413	43
20.4429	43
20.4445	43
20.4461	43
20.4477	43
20.4493	43
20.4509	43
20.4525	43
20.4541	43
20.4557	43
20.4573	43
20.4589	43
20.4605	43
20.4621	43
20.4637	43
20.4653	43
20.4669	43
20.4685	43
20.4701	43
20.4717	43
20.4733	43
20.4749	43
20.4765	43
20.4781	43
20.4797	43
20.4813	43
20.4829	43
20.4845	43
20.4861	43
20.4877	43
20.4893	43
20.4909	43
20.4925	43
20.4941	43
20.4957	43
20.4973	43
20.4989	43
20.5005	43
20.5021	43
20.5037	43
20.5053	43
20.5069	43
20.5086	43
20.5102	43
20.5118	43
20.5134	43
20.515	43
20.5166	43
20.5182	43
20.5198	43
20.5214	43
20.523	43
20.5246	43
20.5262	43
20.5278	43
20.5294	43
20.531	43
20.5326	43
20.5342	43
20.5358	43
20.5374	43
20.539	43
20.5406	43
20.5422	43
20.5438	43
20.5454	43
20.547	43
20.5486	43
20.5502	43
20.5518	43
20.5534	43
20.555	43
20.5566	43
20.5582	43
20.5598	43
20.5614	43
20.563	43
20.5646	43
20.5662	43
20.5678	43
20.5694	43
20.571	43
20.5726	43
20.5742	43
20.5758	43
20.5774	43
20.579	43
20.5806	43
20.5822	43
20.5839	43
20.5855	43
20.5871	43
20.5887	43
20.5903	43
20.5919	43
20.5935	43
20.5951	43
20.5967	43
20.5983	43
20.5999	43
20.6015	43
20.6031	43
20.6047	43
20.6063	43
20.6079	43
20.6095	43
20.6111	43
20.6127	43
20.6143	43
20.6159	43
20.6175	43
20.6191	43
20.6207	43
20.6223	43
20.6239	43
20.6255	43
20.6271	43
20.6287	43
20.6303	43
20.6319	43
20.6335	43
20.6351	43
20.6367	43
20.6383	43
20.6399	43
20.6415	43
20.6431	43
20.6447	43
20.6463	43
20.6479	43
20.6495	43
20.6511	43
20.6527	43
20.6543	43
20.6559	43
20.6575	43
20.6592	43
20.6608	43
20.6624	43
20.664	43
20.6656	43
20.6672	43
20.6688	43
20.6704	43
20.672	43
20.6736	43
20.6752	43
20.6768	43
20.6784	43
20.68	43
20.6816	43
20.6832	43
20.6848	43
20.6864	43
20.688	43
20.6896	43
20.6912	43
20.6928	43
20.6944	43
20.696	43
20.6976	43
20.6992	43
20.7008	43
20.7024	43
20.704	43
20.7056	43
20.7072	43
20.7088	43
20.7104	43
20.712	43
20.7136	43
20.7152	43
20.7168	43
20.7184	43
20.72	43
20.7216	43
20.7232	43
20.7248	43
20.7264	43
20.728	43
20.7296	43
20.7312	43
20.7328	43
20.7345	43
20.7361	43
20.7377	43
20.7393	43
20.7409	43
20.7425	43
20.7441	43
20.7457	43
20.7473	43
20.7489	43
20.7505	43
20.7521	43
20.7537	43
20.7553	43
20.7569	43
20.7585	43
20.7601	43
20.7617	43
20.7633	43
20.7649	43
20.7665	43
20.7681	43
20.7697	43
20.7713	43
20.7729	43
20.7745	43
20.7761	43
20.7777	43
20.7793	43
20.7809	43
20.7825	43
20.7841	43
20.7857	43
20.7873	43
20.7889	43
20.7905	43
20.7921	43
20.7937	43
20.7953	43
20.7969	43
20.7985	43
20.8001	43
20.8017	43
20.8033	43
20.8049	43
20.8065	43
20.8081	43
20.8098	43
20.8114	43
20.813	43
20.8146	43
20.8162	43
20.8178	43
20.8194	43
20.821	43
20.8226	43
20.8242	43
20.8258	43
20.8274	43
20.829	43
20.8306	43
20.8322	43
20.8338	43
20.8354	43
20.837	43
20.8386	43
20.8402	43
20.8418	43
20.8434	43
20.845	43
20.8466	43
20.8482	43
20.8498	43
20.8514	43
20.853	43
20.8546	43
20.8562	43
20.8578	43
20.8594	43
20.861	43
20.8626	43
20.8642	43
20.8658	43
20.8674	43
20.869	43
20.8706	43
20.8722	43
20.8738	43
20.8754	43
20.877	43
20.8786	43
20.8802	43
20.8818	43
20.8834	43
20.8851	43
20.8867	43
20.8883	43
20.8899	43
20.8915	43
20.8931	43
20.8947	43
20.8963	43
20.8979	43
20.8995	43
20.9011	43
20.9027	43
20.9043	43
20.9059	43
20.9075	43
20.9091	43
20.9107	43
20.9123	43
20.9139	43
20.9155	43
20.9171	43
20.9187	43
20.9203	43
20.9219	43
20.9235	43
20.9251	43
20.9267	43
20.9283	43
20.9299	43
20.9315	43
20.9331	43
20.9347	43
20.9363	43
20.9379	43
20.9395	43
20.9411	43
20.9427	43
20.9443	43
20.9459	43
20.9475	43
20.9491	43
20.9507	43
20.9523	43
20.9539	43
20.9555	43
20.9571	43
20.9587	43
20.9604	43
20.962	43
20.9636	43
20.9652	43
20.9668	43
20.9684	43
20.97	43
20.9716	43
20.9732	44
20.9748	44
20.9764	44
20.978	44
20.9796	44
20.9812	44
20.9828	44
20.9844	44
20.986	44
20.9876	44
20.9892	44
20.9908	44
20.9924	44
20.994	44
20.9956	44
20.9972	44
20.9988	44
21.0004	44
21.002	44
21.0036	44
21.0052	44
21.0068	44
21.0084	44
21.01	44
21.0116	44
21.0132	44
21.0148	44
21.0164	44
21.018	44
21.0196	44
21.0212	44
21.0228	44
21.0244	44
21.026	44
21.0276	44
21.0292	44
21.0308	44
21.0324	44
21.0341	44
21.0357	44
21.0373	44
21.0389	44
21.0405	44
21.0421	44
21.0437	44
21.0453	44
21.0469	44
21.0485	44
21.0501	44
21.0517	44
21.0533	44
21.0549	44
21.0565	44
21.0581	44
21.0597	44
21.0613	44
21.0629	44
21.0645	44
21.0661	44
21.0677	44
21.0693	44
21.0709	44
21.0725	44
21.0741	44
21.0757	44
21.0773	44
21.0789	44
21.0805	44
21.0821	44
21.0837	44
21.0853	44
21.0869	44
21.0885	44
21.0901	44
21.0917	44
21.0933	44
21.0949	44
21.0965	44
21.0981	44
21.0997	44
21.1013	44
21.1029	44
21.1045	44
21.1061	44
21.1077	44
21.1094	44
21.111	44
21.1126	44
21.1142	44
21.1158	44
21.1174	44
21.119	44
21.1206	44
21.1222	44
21.1238	44
21.1254	44
21.127	44
21.1286	44
21.1302	44
21.1318	44
21.1334	44
21.135	44
21.1366	44
21.1382	44
21.1398	44
21.1414	44
21.143	44
21.1446	44
21.1462	44
21.1478	44
21.1494	44
21.151	44
21.1526	44
21.1542	44
21.1558	44
21.1574	44
21.159	44
21.1606	44
21.1622	44
21.1638	44
21.1654	44
21.167	44
21.1686	44
21.1702	44
21.1718	44
21.1734	44
21.175	44
21.1766	44
21.1782	44
21.1798	44
21.1814	44
21.183	44
21.1847	44
21.1863	44
21.1879	44
21.1895	44
21.1911	44
21.1927	44
21.1943	44
21.1959	44
21.1975	44
21.1991	44
21.2007	44
21.2023	44
21.2039	44
21.2055	44
21.2071	44
21.2087	44
21.2103	44
21.2119	44
21.2135	44
21.2151	44
21.2167	44
21.2183	44
21.2199	44
21.2215	44
21.2231	44
21.2247	44
21.2263	44
21.2279	44
21.2295	44
21.2311	44
21.2327	44
21.2343	44
21.2359	44
21.2375	44
21.2391	44
21.2407	44
21.2423	44
21.2439	44
21.2455	44
21.2471	44
21.2487	44
21.2503	44
21.2519	44
21.2535	44
21.2551	44
21.2567	44
21.2583	44
21.26	44
21.2616	44
21.2632	44
21.2648	44
21.2664	44
21.268	44
21.2696	44
21.2712	44
21.2728	44
21.2744	44
21.276	44
21.2776	44
21.2792	44
21.2808	44
21.2824	44
21.284	44
21.2856	44
21.2872	44
21.2888	44
21.2904	44
21.292	44
21.2936	44
21.2952	44
21.2968	44
21.2984	44
21.3	44
21.3016	44
21.3032	44
21.3048	44
21.3064	44
21.308	44
21.3096	44
21.3112	44
21.3128	44
21.3144	44
21.316	44
21.3176	44
21.3192	44
21.3208	44
21.3224	44
21.324	44
21.3256	44
21.3272	44
21.3288	44
21.3304	44
21.332	44
21.3336	44
21.3353	44
21.3369	44
21.3385	44
21.3401	44
21.3417	44
21.3433	44
21.3449	44
21.3465	44
21.3481	44
21.3497	44
21.3513	44
21.3529	44
21.3545	44
21.3561	44
21.3577	44
21.3593	44
21.3609	44
21.3625	44
21.3641	44
21.3657	44
21.3673	44
21.3689	44
21.3705	44
21.3721	44
21.3737	44
21.3753	44
21.3769	44
21.3785	44
21.3801	44
21.3817	44
21.3833	44
21.3849	44
21.3865	44
21.3881	44
21.3897	44
21.3913	44
21.3929	44
21.3945	44
21.3961	44
21.3977	44
21.3993	44
21.4009	44
21.4025	44
21.4041	44
21.4057	44
21.4073	44
21.4089	44
21.4106	44
21.4122	44
21.4138	44
21.4154	44
21.417	44
21.4186	44
21.4202	44
21.4218	44
21.4234	44
21.425	44
21.4266	44
21.4282	44
21.4298	44
21.4314	44
21.433	44
21.4346	44
21.4362	44
21.4378	44
21.4394	44
21.441	44
21.4426	44
21.4442	44
21.4458	44
21.4474	44
21.449	44
21.4506	44
21.4522	44
21.4538	44
21.4554	44
21.457	44
21.4586	44
21.4602	44
21.4618	44
21.4634	44
21.465	44
21.4666	44
21.4682	44
21.4698	44
21.4714	44
21.473	44
21.4746	44
21.4762	44
21.4778	44
21.4794	44
21.481	44
21.4826	44
21.4842	44
21.4859	44
21.4875	44
21.4891	44
21.4907	44
21.4923	44
21.4939	44
21.4955	44
21.4971	44
21.4987	44
21.5003	44
21.5019	44
21.5035	44
21.5051	44
21.5067	44
21.5083	44
21.5099	44
21.5115	44
21.5131	44
21.5147	44
21.5163	44
21.5179	44
21.5195	44
21.5211	44
21.5227	44
21.5243	44
21.5259	44
21.5275	44
21.5291	44
21.5307	44
21.5323	44
21.5339	44
21.5355	44
21.5371	44
21.5387	44
21.5403	44
21.5419	44
21.5435	44
21.5451	44
21.5467	44
21.5483	44
21.5499	44
21.5515	44
21.5531	44
21.5547	44
21.5563	44
21.5579	44
21.5596	44
21.5612	44
21.5628	44
21.5644	44
21.566	44
21.5676	44
21.5692	44
21.5708	44
21.5724	44
21.574	44
21.5756	44
21.5772	44
21.5788	44
21.5804	44
21.582	44
21.5836	44
21.5852	44
21.5868	44
21.5884	44
21.59	44
21.5916	44
21.5932	44
21.5948	44
21.5964	44
21.598	44
21.5996	44
21.6012	44
21.6028	44
21.6044	44
21.606	44
21.6076	44
21.6092	44
21.6108	44
21.6124	44
21.614	44
21.6156	44
21.6172	44
21.6188	44
21.6204	44
21.622	44
21.6236	44
21.6252	44
21.6268	44
21.6284	44
21.63	44
21.6316	44
21.6332	44
21.6349	44
21.6365	44
21.6381	44
21.6397	44
21.6413	44
21.6429	44
21.6445	44
21.6461	44
21.6477	44
21.6493	44
21.6509	44
21.6525	44
21.6541	44
21.6557	44
21.6573	44
21.6589	44
21.6605	44
21.6621	44
21.6637	44
21.6653	44
21.6669	44
21.6685	44
21.6701	44
21.6717	44
21.6733	44
21.6749	44
21.6765	44
21.6781	44
21.6797	44
21.6813	44
21.6829	44
21.6845	44
21.6861	44
21.6877	44
21.6893	44
21.6909	44
21.6925	44
21.6941	44
21.6957	44
21.6973	44
21.6989	44
21.7005	44
21.7021	44
21.7037	44
21.7053	44
21.7069	44
21.7085	44
21.7102	44
21.7118	44
21.7134	44
21.715	44
21.7166	44
21.7182	44
21.7198	44
21.7214	44
21.723	44
21.7246	44
21.7262	44
21.7278	44
21.7294	44
21.731	44
21.7326	44
21.7342	44
21.7358	44
21.7374	44
21.739	44
21.7406	44
21.7422	44
21.7438	44
21.7454	44
21.747	44
21.7486	44
21.7502	44
21.7518	44
21.7534	44
21.755	44
21.7566	44
21.7582	44
21.7598	44
21.7614	44
21.763	44
21.7646	44
21.7662	44
21.7678	44
21.7694	44
21.771	44
21.7726	44
21.7742	44
21.7758	44
21.7774	44
21.779	44
21.7806	44
21.7822	44
21.7838	44
21.7855	44
21.7871	44
21.7887	44
21.7903	44
21.7919	44
21.7935	44
21.7951	44
21.7967	44
21.7983	44
21.7999	44
21.8015	44
21.8031	44
21.8047	44
21.8063	44
21.8079	44
21.8095	44
21.8111	44
21.8127	44
21.8143	44
21.8159	44
21.8175	44
21.8191	44
21.8207	44
21.8223	44
21.8239	44
21.8255	44
21.8271	44
21.8287	44
21.8303	44
21.8319	44
21.8335	44
21.8351	44
21.8367	44
21.8383	44
21.8399	44
21.8415	44
21.8431	44
21.8447	44
21.8463	44
21.8479	44
21.8495	44
21.8511	44
21.8527	44
21.8543	44
21.8559	44
21.8575	44
21.8591	44
21.8608	44
21.8624	44
21.864	44
21.8656	44
21.8672	44
21.8688	44
21.8704	44
21.872	44
21.8736	44
21.8752	44
21.8768	44
21.8784	44
21.88	44
21.8816	44
21.8832	44
21.8848	44
21.8864	44
21.888	44
21.8896	44
21.8912	44
21.8928	44
21.8944	44
21.896	44
21.8976	44
21.8992	44
21.9008	44
21.9024	44
21.904	44
21.9056	44
21.9072	44
21.9088	44
21.9104	44
21.912	44
21.9136	44
21.9152	44
21.9168	44
21.9184	44
21.92	44
21.9216	44
21.9232	44
21.9248	44
21.9264	44
21.928	44
21.9296	44
21.9312	44
21.9328	44
21.9344	44
21.9361	44
21.9377	44
21.9393	44
21.9409	44
21.9425	44
21.9441	44
21.9457	44
21.9473	44
21.9489	44
21.9505	44
21.9521	44
21.9537	44
21.9553	44
21.9569	44
21.9585	44
21.9601	44
21.9617	44
21.9633	44
21.9649	44
21.9665	44
21.9681	44
21.9697	44
21.9713	44
21.9729	44
21.9745	44
21.9761	44
21.9777	44
21.9793	44
21.9809	44
21.9825	44
21.9841	44
21.9857	44
21.9873	44
21.9889	44
21.9905	44
21.9921	44
21.9937	44
21.9953	44
21.9969	44
21.9985	44
22.0001	44
22.0017	44
22.0033	44
22.0049	44
22.0065	44
22.0081	44
22.0097	44
22.0114	44
22.013	44
22.0146	44
22.0162	44
22.0178	44
22.0194	44
22.021	44
22.0226	44
22.0242	44
22.0258	44
22.0274	44
22.029	44
22.0306	44
22.0322	44
22.0338	44
22.0354	44
22.037	44
22.0386	44
22.0402	44
22.0418	44
22.0434	44
22.045	44
22.0466	44
22.0482	44
22.0498	44
22.0514	44
22.053	44
22.0546	44
22.0562	44
22.0578	44
22.0594	44
22.061	44
22.0626	44
22.0642	44
22.0658	44
22.0674	44
22.069	44
22.0706	44
22.0722	44
22.0738	44
22.0754	44
22.077	44
22.0786	44
22.0802	44
22.0818	44
22.0834	44
22.0851	44
22.0867	44
22.0883	44
22.0899	44
22.0915	44
22.0931	44
22.0947	44
22.0963	44
22.0979	44
22.0995	44
22.1011	44
22.1027	44
22.1043	44
22.1059	44
22.1075	44
22.1091	44
22.1107	44
22.1123	44
22.1139	44
22.1155	44
22.1171	44
22.1187	44
22.1203	44
22.1219	44
22.1235	44
22.1251	44
22.1267	44
22.1283	44
22.1299	44
22.1315	44
22.1331	44
22.1347	44
22.1363	44
22.1379	44
22.1395	44
22.1411	44
22.1427	44
22.1443	44
22.1459	44
22.1475	44
22.1491	44
22.1507	44
22.1523	44
22.1539	44
22.1555	44
22.1571	44
22.1587	44
22.1604	44
22.162	44
22.1636	44
22.1652	44
22.1668	44
22.1684	44
22.17	44
22.1716	44
22.1732	44
22.1748	44
22.1764	44
22.178	44
22.1796	44
22.1812	44
22.1828	44
22.1844	44
22.186	44
22.1876	44
22.1892	44
22.1908	44
22.1924	44
22.194	44
22.1956	44
22.1972	44
22.1988	44
22.2004	44
22.202	44
22.2036	44
22.2052	44
22.2068	44
22.2084	44
22.21	44
22.2116	44
22.2132	44
22.2148	44
22.2164	44
22.218	44
22.2196	44
22.2212	44
22.2228	44
22.2244	44
22.226	44
22.2276	44
22.2292	44
22.2308	44
22.2324	44
22.234	44
22.2357	44
22.2373	44
22.2389	44
22.2405	44
22.2421	44
22.2437	44
22.2453	44
22.2469	44
22.2485	44
22.2501	44
22.2517	44
22.2533	44
22.2549	44
22.2565	44
22.2581	44
22.2597	44
22.2613	44
22.2629	44
22.2645	44
22.2661	44
22.2677	44
22.2693	44
22.2709	44
22.2725	44
22.2741	44
22.2757	44
22.2773	44
22.2789	44
22.2805	44
22.2821	44
22.2837	44
22.2853	44
22.2869	44
22.2885	44
22.2901	44
22.2917	44
22.2933	44
22.2949	44
22.2965	44
22.2981	44
22.2997	44
22.3013	44
22.3029	44
22.3045	44
22.3061	44
22.3077	44
22.3093	44
22.311	44
22.3126	44
22.3142	44
22.3158	44
22.3174	44
22.319	44
22.3206	44
22.3222	44
22.3238	44
22.3254	44
22.327	44
22.3286	44
22.3302	44
22.3318	44
22.3334	44
22.335	44
22.3366	44
22.3382	44
22.3398	44
22.3414	44
22.343	44
22.3446	44
22.3462	44
22.3478	44
22.3494	44
22.351	44
22.3526	44
22.3542	44
22.3558	44
22.3574	44
22.359	44
22.3606	44
22.3622	44
22.3638	44
22.3654	44
22.367	44
22.3686	44
22.3702	44
22.3718	44
22.3734	44
22.375	44
22.3766	44
22.3782	44
22.3798	44
22.3814	44
22.383	44
22.3846	44
22.3863	44
22.3879	44
22.3895	44
22.3911	44
22.3927	44
22.3943	44
22.3959	44
22.3975	44
22.3991	44
22.4007	44
22.4023	44
22.4039	44
22.4055	44
22.4071	44
22.4087	44
22.4103	44
22.4119	44
22.4135	44
22.4151	44
22.4167	44
22.4183	44
22.4199	44
22.4215	44
22.4231	44
22.4247	44
22.4263	44
22.4279	44
22.4295	44
22.4311	44
22.4327	44
22.4343	44
22.4359	44
22.4375	44
22.4391	44
22.4407	44
22.4423	44
22.4439	44
22.4455	44
22.4471	44
22.4487	44
22.4503	44
22.4519	44
22.4535	44
22.4551	44
22.4567	44
22.4583	44
22.4599	44
22.4616	44
22.4632	44
22.4648	44
22.4664	44
22.468	44
22.4696	44
22.4712	44
22.4728	44
22.4744	44
22.476	44
22.4776	44
22.4792	44
22.4808	44
22.4824	44
22.484	44
22.4856	44
22.4872	44
22.4888	44
22.4904	44
22.492	44
22.4936	44
22.4952	44
22.4968	44
22.4984	44
22.5	44
22.5016	44
22.5032	44
22.5048	44
22.5064	44
22.508	44
22.5096	44
22.5112	44
22.5128	44
22.5144	44
22.516	44
22.5176	44
22.5192	44
22.5208	44
22.5224	44
22.524	44
22.5256	44
22.5272	44
22.5288	44
22.5304	44
22.532	44
22.5336	44
22.5352	44
22.5369	44
22.5385	44
22.5401	44
22.5417	44
22.5433	44
22.5449	44
22.5465	44
22.5481	44
22.5497	44
22.5513	44
22.5529	44
22.5545	44
22.5561	44
22.5577	44
22.5593	44
22.5609	44
22.5625	44
22.5641	44
22.5657	44
22.5673	44
22.5689	44
22.5705	44
22.5721	44
22.5737	44
22.5753	44
22.5769	44
22.5785	44
22.5801	44
22.5817	44
22.5833	44
22.5849	44
22.5865	44
22.5881	44
22.5897	44
22.5913	44
22.5929	44
22.5945	44
22.5961	44
22.5977	44
22.5993	44
22.6009	44
22.6025	44
22.6041	44
22.6057	44
22.6073	44
22.6089	44
22.6106	44
22.6122	44
22.6138	44
22.6154	44
22.617	44
22.6186	44
22.6202	44
22.6218	44
22.6234	44
22.625	44
22.6266	44
22.6282	44
22.6298	44
22.6314	44
22.633	44
22.6346	44
22.6362	44
22.6378	44
22.6394	44
22.641	44
22.6426	44
22.6442	44
22.6458	44
22.6474	44
22.649	44
22.6506	44
22.6522	44
22.6538	44
22.6554	44
22.657	44
22.6586	44
22.6602	44
22.6618	44
22.6634	44
22.665	44
22.6666	44
22.6682	44
22.6698	44
22.6714	44
22.673	44
22.6746	44
22.6762	44
22.6778	44
22.6794	44
22.681	44
22.6826	44
22.6842	44
22.6859	44
22.6875	44
22.6891	44
22.6907	44
22.6923	44
22.6939	44
22.6955	44
22.6971	44
22.6987	44
22.7003	44
22.7019	44
22.7035	44
22.7051	44
22.7067	44
22.7083	44
22.7099	44
22.7115	44
22.7131	44
22.7147	44
22.7163	44
22.7179	44
22.7195	44
22.7211	44
22.7227	44
22.7243	44
22.7259	44
22.7275	44
22.7291	44
22.7307	44
22.7323	44
22.7339	44
22.7355	44
22.7371	44
22.7387	44
22.7403	44
22.7419	44
22.7435	44
22.7451	44
22.7467	44
22.7483	44
22.7499	44
22.7515	44
22.7531	44
22.7547	44
22.7563	44
22.7579	44
22.7595	44
22.7612	44
22.7628	44
22.7644	44
22.766	44
22.7676	44
22.7692	44
22.7708	44
22.7724	44
22.774	44
22.7756	44
22.7772	44
22.7788	44
22.7804	44
22.782	44
22.7836	44
22.7852	44
22.7868	44
22.7884	44
22.79	44
22.7916	44
22.7932	44
22.7948	44
22.7964	44
22.798	44
22.7996	44
22.8012	44
22.8028	44
22.8044	44
22.806	44
22.8076	44
22.8092	44
22.8108	44
22.8124	44
22.814	44
22.8156	44
22.8172	44
22.8188	44
22.8204	44
22.822	44
22.8236	44
22.8252	44
22.8268	44
22.8284	44
22.83	44
22.8316	44
22.8332	44
22.8348	44
22.8365	44
22.8381	44
22.8397	44
22.8413	44
22.8429	44
22.8445	44
22.8461	44
22.8477	44
22.8493	44
22.8509	44
22.8525	44
22.8541	44
22.8557	44
22.8573	44
22.8589	44
22.8605	44
22.8621	44
22.8637	44
22.8653	44
22.8669	44
22.8685	44
22.8701	44
22.8717	44
22.8733	44
22.8749	44
22.8765	44
22.8781	44
22.8797	44
22.8813	44
22.8829	44
22.8845	44
22.8861	44
22.8877	44
22.8893	44
22.8909	44
22.8925	44
22.8941	44
22.8957	44
22.8973	44
22.8989	44
22.9005	44
22.9021	44
22.9037	44
22.9053	44
22.9069	44
22.9085	44
22.9101	44
22.9118	44
22.9134	44
22.915	44
22.9166	44
22.9182	44
22.9198	44
22.9214	44
22.923	44
22.9246	44
22.9262	44
22.9278	44
22.9294	44
22.931	44
22.9326	44
22.9342	44
22.9358	44
22.9374	44
22.939	44
22.9406	44
22.9422	44
22.9438	44
22.9454	44
22.947	44
22.9486	44
22.9502	44
22.9518	44
22.9534	44
22.955	44
22.9566	44
22.9582	44
22.9598	44
22.9614	44
22.963	44
22.9646	44
22.9662	44
22.9678	44
22.9694	44
22.971	44
22.9726	44
22.9742	44
22.9758	44
22.9774	44
22.979	44
22.9806	44
22.9822	44
22.9838	44
22.9854	44
22.9871	44
22.9887	44
22.9903	44
22.9919	44
22.9935	44
22.9951	44
22.9967	44
22.9983	44
22.9999	44
23.0015	44
23.0031	44
23.0047	44
23.0063	44
23.0079	44
23.0095	44
23.0111	44
23.0127	44
23.0143	44
23.0159	44
23.0175	44
23.0191	44
23.0207	44
23.0223	44
23.0239	44
23.0255	44
23.0271	44
23.0287	44
23.0303	44
23.0319	44
23.0335	44
23.0351	44
23.0367	44
23.0383	44
23.0399	44
23.0415	44
23.0431	44
23.0447	44
23.0463	44
23.0479	44
23.0495	44
23.0511	44
23.0527	44
23.0543	44
23.0559	44
23.0575	44
23.0591	44
23.0607	44
23.0624	44
23.064	44
23.0656	44
23.0672	44
23.0688	44
23.0704	44
23.072	44
23.0736	44
23.0752	44
23.0768	44
23.0784	44
23.08	44
23.0816	44
23.0832	44
23.0848	44
23.0864	44
23.088	44
23.0896	44
23.0912	44
23.0928	44
23.0944	44
23.096	44
23.0976	44
23.0992	44
23.1008	44
23.1024	44
23.104	44
23.1056	44
23.1072	44
23.1088	44
23.1104	44
23.112	44
23.1136	44
23.1152	44
23.1168	44
23.1184	44
23.12	44
23.1216	44
23.1232	44
23.1248	44
23.1264	44
23.128	44
23.1296	44
23.1312	44
23.1328	44
23.1344	44
23.1361	44
23.1377	44
23.1393	44
23.1409	44
23.1425	44
23.1441	44
23.1457	44
23.1473	44
23.1489	44
23.1505	44
23.1521	44
23.1537	44
23.1553	44
23.1569	44
23.1585	44
23.1601	44
23.1617	44
23.1633	44
23.1649	44
23.1665	44
23.1681	44
23.1697	44
23.1713	44
23.1729	44
23.1745	44
23.1761	44
23.1777	44
23.1793	44
23.1809	44
23.1825	44
23.1841	44
23.1857	44
23.1873	44
23.1889	44
23.1905	44
23.1921	44
23.1937	44
23.1953	44
23.1969	44
23.1985	44
23.2001	44
23.2017	44
23.2033	44
23.2049	44
23.2065	44
23.2081	44
23.2097	44
23.2114	44
23.213	44
23.2146	44
23.2162	44
23.2178	44
23.2194	44
23.221	44
23.2226	44
23.2242	44
23.2258	44
23.2274	44
23.229	44
23.2306	44
23.2322	44
23.2338	44
23.2354	44
23.237	44
23.2386	44
23.2402	44
23.2418	44
23.2434	44
23.245	44
23.2466	44
23.2482	44
23.2498	44
23.2514	44
23.253	44
23.2546	44
23.2562	44
23.2578	44
23.2594	44
23.261	44
23.2626	44
23.2642	44
23.2658	44
23.2674	44
23.269	44
23.2706	44
23.2722	44
23.2738	44
23.2754	44
23.277	44
23.2786	44
23.2802	44
23.2818	44
23.2834	44
23.285	44
23.2867	44
23.2883	44
23.2899	44
23.2915	44
23.2931	44
23.2947	44
23.2963	44
23.2979	44
23.2995	44
23.3011	44
23.3027	44
23.3043	44
23.3059	44
23.3075	44
23.3091	44
23.3107	44
23.3123	44
23.3139	44
23.3155	44
23.3171	44
23.3187	44
23.3203	44
23.3219	44
23.3235	44
23.3251	44
23.3267	44
23.3283	44
23.3299	44
23.3315	44
23.3331	44
23.3347	44
23.3363	44
23.3379	44
23.3395	44
23.3411	44
23.3427	44
23.3443	44
23.3459	44
23.3475	44
23.3491	44
23.3507	44
23.3523	44
23.3539	44
23.3555	44
23.3571	44
23.3587	44
23.3603	44
23.362	44
23.3636	44
23.3652	44
23.3668	44
23.3684	44
23.37	44
23.3716	44
23.3732	44
23.3748	44
23.3764	44
23.378	44
23.3796	44
23.3812	44
23.3828	44
23.3844	44
23.386	44
23.3876	44
23.3892	44
23.3908	44
23.3924	44
23.394	44
23.3956	44
23.3972	44
23.3988	44
23.4004	44
23.402	44
23.4036	44
23.4052	44
23.4068	44
23.4084	44
23.41	44
23.4116	44
23.4132	44
23.4148	44
23.4164	44
23.418	44
23.4196	44
23.4212	44
23.4228	44
23.4244	44
23.426	44
23.4276	44
23.4292	44
23.4308	44
23.4324	44
23.434	44
23.4356	44
23.4373	44
23.4389	44
23.4405	44
23.4421	44
23.4437	44
23.4453	44
23.4469	44
23.4485	44
23.4501	44
23.4517	44
23.4533	44
23.4549	44
23.4565	44
23.4581	44
23.4597	44
23.4613	44
23.4629	44
23.4645	44
23.4661	44
23.4677	44
23.4693	44
23.4709	44
23.4725	44
23.4741	44
23.4757	44
23.4773	44
23.4789	44
23.4805	44
23.4821	44
23.4837	44
23.4853	44
23.4869	44
23.4885	44
23.4901	44
23.4917	44
23.4933	44
23.4949	44
23.4965	44
23.4981	44
23.4997	44
23.5013	44
23.5029	44
23.5045	44
23.5061	44
23.5077	44
23.5093	44
23.5109	44
23.5126	44
23.5142	44
23.5158	44
23.5174	44
23.519	44
23.5206	44
23.5222	44
23.5238	44
23.5254	44
23.527	44
23.5286	44
23.5302	44
23.5318	44
23.5334	44
23.535	44
23.5366	44
23.5382	44
23.5398	44
23.5414	44
23.543	44
23.5446	44
23.5462	44
23.5478	44
23.5494	44
23.551	44
23.5526	44
23.5542	44
23.5558	44
23.5574	44
23.559	44
23.5606	44
23.5622	44
23.5638	44
23.5654	44
23.567	44
23.5686	44
23.5702	44
23.5718	44
23.5734	44
23.575	44
23.5766	44
23.5782	44
23.5798	44
23.5814	44
23.583	44
23.5846	44
23.5862	44
23.5879	44
23.5895	44
23.5911	44
23.5927	44
23.5943	44
23.5959	44
23.5975	44
23.5991	44
23.6007	44
23.6023	44
23.6039	44
23.6055	44
23.6071	44
23.6087	44
23.6103	44
23.6119	44
23.6135	44
23.6151	44
23.6167	44
23.6183	44
23.6199	44
23.6215	44
23.6231	44
23.6247	44
23.6263	44
23.6279	44
23.6295	44
23.6311	44
23.6327	44
23.6343	44
23.6359	44
23.6375	44
23.6391	44
23.6407	44
23.6423	44
23.6439	44
23.6455	44
23.6471	44
23.6487	44
23.6503	44
23.6519	44
23.6535	44
23.6551	44
23.6567	44
23.6583	44
23.6599	44
23.6615	44
23.6632	44
23.6648	44
23.6664	44
23.668	44
23.6696	44
23.6712	44
23.6728	44
23.6744	44
23.676	44
23.6776	44
23.6792	44
23.6808	44
23.6824	44
23.684	44
23.6856	44
23.6872	44
23.6888	44
23.6904	44
23.692	44
23.6936	44
23.6952	44
23.6968	44
23.6984	44
23.7	44
23.7016	44
23.7032	44
23.7048	44
23.7064	44
23.708	44
23.7096	44
23.7112	44
23.7128	44
23.7144	44
23.716	44
23.7176	44
23.7192	44
23.7208	44
23.7224	44
23.724	44
23.7256	44
23.7272	44
23.7288	44
23.7304	44
23.732	44
23.7336	44
23.7352	44
23.7369	44
23.7385	44
23.7401	44
23.7417	44
23.7433	44
23.7449	44
23.7465	44
23.7481	44
23.7497	44
23.7513	44
23.7529	44
23.7545	44
23.7561	44
23.7577	44
23.7593	44
23.7609	44
23.7625	44
23.7641	44
23.7657	44
23.7673	44
23.7689	44
23.7705	44
23.7721	44
23.7737	44
23.7753	44
23.7769	44
23.7785	44
23.7801	44
23.7817	44
23.7833	44
23.7849	44
23.7865	44
23.7881	44
23.7897	44
23.7913	44
23.7929	44
23.7945	44
23.7961	44
23.7977	44
23.7993	44
23.8009	44
23.8025	44
23.8041	44
23.8057	44
23.8073	44
23.8089	44
23.8105	44
23.8122	44
23.8138	44
23.8154	44
23.817	44
23.8186	44
23.8202	44
23.8218	44
23.8234	44
23.825	44
23.8266	44
23.8282	44
23.8298	44
23.8314	44
23.833	44
23.8346	44
23.8362	44
23.8378	44
23.8394	44
23.841	44
23.8426	44
23.8442	44
23.8458	44
23.8474	44
23.849	44
23.8506	44
23.8522	44
23.8538	44
23.8554	44
23.857	44
23.8586	44
23.8602	44
23.8618	44
23.8634	44
23.865	44
23.8666	44
23.8682	44
23.8698	44
23.8714	44
23.873	44
23.8746	44
23.8762	44
23.8778	44
23.8794	44
23.881	44
23.8826	44
23.8842	44
23.8858	44
23.8875	44
23.8891	44
23.8907	44
23.8923	44
23.8939	44
23.8955	44
23.8971	44
23.8987	44
23.9003	44
23.9019	44
23.9035	44
23.9051	44
23.9067	44
23.9083	44
23.9099	44
23.9115	44
23.9131	44
23.9147	44
23.9163	44
23.9179	44
23.9195	44
23.9211	44
23.9227	44
23.9243	44
23.9259	44
23.9275	44
23.9291	44
23.9307	44
23.9323	44
23.9339	44
23.9355	44
23.9371	44
23.9387	44
23.9403	44
23.9419	44
23.9435	44
23.9451	44
23.9467	44
23.9483	44
23.9499	44
23.9515	44
23.9531	44
23.9547	44
23.9563	44
23.9579	44
23.9595	44
23.9611	44
23.9628	44
23.9644	44
23.966	44
23.9676	44
23.9692	44
23.9708	44
23.9724	44
23.974	44
23.9756	44
23.9772	44
23.9788	44
23.9804	44
23.982	44
23.9836	44
23.9852	44
23.9868	44
23.9884	44
23.99	44
23.9916	44
23.9932	44
23.9948	44
23.9964	44
23.998	44
23.9996	44
24.0012	44
24.0028	44
24.0044	44
24.006	44
24.0076	44
24.0092	44
24.0108	44
24.0124	44
24.014	44
24.0156	44
24.0172	44
24.0188	44
24.0204	44
24.022	44
24.0236	44
24.0252	44
24.0268	44
24.0284	44
24.03	44
24.0316	44
24.0332	44
24.0348	44
24.0364	45
24.0381	45
24.0397	45
24.0413	45
24.0429	45
24.0445	45
24.0461	46
24.0477	46
24.0493	46
24.0509	46
24.0525	46
24.0541	46
24.0557	46
24.0573	46
24.0589	46
24.0605	46
24.0621	46
24.0637	46
24.0653	46
24.0669	46
24.0685	46
24.0701	46
24.0717	46
24.0733	46
24.0749	46
24.0765	46
24.0781	46
24.0797	46
24.0813	46
24.0829	46
24.0845	46
24.0861	46
24.0877	46
24.0893	46
24.0909	46
24.0925	46
24.0941	46
24.0957	46
24.0973	46
24.0989	46
24.1005	46
24.1021	46
24.1037	46
24.1053	46
24.1069	46
24.1085	46
24.1101	46
24.1117	46
24.1134	46
24.115	46
24.1166	46
24.1182	46
24.1198	46
24.1214	46
24.123	46
24.1246	46
24.1262	46
24.1278	46
24.1294	46
24.131	46
24.1326	46
24.1342	46
24.1358	46
24.1374	46
24.139	46
24.1406	46
24.1422	46
24.1438	46
24.1454	46
24.147	46
24.1486	46
24.1502	46
24.1518	46
24.1534	46
24.155	46
24.1566	46
24.1582	46
24.1598	46
24.1614	46
24.163	46
24.1646	46
24.1662	46
24.1678	46
24.1694	46
24.171	46
24.1726	46
24.1742	46
24.1758	46
24.1774	46
24.179	46
24.1806	46
24.1822	46
24.1838	46
24.1854	46
24.187	46
24.1887	46
24.1903	46
24.1919	46
24.1935	46
24.1951	46
24.1967	46
24.1983	46
24.1999	46
24.2015	46
24.2031	46
24.2047	46
24.2063	46
24.2079	46
24.2095	46
24.2111	46
24.2127	46
24.2143	46
24.2159	46
24.2175	46
24.2191	46
24.2207	46
24.2223	46
24.2239	46
24.2255	46
24.2271	46
24.2287	46
24.2303	46
24.2319	46
24.2335	46
24.2351	46
24.2367	46
24.2383	46
24.2399	46
24.2415	46
24.2431	46
24.2447	46
24.2463	46
24.2479	46
24.2495	46
24.2511	46
24.2527	46
24.2543	46
24.2559	46
24.2575	46
24.2591	46
24.2607	46
24.2624	46
24.264	46
24.2656	46
24.2672	46
24.2688	46
24.2704	46
24.272	46
24.2736	46
24.2752	46
24.2768	46
24.2784	46
24.28	46
24.2816	46
24.2832	46
24.2848	46
24.2864	46
24.288	46
24.2896	46
24.2912	46
24.2928	46
24.2944	46
24.296	46
24.2976	46
24.2992	46
24.3008	46
24.3024	46
24.304	46
24.3056	46
24.3072	46
24.3088	46
24.3104	46
24.312	46
24.3136	46
24.3152	46
24.3168	46
24.3184	46
24.32	46
24.3216	46
24.3232	46
24.3248	46
24.3264	46
24.328	46
24.3296	46
24.3312	46
24.3328	46
24.3344	46
24.336	46
24.3377	46
24.3393	46
24.3409	46
24.3425	46
24.3441	46
24.3457	46
24.3473	46
24.3489	46
24.3505	46
24.3521	46
24.3537	46
24.3553	46
24.3569	46
24.3585	46
24.3601	46
24.3617	46
24.3633	46
24.3649	46
24.3665	46
24.3681	46
24.3697	46
24.3713	46
24.3729	46
24.3745	46
24.3761	46
24.3777	46
24.3793	46
24.3809	46
24.3825	46
24.3841	46
24.3857	46
24.3873	46
24.3889	46
24.3905	46
24.3921	46
24.3937	46
24.3953	46
24.3969	46
24.3985	46
24.4001	46
24.4017	46
24.4033	46
24.4049	46
24.4065	46
24.4081	46
24.4097	46
24.4113	46
24.413	46
24.4146	46
24.4162	46
24.4178	46
24.4194	46
24.421	46
24.4226	46
24.4242	46
24.4258	46
24.4274	46
24.429	46
24.4306	46
24.4322	46
24.4338	46
24.4354	46
24.437	46
24.4386	46
24.4402	46
24.4418	46
24.4434	46
24.445	46
24.4466	46
24.4482	46
24.4498	46
24.4514	46
24.453	46
24.4546	46
24.4562	46
24.4578	46
24.4594	46
24.461	46
24.4626	46
24.4642	46
24.4658	46
24.4674	46
24.469	46
24.4706	46
24.4722	46
24.4738	46
24.4754	46
24.477	46
24.4786	46
24.4802	46
24.4818	46
24.4834	46
24.485	47
24.4866	47
24.4883	47
24.4899	47
24.4915	47
24.4931	47
24.4947	47
24.4963	47
24.4979	47
24.4995	47
24.5011	47
24.5027	47
24.5043	47
24.5059	47
24.5075	47
24.5091	47
24.5107	47
24.5123	47
24.5139	47
24.5155	47
24.5171	47
24.5187	47
24.5203	47
24.5219	47
24.5235	47
24.5251	47
24.5267	47
24.5283	47
24.5299	47
24.5315	47
24.5331	47
24.5347	47
24.5363	47
24.5379	47
24.5395	47
24.5411	47
24.5427	47
24.5443	47
24.5459	47
24.5475	47
24.5491	47
24.5507	47
24.5523	47
24.5539	47
24.5555	47
24.5571	47
24.5587	47
24.5603	47
24.5619	47
24.5636	47
24.5652	47
24.5668	47
24.5684	47
24.57	47
24.5716	47
24.5732	47
24.5748	47
24.5764	47
24.578	47
24.5796	47
24.5812	47
24.5828	47
24.5844	47
24.586	47
24.5876	47
24.5892	47
24.5908	47
24.5924	47
24.594	47
24.5956	47
24.5972	47
24.5988	47
24.6004	47
24.602	48
24.6036	48
24.6052	48
24.6068	48
24.6084	48
24.61	48
24.6116	48
24.6132	48
24.6148	48
24.6164	48
24.618	48
24.6196	48
24.6212	48
24.6228	48
24.6244	48
24.626	48
24.6276	48
24.6292	48
24.6308	48
24.6324	48
24.634	48
24.6356	48
24.6372	48
24.6389	48
24.6405	48
24.6421	48
24.6437	48
24.6453	48
24.6469	48
24.6485	48
24.6501	48
24.6517	48
24.6533	48
24.6549	48
24.6565	48
24.6581	48
24.6597	48
24.6613	48
24.6629	48
24.6645	48
24.6661	48
24.6677	48
24.6693	48
24.6709	48
24.6725	48
24.6741	48
24.6757	48
24.6773	48
24.6789	48
24.6805	48
24.6821	48
24.6837	48
24.6853	48
24.6869	48
24.6885	48
24.6901	48
24.6917	48
24.6933	48
24.6949	48
24.6965	48
24.6981	48
24.6997	48
24.7013	48
24.7029	48
24.7045	48
24.7061	48
24.7077	48
24.7093	48
24.7109	48
24.7125	48
24.7142	48
24.7158	48
24.7174	48
24.719	48
24.7206	48
24.7222	48
24.7238	48
24.7254	48
24.727	48
24.7286	48
24.7302	48
24.7318	48
24.7334	48
24.735	48
24.7366	48
24.7382	48
24.7398	48
24.7414	48
24.743	48
24.7446	48
24.7462	48
24.7478	48
24.7494	48
24.751	48
24.7526	48
24.7542	48
24.7558	48
24.7574	48
24.759	48
24.7606	48
24.7622	48
24.7638	48
24.7654	48
24.767	48
24.7686	48
24.7702	48
24.7718	48
24.7734	48
24.775	48
24.7766	48
24.7782	48
24.7798	48
24.7814	48
24.783	48
24.7846	48
24.7862	48
24.7879	48
24.7895	48
24.7911	48
24.7927	48
24.7943	48
24.7959	48
24.7975	48
24.7991	48
24.8007	48
24.8023	48
24.8039	48
24.8055	49
24.8071	49
24.8087	49
24.8103	49
24.8119	49
24.8135	49
24.8151	49
24.8167	49
24.8183	49
24.8199	49
24.8215	49
24.8231	49
24.8247	49
24.8263	49
24.8279	49
24.8295	49
24.8311	49
24.8327	49
24.8343	49
24.8359	49
24.8375	49
24.8391	49
24.8407	49
24.8423	49
24.8439	49
24.8455	49
24.8471	49
24.8487	49
24.8503	49
24.8519	49
24.8535	49
24.8551	49
24.8567	49
24.8583	49
24.8599	49
24.8615	49
24.8632	49
24.8648	49
24.8664	49
24.868	49
24.8696	49
24.8712	49
24.8728	49
24.8744	49
24.876	49
24.8776	49
24.8792	49
24.8808	49
24.8824	49
24.884	49
24.8856	49
24.8872	49
24.8888	49
24.8904	49
24.892	49
24.8936	49
24.8952	49
24.8968	49
24.8984	49
24.9	49
24.9016	49
24.9032	49
24.9048	49
24.9064	49
24.908	49
24.9096	49
24.9112	49
24.9128	49
24.9144	49
24.916	49
24.9176	49
24.9192	49
24.9208	49
24.9224	49
24.924	49
24.9256	49
24.9272	49
24.9288	49
24.9304	49
24.932	49
24.9336	49
24.9352	49
24.9368	49
24.9385	49
24.9401	49
24.9417	49
24.9433	49
24.9449	49
24.9465	49
24.9481	49
24.9497	49
24.9513	49
24.9529	49
24.9545	49
24.9561	49
24.9577	49
24.9593	49
24.9609	49
24.9625	49
24.9641	49
24.9657	49
24.9673	49
24.9689	49
24.9705	49
24.9721	49
24.9737	49
24.9753	49
24.9769	49
24.9785	49
24.9801	49
24.9817	49
24.9833	49
24.9849	49
24.9865	49
24.9881	49
24.9897	49
24.9913	49
24.9929	49
24.9945	49
24.9961	49
24.9977	49
24.9993	49
25.0009	49
25.0025	49
25.0041	49
25.0057	49
25.0073	49
25.0089	49
25.0105	49
25.0121	49
25.0138	49
25.0154	49
25.017	49
25.0186	49
25.0202	49
25.0218	49
25.0234	49
25.025	49
25.0266	49
25.0282	49
25.0298	49
25.0314	49
25.033	49
25.0346	49
25.0362	49
25.0378	49
25.0394	49
25.041	49
25.0426	49
25.0442	49
25.0458	49
25.0474	49
25.049	50
25.0506	50
25.0522	50
25.0538	50
25.0554	50
25.057	50
25.0586	50
25.0602	50
25.0618	50
25.0634	50
25.065	51
25.0666	51
25.0682	51
25.0698	51
25.0714	51
25.073	51
25.0746	51
25.0762	51
25.0778	51
25.0794	51
25.081	51
25.0826	51
25.0842	51
25.0858	51
25.0874	51
25.0891	51
25.0907	51
25.0923	51
25.0939	51
25.0955	51
25.0971	51
25.0987	51
25.1003	51
25.1019	51
25.1035	51
25.1051	51
25.1067	51
25.1083	51
25.1099	51
25.1115	51
25.1131	51
25.1147	51
25.1163	51
25.1179	51
25.1195	51
25.1211	51
25.1227	51
25.1243	51
25.1259	51
25.1275	51
25.1291	51
25.1307	51
25.1323	51
25.1339	51
25.1355	51
25.1371	51
25.1387	51
25.1403	51
25.1419	51
25.1435	51
25.1451	51
25.1467	51
25.1483	51
25.1499	51
25.1515	51
25.1531	51
25.1547	51
25.1563	51
25.1579	51
25.1595	51
25.1611	51
25.1627	51
25.1644	51
25.166	51
25.1676	51
25.1692	51
25.1708	51
25.1724	51
25.174	51
25.1756	51
25.1772	51
25.1788	51
25.1804	51
25.182	51
25.1836	51
25.1852	51
25.1868	51
25.1884	51
25.19	51
25.1916	51
25.1932	51
25.1948	51
25.1964	51
25.198	51
25.1996	51
25.2012	51
25.2028	51
25.2044	51
25.206	51
25.2076	51
25.2092	51
25.2108	51
25.2124	51
25.214	51
25.2156	51
25.2172	51
25.2188	51
25.2204	51
25.222	51
25.2236	51
25.2252	51
25.2268	51
25.2284	51
25.23	51
25.2316	51
25.2332	51
25.2348	51
25.2364	51
25.238	51
25.2397	51
25.2413	51
25.2429	51
25.2445	51
25.2461	51
25.2477	51
25.2493	51
25.2509	51
25.2525	51
25.2541	51
25.2557	51
25.2573	51
25.2589	51
25.2605	51
25.2621	52
25.2637	52
25.2653	52
25.2669	52
25.2685	52
25.2701	52
25.2717	52
25.2733	52
25.2749	52
25.2765	52
25.2781	52
25.2797	52
25.2813	52
25.2829	52
25.2845	52
25.2861	52
25.2877	52
25.2893	52
25.2909	52
25.2925	52
25.2941	52
25.2957	52
25.2973	52
25.2989	52
25.3005	52
25.3021	52
25.3037	52
25.3053	52
25.3069	52
25.3085	52
25.3101	52
25.3117	52
25.3134	52
25.315	52
25.3166	52
25.3182	52
25.3198	52
25.3214	52
25.323	52
25.3246	52
25.3262	52
25.3278	52
25.3294	52
25.331	52
25.3326	52
25.3342	52
25.3358	52
25.3374	52
25.339	52
25.3406	52
25.3422	52
25.3438	52
25.3454	52
25.347	52
25.3486	52
25.3502	52
25.3518	52
25.3534	52
25.4111	52
25.4127	52
25.4143	52
25.4159	51
25.4175	51
25.4191	50
25.4207	50
25.4223	49
25.4239	48
25.4255	48
25.4267	47
25.4451	46
25.4467	45
25.4483	44
25.4499	44
25.4515	44
25.4531	44
25.4547	44
25.4563	45
25.4579	46
25.4595	46
25.4611	47
25.4627	48
25.4643	49
25.4659	49
25.4675	50
25.4691	51
25.4707	51
25.4723	52
25.4739	52
25.4755	52
25.4771	52
25.4787	53
25.4803	53
25.4819	53
25.4835	51
25.4851	50
25.4867	48
25.4883	47
25.4899	46
25.4915	45
25.4932	44
25.4948	43
25.4964	43
25.498	42
25.4996	41
25.5012	41
25.5028	41
25.5044	40
25.506	40
25.5076	40
25.5092	40
25.5108	39
25.5124	39
25.514	39
25.5156	39
25.5172	39
25.5188	39
25.5204	39
25.522	38
25.5236	38
25.5252	38
25.5268	38
25.5284	38
25.53	38
25.5316	38
25.5332	38
25.5348	38
25.5364	38
25.538	38
25.5396	38
25.5412	38
25.5428	38
25.5444	38
25.546	38
25.5476	38
25.5492	38
25.5508	38
25.5524	38
25.554	38
25.5556	38
25.5572	38
25.5588	38
25.5604	38
25.562	38
25.5636	38
25.5652	38
25.5668	38
25.5685	38
25.5701	38
25.5717	38
25.5733	38
25.5749	39
25.5765	39
25.5781	39
25.5797	39
25.5813	39
25.5829	39
25.5845	39
25.5861	39
25.5877	39
25.5893	39
25.5909	39
25.5925	39
25.5941	39
25.5957	39
25.5973	39
25.5989	39
25.6005	39
25.6021	39
25.6037	39
25.6053	39
25.6069	39
25.6085	39
25.6101	39
25.6117	39
25.6133	39
25.6149	39
25.6165	39
25.6181	39
25.6197	39
25.6213	39
25.6229	39
25.6245	39
25.6261	39
25.6277	39
25.6293	39
25.6309	39
25.6325	39
25.6341	39
25.6357	39
25.6373	39
25.6389	39
25.6405	39
25.6421	39
25.6438	39
25.6454	39
25.647	39
25.6486	39
25.6502	39
25.6518	39
25.6534	39
25.655	39
25.6566	39
25.6582	39
25.6598	39
25.6614	39
25.663	39
25.6646	39
25.6662	39
25.6678	39
25.6694	39
25.671	39
25.6726	39
25.6742	39
25.6758	39
25.6774	39
25.679	39
25.6806	39
25.6822	39
25.6838	39
25.6854	39
25.687	40
25.6886	40
25.6902	40
25.6918	40
25.6934	40
25.695	40
25.6966	40
25.6982	40
25.6998	40
25.7014	40
25.703	40
25.7046	40
25.7062	40
25.7078	40
25.7094	40
25.711	40
25.7126	40
25.7142	40
25.7158	40
25.7174	40
25.7191	41
25.7207	41
25.7223	41
25.7239	41
25.7255	41
25.7271	41
25.7287	41
25.7303	41
25.7319	41
25.7335	41
25.7351	41
25.7367	41
25.7383	41
25.7399	41
25.7415	41
25.7431	41
25.7447	41
25.7463	41
25.7479	41
25.7495	41
25.7511	41
25.7527	41
25.7543	41
25.7559	41
25.7575	41
25.7591	41
25.7607	41
25.7623	41
25.7639	41
25.7655	41
25.7671	41
25.7687	41
25.7703	41
25.7719	41
25.7735	41
25.7751	41
25.7767	41
25.7783	41
25.7799	41
25.7815	41
25.7831	41
25.7847	41
25.7863	41
25.7879	41
25.7895	41
25.7911	41
25.7927	41
25.7944	41
25.796	41
25.7976	41
25.7992	41
25.8008	41
25.8024	41
25.804	41
25.8056	41
25.8072	41
25.8088	41
25.8104	41
25.812	41
25.8136	41
25.8152	41
25.8168	41
25.8184	41
25.82	41
25.8216	41
25.8232	41
25.8248	41
25.8264	41
25.828	41
25.8296	41
25.8312	41
25.8328	41
25.8344	41
25.836	41
25.8376	41
25.8392	41
25.8408	41
25.8424	41
25.844	41
25.8456	41
25.8472	41
25.8488	41
25.8504	41
25.852	41
25.8536	41
25.8552	41
25.8568	41
25.8584	41
25.86	42
25.8616	42
25.8632	42
25.8648	42
25.8664	42
25.8681	42
25.8697	42
25.8713	42
25.8729	42
25.8745	42
25.8761	43
25.8777	43
25.8793	43
25.8809	43
25.8825	43
25.8841	43
25.8857	43
25.8873	43
25.8889	43
25.8905	43
25.8921	43
25.8937	43
25.8953	43
25.8969	43
25.8985	43
25.9001	43
25.9017	43
25.9033	43
25.9049	43
25.9065	43
25.9081	43
25.9097	43
25.9113	43
25.9129	43
25.9145	43
25.9161	43
25.9177	43
25.9193	43
25.9209	43
25.9225	43
25.9241	43
25.9257	43
25.9273	43
25.9289	43
25.9305	43
25.9321	43
25.9337	43
25.9353	43
25.9369	43
25.9385	43
25.9401	43
25.9417	43
25.9434	43
25.945	43
25.9466	43
25.9482	43
25.9498	43
25.9514	43
25.953	43
25.9546	43
25.9562	43
25.9578	43
25.9594	43
25.961	43
25.9626	43
25.9642	43
25.9658	43
25.9674	43
25.969	43
25.9706	43
25.9722	43
25.9738	43
25.9754	43
25.977	43
25.9786	43
25.9802	43
25.9818	43
25.9834	43
25.985	43
25.9866	43
25.9882	43
25.9898	43
25.9914	43
25.993	43
25.9946	43
25.9962	43
25.9978	43
25.9994	43
26.001	43
26.0026	43
26.0042	43
26.0058	43
26.0074	43
26.009	43
26.0106	43
26.0122	43
26.0138	43
26.0154	43
26.017	43
26.0187	43
26.0203	43
26.0219	43
26.0235	43
26.0251	43
26.0267	43
26.0283	43
26.0299	43
26.0315	43
26.0331	44
26.0347	44
26.0363	44
26.0379	44
26.0395	44
26.0411	44
26.0427	44
26.0443	44
26.0459	44
26.0475	44
26.0491	44
26.0507	44
26.0523	44
26.0539	44
26.0555	44
26.0571	44
26.0587	44
26.0603	44
26.0619	44
26.0635	44
26.0651	44
26.0667	44
26.0683	44
26.0699	44
26.0715	44
26.0731	44
26.0747	44
26.0763	44
26.0779	44
26.0795	44
26.0811	44
26.0827	44
26.0843	44
26.0859	44
26.0875	44
26.0891	44
26.0907	44
26.0923	44
26.094	44
26.0956	44
26.0972	44
26.0988	44
26.1004	44
26.102	44
26.1036	44
26.1052	44
26.1068	44
26.1084	44
26.11	44
26.1116	44
26.1132	44
26.1148	44
26.1164	44
26.118	44
26.1196	44
26.1212	44
26.1228	44
26.1244	44
26.126	44
26.1276	44
26.1292	44
26.1308	44
26.1324	44
26.134	44
26.1356	44
26.1372	44
26.1388	44
26.1404	44
26.142	44
26.1436	44
26.1452	44
26.1468	44
26.1484	44
26.15	44
26.1516	44
26.1532	44
26.1548	44
26.1564	44
26.158	44
26.1596	44
26.1612	44
26.1628	44
26.1644	44
26.166	44
26.1676	44
26.1693	44
26.1709	44
26.1725	44
26.1741	44
26.1757	44
26.1773	44
26.1789	44
26.1805	44
26.1821	44
26.1837	44
26.1853	44
26.1869	44
26.1885	44
26.1901	44
26.1917	44
26.1933	44
26.1949	44
26.1965	44
26.1981	44
26.1997	44
26.2013	44
26.2029	44
26.2045	44
26.2061	44
26.2077	44
26.2093	44
26.2109	45
26.2125	45
26.2141	45
26.2157	45
26.2173	45
26.2189	45
26.2205	45
26.2221	45
26.2237	45
26.2253	46
26.2269	46
26.2285	46
26.2301	46
26.2317	46
26.2333	46
26.2349	46
26.2365	46
26.2381	46
26.2397	46
26.2413	46
26.2429	46
26.2446	46
26.2462	46
26.2478	46
26.2494	46
26.251	46
26.2526	46
26.2542	46
26.2558	46
26.2574	46
26.259	46
26.2606	46
26.2622	46
26.2638	46
26.2654	46
26.267	46
26.2686	46
26.2702	46
26.2718	46
26.2734	46
26.275	46
26.2766	46
26.2782	46
26.2798	46
26.2814	46
26.283	46
26.2846	46
26.2862	46
26.2878	46
26.2894	46
26.291	46
26.2926	46
26.2942	46
26.2958	46
26.2974	46
26.299	46
26.3006	46
26.3022	46
26.3038	46
26.3054	46
26.307	46
26.3086	46
26.3102	46
26.3118	46
26.3134	46
26.315	46
26.3166	46
26.3182	46
26.3199	46
26.3215	46
26.3231	46
26.3247	46
26.3263	46
26.3279	46
26.3295	46
26.3311	46
26.3327	46
26.3343	46
26.3359	46
26.3375	46
26.3391	46
26.3407	46
26.3423	46
26.3439	46
26.3455	46
26.3471	46
26.3487	46
26.3503	46
26.3519	46
26.3535	46
26.3551	46
26.3567	46
26.3583	46
26.3599	46
26.3615	46
26.3631	46
26.3647	46
26.3663	46
26.3679	46
26.3695	46
26.3711	46
26.3727	46
26.3743	46
26.3759	46
26.3775	46
26.3791	46
26.3807	46
26.3823	46
26.3839	46
26.3855	46
26.3871	46
26.3887	46
26.3903	46
26.3919	46
26.3936	46
26.3952	46
26.3968	46
26.3984	46
26.4	46
26.4016	46
26.4032	46
26.4048	46
26.4064	46
26.408	46
26.4096	46
26.4112	46
26.4128	46
26.4144	46
26.416	46
26.4176	46
26.4192	46
26.4208	46
26.4224	46
26.424	46
26.4256	46
26.4272	47
26.4288	47
26.4304	47
26.432	47
26.4336	47
26.4352	47
26.4368	47
26.4384	47
26.44	47
26.4416	47
26.4432	47
26.4448	47
26.4464	47
26.448	48
26.4496	48
26.4512	48
26.4528	48
26.4544	48
26.456	48
26.4576	48
26.4592	48
26.4608	48
26.4624	48
26.464	48
26.4656	48
26.4672	48
26.4689	48
26.4705	48
26.4721	48
26.4737	48
26.4753	48
26.4769	48
26.4785	48
26.4801	48
26.4817	48
26.4833	48
26.4849	48
26.4865	48
26.4881	48
26.4897	48
26.4913	48
26.4929	48
26.4945	48
26.4961	48
26.4977	48
26.4993	48
26.5009	48
26.5025	48
26.5041	48
26.5057	48
26.5073	48
26.5089	48
26.5105	48
26.5121	48
26.5137	48
26.5153	48
26.5169	48
26.5185	48
26.5201	48
26.5217	48
26.5233	48
26.5249	48
26.5265	48
26.5281	48
26.5297	48
26.5313	48
26.5329	48
26.5345	48
26.5361	48
26.5377	48
26.5393	48
26.5409	48
26.5425	48
26.5442	48
26.5458	48
26.5474	48
26.549	48
26.5506	48
26.5522	48
26.5538	48
26.5554	48
26.557	48
26.5586	48
26.5602	48
26.5618	48
26.5634	48
26.565	48
26.5666	48
26.5682	48
26.5698	48
26.5714	48
26.573	48
26.5746	48
26.5762	48
26.5778	48
26.5794	48
26.581	48
26.5826	48
26.5842	48
26.5858	48
26.5874	48
26.589	48
26.5906	48
26.5922	48
26.5938	48
26.5954	48
26.597	48
26.5986	48
26.6002	48
26.6018	48
26.6034	48
26.605	48
26.6066	48
26.6082	48
26.6098	48
26.6114	48
26.613	48
26.6146	48
26.6162	48
26.6178	48
26.6195	48
26.6211	48
26.6227	48
26.6243	48
26.6259	48
26.6275	48
26.6291	48
26.6307	48
26.6323	48
26.6339	48
26.6355	48
26.6371	48
26.6387	48
26.6403	48
26.6419	48
26.6435	48
26.6451	48
26.6467	48
26.6483	48
26.6499	48
26.6515	48
26.6531	48
26.6547	48
26.6563	48
26.6579	48
26.6595	48
26.6611	48
26.6627	48
26.6643	48
26.6659	48
26.6675	48
26.6691	48
26.6707	48
26.6723	48
26.6739	48
26.6755	48
26.6771	48
26.6787	48
26.6803	48
26.6819	48
26.6835	49
26.6851	49
26.6867	49
26.6883	49
26.6899	49
26.6915	49
26.6931	49
26.6948	49
26.6964	49
26.698	49
26.6996	49
26.7012	49
26.7028	49
26.7044	49
26.706	49
26.7076	49
26.7092	49
26.7108	49
26.7124	49
26.714	49
26.7156	49
26.7172	49
26.7188	49
26.7204	49
26.722	49
26.7236	49
26.7252	49
26.7268	49
26.7284	49
26.73	49
26.7316	49
26.7332	49
26.7348	49
26.7364	49
26.738	49
26.7396	49
26.7412	49
26.7428	49
26.7444	49
26.746	49
26.7476	49
26.7492	49
26.7508	49
26.7524	49
26.754	49
26.7556	49
26.7572	49
26.7588	49
26.7604	49
26.762	49
26.7636	49
26.7652	49
26.7668	49
26.7684	49
26.7701	49
26.7717	49
26.7733	49
26.7749	49
26.7765	49
26.7781	49
26.7797	49
26.7813	49
26.7829	49
26.7845	49
26.7861	49
26.7877	49
26.7893	49
26.7909	49
26.7925	49
26.7941	49
26.7957	49
26.7973	49
26.7989	49
26.8005	49
26.8021	49
26.8037	49
26.8053	49
26.8069	49
26.8085	49
26.8101	49
26.8117	49
26.8133	49
26.8149	49
26.8165	49
26.8181	49
26.8197	49
26.8213	49
26.8229	49
26.8245	49
26.8261	49
26.8277	49
26.8293	49
26.8309	49
26.8325	49
26.8341	49
26.8357	49
26.8373	49
26.8389	49
26.8405	49
26.8421	49
26.8437	49
26.8454	49
26.847	49
26.8486	49
26.8502	49
26.8518	49
26.8534	49
26.855	49
26.8566	49
26.8582	49
26.8598	49
26.8614	49
26.863	49
26.8646	49
26.8662	49
26.8678	49
26.8694	49
26.871	49
26.8726	49
26.8742	49
26.8758	49
26.8774	49
26.879	49
26.8806	49
26.8822	49
26.8838	49
26.8854	49
26.887	49
26.8886	49
26.8902	49
26.8918	49
26.8934	49
26.895	49
26.8966	49
26.8982	49
26.8998	49
26.9014	49
26.903	49
26.9046	49
26.9062	49
26.9078	49
26.9094	49
26.911	49
26.9126	49
26.9142	49
26.9158	49
26.9174	49
26.919	49
26.9207	49
26.9223	49
26.9239	49
26.9255	49
26.9271	49
26.9287	49
26.9303	49
26.9319	49
26.9335	49
26.9351	49
26.9367	49
26.9383	49
26.9399	49
26.9415	49
26.9431	49
26.9447	49
26.9463	49
26.9479	49
26.9495	49
26.9511	49
26.9527	49
26.9543	49
26.9559	49
26.9575	49
26.9591	49
26.9607	49
26.9623	49
26.9639	49
26.9655	49
26.9671	49
26.9687	49
26.9703	49
26.9719	49
26.9735	49
26.9751	49
26.9767	49
26.9783	49
26.9799	49
26.9815	49
26.9831	49
26.9847	49
26.9863	49
26.9879	50
26.9895	50
26.9911	50
26.9927	50
26.9944	50
26.996	50
26.9976	50
26.9992	50
27.0008	50
27.0024	50
27.004	50
27.0056	50
27.0072	51
27.0088	51
27.0104	51
27.012	51
27.0136	51
27.0152	51
27.0168	51
27.0184	51
27.02	51
27.0216	51
27.0232	51
27.0248	51
27.0264	51
27.028	51
27.0296	51
27.0312	51
27.0328	51
27.0344	51
27.036	51
27.0376	51
27.0392	51
27.0408	51
27.0424	51
27.044	51
27.0456	51
27.0472	51
27.0488	51
27.0504	51
27.052	51
27.0536	51
27.0552	51
27.0568	51
27.0584	51
27.06	51
27.0616	51
27.0632	51
27.0648	51
27.0664	51
27.068	51
27.0697	51
27.0713	51
27.0729	51
27.0745	51
27.0761	51
27.0777	51
27.0793	51
27.0809	51
27.0825	51
27.0841	51
27.0857	51
27.0873	51
27.0889	51
27.0905	51
27.0921	51
27.0937	51
27.0953	51
27.0969	51
27.0985	51
27.1001	51
27.1017	51
27.1033	51
27.1049	51
27.1065	51
27.1081	51
27.1097	51
27.1113	51
27.1129	51
27.1145	51
27.1161	51
27.1177	51
27.1193	51
27.1209	51
27.1225	51
27.1241	51
27.1257	51
27.1273	51
27.1289	51
27.1305	51
27.1321	51
27.1337	51
27.1353	51
27.1369	51
27.1385	51
27.1401	51
27.1417	51
27.1433	51
27.145	51
27.1466	51
27.1482	51
27.1498	51
27.1514	51
27.153	51
27.1546	51
27.1562	51
27.1578	51
27.1594	51
27.161	51
27.1626	51
27.1642	51
27.1658	51
27.1674	51
27.169	51
27.1706	51
27.1722	51
27.1738	51
27.1754	51
27.177	51
27.1786	51
27.1802	51
27.1818	51
27.1834	51
27.185	51
27.1866	51
27.1882	51
27.1898	51
27.1914	51
27.193	51
27.1946	51
27.1962	51
27.1978	51
27.1994	51
27.201	51
27.2026	51
27.2042	51
27.2058	51
27.2074	51
27.209	51
27.2106	51
27.2122	51
27.2138	51
27.2154	51
27.217	51
27.2186	51
27.2203	51
27.2219	51
27.2235	51
27.2251	51
27.2267	51
27.2283	51
27.2299	51
27.2315	51
27.2331	51
27.2347	51
27.2363	51
27.2379	51
27.2395	51
27.2411	51
27.2427	51
27.2443	51
27.2459	51
27.2475	51
27.2491	51
27.2507	51
27.2523	51
27.2539	51
27.2555	51
27.2571	51
27.2587	51
27.2603	51
27.2619	51
27.2635	51
27.2651	51
27.2667	51
27.2683	51
27.2699	51
27.2715	51
27.2731	51
27.2747	51
27.2763	51
27.2779	51
27.2795	51
27.2811	51
27.2827	51
27.2843	51
27.2859	51
27.2875	51
27.2891	51
27.2907	51
27.2923	51
27.2939	51
27.2956	51
27.2972	51
27.2988	51
27.3004	51
27.302	51
27.3036	51
27.3052	51
27.3068	51
27.3084	51
27.31	51
27.3116	51
27.3132	51
27.3148	51
27.3164	51
27.318	51
27.3196	51
27.3212	51
27.3228	51
27.3244	51
27.326	51
27.3276	51
27.3292	51
27.3308	51
27.3324	51
27.334	51
27.3356	51
27.3372	51
27.3388	51
27.3404	51
27.342	51
27.3436	51
27.3452	51
27.3468	51
27.3484	51
27.35	51
27.3516	51
27.3532	51
27.3548	51
27.3564	51
27.358	51
27.3596	51
27.3612	51
27.3628	51
27.3644	51
27.366	51
27.3676	51
27.3692	51
27.3709	51
27.3725	51
27.3741	51
27.3757	51
27.3773	51
27.3789	51
27.3805	51
27.3821	51
27.3837	51
27.3853	51
27.3869	51
27.3885	51
27.3901	51
27.3917	51
27.3933	51
27.3949	51
27.3965	51
27.3981	51
27.3997	51
27.4013	51
27.4029	51
27.4045	51
27.4061	51
27.4077	51
27.4093	51
27.4109	51
27.4125	51
27.4141	51
27.4157	51
27.4173	51
27.4189	51
27.4205	51
27.4221	51
27.4237	51
27.4253	51
27.4269	51
27.4285	51
27.4301	51
27.4317	51
27.4333	51
27.4349	51
27.4365	51
27.4381	52
27.4397	52
27.4413	52
27.4429	52
27.4445	52
27.4462	52
27.4478	52
27.4494	52
27.451	52
27.4526	52
27.4542	52
27.4558	52
27.4574	52
27.459	52
27.4606	52
27.4622	52
27.4638	52
27.4654	52
27.467	52
27.4686	52
27.4702	52
27.4718	52
27.4734	52
27.475	52
27.4766	52
27.4782	52
27.4798	52
27.4814	52
27.483	52
27.4846	52
27.4862	52
27.4878	52
27.4894	52
27.491	52
27.4926	52
27.4942	52
27.4958	52
27.4974	52
27.499	52
27.5006	52
27.5022	52
27.5038	52
27.5054	52
27.507	52
27.5086	52
27.5102	52
27.5118	52
27.5134	52
27.515	52
27.5166	52
27.5182	52
27.5199	52
27.5215	52
27.5231	52
27.5247	52
27.5263	52
27.5279	52
27.5295	52
27.5863	52
27.5879	52
27.5895	51
27.5911	51
27.5927	50
27.5943	50
27.596	49
27.5976	49
27.5992	48
27.6008	47
27.6019	47
27.6195	45
27.6211	44
27.6227	44
27.6243	43
27.6259	43
27.6275	43
27.6291	43
27.6307	44
27.6323	44
27.6339	45
27.6355	46
27.6371	47
27.6387	47
27.6403	48
27.6419	48
27.6435	49
27.6451	49
27.6467	49
27.6483	50
27.6499	50
27.6515	50
27.6531	51
27.6547	51
27.6563	49
27.6579	47
27.6595	46
27.6611	45
27.6628	44
27.6644	43
27.666	42
27.6676	41
27.6692	41
27.6708	40
27.6724	40
27.674	39
27.6756	39
27.6772	39
27.6788	38
27.6804	38
27.682	38
27.6836	38
27.6852	37
27.6868	37
27.6884	37
27.69	37
27.6916	37
27.6932	37
27.6948	37
27.6964	37
27.698	37
27.6996	37
27.7012	37
27.7028	37
27.7044	37
27.706	37
27.7076	37
27.7092	37
27.7108	37
27.7124	37
27.714	37
27.7156	37
27.7172	37
27.7188	37
27.7204	37
27.722	37
27.7236	37
27.7252	37
27.7268	37
27.7284	37
27.73	38
27.7316	38
27.7332	38
27.7348	38
27.7364	38
27.7381	38
27.7397	38
27.7413	38
27.7429	38
27.7445	38
27.7461	38
27.7477	38
27.7493	38
27.7509	38
27.7525	38
27.7541	38
27.7557	38
27.7573	38
27.7589	38
27.7605	38
27.7621	38
27.7637	38
27.7653	38
27.7669	38
27.7685	38
27.7701	38
27.7717	38
27.7733	38
27.7749	38
27.7765	38
27.7781	38
27.7797	38
27.7813	38
27.7829	38
27.7845	38
27.7861	38
27.7877	38
27.7893	38
27.7909	38
27.7925	38
27.7941	38
27.7957	38
27.7973	38
27.7989	38
27.8005	38
27.8021	38
27.8037	38
27.8053	38
27.8069	38
27.8085	38
27.8101	38
27.8117	38
27.8134	38
27.815	38
27.8166	38
27.8182	38
27.8198	38
27.8214	38
27.823	38
27.8246	38
27.8262	38
27.8278	38
27.8294	38
27.831	38
27.8326	38
27.8342	38
27.8358	38
27.8374	38
27.839	38
27.8406	38
27.8422	38
27.8438	38
27.8454	38
27.847	38
27.8486	38
27.8502	38
27.8518	38
27.8534	38
27.855	38
27.8566	38
27.8582	38
27.8598	38
27.8614	38
27.863	38
27.8646	38
27.8662	38
27.8678	38
27.8694	38
27.871	38
27.8726	38
27.8742	38
27.8758	38
27.8774	38
27.879	38
27.8806	38
27.8822	38
27.8838	38
27.8854	38
27.887	38
27.8887	38
27.8903	38
27.8919	38
27.8935	38
27.8951	38
27.8967	38
27.8983	38
27.8999	38
27.9015	38
27.9031	38
27.9047	38
27.9063	38
27.9079	38
27.9095	38
27.9111	38
27.9127	38
27.9143	38
27.9159	38
27.9175	38
27.9191	38
27.9207	38
27.9223	38
27.9239	38
27.9255	38
27.9271	38
27.9287	38
27.9303	38
27.9319	38
27.9335	38
27.9351	38
27.9367	38
27.9383	38
27.9399	38
27.9415	38
27.9431	38
27.9447	38
27.9463	38
27.9479	38
27.9495	38
27.9511	38
27.9527	39
27.9543	39
27.9559	39
27.9575	39
27.9591	39
27.9607	39
27.9623	39
27.964	39
27.9656	39
27.9672	39
27.9688	39
27.9704	39
27.972	39
27.9736	39
27.9752	39
27.9768	39
27.9784	39
27.98	39
27.9816	39
27.9832	39
27.9848	39
27.9864	39
27.988	39
27.9896	39
27.9912	39
27.9928	39
27.9944	39
27.996	39
27.9976	39
27.9992	39
28.0008	39
28.0024	39
28.004	40
28.0056	40
28.0072	40
28.0088	40
28.0104	40
28.012	40
28.0136	40
28.0152	40
28.0168	40
28.0184	40
28.02	40
28.0216	40
28.0232	40
28.0248	40
28.0264	40
28.028	40
28.0296	40
28.0312	40
28.0328	40
28.0344	40
28.036	40
28.0376	40
28.0393	40
28.0409	40
28.0425	40
28.0441	40
28.0457	40
28.0473	40
28.0489	40
28.0505	40
28.0521	40
28.0537	40
28.0553	40
28.0569	40
28.0585	40
28.0601	40
28.0617	40
28.0633	40
28.0649	40
28.0665	40
28.0681	40
28.0697	40
28.0713	40
28.0729	40
28.0745	40
28.0761	40
28.0777	40
28.0793	40
28.0809	40
28.0825	40
28.0841	40
28.0857	40
28.0873	40
28.0889	40
28.0905	40
28.0921	40
28.0937	40
28.0953	40
28.0969	40
28.0985	40
28.1001	40
28.1017	40
28.1033	40
28.1049	40
28.1065	40
28.1081	40
28.1097	40
28.1113	40
28.113	40
28.1146	40
28.1162	40
28.1178	40
28.1194	40
28.121	40
28.1226	40
28.1242	40
28.1258	40
28.1274	40
28.129	40
28.1306	40
28.1322	40
28.1338	40
28.1354	40
28.137	40
28.1386	40
28.1402	40
28.1418	40
28.1434	40
28.145	40
28.1466	40
28.1482	40
28.1498	40
28.1514	40
28.153	40
28.1546	40
28.1562	40
28.1578	40
28.1594	40
28.161	40
28.1626	40
28.1642	40
28.1658	40
28.1674	40
28.169	40
28.1706	40
28.1722	40
28.1738	40
28.1754	40
28.177	40
28.1786	40
28.1802	40
28.1818	40
28.1834	40
28.185	40
28.1866	40
28.1883	40
28.1899	40
28.1915	40
28.1931	40
28.1947	40
28.1963	40
28.1979	40
28.1995	40
28.2011	40
28.2027	40
28.2043	40
28.2059	40
28.2075	40
28.2091	40
28.2107	40
28.2123	40
28.2139	40
28.2155	40
28.2171	40
28.2187	40
28.2203	40
28.2219	40
28.2235	40
28.2251	40
28.2267	40
28.2283	40
28.2299	40
28.2315	40
28.2331	40
28.2347	40
28.2363	41
28.2379	41
28.2395	41
28.2411	41
28.2427	41
28.2443	41
28.2459	41
28.2475	41
28.2491	41
28.2507	41
28.2523	41
28.2539	41
28.2555	41
28.2571	41
28.2587	41
28.2603	41
28.2619	41
28.2636	41
28.2652	41
28.2668	41
28.2684	41
28.27	41
28.2716	41
28.2732	41
28.2748	41
28.2764	41
28.278	41
28.2796	41
28.2812	41
28.2828	41
28.2844	41
28.286	41
28.2876	41
28.2892	41
28.2908	41
28.2924	41
28.294	41
28.2956	41
28.2972	41
28.2988	41
28.3004	41
28.302	41
28.3036	41
28.3052	41
28.3068	41
28.3084	41
28.31	41
28.3116	41
28.3132	41
28.3148	41
28.3164	41
28.318	41
28.3196	41
28.3212	41
28.3228	41
28.3244	41
28.326	41
28.3276	41
28.3292	41
28.3308	41
28.3324	41
28.334	41
28.3356	41
28.3372	41
28.3389	41
28.3405	41
28.3421	41
28.3437	41
28.3453	41
28.3469	41
28.3485	41
28.3501	41
28.3517	41
28.3533	41
28.3549	41
28.3565	41
28.3581	41
28.3597	41
28.3613	41
28.3629	41
28.3645	41
28.3661	41
28.3677	41
28.3693	41
28.3709	41
28.3725	41
28.3741	41
28.3757	41
28.3773	41
28.3789	41
28.3805	41
28.3821	41
28.3837	41
28.3853	41
28.3869	41
28.3885	41
28.3901	41
28.3917	41
28.3933	41
28.3949	41
28.3965	41
28.3981	41
28.3997	41
28.4013	41
28.4029	41
28.4045	41
28.4061	41
28.4077	41
28.4093	41
28.4109	41
28.4125	41
28.4142	41
28.4158	41
28.4174	41
28.419	41
28.4206	41
28.4222	41
28.4238	41
28.4254	41
28.427	41
28.4286	41
28.4302	41
28.4318	41
28.4334	41
28.435	41
28.4366	41
28.4382	41
28.4398	41
28.4414	41
28.443	41
28.4446	41
28.4462	41
28.4478	41
28.4494	41
28.451	41
28.4526	41
28.4542	41
28.4558	41
28.4574	41
28.459	41
28.4606	41
28.4622	41
28.4638	41
28.4654	41
28.467	41
28.4686	41
28.4702	41
28.4718	41
28.4734	41
28.475	41
28.4766	41
28.4782	41
28.4798	41
28.4814	41
28.483	41
28.4846	41
28.4862	41
28.4878	41
28.4895	41
28.4911	41
28.4927	41
28.4943	41
28.4959	41
28.4975	41
28.4991	41
28.5007	41
28.5023	41
28.5039	41
28.5055	41
28.5071	41
28.5087	41
28.5103	41
28.5119	41
28.5135	41
28.5151	41
28.5167	41
28.5183	41
28.5199	41
28.5215	41
28.5231	41
28.5247	41
28.5263	41
28.5279	41
28.5295	41
28.5311	41
28.5327	41
28.5343	41
28.5359	41
28.5375	41
28.5391	41
28.5407	41
28.5423	41
28.5439	41
28.5455	41
28.5471	41
28.5487	41
28.5503	41
28.5519	41
28.5535	41
28.5551	41
28.5567	41
28.5583	41
28.5599	41
28.5615	41
28.5631	41
28.5648	41
28.5664	41
28.568	41
28.5696	41
28.5712	41
28.5728	41
28.5744	41
28.576	41
28.5776	41
28.5792	41
28.5808	41
28.5824	41
28.584	41
28.5856	41
28.5872	41
28.5888	41
28.5904	41
28.592	41
28.5936	42
28.5952	42
28.5968	42
28.5984	42
28.6	42
28.6016	42
28.6032	42
28.6048	42
28.6064	42
28.608	42
28.6096	42
28.6112	43
28.6128	43
28.6144	43
28.616	43
28.6176	43
28.6192	43
28.6208	43
28.6224	43
28.624	43
28.6256	43
28.6272	43
28.6288	43
28.6304	43
28.632	43
28.6336	43
28.6352	43
28.6368	43
28.6385	43
28.6401	43
28.6417	43
28.6433	43
28.6449	43
28.6465	43
28.6481	43
28.6497	43
28.6513	43
28.6529	43
28.6545	43
28.6561	43
28.6577	43
28.6593	43
28.6609	43
28.6625	43
28.6641	43
28.6657	43
28.6673	43
28.6689	43
28.6705	43
28.6721	43
28.6737	43
28.6753	43
28.6769	43
28.6785	43
28.6801	43
28.6817	43
28.6833	43
28.6849	43
28.6865	43
28.6881	43
28.6897	43
28.6913	43
28.6929	43
28.6945	43
28.6961	43
28.6977	43
28.6993	43
28.7009	43
28.7025	43
28.7041	43
28.7057	43
28.7073	43
28.7089	43
28.7105	43
28.7121	43
28.7138	43
28.7154	43
28.717	43
28.7186	43
28.7202	43
28.7218	43
28.7234	43
28.725	43
28.7266	43
28.7282	43
28.7298	43
28.7314	43
28.733	43
28.7346	43
28.7362	43
28.7378	43
28.7394	43
28.741	43
28.7426	43
28.7442	43
28.7458	43
28.7474	43
28.749	43
28.7506	43
28.7522	43
28.7538	43
28.7554	43
28.757	43
28.7586	43
28.7602	43
28.7618	43
28.7634	43
28.765	43
28.7666	43
28.7682	43
28.7698	43
28.7714	43
28.773	43
28.7746	43
28.7762	43
28.7778	43
28.7794	43
28.781	43
28.7826	43
28.7842	43
28.7858	43
28.7874	43
28.7891	43
28.7907	43
28.7923	43
28.7939	43
28.7955	43
28.7971	43
28.7987	43
28.8003	43
28.8019	43
28.8035	43
28.8051	43
28.8067	43
28.8083	43
28.8099	43
28.8115	43
28.8131	43
28.8147	43
28.8163	43
28.8179	43
28.8195	43
28.8211	43
28.8227	43
28.8243	43
28.8259	43
28.8275	43
28.8291	43
28.8307	43
28.8323	43
28.8339	43
28.8355	43
28.8371	43
28.8387	43
28.8403	43
28.8419	43
28.8435	43
28.8451	43
28.8467	43
28.8483	43
28.8499	43
28.8515	43
28.8531	43
28.8547	43
28.8563	43
28.8579	43
28.8595	43
28.8611	43
28.8627	43
28.8644	43
28.866	43
28.8676	43
28.8692	43
28.8708	43
28.8724	43
28.874	43
28.8756	43
28.8772	43
28.8788	43
28.8804	43
28.882	43
28.8836	43
28.8852	43
28.8868	43
28.8884	43
28.89	43
28.8916	43
28.8932	43
28.8948	43
28.8964	43
28.898	43
28.8996	43
28.9012	43
28.9028	43
28.9044	43
28.906	43
28.9076	43
28.9092	43
28.9108	43
28.9124	43
28.914	43
28.9156	43
28.9172	43
28.9188	43
28.9204	43
28.922	43
28.9236	43
28.9252	43
28.9268	43
28.9284	43
28.93	43
28.9316	43
28.9332	43
28.9348	43
28.9364	43
28.938	43
28.9397	43
28.9413	43
28.9429	43
28.9445	43
28.9461	43
28.9477	43
28.9493	43
28.9509	43
28.9525	43
28.9541	43
28.9557	43
28.9573	43
28.9589	43
28.9605	43
28.9621	43
28.9637	43
28.9653	43
28.9669	43
28.9685	43
28.9701	43
28.9717	43
28.9733	43
28.9749	43
28.9765	43
28.9781	43
28.9797	43
28.9813	43
28.9829	43
28.9845	43
28.9861	43
28.9877	43
28.9893	43
28.9909	43
28.9925	43
28.9941	43
28.9957	43
28.9973	43
28.9989	43
29.0005	43
29.0021	43
29.0037	43
29.0053	43
29.0069	43
29.0085	43
29.0101	43
29.0117	43
29.0133	43
29.015	43
29.0166	43
29.0182	43
29.0198	43
29.0214	43
29.023	43
29.0246	43
29.0262	43
29.0278	43
29.0294	43
29.031	43
29.0326	43
29.0342	43
29.0358	43
29.0374	43
29.039	43
29.0406	43
29.0422	43
29.0438	43
29.0454	43
29.047	43
29.0486	43
29.0502	43
29.0518	43
29.0534	43
29.055	43
29.0566	43
29.0582	43
29.0598	43
29.0614	43
29.063	43
29.0646	43
29.0662	43
29.0678	43
29.0694	43
29.071	43
29.0726	43
29.0742	43
29.0758	43
29.0774	43
29.079	43
29.0806	43
29.0822	43
29.0838	43
29.0854	43
29.087	43
29.0886	43
29.0903	43
29.0919	43
29.0935	43
29.0951	43
29.0967	43
29.0983	43
29.0999	43
29.1015	43
29.1031	43
29.1047	43
29.1063	43
29.1079	43
29.1095	43
29.1111	43
29.1127	43
29.1143	43
29.1159	43
29.1175	43
29.1191	43
29.1207	43
29.1223	43
29.1239	43
29.1255	43
29.1271	43
29.1287	43
29.1303	43
29.1319	43
29.1335	43
29.1351	43
29.1367	43
29.1383	43
29.1399	43
29.1415	43
29.1431	43
29.1447	43
29.1463	43
29.1479	43
29.1495	43
29.1511	43
29.1527	43
29.1543	43
29.1559	43
29.1575	43
29.1591	43
29.1607	43
29.1623	43
29.164	43
29.1656	43
29.1672	43
29.1688	43
29.1704	43
29.172	43
29.1736	43
29.1752	43
29.1768	43
29.1784	43
29.18	43
29.1816	43
29.1832	43
29.1848	43
29.1864	43
29.188	43
29.1896	43
29.1912	43
29.1928	43
29.1944	43
29.196	43
29.1976	43
29.1992	44
29.2008	44
29.2024	44
29.204	44
29.2056	44
29.2072	44
29.2088	44
29.2104	44
29.212	44
29.2136	44
29.2152	44
29.2168	44
29.2184	44
29.22	44
29.2216	44
29.2232	44
29.2248	44
29.2264	44
29.228	44
29.2296	44
29.2312	44
29.2328	44
29.2344	44
29.236	44
29.2376	44
29.2393	44
29.2409	44
29.2425	44
29.2441	44
29.2457	44
29.2473	44
29.2489	44
29.2505	44
29.2521	44
29.2537	44
29.2553	44
29.2569	44
29.2585	44
29.2601	44
29.2617	44
29.2633	44
29.2649	44
29.2665	44
29.2681	44
29.2697	44
29.2713	44
29.2729	44
29.2745	44
29.2761	44
29.2777	44
29.2793	44
29.2809	44
29.2825	44
29.2841	44
29.2857	44
29.2873	44
29.2889	44
29.2905	44
29.2921	44
29.2937	44
29.2953	44
29.2969	44
29.2985	44
29.3001	44
29.3017	44
29.3033	44
29.3049	44
29.3065	44
29.3081	44
29.3097	44
29.3113	44
29.3129	44
29.3146	44
29.3162	44
29.3178	44
29.3194	44
29.321	44
29.3226	44
29.3242	44
29.3258	44
29.3274	44
29.329	44
29.3306	44
29.3322	44
29.3338	44
29.3354	44
29.337	44
29.3386	44
29.3402	44
29.3418	44
29.3434	44
29.345	44
29.3466	44
29.3482	44
29.3498	44
29.3514	44
29.353	44
29.3546	44
29.3562	44
29.3578	44
29.3594	44
29.361	44
29.3626	44
29.3642	44
29.3658	44
29.3674	44
29.369	44
29.3706	44
29.3722	44
29.3738	44
29.3754	44
29.377	44
29.3786	44
29.3802	44
29.3818	44
29.3834	44
29.385	44
29.3866	44
29.3882	44
29.3899	44
29.3915	44
29.3931	44
29.3947	44
29.3963	44
29.3979	44
29.3995	44
29.4011	44
29.4027	44
29.4043	44
29.4059	44
29.4075	44
29.4091	44
29.4107	44
29.4123	44
29.4139	44
29.4155	44
29.4171	44
29.4187	44
29.4203	44
29.4219	44
29.4235	44
29.4251	44
29.4267	44
29.4283	44
29.4299	44
29.4315	44
29.4331	44
29.4347	44
29.4363	44
29.4379	44
29.4395	44
29.4411	44
29.4427	44
29.4443	44
29.4459	44
29.4475	44
29.4491	44
29.4507	44
29.4523	44
29.4539	44
29.4555	44
29.4571	44
29.4587	44
29.4603	44
29.4619	44
29.4635	44
29.4652	44
29.4668	44
29.4684	44
29.47	44
29.4716	44
29.4732	44
29.4748	44
29.4764	44
29.478	44
29.4796	44
29.4812	44
29.4828	44
29.4844	44
29.486	44
29.4876	44
29.4892	44
29.4908	44
29.4924	44
29.494	44
29.4956	44
29.4972	44
29.4988	44
29.5004	44
29.502	44
29.5036	44
29.5052	44
29.5068	44
29.5084	44
29.51	44
29.5116	44
29.5132	44
29.5148	44
29.5164	44
29.518	44
29.5196	44
29.5212	44
29.5228	44
29.5244	44
29.526	44
29.5276	44
29.5292	44
29.5308	44
29.5324	44
29.534	44
29.5356	44
29.5372	44
29.5388	44
29.5405	44
29.5421	44
29.5437	44
29.5453	44
29.5469	44
29.5485	44
29.5501	44
29.5517	44
29.5533	44
29.5549	44
29.5565	44
29.5581	44
29.5597	44
29.5613	44
29.5629	44
29.5645	44
29.5661	44
29.5677	44
29.5693	44
29.5709	44
29.5725	44
29.5741	44
29.5757	44
29.5773	44
29.5789	44
29.5805	44
29.5821	44
29.5837	44
29.5853	44
29.5869	44
29.5885	44
29.5901	44
29.5917	44
29.5933	44
29.5949	44
29.5965	44
29.5981	44
29.5997	44
29.6013	44
29.6029	44
29.6045	44
29.6061	44
29.6077	44
29.6093	44
29.6109	44
29.6125	44
29.6141	44
29.6158	44
29.6174	44
29.619	44
29.6206	44
29.6222	44
29.6238	44
29.6254	44
29.627	44
29.6286	44
29.6302	44
29.6318	44
29.6334	44
29.635	44
29.6366	44
29.6382	44
29.6398	44
29.6414	44
29.643	44
29.6446	44
29.6462	44
29.6478	44
29.6494	44
29.651	44
29.6526	44
29.6542	44
29.6558	44
29.6574	44
29.659	44
29.6606	44
29.6622	44
29.6638	44
29.6654	44
29.667	44
29.6686	44
29.6702	44
29.6718	44
29.6734	44
29.675	44
29.6766	44
29.6782	44
29.6798	44
29.6814	44
29.683	44
29.6846	44
29.6862	44
29.6878	44
29.6895	44
29.6911	44
29.6927	44
29.6943	44
29.6959	44
29.6975	44
29.6991	44
29.7007	44
29.7023	44
29.7039	44
29.7055	44
29.7071	44
29.7087	44
29.7103	44
29.7119	44
29.7135	44
29.7151	44
29.7167	44
29.7183	44
29.7199	44
29.7215	44
29.7231	44
29.7247	44
29.7263	44
29.7279	44
29.7295	44
29.7311	44
29.7327	44
29.7343	44
29.7359	44
29.7375	44
29.7391	44
29.7407	44
29.7423	44
29.7439	44
29.7455	44
29.7471	44
29.7487	44
29.7503	44
29.7519	44
29.7535	44
29.7551	44
29.7567	44
29.7583	44
29.7599	44
29.7615	44
29.7631	44
29.7648	44
29.7664	44
29.768	44
29.7696	44
29.7712	44
29.7728	44
29.7744	44
29.776	44
29.7776	44
29.7792	44
29.7808	44
29.7824	44
29.784	44
29.7856	44
29.7872	44
29.7888	44
29.7904	44
29.792	44
29.7936	44
29.7952	44
29.7968	44
29.7984	44
29.8	44
29.8016	44
29.8032	44
29.8048	44
29.8064	44
29.808	44
29.8096	44
29.8112	44
29.8128	44
29.8144	44
29.816	44
29.8176	44
29.8192	44
29.8208	44
29.8224	44
29.824	44
29.8256	44
29.8272	44
29.8288	44
29.8304	44
29.832	44
29.8336	44
29.8352	44
29.8368	44
29.8384	44
29.8401	44
29.8417	44
29.8433	44
29.8449	44
29.8465	44
29.8481	44
29.8497	44
29.8513	44
29.8529	44
29.8545	44
29.8561	44
29.8577	44
29.8593	44
29.8609	44
29.8625	44
29.8641	44
29.8657	44
29.8673	44
29.8689	44
29.8705	44
29.8721	44
29.8737	44
29.8753	44
29.8769	44
29.8785	44
29.8801	44
29.8817	44
29.8833	44
29.8849	44
29.8865	44
29.8881	44
29.8897	44
29.8913	44
29.8929	44
29.8945	44
29.8961	44
29.8977	44
29.8993	44
29.9009	44
29.9025	44
29.9041	44
29.9057	44
29.9073	44
29.9089	44
29.9105	44
29.9121	44
29.9137	44
29.9154	44
29.917	44
29.9186	44
29.9202	44
29.9218	44
29.9234	44
29.925	44
29.9266	44
29.9282	44
29.9298	44
29.9314	44
29.933	44
29.9346	44
29.9362	44
29.9378	44
29.9394	44
29.941	44
29.9426	44
29.9442	44
29.9458	44
29.9474	44
29.949	44
29.9506	44
29.9522	44
29.9538	44
29.9554	44
29.957	44
29.9586	44
29.9602	44
29.9618	44
29.9634	44
29.965	44
29.9666	44
29.9682	44
29.9698	44
29.9714	44
29.973	44
29.9746	44
29.9762	44
29.9778	44
29.9794	44
29.981	44
29.9826	44
29.9842	44
29.9858	44
29.9874	44
29.989	44
29.9907	44
29.9923	44
29.9939	44
29.9955	44
29.9971	44
29.9987	44
30.0003	44
30.0019	44
30.0035	44
30.0051	44
30.0067	44
30.0083	44
30.0099	44
30.0115	44
30.0131	44
30.0147	44
30.0163	44
30.0179	44
30.0195	44
30.0211	44
30.0227	44
30.0243	44
30.0259	44
30.0275	44
30.0291	44
30.0307	44
30.0323	44
30.0339	44
30.0355	44
30.0371	44
30.0387	44
30.0403	44
30.0419	44
30.0435	44
30.0451	44
30.0467	44
30.0483	44
30.0499	44
30.0515	44
30.0531	44
30.0547	44
30.0563	44
30.0579	44
30.0595	44
30.0611	44
30.0627	44
30.0643	44
30.066	44
30.0676	44
30.0692	44
30.0708	44
30.0724	44
30.074	44
30.0756	44
30.0772	44
30.0788	44
30.0804	44
30.082	44
30.0836	44
30.0852	44
30.0868	44
30.0884	44
30.09	44
30.0916	44
30.0932	44
30.0948	44
30.0964	44
30.098	44
30.0996	44
30.1012	44
30.1028	44
30.1044	44
30.106	44
30.1076	44
30.1092	44
30.1108	44
30.1124	44
30.114	44
30.1156	44
30.1172	44
30.1188	44
30.1204	44
30.122	44
30.1236	44
30.1252	44
30.1268	44
30.1284	44
30.13	44
30.1316	44
30.1332	44
30.1348	44
30.1364	44
30.138	44
30.1396	44
30.1413	44
30.1429	44
30.1445	44
30.1461	44
30.1477	44
30.1493	44
30.1509	44
30.1525	44
30.1541	44
30.1557	44
30.1573	44
30.1589	44
30.1605	44
30.1621	44
30.1637	44
30.1653	44
30.1669	44
30.1685	44
30.1701	44
30.1717	44
30.1733	44
30.1749	44
30.1765	44
30.1781	44
30.1797	44
30.1813	44
30.1829	44
30.1845	44
30.1861	44
30.1877	44
30.1893	44
30.1909	44
30.1925	44
30.1941	44
30.1957	44
30.1973	44
30.1989	44
30.2005	44
30.2021	44
30.2037	44
30.2053	44
30.2069	44
30.2085	44
30.2101	44
30.2117	44
30.2133	44
30.215	44
30.2166	44
30.2182	44
30.2198	44
30.2214	44
30.223	44
30.2246	44
30.2262	44
30.2278	44
30.2294	44
30.231	44
30.2326	44
30.2342	44
30.2358	44
30.2374	44
30.239	44
30.2406	44
30.2422	44
30.2438	44
30.2454	44
30.247	44
30.2486	44
30.2502	44
30.2518	44
30.2534	44
30.255	44
30.2566	44
30.2582	44
30.2598	44
30.2614	44
30.263	44
30.2646	44
30.2662	44
30.2678	44
30.2694	44
30.271	44
30.2726	44
30.2742	44
30.2758	44
30.2774	44
30.279	44
30.2806	44
30.2822	44
30.2838	44
30.2854	44
30.287	44
30.2886	44
30.2903	44
30.2919	44
30.2935	44
30.2951	44
30.2967	44
30.2983	44
30.2999	44
30.3015	44
30.3031	44
30.3047	44
30.3063	44
30.3079	44
30.3095	44
30.3111	44
30.3127	44
30.3143	44
30.3159	44
30.3175	44
30.3191	44
30.3207	44
30.3223	44
30.3239	44
30.3255	44
30.3271	44
30.3287	44
30.3303	44
30.3319	44
30.3335	44
30.3351	44
30.3367	44
30.3383	44
30.3399	44
30.3415	44
30.3431	44
30.3447	44
30.3463	44
30.3479	44
30.3495	44
30.3511	44
30.3527	44
30.3543	44
30.3559	44
30.3575	44
30.3591	44
30.3607	44
30.3623	44
30.3639	44
30.3656	44
30.3672	44
30.3688	44
30.3704	44
30.372	44
30.3736	44
30.3752	44
30.3768	44
30.3784	44
30.38	44
30.3816	44
30.3832	44
30.3848	44
30.3864	44
30.388	44
30.3896	44
30.3912	44
30.3928	44
30.3944	44
30.396	44
30.3976	44
30.3992	44
30.4008	44
30.4024	44
30.404	44
30.4056	44
30.4072	44
30.4088	44
30.4104	44
30.412	44
30.4136	44
30.4152	44
30.4168	44
30.4184	44
30.42	44
30.4216	44
30.4232	44
30.4248	44
30.4264	44
30.428	44
30.4296	44
30.4312	44
30.4328	44
30.4344	44
30.436	44
30.4376	44
30.4392	44
30.4409	44
30.4425	44
30.4441	44
30.4457	44
30.4473	44
30.4489	44
30.4505	44
30.4521	44
30.4537	44
30.4553	44
30.4569	44
30.4585	44
30.4601	44
30.4617	44
30.4633	44
30.4649	44
30.4665	44
30.4681	44
30.4697	44
30.4713	44
30.4729	44
30.4745	44
30.4761	44
30.4777	44
30.4793	44
30.4809	44
30.4825	44
30.4841	44
30.4857	44
30.4873	44
30.4889	44
30.4905	44
30.4921	44
30.4937	44
30.4953	44
30.4969	44
30.4985	44
30.5001	44
30.5017	44
30.5033	44
30.5049	44
30.5065	44
30.5081	44
30.5097	44
30.5113	44
30.5129	44
30.5145	44
30.5162	44
30.5178	44
30.5194	44
30.521	44
30.5226	44
30.5242	44
30.5258	44
30.5274	44
30.529	44
30.5306	44
30.5322	44
30.5338	44
30.5354	44
30.537	44
30.5386	44
30.5402	44
30.5418	44
30.5434	44
30.545	44
30.5466	44
30.5482	44
30.5498	44
30.5514	44
30.553	44
30.5546	44
30.5562	44
30.5578	44
30.5594	44
30.561	44
30.5626	44
30.5642	44
30.5658	44
30.5674	44
30.569	44
30.5706	44
30.5722	44
30.5738	44
30.5754	44
30.577	44
30.5786	44
30.5802	44
30.5818	44
30.5834	44
30.585	44
30.5866	44
30.5882	44
30.5898	44
30.5915	44
30.5931	44
30.5947	44
30.5963	44
30.5979	44
30.5995	44
30.6011	44
30.6027	44
30.6043	44
30.6059	44
30.6075	44
30.6091	44
30.6107	44
30.6123	44
30.6139	44
30.6155	44
30.6171	44
30.6187	44
30.6203	44
30.6219	44
30.6235	44
30.6251	44
30.6267	44
30.6283	44
30.6299	44
30.6315	44
30.6331	44
30.6347	44
30.6363	44
30.6379	44
30.6395	44
30.6411	44
30.6427	44
30.6443	44
30.6459	44
30.6475	44
30.6491	44
30.6507	44
30.6523	44
30.6539	44
30.6555	44
30.6571	44
30.6587	44
30.6603	44
30.6619	44
30.6635	44
30.6651	44
30.6668	44
30.6684	44
30.67	44
30.6716	44
30.6732	44
30.6748	44
30.6764	44
30.678	44
30.6796	44
30.6812	44
30.6828	44
30.6844	44
30.686	44
30.6876	44
30.6892	44
30.6908	44
30.6924	44
30.694	44
30.6956	44
30.6972	44
30.6988	44
30.7004	44
30.702	44
30.7036	44
30.7052	44
30.7068	44
30.7084	44
30.71	44
30.7116	44
30.7132	44
30.7148	44
30.7164	44
30.718	44
30.7196	44
30.7212	44
30.7228	44
30.7244	44
30.726	44
30.7276	44
30.7292	44
30.7308	44
30.7324	44
30.734	44
30.7356	44
30.7372	44
30.7388	44
30.7404	44
30.7421	44
30.7437	44
30.7453	44
30.7469	44
30.7485	44
30.7501	44
30.7517	44
30.7533	44
30.7549	44
30.7565	44
30.7581	44
30.7597	44
30.7613	44
30.7629	44
30.7645	44
30.7661	44
30.7677	44
30.7693	44
30.7709	44
30.7725	44
30.7741	44
30.7757	44
30.7773	44
30.7789	44
30.7805	44
30.7821	44
30.7837	44
30.7853	44
30.7869	44
30.7885	44
30.7901	44
30.7917	44
30.7933	44
30.7949	44
30.7965	44
30.7981	44
30.7997	44
30.8013	44
30.8029	44
30.8045	44
30.8061	44
30.8077	44
30.8093	44
30.8109	44
30.8125	44
30.8141	44
30.8158	44
30.8174	44
30.819	44
30.8206	44
30.8222	44
30.8238	44
30.8254	44
30.827	44
30.8286	44
30.8302	44
30.8318	44
30.8334	44
30.835	44
30.8366	44
30.8382	44
30.8398	44
30.8414	44
30.843	44
30.8446	44
30.8462	44
30.8478	44
30.8494	44
30.851	44
30.8526	44
30.8542	44
30.8558	44
30.8574	44
30.859	44
30.8606	44
30.8622	44
30.8638	44
30.8654	44
30.867	44
30.8686	44
30.8702	44
30.8718	44
30.8734	44
30.875	44
30.8766	44
30.8782	44
30.8798	44
30.8814	44
30.883	44
30.8846	44
30.8862	44
30.8878	44
30.8894	44
30.8911	44
30.8927	44
30.8943	44
30.8959	44
30.8975	44
30.8991	44
30.9007	44
30.9023	44
30.9039	44
30.9055	44
30.9071	44
30.9087	44
30.9103	44
30.9119	44
30.9135	44
30.9151	44
30.9167	44
30.9183	44
30.9199	44
30.9215	44
30.9231	44
30.9247	44
30.9263	44
30.9279	44
30.9295	44
30.9311	44
30.9327	44
30.9343	44
30.9359	44
30.9375	44
30.9391	44
30.9407	44
30.9423	44
30.9439	44
30.9455	44
30.9471	44
30.9487	44
30.9503	44
30.9519	44
30.9535	44
30.9551	44
30.9567	44
30.9583	44
30.9599	44
30.9615	44
30.9631	44
30.9647	44
30.9664	44
30.968	44
30.9696	44
30.9712	44
30.9728	44
30.9744	44
30.976	44
30.9776	44
30.9792	44
30.9808	44
30.9824	44
30.984	44
30.9856	44
30.9872	44
30.9888	44
30.9904	44
30.992	44
30.9936	44
30.9952	44
30.9968	44
30.9984	44
31	44
31.0016	44
31.0032	44
31.0048	44
31.0064	44
31.008	44
31.0096	44
31.0112	44
31.0128	44
31.0144	44
31.016	44
31.0176	44
31.0192	44
31.0208	44
31.0224	44
31.024	44
31.0256	44
31.0272	44
31.0288	44
31.0304	44
31.032	44
31.0336	44
31.0352	44
31.0368	44
31.0384	44
31.04	44
31.0417	44
31.0433	44
31.0449	44
31.0465	44
31.0481	44
31.0497	44
31.0513	44
31.0529	44
31.0545	44
31.0561	44
31.0577	44
31.0593	44
31.0609	44
31.0625	44
31.0641	44
31.0657	44
31.0673	44
31.0689	44
31.0705	44
31.0721	44
31.0737	44
31.0753	44
31.0769	44
31.0785	44
31.0801	44
31.0817	44
31.0833	44
31.0849	44
31.0865	44
31.0881	44
31.0897	44
31.0913	44
31.0929	44
31.0945	44
31.0961	44
31.0977	44
31.0993	44
31.1009	44
31.1025	44
31.1041	44
31.1057	44
31.1073	44
31.1089	44
31.1105	44
31.1121	44
31.1137	44
31.1153	44
31.117	44
31.1186	44
31.1202	44
31.1218	44
31.1234	44
31.125	44
31.1266	44
31.1282	44
31.1298	44
31.1314	44
31.133	44
31.1346	44
31.1362	44
31.1378	44
31.1394	44
31.141	44
31.1426	44
31.1442	44
31.1458	44
31.1474	44
31.149	44
31.1506	44
31.1522	44
31.1538	44
31.1554	44
31.157	44
31.1586	44
31.1602	44
31.1618	44
31.1634	44
31.165	44
31.1666	44
31.1682	44
31.1698	44
31.1714	44
31.173	44
31.1746	44
31.1762	44
31.1778	44
31.1794	44
31.181	44
31.1826	44
31.1842	44
31.1858	44
31.1874	44
31.189	44
31.1906	44
31.1923	44
31.1939	44
31.1955	44
31.1971	44
31.1987	44
31.2003	44
31.2019	44
31.2035	44
31.2051	44
31.2067	44
31.2083	44
31.2099	44
31.2115	44
31.2131	44
31.2147	44
31.2163	44
31.2179	44
31.2195	44
31.2211	44
31.2227	44
31.2243	44
31.2259	44
31.2275	44
31.2291	44
31.2307	44
31.2323	44
31.2339	44
31.2355	44
31.2371	44
31.2387	44
31.2403	44
31.2419	44
31.2435	44
31.2451	44
31.2467	44
31.2483	44
31.2499	44
31.2515	44
31.2531	44
31.2547	44
31.2563	44
31.2579	44
31.2595	44
31.2611	44
31.2627	44
31.2643	44
31.2659	44
31.2676	44
31.2692	44
31.2708	44
31.2724	44
31.274	44
31.2756	44
31.2772	44
31.2788	44
31.2804	44
31.282	44
31.2836	44
31.2852	44
31.2868	44
31.2884	44
31.29	44
31.2916	44
31.2932	44
31.2948	44
31.2964	44
31.298	44
31.2996	44
31.3012	44
31.3028	44
31.3044	44
31.306	44
31.3076	44
31.3092	44
31.3108	44
31.3124	44
31.314	44
31.3156	44
31.3172	44
31.3188	44
31.3204	44
31.322	44
31.3236	44
31.3252	44
31.3268	44
31.3284	44
31.33	44
31.3316	44
31.3332	44
31.3348	44
31.3364	44
31.338	44
31.3396	44
31.3413	44
31.3429	44
31.3445	44
31.3461	44
31.3477	44
31.3493	44
31.3509	44
31.3525	44
31.3541	44
31.3557	44
31.3573	44
31.3589	44
31.3605	44
31.3621	44
31.3637	44
31.3653	44
31.3669	44
31.3685	44
31.3701	44
31.3717	44
31.3733	44
31.3749	44
31.3765	44
31.3781	44
31.3797	44
31.3813	44
31.3829	44
31.3845	44
31.3861	44
31.3877	44
31.3893	44
31.3909	44
31.3925	44
31.3941	44
31.3957	44
31.3973	44
31.3989	44
31.4005	44
31.4021	44
31.4037	44
31.4053	44
31.4069	44
31.4085	44
31.4101	44
31.4117	44
31.4133	44
31.4149	44
31.4166	44
31.4182	44
31.4198	44
31.4214	44
31.423	44
31.4246	44
31.4262	44
31.4278	44
31.4294	44
31.431	44
31.4326	44
31.4342	44
31.4358	44
31.4374	44
31.439	44
31.4406	44
31.4422	44
31.4438	44
31.4454	44
31.447	44
31.4486	44
31.4502	44
31.4518	44
31.4534	44
31.455	44
31.4566	44
31.4582	44
31.4598	44
31.4614	44
31.463	44
31.4646	44
31.4662	44
31.4678	44
31.4694	44
31.471	44
31.4726	44
31.4742	44
31.4758	44
31.4774	44
31.479	44
31.4806	44
31.4822	44
31.4838	44
31.4854	44
31.487	44
31.4886	44
31.4902	44
31.4919	44
31.4935	44
31.4951	44
31.4967	44
31.4983	44
31.4999	44
31.5015	44
31.5031	44
31.5047	44
31.5063	44
31.5079	44
31.5095	44
31.5111	44
31.5127	44
31.5143	44
31.5159	44
31.5175	44
31.5191	44
31.5207	44
31.5223	44
31.5239	44
31.5255	44
31.5271	44
31.5287	44
31.5303	44
31.5319	44
31.5335	44
31.5351	44
31.5367	44
31.5383	44
31.5399	44
31.5415	44
31.5431	44
31.5447	44
31.5463	44
31.5479	44
31.5495	44
31.5511	44
31.5527	44
31.5543	44
31.5559	44
31.5575	44
31.5591	44
31.5607	44
31.5623	44
31.5639	44
31.5655	44
31.5672	44
31.5688	44
31.5704	44
31.572	44
31.5736	44
31.5752	44
31.5768	44
31.5784	44
31.58	44
31.5816	44
31.5832	44
31.5848	44
31.5864	44
31.588	44
31.5896	44
31.5912	44
31.5928	44
31.5944	44
31.596	44
31.5976	44
31.5992	44
31.6008	44
31.6024	44
31.604	44
31.6056	44
31.6072	44
31.6088	44
31.6104	44
31.612	44
31.6136	44
31.6152	44
31.6168	44
31.6184	44
31.62	44
31.6216	44
31.6232	44
31.6248	44
31.6264	44
31.628	44
31.6296	44
31.6312	44
31.6328	44
31.6344	44
31.636	44
31.6376	44
31.6392	44
31.6408	44
31.6425	44
31.6441	44
31.6457	44
31.6473	44
31.6489	44
31.6505	44
31.6521	44
31.6537	44
31.6553	44
31.6569	44
31.6585	44
31.6601	44
31.6617	44
31.6633	44
31.6649	44
31.6665	44
31.6681	44
31.6697	44
31.6713	44
31.6729	44
31.6745	44
31.6761	44
31.6777	44
31.6793	44
31.6809	44
31.6825	44
31.6841	44
31.6857	44
31.6873	44
31.6889	44
31.6905	44
31.6921	44
31.6937	44
31.6953	44
31.6969	44
31.6985	44
31.7001	44
31.7017	44
31.7033	44
31.7049	44
31.7065	44
31.7081	44
31.7097	44
31.7113	44
31.7129	44
31.7145	44
31.7161	44
31.7178	44
31.7194	44
31.721	44
31.7226	44
31.7242	44
31.7258	44
31.7274	44
31.729	44
31.7306	44
31.7322	44
31.7338	44
31.7354	44
31.737	44
31.7386	44
31.7402	44
31.7418	44
31.7434	44
31.745	44
31.7466	44
31.7482	44
31.7498	44
31.7514	44
31.753	44
31.7546	44
31.7562	44
31.7578	44
31.7594	44
31.761	44
31.7626	44
31.7642	44
31.7658	44
31.7674	44
31.769	44
31.7706	44
31.7722	44
31.7738	44
31.7754	44
31.777	44
31.7786	44
31.7802	44
31.7818	44
31.7834	44
31.785	44
31.7866	44
31.7882	44
31.7898	44
31.7914	44
31.7931	44
31.7947	44
31.7963	44
31.7979	44
31.7995	44
31.8011	44
31.8027	44
31.8043	44
31.8059	44
31.8075	44
31.8091	44
31.8107	44
31.8123	44
31.8139	44
31.8155	44
31.8171	44
31.8187	44
31.8203	44
31.8219	44
31.8235	44
31.8251	44
31.8267	44
31.8283	44
31.8299	44
31.8315	44
31.8331	44
31.8347	44
31.8363	44
31.8379	44
31.8395	44
31.8411	44
31.8427	44
31.8443	44
31.8459	44
31.8475	44
31.8491	44
31.8507	44
31.8523	44
31.8539	44
31.8555	44
31.8571	44
31.8587	44
31.8603	44
31.8619	44
31.8635	44
31.8651	44
31.8668	44
31.8684	44
31.87	44
31.8716	44
31.8732	44
31.8748	44
31.8764	44
31.878	44
31.8796	44
31.8812	44
31.8828	44
31.8844	44
31.886	44
31.8876	44
31.8892	44
31.8908	44
31.8924	44
31.894	44
31.8956	44
31.8972	44
31.8988	44
31.9004	44
31.902	44
31.9036	44
31.9052	44
31.9068	44
31.9084	44
31.91	44
31.9116	44
31.9132	44
31.9148	44
31.9164	44
31.918	44
31.9196	44
31.9212	44
31.9228	44
31.9244	44
31.926	44
31.9276	44
31.9292	44
31.9308	44
31.9324	44
31.934	44
31.9356	44
31.9372	44
31.9388	44
31.9404	44
31.9421	44
31.9437	44
31.9453	44
31.9469	44
31.9485	44
31.9501	44
31.9517	44
31.9533	44
31.9549	44
31.9565	44
31.9581	44
31.9597	44
31.9613	44
31.9629	44
31.9645	44
31.9661	44
31.9677	44
31.9693	44
31.9709	44
31.9725	44
31.9741	44
31.9757	44
31.9773	44
31.9789	44
31.9805	44
31.9821	44
31.9837	44
31.9853	44
31.9869	44
31.9885	44
31.9901	44
31.9917	44
31.9933	44
31.9949	44
31.9965	44
31.9981	44
31.9997	44
32.0013	44
32.0029	44
32.0045	44
32.0061	44
32.0077	44
32.0093	44
32.0109	44
32.0125	44
32.0141	44
32.0157	44
32.0174	44
32.019	44
32.0206	44
32.0222	44
32.0238	44
32.0254	44
32.027	44
32.0286	44
32.0302	44
32.0318	44
32.0334	44
32.035	44
32.0366	44
32.0382	44
32.0398	44
32.0414	44
32.043	44
32.0446	44
32.0462	44
32.0478	44
32.0494	44
32.051	44
32.0526	44
32.0542	44
32.0558	44
32.0574	44
32.059	44
32.0606	44
32.0622	44
32.0638	44
32.0654	44
32.067	44
32.0686	44
32.0702	44
32.0718	44
32.0734	44
32.075	44
32.0766	44
32.0782	44
32.0798	44
32.0814	44
32.083	44
32.0846	44
32.0862	44
32.0878	44
32.0894	44
32.091	44
32.0927	44
32.0943	44
32.0959	44
32.0975	44
32.0991	44
32.1007	44
32.1023	44
32.1039	44
32.1055	44
32.1071	44
32.1087	44
32.1103	44
32.1119	44
32.1135	44
32.1151	44
32.1167	44
32.1183	44
32.1199	44
32.1215	44
32.1231	44
32.1247	44
32.1263	44
32.1279	44
32.1295	44
32.1311	44
32.1327	44
32.1343	44
32.1359	44
32.1375	44
32.1391	44
32.1407	44
32.1423	44
32.1439	44
32.1455	44
32.1471	44
32.1487	44
32.1503	44
32.1519	44
32.1535	44
32.1551	44
32.1567	44
32.1583	44
32.1599	44
32.1615	44
32.1631	44
32.1647	44
32.1663	44
32.168	44
32.1696	44
32.1712	44
32.1728	44
32.1744	44
32.176	44
32.1776	44
32.1792	44
32.1808	44
32.1824	44
32.184	44
32.1856	44
32.1872	44
32.1888	44
32.1904	44
32.192	44
32.1936	44
32.1952	44
32.1968	44
32.1984	44
32.2	44
32.2016	44
32.2032	44
32.2048	44
32.2064	44
32.208	44
32.2096	44
32.2112	44
32.2128	44
32.2144	44
32.216	44
32.2176	44
32.2192	44
32.2208	44
32.2224	44
32.224	44
32.2256	44
32.2272	44
32.2288	44
32.2304	44
32.232	44
32.2336	44
32.2352	44
32.2368	44
32.2384	44
32.24	44
32.2416	44
32.2433	44
32.2449	44
32.2465	44
32.2481	44
32.2497	44
32.2513	44
32.2529	44
32.2545	44
32.2561	44
32.2577	44
32.2593	44
32.2609	45
32.2625	45
32.2641	45
32.2657	45
32.2673	45
32.2689	45
32.2705	45
32.2721	45
32.2737	45
32.2753	46
32.2769	46
32.2785	46
32.2801	46
32.2817	46
32.2833	46
32.2849	46
32.2865	46
32.2881	46
32.2897	46
32.2913	46
32.2929	46
32.2945	46
32.2961	46
32.2977	46
32.2993	46
32.3009	46
32.3025	46
32.3041	46
32.3057	46
32.3073	46
32.3089	46
32.3105	46
32.3121	46
32.3137	46
32.3153	46
32.3169	46
32.3186	46
32.3202	46
32.3218	46
32.3234	46
32.325	46
32.3266	46
32.3282	46
32.3298	46
32.3314	46
32.333	46
32.3346	46
32.3362	46
32.3378	46
32.3394	46
32.341	46
32.3426	46
32.3442	46
32.3458	46
32.3474	46
32.349	46
32.3506	46
32.3522	46
32.3538	46
32.3554	46
32.357	46
32.3586	46
32.3602	46
32.3618	46
32.3634	46
32.365	46
32.3666	46
32.3682	46
32.3698	46
32.3714	46
32.373	46
32.3746	46
32.3762	46
32.3778	46
32.3794	46
32.381	46
32.3826	46
32.3842	46
32.3858	46
32.3874	46
32.389	46
32.3906	46
32.3923	46
32.3939	46
32.3955	46
32.3971	46
32.3987	46
32.4003	46
32.4019	46
32.4035	46
32.4051	46
32.4067	46
32.4083	46
32.4099	46
32.4115	46
32.4131	46
32.4147	46
32.4163	46
32.4179	46
32.4195	46
32.4211	46
32.4227	46
32.4243	46
32.4259	46
32.4275	46
32.4291	46
32.4307	46
32.4323	46
32.4339	46
32.4355	46
32.4371	46
32.4387	46
32.4403	46
32.4419	46
32.4435	46
32.4451	46
32.4467	46
32.4483	46
32.4499	46
32.4515	46
32.4531	46
32.4547	46
32.4563	46
32.4579	46
32.4595	46
32.4611	46
32.4627	46
32.4643	46
32.4659	46
32.4676	46
32.4692	46
32.4708	46
32.4724	46
32.474	46
32.4756	46
32.4772	46
32.4788	46
32.4804	46
32.482	46
32.4836	46
32.4852	46
32.4868	46
32.4884	46
32.49	46
32.4916	46
32.4932	46
32.4948	46
32.4964	46
32.498	46
32.4996	46
32.5012	46
32.5028	46
32.5044	46
32.506	46
32.5076	46
32.5092	46
32.5108	46
32.5124	46
32.514	46
32.5156	46
32.5172	46
32.5188	46
32.5204	46
32.522	46
32.5236	46
32.5252	46
32.5268	46
32.5284	46
32.53	46
32.5316	46
32.5332	46
32.5348	46
32.5364	46
32.538	46
32.5396	46
32.5412	46
32.5429	46
32.5445	46
32.5461	46
32.5477	46
32.5493	46
32.5509	46
32.5525	46
32.5541	46
32.5557	46
32.5573	46
32.5589	46
32.5605	46
32.5621	46
32.5637	46
32.5653	46
32.5669	46
32.5685	46
32.5701	46
32.5717	46
32.5733	46
32.5749	46
32.5765	46
32.5781	46
32.5797	46
32.5813	46
32.5829	46
32.5845	46
32.5861	46
32.5877	46
32.5893	46
32.5909	46
32.5925	46
32.5941	46
32.5957	46
32.5973	46
32.5989	46
32.6005	46
32.6021	46
32.6037	46
32.6053	46
32.6069	46
32.6085	46
32.6101	46
32.6117	46
32.6133	46
32.6149	46
32.6165	46
32.6182	46
32.6198	46
32.6214	46
32.623	46
32.6246	46
32.6262	46
32.6278	46
32.6294	46
32.631	46
32.6326	46
32.6342	46
32.6358	46
32.6374	46
32.639	46
32.6406	46
32.6422	46
32.6438	46
32.6454	46
32.647	46
32.6486	46
32.6502	46
32.6518	46
32.6534	46
32.655	46
32.6566	46
32.6582	46
32.6598	46
32.6614	46
32.663	46
32.6646	46
32.6662	46
32.6678	46
32.6694	46
32.671	46
32.6726	46
32.6742	46
32.6758	46
32.6774	46
32.679	46
32.6806	46
32.6822	46
32.6838	46
32.6854	46
32.687	46
32.6886	46
32.6902	46
32.6918	46
32.6935	46
32.6951	46
32.6967	46
32.6983	46
32.6999	46
32.7015	46
32.7031	46
32.7047	46
32.7063	46
32.7079	46
32.7095	46
32.7111	47
32.7127	47
32.7143	47
32.7159	47
32.7175	47
32.7191	47
32.7207	47
32.7223	47
32.7239	47
32.7255	47
32.7271	47
32.7287	47
32.7303	47
32.7319	47
32.7335	47
32.7351	47
32.7367	47
32.7383	47
32.7399	47
32.7415	47
32.7431	47
32.7447	47
32.7463	47
32.7479	47
32.7495	47
32.7511	47
32.7527	47
32.7543	47
32.7559	47
32.7575	47
32.7591	47
32.7607	47
32.7623	47
32.7639	47
32.7655	47
32.7671	47
32.7688	47
32.7704	47
32.772	47
32.7736	47
32.7752	47
32.7768	47
32.7784	47
32.78	47
32.7816	47
32.7832	47
32.7848	47
32.7864	47
32.788	47
32.7896	47
32.7912	47
32.7928	47
32.7944	47
32.796	47
32.7976	47
32.7992	47
32.8008	47
32.8024	47
32.804	47
32.8056	47
32.8072	47
32.8088	47
32.8104	47
32.812	48
32.8136	48
32.8152	48
32.8168	48
32.8184	48
32.82	48
32.8216	48
32.8232	48
32.8248	48
32.8264	48
32.828	48
32.8296	48
32.8312	48
32.8328	48
32.8344	48
32.836	48
32.8376	48
32.8392	48
32.8408	48
32.8424	48
32.8441	48
32.8457	48
32.8473	48
32.8489	48
32.8505	48
32.8521	48
32.8537	48
32.8553	48
32.8569	48
32.8585	48
32.8601	48
32.8617	48
32.8633	48
32.8649	48
32.8665	48
32.8681	48
32.8697	48
32.8713	48
32.8729	48
32.8745	48
32.8761	48
32.8777	48
32.8793	48
32.8809	48
32.8825	48
32.8841	48
32.8857	48
32.8873	48
32.8889	48
32.8905	48
32.8921	48
32.8937	48
32.8953	48
32.8969	48
32.8985	48
32.9001	48
32.9017	48
32.9033	48
32.9049	48
32.9065	48
32.9081	48
32.9097	48
32.9113	48
32.9129	48
32.9145	48
32.9161	48
32.9178	48
32.9194	48
32.921	48
32.9226	48
32.9242	48
32.9258	48
32.9274	48
32.929	48
32.9306	48
32.9322	48
32.9338	48
32.9354	48
32.937	48
32.9386	48
32.9402	48
32.9418	48
32.9434	48
32.945	48
32.9466	48
32.9482	48
32.9498	48
32.9514	48
32.953	48
32.9546	48
32.9562	48
32.9578	48
32.9594	48
32.961	48
32.9626	48
32.9642	48
32.9658	48
32.9674	48
32.969	48
32.9706	48
32.9722	48
32.9738	48
32.9754	48
32.977	48
32.9786	48
32.9802	48
32.9818	48
32.9834	48
32.985	48
32.9866	48
32.9882	48
32.9898	48
32.9914	48
32.9931	48
32.9947	48
32.9963	48
32.9979	48
32.9995	48
33.0011	48
33.0027	48
33.0043	48
33.0059	48
33.0075	48
33.0091	48
33.0107	48
33.0123	48
33.0139	48
33.0155	48
33.0171	48
33.0187	48
33.0203	48
33.0219	48
33.0235	48
33.0251	48
33.0267	48
33.0283	48
33.0299	48
33.0315	49
33.0331	49
33.0347	49
33.0363	49
33.0379	49
33.0395	49
33.0411	49
33.0427	49
33.0443	49
33.0459	49
33.0475	49
33.0491	49
33.0507	49
33.0523	49
33.0539	49
33.0555	49
33.0571	49
33.0587	49
33.0603	49
33.0619	49
33.0635	49
33.0651	49
33.0667	49
33.0684	49
33.07	49
33.0716	49
33.0732	49
33.0748	49
33.0764	49
33.078	49
33.0796	49
33.0812	49
33.0828	49
33.0844	49
33.086	49
33.0876	49
33.0892	49
33.0908	49
33.0924	49
33.094	49
33.0956	49
33.0972	49
33.0988	49
33.1004	49
33.102	49
33.1036	49
33.1052	49
33.1068	49
33.1084	49
33.11	49
33.1116	49
33.1132	49
33.1148	49
33.1164	49
33.118	49
33.1196	49
33.1212	49
33.1228	49
33.1244	49
33.126	49
33.1276	49
33.1292	49
33.1308	49
33.1324	49
33.134	49
33.1356	49
33.1372	49
33.1388	49
33.1404	49
33.142	49
33.1437	49
33.1453	49
33.1469	49
33.1485	49
33.1501	49
33.1517	49
33.1533	49
33.1549	49
33.1565	49
33.1581	49
33.1597	49
33.1613	49
33.1629	49
33.1645	49
33.1661	49
33.1677	49
33.1693	49
33.1709	49
33.1725	49
33.1741	49
33.1757	49
33.1773	49
33.1789	49
33.1805	49
33.1821	49
33.1837	49
33.1853	49
33.1869	49
33.1885	49
33.1901	49
33.1917	49
33.1933	49
33.1949	49
33.1965	49
33.1981	49
33.1997	49
33.2013	49
33.2029	49
33.2045	49
33.2061	49
33.2077	49
33.2093	49
33.2109	49
33.2125	49
33.2141	49
33.2157	49
33.2173	49
33.219	49
33.2206	49
33.2222	49
33.2238	49
33.2254	49
33.227	49
33.2286	49
33.2302	49
33.2318	49
33.2334	49
33.235	49
33.2366	49
33.2382	49
33.2398	49
33.2414	49
33.243	49
33.2446	49
33.2462	49
33.2478	49
33.2494	49
33.251	49
33.2526	49
33.2542	49
33.2558	49
33.2574	49
33.259	49
33.2606	49
33.2622	49
33.2638	49
33.2654	49
33.267	49
33.2686	49
33.2702	50
33.2718	50
33.2734	50
33.275	50
33.2766	50
33.2782	50
33.2798	50
33.2814	50
33.283	50
33.2846	50
33.2862	51
33.2878	51
33.2894	51
33.291	51
33.2926	51
33.2943	51
33.2959	51
33.2975	51
33.2991	51
33.3007	51
33.3023	51
33.3039	51
33.3055	51
33.3071	51
33.3087	51
33.3103	51
33.3119	51
33.3135	51
33.3151	51
33.3167	51
33.3183	51
33.3199	51
33.3215	51
33.3231	51
33.3247	51
33.3263	51
33.3279	51
33.3295	51
33.3311	51
33.3327	51
33.3343	51
33.3359	51
33.3375	51
33.3391	51
33.3407	51
33.3423	51
33.3439	51
33.3455	51
33.3471	51
33.3487	51
33.3503	51
33.3519	51
33.3535	51
33.3551	51
33.3567	51
33.3583	51
33.3599	51
33.3615	51
33.3631	51
33.3647	51
33.3663	51
33.3679	51
33.3696	51
33.3712	51
33.3728	51
33.3744	51
33.376	51
33.3776	51
33.3792	51
33.3808	51
33.3824	51
33.384	51
33.3856	51
33.3872	51
33.3888	51
33.3904	51
33.392	51
33.3936	51
33.3952	51
33.3968	51
33.3984	51
33.4	51
33.4016	51
33.4032	51
33.4048	51
33.4064	51
33.408	51
33.4096	51
33.4112	51
33.4128	51
33.4144	51
33.416	51
33.4176	51
33.4192	51
33.4208	51
33.4224	51
33.424	51
33.4256	51
33.4272	51
33.4288	51
33.4304	51
33.432	51
33.4336	51
33.4352	51
33.4368	51
33.4384	51
33.44	51
33.4416	51
33.4433	51
33.4449	51
33.4465	51
33.4481	51
33.4497	51
33.4513	51
33.4529	51
33.4545	51
33.4561	51
33.4577	51
33.4593	51
33.4609	51
33.4625	51
33.4641	51
33.4657	51
33.4673	51
33.4689	51
33.4705	51
33.4721	51
33.4737	51
33.4753	51
33.4769	51
33.4785	51
33.4801	51
33.4817	51
33.4833	51
33.4849	51
33.4865	51
33.4881	52
33.4897	52
33.4913	52
33.4929	52
33.4945	52
33.4961	52
33.4977	52
33.4993	52
33.5009	52
33.5025	52
33.5041	52
33.5057	52
33.5073	52
33.5089	52
33.5105	52
33.5121	52
33.5137	52
33.5153	52
33.5169	52
33.5186	52
33.5202	52
33.5218	52
33.5234	52
33.525	52
33.5266	52
33.5282	52
33.5298	52
33.5314	52
33.533	52
33.5346	52
33.5362	52
33.5378	52
33.5394	52
33.541	52
33.5426	52
33.5442	52
33.5458	52
33.5474	52
33.549	52
33.5506	52
33.5522	52
33.5538	52
33.5554	52
33.557	52
33.5586	52
33.5602	52
33.5618	52
33.5634	52
33.565	52
33.5666	52
33.5682	52
33.5698	52
33.5714	52
33.573	52
33.5746	52
33.5762	52
33.5778	52
33.6355	52
33.6371	52
33.6387	52
33.6403	51
33.6419	51
33.6435	50
33.6451	50
33.6467	49
33.6483	49
33.6499	48
33.6511	47
33.6695	46
33.6711	45
33.6727	44
33.6743	44
33.6759	44
33.6775	44
33.6791	44
33.6807	45
33.6823	45
33.6839	46
33.6855	47
33.6871	48
33.6887	49
33.6903	49
33.6919	50
33.6935	50
33.6951	51
33.6967	51
33.6984	52
33.7	52
33.7016	52
33.7032	53
33.7048	53
33.7064	53
33.708	51
33.7096	49
33.7112	48
33.7128	47
33.7144	46
33.716	45
33.7176	44
33.7192	43
33.7208	42
33.7224	42
33.724	41
33.7256	41
33.7272	41
33.7288	40
33.7304	40
33.732	40
33.7336	39
33.7352	39
33.7368	39
33.7384	39
33.74	39
33.7416	39
33.7432	39
33.7448	39
33.7464	39
33.748	39
33.7496	38
33.7512	38
33.7528	38
33.7544	38
33.756	38
33.7576	38
33.7592	38
33.7608	38
33.7624	38
33.764	38
33.7656	38
33.7672	38
33.7688	38
33.7704	38
33.772	38
33.7737	38
33.7753	38
33.7769	38
33.7785	38
33.7801	38
33.7817	38
33.7833	38
33.7849	38
33.7865	38
33.7881	38
33.7897	38
33.7913	38
33.7929	38
33.7945	38
33.7961	38
33.7977	38
33.7993	38
33.8009	39
33.8025	39
33.8041	39
33.8057	39
33.8073	39
33.8089	39
33.8105	39
33.8121	39
33.8137	39
33.8153	39
33.8169	39
33.8185	39
33.8201	39
33.8217	39
33.8233	39
33.8249	39
33.8265	39
33.8281	39
33.8297	39
33.8313	39
33.8329	39
33.8345	39
33.8361	39
33.8377	39
33.8393	39
33.8409	39
33.8425	39
33.8441	39
33.8457	39
33.8473	39
33.849	39
33.8506	39
33.8522	39
33.8538	39
33.8554	39
33.857	39
33.8586	39
33.8602	39
33.8618	39
33.8634	39
33.865	39
33.8666	39
33.8682	39
33.8698	39
33.8714	39
33.873	39
33.8746	39
33.8762	39
33.8778	39
33.8794	39
33.881	39
33.8826	39
33.8842	39
33.8858	39
33.8874	39
33.889	40
33.8906	40
33.8922	40
33.8938	40
33.8954	40
33.897	40
33.8986	40
33.9002	40
33.9018	40
33.9034	40
33.905	40
33.9066	40
33.9082	40
33.9098	40
33.9114	40
33.913	40
33.9146	40
33.9162	40
33.9178	40
33.9194	40
33.921	40
33.9226	40
33.9243	40
33.9259	40
33.9275	40
33.9291	40
33.9307	40
33.9323	40
33.9339	40
33.9355	40
33.9371	40
33.9387	40
33.9403	40
33.9419	40
33.9435	40
33.9451	41
33.9467	41
33.9483	41
33.9499	41
33.9515	41
33.9531	41
33.9547	41
33.9563	41
33.9579	41
33.9595	41
33.9611	41
33.9627	41
33.9643	41
33.9659	41
33.9675	41
33.9691	41
33.9707	41
33.9723	41
33.9739	41
33.9755	41
33.9771	41
33.9787	41
33.9803	41
33.9819	41
33.9835	41
33.9851	41
33.9867	41
33.9883	41
33.9899	41
33.9915	41
33.9931	41
33.9947	41
33.9963	41
33.9979	41
33.9996	41
34.0012	41
34.0028	41
34.0044	41
34.006	41
34.0076	41
34.0092	41
34.0108	41
34.0124	41
34.014	41
34.0156	41
34.0172	41
34.0188	41
34.0204	41
34.022	41
34.0236	41
34.0252	41
34.0268	41
34.0284	41
34.03	41
34.0316	41
34.0332	41
34.0348	41
34.0364	41
34.038	41
34.0396	41
34.0412	41
34.0428	41
34.0444	41
34.046	41
34.0476	41
34.0492	41
34.0508	41
34.0524	41
34.054	41
34.0556	41
34.0572	41
34.0588	41
34.0604	41
34.062	41
34.0636	41
34.0652	41
34.0668	41
34.0684	41
34.07	41
34.0716	41
34.0733	41
34.0749	41
34.0765	41
34.0781	41
34.0797	41
34.0813	41
34.0829	41
34.0845	41
34.0861	42
34.0877	42
34.0893	42
34.0909	42
34.0925	42
34.0941	42
34.0957	42
34.0973	42
34.0989	42
34.1005	42
34.1021	42
34.1037	42
34.1053	42
34.1069	42
34.1085	42
34.1101	43
34.1117	43
34.1133	43
34.1149	43
34.1165	43
34.1181	43
34.1197	43
34.1213	43
34.1229	43
34.1245	43
34.1261	43
34.1277	43
34.1293	43
34.1309	43
34.1325	43
34.1341	43
34.1357	43
34.1373	43
34.1389	43
34.1405	43
34.1421	43
34.1437	43
34.1453	43
34.1469	43
34.1486	43
34.1502	43
34.1518	43
34.1534	43
34.155	43
34.1566	43
34.1582	43
34.1598	43
34.1614	43
34.163	43
34.1646	43
34.1662	43
34.1678	43
34.1694	43
34.171	43
34.1726	43
34.1742	43
34.1758	43
34.1774	43
34.179	43
34.1806	43
34.1822	43
34.1838	43
34.1854	43
34.187	43
34.1886	43
34.1902	43
34.1918	43
34.1934	43
34.195	43
34.1966	43
34.1982	43
34.1998	43
34.2014	43
34.203	43
34.2046	43
34.2062	43
34.2078	43
34.2094	43
34.211	43
34.2126	43
34.2142	43
34.2158	43
34.2174	43
34.219	43
34.2206	43
34.2222	43
34.2239	43
34.2255	43
34.2271	43
34.2287	43
34.2303	43
34.2319	43
34.2335	43
34.2351	43
34.2367	43
34.2383	43
34.2399	43
34.2415	43
34.2431	43
34.2447	43
34.2463	43
34.2479	43
34.2495	43
34.2511	43
34.2527	43
34.2543	43
34.2559	43
34.2575	43
34.2591	44
34.2607	44
34.2623	44
34.2639	44
34.2655	44
34.2671	44
34.2687	44
34.2703	44
34.2719	44
34.2735	44
34.2751	44
34.2767	44
34.2783	44
34.2799	44
34.2815	44
34.2831	44
34.2847	44
34.2863	44
34.2879	44
34.2895	44
34.2911	44
34.2927	44
34.2943	44
34.2959	44
34.2975	44
34.2992	44
34.3008	44
34.3024	44
34.304	44
34.3056	44
34.3072	44
34.3088	44
34.3104	44
34.312	44
34.3136	44
34.3152	44
34.3168	44
34.3184	44
34.32	44
34.3216	44
34.3232	44
34.3248	44
34.3264	44
34.328	44
34.3296	44
34.3312	44
34.3328	44
34.3344	44
34.336	44
34.3376	44
34.3392	44
34.3408	44
34.3424	44
34.344	44
34.3456	44
34.3472	44
34.3488	44
34.3504	44
34.352	44
34.3536	44
34.3552	44
34.3568	44
34.3584	44
34.36	44
34.3616	44
34.3632	44
34.3648	44
34.3664	44
34.368	44
34.3696	44
34.3712	44
34.3728	44
34.3745	44
34.3761	44
34.3777	44
34.3793	44
34.3809	44
34.3825	44
34.3841	44
34.3857	44
34.3873	44
34.3889	44
34.3905	44
34.3921	44
34.3937	44
34.3953	44
34.3969	44
34.3985	44
34.4001	44
34.4017	44
34.4033	44
34.4049	44
34.4065	44
34.4081	44
34.4097	44
34.4113	44
34.4129	44
34.4145	44
34.4161	44
34.4177	44
34.4193	44
34.4209	44
34.4225	44
34.4241	44
34.4257	44
34.4273	44
34.4289	44
34.4305	44
34.4321	44
34.4337	44
34.4353	45
34.4369	45
34.4385	45
34.4401	45
34.4417	45
34.4433	45
34.4449	45
34.4465	45
34.4481	45
34.4498	45
34.4514	46
34.453	46
34.4546	46
34.4562	46
34.4578	46
34.4594	46
34.461	46
34.4626	46
34.4642	46
34.4658	46
34.4674	46
34.469	46
34.4706	46
34.4722	46
34.4738	46
34.4754	46
34.477	46
34.4786	46
34.4802	46
34.4818	46
34.4834	46
34.485	46
34.4866	46
34.4882	46
34.4898	46
34.4914	46
34.493	46
34.4946	46
34.4962	46
34.4978	46
34.4994	46
34.501	46
34.5026	46
34.5042	46
34.5058	46
34.5074	46
34.509	46
34.5106	46
34.5122	46
34.5138	46
34.5154	46
34.517	46
34.5186	46
34.5202	46
34.5218	46
34.5234	46
34.5251	46
34.5267	46
34.5283	46
34.5299	46
34.5315	46
34.5331	46
34.5347	46
34.5363	46
34.5379	46
34.5395	46
34.5411	46
34.5427	46
34.5443	46
34.5459	46
34.5475	46
34.5491	46
34.5507	46
34.5523	46
34.5539	46
34.5555	46
34.5571	46
34.5587	46
34.5603	46
34.5619	46
34.5635	46
34.5651	46
34.5667	46
34.5683	46
34.5699	46
34.5715	46
34.5731	46
34.5747	46
34.5763	46
34.5779	46
34.5795	46
34.5811	46
34.5827	46
34.5843	46
34.5859	46
34.5875	46
34.5891	46
34.5907	46
34.5923	46
34.5939	46
34.5955	46
34.5971	46
34.5988	46
34.6004	46
34.602	46
34.6036	46
34.6052	46
34.6068	46
34.6084	46
34.61	46
34.6116	46
34.6132	46
34.6148	46
34.6164	46
34.618	46
34.6196	46
34.6212	46
34.6228	46
34.6244	46
34.626	46
34.6276	46
34.6292	46
34.6308	46
34.6324	46
34.634	46
34.6356	46
34.6372	46
34.6388	46
34.6404	46
34.642	46
34.6436	46
34.6452	46
34.6468	46
34.6484	46
34.65	47
34.6516	47
34.6532	47
34.6548	47
34.6564	47
34.658	47
34.6596	47
34.6612	47
34.6628	47
34.6644	47
34.666	47
34.6676	47
34.6692	47
34.6708	47
34.6724	47
34.6741	48
34.6757	48
34.6773	48
34.6789	48
34.6805	48
34.6821	48
34.6837	48
34.6853	48
34.6869	48
34.6885	48
34.6901	48
34.6917	48
34.6933	48
34.6949	48
34.6965	48
34.6981	48
34.6997	48
34.7013	48
34.7029	48
34.7045	48
34.7061	48
34.7077	48
34.7093	48
34.7109	48
34.7125	48
34.7141	48
34.7157	48
34.7173	48
34.7189	48
34.7205	48
34.7221	48
34.7237	48
34.7253	48
34.7269	48
34.7285	48
34.7301	48
34.7317	48
34.7333	48
34.7349	48
34.7365	48
34.7381	48
34.7397	48
34.7413	48
34.7429	48
34.7445	48
34.7461	48
34.7477	48
34.7494	48
34.751	48
34.7526	48
34.7542	48
34.7558	48
34.7574	48
34.759	48
34.7606	48
34.7622	48
34.7638	48
34.7654	48
34.767	48
34.7686	48
34.7702	48
34.7718	48
34.7734	48
34.775	48
34.7766	48
34.7782	48
34.7798	48
34.7814	48
34.783	48
34.7846	48
34.7862	48
34.7878	48
34.7894	48
34.791	48
34.7926	48
34.7942	48
34.7958	48
34.7974	48
34.799	48
34.8006	48
34.8022	48
34.8038	48
34.8054	48
34.807	48
34.8086	48
34.8102	48
34.8118	48
34.8134	48
34.815	48
34.8166	48
34.8182	48
34.8198	48
34.8214	48
34.823	48
34.8247	48
34.8263	48
34.8279	48
34.8295	48
34.8311	48
34.8327	48
34.8343	48
34.8359	48
34.8375	48
34.8391	48
34.8407	48
34.8423	48
34.8439	48
34.8455	48
34.8471	48
34.8487	48
34.8503	48
34.8519	48
34.8535	48
34.8551	48
34.8567	48
34.8583	48
34.8599	48
34.8615	48
34.8631	48
34.8647	48
34.8663	48
34.8679	48
34.8695	48
34.8711	48
34.8727	48
34.8743	48
34.8759	48
34.8775	48
34.8791	48
34.8807	48
34.8823	48
34.8839	48
34.8855	48
34.8871	48
34.8887	48
34.8903	48
34.8919	48
34.8935	48
34.8951	48
34.8967	48
34.8983	48
34.9	48
34.9016	48
34.9032	48
34.9048	48
34.9064	48
34.908	48
34.9096	49
34.9112	49
34.9128	49
34.9144	49
34.916	49
34.9176	49
34.9192	49
34.9208	49
34.9224	49
34.924	49
34.9256	49
34.9272	49
34.9288	49
34.9304	49
34.932	49
34.9336	49
34.9352	49
34.9368	49
34.9384	49
34.94	49
34.9416	49
34.9432	49
34.9448	49
34.9464	49
34.948	49
34.9496	49
34.9512	49
34.9528	49
34.9544	49
34.956	49
34.9576	49
34.9592	49
34.9608	49
34.9624	49
34.964	49
34.9656	49
34.9672	49
34.9688	49
34.9704	49
34.972	49
34.9736	49
34.9753	49
34.9769	49
34.9785	49
34.9801	49
34.9817	49
34.9833	49
34.9849	49
34.9865	49
34.9881	49
34.9897	49
34.9913	49
34.9929	49
34.9945	49
34.9961	49
34.9977	49
34.9993	49
35.0009	49
35.0025	49
35.0041	49
35.0057	49
35.0073	49
35.0089	49
35.0105	49
35.0121	49
35.0137	49
35.0153	49
35.0169	49
35.0185	49
35.0201	49
35.0217	49
35.0233	49
35.0249	49
35.0265	49
35.0281	49
35.0297	49
35.0313	49
35.0329	49
35.0345	49
35.0361	49
35.0377	49
35.0393	49
35.0409	49
35.0425	49
35.0441	49
35.0457	49
35.0473	49
35.0489	49
35.0506	49
35.0522	49
35.0538	49
35.0554	49
35.057	49
35.0586	49
35.0602	49
35.0618	49
35.0634	49
35.065	49
35.0666	49
35.0682	49
35.0698	49
35.0714	49
35.073	49
35.0746	49
35.0762	49
35.0778	49
35.0794	49
35.081	49
35.0826	49
35.0842	49
35.0858	49
35.0874	49
35.089	49
35.0906	49
35.0922	49
35.0938	49
35.0954	49
35.097	49
35.0986	49
35.1002	49
35.1018	49
35.1034	49
35.105	49
35.1066	49
35.1082	49
35.1098	49
35.1114	49
35.113	49
35.1146	49
35.1162	49
35.1178	49
35.1194	49
35.121	49
35.1226	49
35.1243	49
35.1259	49
35.1275	49
35.1291	49
35.1307	49
35.1323	49
35.1339	49
35.1355	49
35.1371	49
35.1387	49
35.1403	49
35.1419	49
35.1435	49
35.1451	49
35.1467	49
35.1483	49
35.1499	49
35.1515	49
35.1531	49
35.1547	49
35.1563	49
35.1579	49
35.1595	49
35.1611	49
35.1627	49
35.1643	49
35.1659	49
35.1675	49
35.1691	49
35.1707	49
35.1723	49
35.1739	49
35.1755	49
35.1771	49
35.1787	49
35.1803	49
35.1819	49
35.1835	49
35.1851	49
35.1867	49
35.1883	49
35.1899	49
35.1915	49
35.1931	49
35.1947	49
35.1963	49
35.1979	49
35.1996	49
35.2012	49
35.2028	49
35.2044	49
35.206	49
35.2076	49
35.2092	49
35.2108	50
35.2124	50
35.214	50
35.2156	50
35.2172	50
35.2188	50
35.2204	50
35.222	50
35.2236	50
35.2252	50
35.2268	50
35.2284	50
35.23	50
35.2316	50
35.2332	51
35.2348	51
35.2364	51
35.238	51
35.2396	51
35.2412	51
35.2428	51
35.2444	51
35.246	51
35.2476	51
35.2492	51
35.2508	51
35.2524	51
35.254	51
35.2556	51
35.2572	51
35.2588	51
35.2604	51
35.262	51
35.2636	51
35.2652	51
35.2668	51
35.2684	51
35.27	51
35.2716	51
35.2732	51
35.2749	51
35.2765	51
35.2781	51
35.2797	51
35.2813	51
35.2829	51
35.2845	51
35.2861	51
35.2877	51
35.2893	51
35.2909	51
35.2925	51
35.2941	51
35.2957	51
35.2973	51
35.2989	51
35.3005	51
35.3021	51
35.3037	51
35.3053	51
35.3069	51
35.3085	51
35.3101	51
35.3117	51
35.3133	51
35.3149	51
35.3165	51
35.3181	51
35.3197	51
35.3213	51
35.3229	51
35.3245	51
35.3261	51
35.3277	51
35.3293	51
35.3309	51
35.3325	51
35.3341	51
35.3357	51
35.3373	51
35.3389	51
35.3405	51
35.3421	51
35.3437	51
35.3453	51
35.3469	51
35.3485	51
35.3502	51
35.3518	51
35.3534	51
35.355	51
35.3566	51
35.3582	51
35.3598	51
35.3614	51
35.363	51
35.3646	51
35.3662	51
35.3678	51
35.3694	51
35.371	51
35.3726	51
35.3742	51
35.3758	51
35.3774	51
35.379	51
35.3806	51
35.3822	51
35.3838	51
35.3854	51
35.387	51
35.3886	51
35.3902	51
35.3918	51
35.3934	51
35.395	51
35.3966	51
35.3982	51
35.3998	51
35.4014	51
35.403	51
35.4046	51
35.4062	51
35.4078	51
35.4094	51
35.411	51
35.4126	51
35.4142	51
35.4158	51
35.4174	51
35.419	51
35.4206	51
35.4222	51
35.4238	51
35.4255	51
35.4271	51
35.4287	51
35.4303	51
35.4319	51
35.4335	51
35.4351	51
35.4367	51
35.4383	51
35.4399	51
35.4415	51
35.4431	51
35.4447	51
35.4463	51
35.4479	51
35.4495	51
35.4511	51
35.4527	51
35.4543	51
35.4559	51
35.4575	51
35.4591	51
35.4607	51
35.4623	51
35.4639	51
35.4655	51
35.4671	51
35.4687	51
35.4703	51
35.4719	51
35.4735	51
35.4751	51
35.4767	51
35.4783	51
35.4799	51
35.4815	51
35.4831	51
35.4847	51
35.4863	51
35.4879	51
35.4895	51
35.4911	51
35.4927	51
35.4943	51
35.4959	51
35.4975	51
35.4991	51
35.5008	51
35.5024	51
35.504	51
35.5056	51
35.5072	51
35.5088	51
35.5104	51
35.512	51
35.5136	51
35.5152	51
35.5168	51
35.5184	51
35.52	51
35.5216	51
35.5232	51
35.5248	51
35.5264	51
35.528	51
35.5296	51
35.5312	51
35.5328	51
35.5344	51
35.536	51
35.5376	51
35.5392	51
35.5408	51
35.5424	51
35.544	51
35.5456	51
35.5472	51
35.5488	51
35.5504	51
35.552	51
35.5536	51
35.5552	51
35.5568	51
35.5584	51
35.56	51
35.5616	51
35.5632	51
35.5648	51
35.5664	51
35.568	51
35.5696	51
35.5712	51
35.5728	51
35.5744	51
35.5761	51
35.5777	51
35.5793	51
35.5809	51
35.5825	51
35.5841	51
35.5857	51
35.5873	51
35.5889	51
35.5905	51
35.5921	51
35.5937	51
35.5953	51
35.5969	51
35.5985	51
35.6001	51
35.6017	51
35.6033	51
35.6049	51
35.6065	51
35.6081	51
35.6097	51
35.6113	51
35.6129	51
35.6145	51
35.6161	51
35.6177	51
35.6193	51
35.6209	51
35.6225	51
35.6241	51
35.6257	51
35.6273	51
35.6289	51
35.6305	51
35.6321	51
35.6337	51
35.6353	51
35.6369	51
35.6385	51
35.6401	51
35.6417	51
35.6433	51
35.6449	51
35.6465	51
35.6481	51
35.6498	51
35.6514	51
35.653	51
35.6546	51
35.6562	51
35.6578	51
35.6594	51
35.661	51
35.6626	51
35.6642	52
35.6658	52
35.6674	52
35.669	52
35.6706	52
35.6722	52
35.6738	52
35.6754	52
35.677	52
35.6786	52
35.6802	52
35.6818	52
35.6834	52
35.685	52
35.6866	52
35.6882	52
35.6898	52
35.6914	52
35.693	52
35.6946	52
35.6962	52
35.6978	52
35.6994	52
35.701	52
35.7026	52
35.7042	52
35.7058	52
35.7074	52
35.709	52
35.7106	52
35.7122	52
35.7138	52
35.7154	52
35.717	52
35.7186	52
35.7202	52
35.7218	52
35.7234	52
35.7251	52
35.7267	52
35.7283	52
35.7299	52
35.7315	52
35.7331	52
35.7347	52
35.7363	52
35.7379	52
35.7395	52
35.7411	52
35.7427	52
35.7443	52
35.7459	52
35.7475	52
35.7491	52
35.7507	52
35.7523	52
35.7539	52
35.8108	52
35.8124	52
35.814	51
35.8156	51
35.8172	50
35.8188	50
35.8204	49
35.822	48
35.8236	48
35.8252	47
35.8263	47
35.8439	45
35.8455	44
35.8471	44
35.8487	43
35.8503	43
35.8519	43
35.8535	43
35.8551	44
35.8567	45
35.8583	45
35.8599	46
35.8615	47
35.8631	48
35.8647	48
35.8663	49
35.868	50
35.8696	50
35.8712	50
35.8728	51
35.8744	51
35.876	51
35.8776	52
35.8792	52
35.8808	52
35.8824	50
35.884	49
35.8856	47
35.8872	46
35.8888	45
35.8904	44
35.892	43
35.8936	43
35.8952	42
35.8968	42
35.8984	41
35.9	41
35.9016	40
35.9032	40
35.9048	40
35.9064	40
35.908	39
35.9096	39
35.9112	39
35.9128	39
35.9144	39
35.916	39
35.9176	39
35.9192	39
35.9208	39
35.9224	39
35.924	39
35.9256	38
35.9272	38
35.9288	38
35.9304	38
35.932	38
35.9336	38
35.9352	38
35.9368	38
35.9384	38
35.94	38
35.9416	38
35.9433	38
35.9449	38
35.9465	38
35.9481	38
35.9497	38
35.9513	38
35.9529	38
35.9545	38
35.9561	38
35.9577	38
35.9593	38
35.9609	38
35.9625	38
35.9641	38
35.9657	38
35.9673	38
35.9689	38
35.9705	38
35.9721	38
35.9737	38
35.9753	38
35.9769	38
35.9785	38
35.9801	38
35.9817	38
35.9833	38
35.9849	38
35.9865	38
35.9881	38
35.9897	38
35.9913	38
35.9929	38
35.9945	38
35.9961	38
35.9977	38
35.9993	38
36.0009	38
36.0025	38
36.0041	38
36.0057	38
36.0073	38
36.0089	38
36.0105	38
36.0121	38
36.0137	38
36.0153	38
36.0169	38
36.0186	38
36.0202	38
36.0218	38
36.0234	38
36.025	38
36.0266	38
36.0282	38
36.0298	38
36.0314	38
36.033	38
36.0346	38
36.0362	38
36.0378	38
36.0394	38
36.041	38
36.0426	38
36.0442	38
36.0458	38
36.0474	38
36.049	38
36.0506	38
36.0522	38
36.0538	38
36.0554	38
36.057	38
36.0586	38
36.0602	38
36.0618	38
36.0634	38
36.065	38
36.0666	38
36.0682	38
36.0698	38
36.0714	38
36.073	38
36.0746	38
36.0762	38
36.0778	38
36.0794	38
36.081	38
36.0826	38
36.0842	38
36.0858	38
36.0874	38
36.089	38
36.0906	38
36.0922	38
36.0939	38
36.0955	38
36.0971	38
36.0987	38
36.1003	38
36.1019	38
36.1035	38
36.1051	38
36.1067	38
36.1083	38
36.1099	38
36.1115	38
36.1131	38
36.1147	38
36.1163	38
36.1179	38
36.1195	38
36.1211	38
36.1227	38
36.1243	38
36.1259	38
36.1275	38
36.1291	38
36.1307	38
36.1323	38
36.1339	38
36.1355	38
36.1371	38
36.1387	38
36.1403	38
36.1419	38
36.1435	38
36.1451	38
36.1467	38
36.1483	38
36.1499	38
36.1515	38
36.1531	38
36.1547	38
36.1563	38
36.1579	38
36.1595	38
36.1611	38
36.1627	38
36.1643	38
36.1659	38
36.1675	38
36.1692	38
36.1708	38
36.1724	38
36.174	38
36.1756	38
36.1772	39
36.1788	39
36.1804	39
36.182	39
36.1836	39
36.1852	39
36.1868	39
36.1884	39
36.19	39
36.1916	39
36.1932	39
36.1948	39
36.1964	39
36.198	39
36.1996	39
36.2012	39
36.2028	39
36.2044	39
36.206	40
36.2076	40
36.2092	40
36.2108	40
36.2124	40
36.214	40
36.2156	40
36.2172	40
36.2188	40
36.2204	40
36.222	40
36.2236	40
36.2252	40
36.2268	40
36.2284	40
36.23	40
36.2316	40
36.2332	40
36.2348	40
36.2364	40
36.238	40
36.2396	40
36.2412	40
36.2429	40
36.2445	40
36.2461	40
36.2477	40
36.2493	40
36.2509	40
36.2525	40
36.2541	40
36.2557	40
36.2573	40
36.2589	40
36.2605	40
36.2621	40
36.2637	40
36.2653	40
36.2669	40
36.2685	40
36.2701	40
36.2717	40
36.2733	40
36.2749	40
36.2765	40
36.2781	40
36.2797	40
36.2813	40
36.2829	40
36.2845	40
36.2861	40
36.2877	40
36.2893	40
36.2909	40
36.2925	40
36.2941	40
36.2957	40
36.2973	40
36.2989	40
36.3005	40
36.3021	40
36.3037	40
36.3053	40
36.3069	40
36.3085	40
36.3101	40
36.3117	40
36.3133	40
36.3149	40
36.3165	40
36.3182	40
36.3198	40
36.3214	40
36.323	40
36.3246	40
36.3262	40
36.3278	40
36.3294	40
36.331	40
36.3326	40
36.3342	40
36.3358	40
36.3374	40
36.339	40
36.3406	40
36.3422	40
36.3438	40
36.3454	40
36.347	40
36.3486	40
36.3502	40
36.3518	40
36.3534	40
36.355	40
36.3566	40
36.3582	40
36.3598	40
36.3614	40
36.363	40
36.3646	40
36.3662	40
36.3678	40
36.3694	40
36.371	40
36.3726	40
36.3742	40
36.3758	40
36.3774	40
36.379	40
36.3806	40
36.3822	40
36.3838	40
36.3854	40
36.387	40
36.3886	40
36.3902	40
36.3918	40
36.3935	40
36.3951	40
36.3967	40
36.3983	40
36.3999	40
36.4015	40
36.4031	40
36.4047	40
36.4063	40
36.4079	40
36.4095	40
36.4111	40
36.4127	40
36.4143	40
36.4159	40
36.4175	40
36.4191	40
36.4207	40
36.4223	40
36.4239	40
36.4255	40
36.4271	40
36.4287	40
36.4303	40
36.4319	40
36.4335	40
36.4351	40
36.4367	40
36.4383	40
36.4399	40
36.4415	40
36.4431	40
36.4447	40
36.4463	40
36.4479	40
36.4495	40
36.4511	40
36.4527	40
36.4543	40
36.4559	40
36.4575	40
36.4591	41
36.4607	41
36.4623	41
36.4639	41
36.4655	41
36.4671	41
36.4688	41
36.4704	41
36.472	41
36.4736	41
36.4752	41
36.4768	41
36.4784	41
36.48	41
36.4816	41
36.4832	41
36.4848	41
36.4864	41
36.488	41
36.4896	41
36.4912	41
36.4928	41
36.4944	41
36.496	41
36.4976	41
36.4992	41
36.5008	41
36.5024	41
36.504	41
36.5056	41
36.5072	41
36.5088	41
36.5104	41
36.512	41
36.5136	41
36.5152	41
36.5168	41
36.5184	41
36.52	41
36.5216	41
36.5232	41
36.5248	41
36.5264	41
36.528	41
36.5296	41
36.5312	41
36.5328	41
36.5344	41
36.536	41
36.5376	41
36.5392	41
36.5408	41
36.5424	41
36.5441	41
36.5457	41
36.5473	41
36.5489	41
36.5505	41
36.5521	41
36.5537	41
36.5553	41
36.5569	41
36.5585	41
36.5601	41
36.5617	41
36.5633	41
36.5649	41
36.5665	41
36.5681	41
36.5697	41
36.5713	41
36.5729	41
36.5745	41
36.5761	41
36.5777	41
36.5793	41
36.5809	41
36.5825	41
36.5841	41
36.5857	41
36.5873	41
36.5889	41
36.5905	41
36.5921	41
36.5937	41
36.5953	41
36.5969	41
36.5985	41
36.6001	41
36.6017	41
36.6033	41
36.6049	41
36.6065	41
36.6081	41
36.6097	41
36.6113	41
36.6129	41
36.6145	41
36.6161	41
36.6177	41
36.6194	41
36.621	41
36.6226	41
36.6242	41
36.6258	41
36.6274	41
36.629	41
36.6306	41
36.6322	41
36.6338	41
36.6354	41
36.637	41
36.6386	41
36.6402	41
36.6418	41
36.6434	41
36.645	41
36.6466	41
36.6482	41
36.6498	41
36.6514	41
36.653	41
36.6546	41
36.6562	41
36.6578	41
36.6594	41
36.661	41
36.6626	41
36.6642	41
36.6658	41
36.6674	41
36.669	41
36.6706	41
36.6722	41
36.6738	41
36.6754	41
36.677	41
36.6786	41
36.6802	41
36.6818	41
36.6834	41
36.685	41
36.6866	41
36.6882	41
36.6898	41
36.6914	41
36.693	41
36.6947	41
36.6963	41
36.6979	41
36.6995	41
36.7011	41
36.7027	41
36.7043	41
36.7059	41
36.7075	41
36.7091	41
36.7107	41
36.7123	41
36.7139	41
36.7155	41
36.7171	41
36.7187	41
36.7203	41
36.7219	41
36.7235	41
36.7251	41
36.7267	41
36.7283	41
36.7299	41
36.7315	41
36.7331	41
36.7347	41
36.7363	41
36.7379	41
36.7395	41
36.7411	41
36.7427	41
36.7443	41
36.7459	41
36.7475	41
36.7491	41
36.7507	41
36.7523	41
36.7539	41
36.7555	41
36.7571	41
36.7587	41
36.7603	41
36.7619	41
36.7635	41
36.7651	41
36.7667	41
36.7684	41
36.77	41
36.7716	41
36.7732	41
36.7748	41
36.7764	41
36.778	41
36.7796	41
36.7812	41
36.7828	41
36.7844	41
36.786	41
36.7876	41
36.7892	41
36.7908	41
36.7924	41
36.794	41
36.7956	41
36.7972	41
36.7988	41
36.8004	41
36.802	41
36.8036	41
36.8052	41
36.8068	41
36.8084	41
36.81	41
36.8116	41
36.8132	41
36.8148	41
36.8164	42
36.818	42
36.8196	42
36.8212	42
36.8228	42
36.8244	42
36.826	42
36.8276	42
36.8292	43
36.8308	43
36.8324	43
36.834	43
36.8356	43
36.8372	43
36.8388	43
36.8404	43
36.842	43
36.8437	43
36.8453	43
36.8469	43
36.8485	43
36.8501	43
36.8517	43
36.8533	43
36.8549	43
36.8565	43
36.8581	43
36.8597	43
36.8613	43
36.8629	43
36.8645	43
36.8661	43
36.8677	43
36.8693	43
36.8709	43
36.8725	43
36.8741	43
36.8757	43
36.8773	43
36.8789	43
36.8805	43
36.8821	43
36.8837	43
36.8853	43
36.8869	43
36.8885	43
36.8901	43
36.8917	43
36.8933	43
36.8949	43
36.8965	43
36.8981	43
36.8997	43
36.9013	43
36.9029	43
36.9045	43
36.9061	43
36.9077	43
36.9093	43
36.9109	43
36.9125	43
36.9141	43
36.9157	43
36.9173	43
36.919	43
36.9206	43
36.9222	43
36.9238	43
36.9254	43
36.927	43
36.9286	43
36.9302	43
36.9318	43
36.9334	43
36.935	43
36.9366	43
36.9382	43
36.9398	43
36.9414	43
36.943	43
36.9446	43
36.9462	43
36.9478	43
36.9494	43
36.951	43
36.9526	43
36.9542	43
36.9558	43
36.9574	43
36.959	43
36.9606	43
36.9622	43
36.9638	43
36.9654	43
36.967	43
36.9686	43
36.9702	43
36.9718	43
36.9734	43
36.975	43
36.9766	43
36.9782	43
36.9798	43
36.9814	43
36.983	43
36.9846	43
36.9862	43
36.9878	43
36.9894	43
36.991	43
36.9926	43
36.9943	43
36.9959	43
36.9975	43
36.9991	43
37.0007	43
37.0023	43
37.0039	43
37.0055	43
37.0071	43
37.0087	43
37.0103	43
37.0119	43
37.0135	43
37.0151	43
37.0167	43
37.0183	43
37.0199	43
37.0215	43
37.0231	43
37.0247	43
37.0263	43
37.0279	43
37.0295	43
37.0311	43
37.0327	43
37.0343	43
37.0359	43
37.0375	43
37.0391	43
37.0407	43
37.0423	43
37.0439	43
37.0455	43
37.0471	43
37.0487	43
37.0503	43
37.0519	43
37.0535	43
37.0551	43
37.0567	43
37.0583	43
37.0599	43
37.0615	43
37.0631	43
37.0647	43
37.0663	43
37.0679	43
37.0696	43
37.0712	43
37.0728	43
37.0744	43
37.076	43
37.0776	43
37.0792	43
37.0808	43
37.0824	43
37.084	43
37.0856	43
37.0872	43
37.0888	43
37.0904	43
37.092	43
37.0936	43
37.0952	43
37.0968	43
37.0984	43
37.1	43
37.1016	43
37.1032	43
37.1048	43
37.1064	43
37.108	43
37.1096	43
37.1112	43
37.1128	43
37.1144	43
37.116	43
37.1176	43
37.1192	43
37.1208	43
37.1224	43
37.124	43
37.1256	43
37.1272	43
37.1288	43
37.1304	43
37.132	43
37.1336	43
37.1352	43
37.1368	43
37.1384	43
37.14	43
37.1416	43
37.1432	43
37.1449	43
37.1465	43
37.1481	43
37.1497	43
37.1513	43
37.1529	43
37.1545	43
37.1561	43
37.1577	43
37.1593	43
37.1609	43
37.1625	43
37.1641	43
37.1657	43
37.1673	43
37.1689	43
37.1705	43
37.1721	43
37.1737	43
37.1753	43
37.1769	43
37.1785	43
37.1801	43
37.1817	43
37.1833	43
37.1849	43
37.1865	43
37.1881	43
37.1897	43
37.1913	43
37.1929	43
37.1945	43
37.1961	43
37.1977	43
37.1993	43
37.2009	43
37.2025	43
37.2041	43
37.2057	43
37.2073	43
37.2089	43
37.2105	43
37.2121	43
37.2137	43
37.2153	43
37.2169	43
37.2185	43
37.2202	43
37.2218	43
37.2234	43
37.225	43
37.2266	43
37.2282	43
37.2298	43
37.2314	43
37.233	43
37.2346	43
37.2362	43
37.2378	43
37.2394	43
37.241	43
37.2426	43
37.2442	43
37.2458	43
37.2474	43
37.249	43
37.2506	43
37.2522	43
37.2538	43
37.2554	43
37.257	43
37.2586	43
37.2602	43
37.2618	43
37.2634	43
37.265	43
37.2666	43
37.2682	43
37.2698	43
37.2714	43
37.273	43
37.2746	43
37.2762	43
37.2778	43
37.2794	43
37.281	43
37.2826	43
37.2842	43
37.2858	43
37.2874	43
37.289	43
37.2906	43
37.2922	43
37.2939	43
37.2955	43
37.2971	43
37.2987	43
37.3003	43
37.3019	43
37.3035	43
37.3051	43
37.3067	43
37.3083	43
37.3099	43
37.3115	43
37.3131	43
37.3147	43
37.3163	43
37.3179	43
37.3195	43
37.3211	43
37.3227	43
37.3243	43
37.3259	43
37.3275	43
37.3291	43
37.3307	43
37.3323	43
37.3339	43
37.3355	43
37.3371	43
37.3387	43
37.3403	43
37.3419	43
37.3435	43
37.3451	43
37.3467	43
37.3483	43
37.3499	43
37.3515	43
37.3531	43
37.3547	43
37.3563	43
37.3579	43
37.3595	43
37.3611	43
37.3627	43
37.3643	43
37.3659	43
37.3675	43
37.3692	43
37.3708	43
37.3724	43
37.374	43
37.3756	43
37.3772	43
37.3788	43
37.3804	43
37.382	43
37.3836	43
37.3852	43
37.3868	43
37.3884	43
37.39	43
37.3916	43
37.3932	43
37.3948	43
37.3964	43
37.398	43
37.3996	43
37.4012	43
37.4028	43
37.4044	43
37.406	43
37.4076	43
37.4092	43
37.4108	43
37.4124	43
37.414	43
37.4156	43
37.4172	43
37.4188	43
37.4204	44
37.422	44
37.4236	44
37.4252	44
37.4268	44
37.4284	44
37.43	44
37.4316	44
37.4332	44
37.4348	44
37.4364	44
37.438	44
37.4396	44
37.4412	44
37.4428	44
37.4445	44
37.4461	44
37.4477	44
37.4493	44
37.4509	44
37.4525	44
37.4541	44
37.4557	44
37.4573	44
37.4589	44
37.4605	44
37.4621	44
37.4637	44
37.4653	44
37.4669	44
37.4685	44
37.4701	44
37.4717	44
37.4733	44
37.4749	44
37.4765	44
37.4781	44
37.4797	44
37.4813	44
37.4829	44
37.4845	44
37.4861	44
37.4877	44
37.4893	44
37.4909	44
37.4925	44
37.4941	44
37.4957	44
37.4973	44
37.4989	44
37.5005	44
37.5021	44
37.5037	44
37.5053	44
37.5069	44
37.5085	44
37.5101	44
37.5117	44
37.5133	44
37.5149	44
37.5165	44
37.5181	44
37.5198	44
37.5214	44
37.523	44
37.5246	44
37.5262	44
37.5278	44
37.5294	44
37.531	44
37.5326	44
37.5342	44
37.5358	44
37.5374	44
37.539	44
37.5406	44
37.5422	44
37.5438	44
37.5454	44
37.547	44
37.5486	44
37.5502	44
37.5518	44
37.5534	44
37.555	44
37.5566	44
37.5582	44
37.5598	44
37.5614	44
37.563	44
37.5646	44
37.5662	44
37.5678	44
37.5694	44
37.571	44
37.5726	44
37.5742	44
37.5758	44
37.5774	44
37.579	44
37.5806	44
37.5822	44
37.5838	44
37.5854	44
37.587	44
37.5886	44
37.5902	44
37.5918	44
37.5934	44
37.5951	44
37.5967	44
37.5983	44
37.5999	44
37.6015	44
37.6031	44
37.6047	44
37.6063	44
37.6079	44
37.6095	44
37.6111	44
37.6127	44
37.6143	44
37.6159	44
37.6175	44
37.6191	44
37.6207	44
37.6223	44
37.6239	44
37.6255	44
37.6271	44
37.6287	44
37.6303	44
37.6319	44
37.6335	44
37.6351	44
37.6367	44
37.6383	44
37.6399	44
37.6415	44
37.6431	44
37.6447	44
37.6463	44
37.6479	44
37.6495	44
37.6511	44
37.6527	44
37.6543	44
37.6559	44
37.6575	44
37.6591	44
37.6607	44
37.6623	44
37.6639	44
37.6655	44
37.6671	44
37.6687	44
37.6704	44
37.672	44
37.6736	44
37.6752	44
37.6768	44
37.6784	44
37.68	44
37.6816	44
37.6832	44
37.6848	44
37.6864	44
37.688	44
37.6896	44
37.6912	44
37.6928	44
37.6944	44
37.696	44
37.6976	44
37.6992	44
37.7008	44
37.7024	44
37.704	44
37.7056	44
37.7072	44
37.7088	44
37.7104	44
37.712	44
37.7136	44
37.7152	44
37.7168	44
37.7184	44
37.72	44
37.7216	44
37.7232	44
37.7248	44
37.7264	44
37.728	44
37.7296	44
37.7312	44
37.7328	44
37.7344	44
37.736	44
37.7376	44
37.7392	44
37.7408	44
37.7424	44
37.744	44
37.7457	44
37.7473	44
37.7489	44
37.7505	44
37.7521	44
37.7537	44
37.7553	44
37.7569	44
37.7585	44
37.7601	44
37.7617	44
37.7633	44
37.7649	44
37.7665	44
37.7681	44
37.7697	44
37.7713	44
37.7729	44
37.7745	44
37.7761	44
37.7777	44
37.7793	44
37.7809	44
37.7825	44
37.7841	44
37.7857	44
37.7873	44
37.7889	44
37.7905	44
37.7921	44
37.7937	44
37.7953	44
37.7969	44
37.7985	44
37.8001	44
37.8017	44
37.8033	44
37.8049	44
37.8065	44
37.8081	44
37.8097	44
37.8113	44
37.8129	44
37.8145	44
37.8161	44
37.8177	44
37.8193	44
37.821	44
37.8226	44
37.8242	44
37.8258	44
37.8274	44
37.829	44
37.8306	44
37.8322	44
37.8338	44
37.8354	44
37.837	44
37.8386	44
37.8402	44
37.8418	44
37.8434	44
37.845	44
37.8466	44
37.8482	44
37.8498	44
37.8514	44
37.853	44
37.8546	44
37.8562	44
37.8578	44
37.8594	44
37.861	44
37.8626	44
37.8642	44
37.8658	44
37.8674	44
37.869	44
37.8706	44
37.8722	44
37.8738	44
37.8754	44
37.877	44
37.8786	44
37.8802	44
37.8818	44
37.8834	44
37.885	44
37.8866	44
37.8882	44
37.8898	44
37.8914	44
37.893	44
37.8947	44
37.8963	44
37.8979	44
37.8995	44
37.9011	44
37.9027	44
37.9043	44
37.9059	44
37.9075	44
37.9091	44
37.9107	44
37.9123	44
37.9139	44
37.9155	44
37.9171	44
37.9187	44
37.9203	44
37.9219	44
37.9235	44
37.9251	44
37.9267	44
37.9283	44
37.9299	44
37.9315	44
37.9331	44
37.9347	44
37.9363	44
37.9379	44
37.9395	44
37.9411	44
37.9427	44
37.9443	44
37.9459	44
37.9475	44
37.9491	44
37.9507	44
37.9523	44
37.9539	44
37.9555	44
37.9571	44
37.9587	44
37.9603	44
37.9619	44
37.9635	44
37.9651	44
37.9667	44
37.9683	44
37.97	44
37.9716	44
37.9732	44
37.9748	44
37.9764	44
37.978	44
37.9796	44
37.9812	44
37.9828	44
37.9844	44
37.986	44
37.9876	44
37.9892	44
37.9908	44
37.9924	44
37.994	44
37.9956	44
37.9972	44
37.9988	44
38.0004	44
38.002	44
38.0036	44
38.0052	44
38.0068	44
38.0084	44
38.01	44
38.0116	44
38.0132	44
38.0148	44
38.0164	44
38.018	44
38.0196	44
38.0212	44
38.0228	44
38.0244	44
38.026	44
38.0276	44
38.0292	44
38.0308	44
38.0324	44
38.034	44
38.0356	44
38.0372	44
38.0388	44
38.0404	44
38.042	44
38.0436	44
38.0453	44
38.0469	44
38.0485	44
38.0501	44
38.0517	44
38.0533	44
38.0549	44
38.0565	44
38.0581	44
38.0597	44
38.0613	44
38.0629	44
38.0645	44
38.0661	44
38.0677	44
38.0693	44
38.0709	44
38.0725	44
38.0741	44
38.0757	44
38.0773	44
38.0789	44
38.0805	44
38.0821	44
38.0837	44
38.0853	44
38.0869	44
38.0885	44
38.0901	44
38.0917	44
38.0933	44
38.0949	44
38.0965	44
38.0981	44
38.0997	44
38.1013	44
38.1029	44
38.1045	44
38.1061	44
38.1077	44
38.1093	44
38.1109	44
38.1125	44
38.1141	44
38.1157	44
38.1173	44
38.1189	44
38.1206	44
38.1222	44
38.1238	44
38.1254	44
38.127	44
38.1286	44
38.1302	44
38.1318	44
38.1334	44
38.135	44
38.1366	44
38.1382	44
38.1398	44
38.1414	44
38.143	44
38.1446	44
38.1462	44
38.1478	44
38.1494	44
38.151	44
38.1526	44
38.1542	44
38.1558	44
38.1574	44
38.159	44
38.1606	44
38.1622	44
38.1638	44
38.1654	44
38.167	44
38.1686	44
38.1702	44
38.1718	44
38.1734	44
38.175	44
38.1766	44
38.1782	44
38.1798	44
38.1814	44
38.183	44
38.1846	44
38.1862	44
38.1878	44
38.1894	44
38.191	44
38.1926	44
38.1942	44
38.1959	44
38.1975	44
38.1991	44
38.2007	44
38.2023	44
38.2039	44
38.2055	44
38.2071	44
38.2087	44
38.2103	44
38.2119	44
38.2135	44
38.2151	44
38.2167	44
38.2183	44
38.2199	44
38.2215	44
38.2231	44
38.2247	44
38.2263	44
38.2279	44
38.2295	44
38.2311	44
38.2327	44
38.2343	44
38.2359	44
38.2375	44
38.2391	44
38.2407	44
38.2423	44
38.2439	44
38.2455	44
38.2471	44
38.2487	44
38.2503	44
38.2519	44
38.2535	44
38.2551	44
38.2567	44
38.2583	44
38.2599	44
38.2615	44
38.2631	44
38.2647	44
38.2663	44
38.2679	44
38.2695	44
38.2712	44
38.2728	44
38.2744	44
38.276	44
38.2776	44
38.2792	44
38.2808	44
38.2824	44
38.284	44
38.2856	44
38.2872	44
38.2888	44
38.2904	44
38.292	44
38.2936	44
38.2952	44
38.2968	44
38.2984	44
38.3	44
38.3016	44
38.3032	44
38.3048	44
38.3064	44
38.308	44
38.3096	44
38.3112	44
38.3128	44
38.3144	44
38.316	44
38.3176	44
38.3192	44
38.3208	44
38.3224	44
38.324	44
38.3256	44
38.3272	44
38.3288	44
38.3304	44
38.332	44
38.3336	44
38.3352	44
38.3368	44
38.3384	44
38.34	44
38.3416	44
38.3432	44
38.3448	44
38.3465	44
38.3481	44
38.3497	44
38.3513	44
38.3529	44
38.3545	44
38.3561	44
38.3577	44
38.3593	44
38.3609	44
38.3625	44
38.3641	44
38.3657	44
38.3673	44
38.3689	44
38.3705	44
38.3721	44
38.3737	44
38.3753	44
38.3769	44
38.3785	44
38.3801	44
38.3817	44
38.3833	44
38.3849	44
38.3865	44
38.3881	44
38.3897	44
38.3913	44
38.3929	44
38.3945	44
38.3961	44
38.3977	44
38.3993	44
38.4009	44
38.4025	44
38.4041	44
38.4057	44
38.4073	44
38.4089	44
38.4105	44
38.4121	44
38.4137	44
38.4153	44
38.4169	44
38.4185	44
38.4202	44
38.4218	44
38.4234	44
38.425	44
38.4266	44
38.4282	44
38.4298	44
38.4314	44
38.433	44
38.4346	44
38.4362	44
38.4378	44
38.4394	44
38.441	44
38.4426	44
38.4442	44
38.4458	44
38.4474	44
38.449	44
38.4506	44
38.4522	44
38.4538	44
38.4554	44
38.457	44
38.4586	44
38.4602	44
38.4618	44
38.4634	44
38.465	44
38.4666	44
38.4682	44
38.4698	44
38.4714	44
38.473	44
38.4746	44
38.4762	44
38.4778	44
38.4794	44
38.481	44
38.4826	44
38.4842	44
38.4858	44
38.4874	44
38.489	44
38.4906	44
38.4922	44
38.4938	44
38.4955	44
38.4971	44
38.4987	44
38.5003	44
38.5019	44
38.5035	44
38.5051	44
38.5067	44
38.5083	44
38.5099	44
38.5115	44
38.5131	44
38.5147	44
38.5163	44
38.5179	44
38.5195	44
38.5211	44
38.5227	44
38.5243	44
38.5259	44
38.5275	44
38.5291	44
38.5307	44
38.5323	44
38.5339	44
38.5355	44
38.5371	44
38.5387	44
38.5403	44
38.5419	44
38.5435	44
38.5451	44
38.5467	44
38.5483	44
38.5499	44
38.5515	44
38.5531	44
38.5547	44
38.5563	44
38.5579	44
38.5595	44
38.5611	44
38.5627	44
38.5643	44
38.5659	44
38.5675	44
38.5691	44
38.5708	44
38.5724	44
38.574	44
38.5756	44
38.5772	44
38.5788	44
38.5804	44
38.582	44
38.5836	44
38.5852	44
38.5868	44
38.5884	44
38.59	44
38.5916	44
38.5932	44
38.5948	44
38.5964	44
38.598	44
38.5996	44
38.6012	44
38.6028	44
38.6044	44
38.606	44
38.6076	44
38.6092	44
38.6108	44
38.6124	44
38.614	44
38.6156	44
38.6172	44
38.6188	44
38.6204	44
38.622	44
38.6236	44
38.6252	44
38.6268	44
38.6284	44
38.63	44
38.6316	44
38.6332	44
38.6348	44
38.6364	44
38.638	44
38.6396	44
38.6412	44
38.6428	44
38.6444	44
38.6461	44
38.6477	44
38.6493	44
38.6509	44
38.6525	44
38.6541	44
38.6557	44
38.6573	44
38.6589	44
38.6605	44
38.6621	44
38.6637	44
38.6653	44
38.6669	44
38.6685	44
38.6701	44
38.6717	44
38.6733	44
38.6749	44
38.6765	44
38.6781	44
38.6797	44
38.6813	44
38.6829	44
38.6845	44
38.6861	44
38.6877	44
38.6893	44
38.6909	44
38.6925	44
38.6941	44
38.6957	44
38.6973	44
38.6989	44
38.7005	44
38.7021	44
38.7037	44
38.7053	44
38.7069	44
38.7085	44
38.7101	44
38.7117	44
38.7133	44
38.7149	44
38.7165	44
38.7181	44
38.7197	44
38.7214	44
38.723	44
38.7246	44
38.7262	44
38.7278	44
38.7294	44
38.731	44
38.7326	44
38.7342	44
38.7358	44
38.7374	44
38.739	44
38.7406	44
38.7422	44
38.7438	44
38.7454	44
38.747	44
38.7486	44
38.7502	44
38.7518	44
38.7534	44
38.755	44
38.7566	44
38.7582	44
38.7598	44
38.7614	44
38.763	44
38.7646	44
38.7662	44
38.7678	44
38.7694	44
38.771	44
38.7726	44
38.7742	44
38.7758	44
38.7774	44
38.779	44
38.7806	44
38.7822	44
38.7838	44
38.7854	44
38.787	44
38.7886	44
38.7902	44
38.7918	44
38.7934	44
38.795	44
38.7967	44
38.7983	44
38.7999	44
38.8015	44
38.8031	44
38.8047	44
38.8063	44
38.8079	44
38.8095	44
38.8111	44
38.8127	44
38.8143	44
38.8159	44
38.8175	44
38.8191	44
38.8207	44
38.8223	44
38.8239	44
38.8255	44
38.8271	44
38.8287	44
38.8303	44
38.8319	44
38.8335	44
38.8351	44
38.8367	44
38.8383	44
38.8399	44
38.8415	44
38.8431	44
38.8447	44
38.8463	44
38.8479	44
38.8495	44
38.8511	44
38.8527	44
38.8543	44
38.8559	44
38.8575	44
38.8591	44
38.8607	44
38.8623	44
38.8639	44
38.8655	44
38.8671	44
38.8687	44
38.8703	44
38.872	44
38.8736	44
38.8752	44
38.8768	44
38.8784	44
38.88	44
38.8816	44
38.8832	44
38.8848	44
38.8864	44
38.888	44
38.8896	44
38.8912	44
38.8928	44
38.8944	44
38.896	44
38.8976	44
38.8992	44
38.9008	44
38.9024	44
38.904	44
38.9056	44
38.9072	44
38.9088	44
38.9104	44
38.912	44
38.9136	44
38.9152	44
38.9168	44
38.9184	44
38.92	44
38.9216	44
38.9232	44
38.9248	44
38.9264	44
38.928	44
38.9296	44
38.9312	44
38.9328	44
38.9344	44
38.936	44
38.9376	44
38.9392	44
38.9408	44
38.9424	44
38.944	44
38.9457	44
38.9473	44
38.9489	44
38.9505	44
38.9521	44
38.9537	44
38.9553	44
38.9569	44
38.9585	44
38.9601	44
38.9617	44
38.9633	44
38.9649	44
38.9665	44
38.9681	44
38.9697	44
38.9713	44
38.9729	44
38.9745	44
38.9761	44
38.9777	44
38.9793	44
38.9809	44
38.9825	44
38.9841	44
38.9857	44
38.9873	44
38.9889	44
38.9905	44
38.9921	44
38.9937	44
38.9953	44
38.9969	44
38.9985	44
39.0001	44
39.0017	44
39.0033	44
39.0049	44
39.0065	44
39.0081	44
39.0097	44
39.0113	44
39.0129	44
39.0145	44
39.0161	44
39.0177	44
39.0193	44
39.021	44
39.0226	44
39.0242	44
39.0258	44
39.0274	44
39.029	44
39.0306	44
39.0322	44
39.0338	44
39.0354	44
39.037	44
39.0386	44
39.0402	44
39.0418	44
39.0434	44
39.045	44
39.0466	44
39.0482	44
39.0498	44
39.0514	44
39.053	44
39.0546	44
39.0562	44
39.0578	44
39.0594	44
39.061	44
39.0626	44
39.0642	44
39.0658	44
39.0674	44
39.069	44
39.0706	44
39.0722	44
39.0738	44
39.0754	44
39.077	44
39.0786	44
39.0802	44
39.0818	44
39.0834	44
39.085	44
39.0866	44
39.0882	44
39.0898	44
39.0914	44
39.093	44
39.0946	44
39.0963	44
39.0979	44
39.0995	44
39.1011	44
39.1027	44
39.1043	44
39.1059	44
39.1075	44
39.1091	44
39.1107	44
39.1123	44
39.1139	44
39.1155	44
39.1171	44
39.1187	44
39.1203	44
39.1219	44
39.1235	44
39.1251	44
39.1267	44
39.1283	44
39.1299	44
39.1315	44
39.1331	44
39.1347	44
39.1363	44
39.1379	44
39.1395	44
39.1411	44
39.1427	44
39.1443	44
39.1459	44
39.1475	44
39.1491	44
39.1507	44
39.1523	44
39.1539	44
39.1555	44
39.1571	44
39.1587	44
39.1603	44
39.1619	44
39.1635	44
39.1651	44
39.1667	44
39.1683	44
39.1699	44
39.1716	44
39.1732	44
39.1748	44
39.1764	44
39.178	44
39.1796	44
39.1812	44
39.1828	44
39.1844	44
39.186	44
39.1876	44
39.1892	44
39.1908	44
39.1924	44
39.194	44
39.1956	44
39.1972	44
39.1988	44
39.2004	44
39.202	44
39.2036	44
39.2052	44
39.2068	44
39.2084	44
39.21	44
39.2116	44
39.2132	44
39.2148	44
39.2164	44
39.218	44
39.2196	44
39.2212	44
39.2228	44
39.2244	44
39.226	44
39.2276	44
39.2292	44
39.2308	44
39.2324	44
39.234	44
39.2356	44
39.2372	44
39.2388	44
39.2404	44
39.242	44
39.2436	44
39.2452	44
39.2469	44
39.2485	44
39.2501	44
39.2517	44
39.2533	44
39.2549	44
39.2565	44
39.2581	44
39.2597	44
39.2613	44
39.2629	44
39.2645	44
39.2661	44
39.2677	44
39.2693	44
39.2709	44
39.2725	44
39.2741	44
39.2757	44
39.2773	44
39.2789	44
39.2805	44
39.2821	44
39.2837	44
39.2853	44
39.2869	44
39.2885	44
39.2901	44
39.2917	44
39.2933	44
39.2949	44
39.2965	44
39.2981	44
39.2997	44
39.3013	44
39.3029	44
39.3045	44
39.3061	44
39.3077	44
39.3093	44
39.3109	44
39.3125	44
39.3141	44
39.3157	44
39.3173	44
39.3189	44
39.3205	44
39.3222	44
39.3238	44
39.3254	44
39.327	44
39.3286	44
39.3302	44
39.3318	44
39.3334	44
39.335	44
39.3366	44
39.3382	44
39.3398	44
39.3414	44
39.343	44
39.3446	44
39.3462	44
39.3478	44
39.3494	44
39.351	44
39.3526	44
39.3542	44
39.3558	44
39.3574	44
39.359	44
39.3606	44
39.3622	44
39.3638	44
39.3654	44
39.367	44
39.3686	44
39.3702	44
39.3718	44
39.3734	44
39.375	44
39.3766	44
39.3782	44
39.3798	44
39.3814	44
39.383	44
39.3846	44
39.3862	44
39.3878	44
39.3894	44
39.391	44
39.3926	44
39.3942	44
39.3958	44
39.3975	44
39.3991	44
39.4007	44
39.4023	44
39.4039	44
39.4055	44
39.4071	44
39.4087	44
39.4103	44
39.4119	44
39.4135	44
39.4151	44
39.4167	44
39.4183	44
39.4199	44
39.4215	44
39.4231	44
39.4247	44
39.4263	44
39.4279	44
39.4295	44
39.4311	44
39.4327	44
39.4343	44
39.4359	44
39.4375	44
39.4391	44
39.4407	44
39.4423	44
39.4439	44
39.4455	44
39.4471	44
39.4487	44
39.4503	44
39.4519	44
39.4535	44
39.4551	44
39.4567	44
39.4583	44
39.4599	44
39.4615	44
39.4631	44
39.4647	44
39.4663	44
39.4679	44
39.4695	44
39.4712	44
39.4728	44
39.4744	44
39.476	44
39.4776	44
39.4792	44
39.4808	44
39.4824	44
39.484	44
39.4856	44
39.4872	44
39.4888	44
39.4904	44
39.492	44
39.4936	44
39.4952	44
39.4968	44
39.4984	44
39.5	44
39.5016	44
39.5032	44
39.5048	44
39.5064	44
39.508	44
39.5096	44
39.5112	44
39.5128	44
39.5144	44
39.516	44
39.5176	44
39.5192	44
39.5208	44
39.5224	44
39.524	44
39.5256	44
39.5272	44
39.5288	44
39.5304	44
39.532	44
39.5336	44
39.5352	44
39.5368	44
39.5384	44
39.54	44
39.5416	44
39.5432	44
39.5448	44
39.5465	44
39.5481	44
39.5497	44
39.5513	44
39.5529	44
39.5545	44
39.5561	44
39.5577	44
39.5593	44
39.5609	44
39.5625	44
39.5641	44
39.5657	44
39.5673	44
39.5689	44
39.5705	44
39.5721	44
39.5737	44
39.5753	44
39.5769	44
39.5785	44
39.5801	44
39.5817	44
39.5833	44
39.5849	44
39.5865	44
39.5881	44
39.5897	44
39.5913	44
39.5929	44
39.5945	44
39.5961	44
39.5977	44
39.5993	44
39.6009	44
39.6025	44
39.6041	44
39.6057	44
39.6073	44
39.6089	44
39.6105	44
39.6121	44
39.6137	44
39.6153	44
39.6169	44
39.6185	44
39.6201	44
39.6218	44
39.6234	44
39.625	44
39.6266	44
39.6282	44
39.6298	44
39.6314	44
39.633	44
39.6346	44
39.6362	44
39.6378	44
39.6394	44
39.641	44
39.6426	44
39.6442	44
39.6458	44
39.6474	44
39.649	44
39.6506	44
39.6522	44
39.6538	44
39.6554	44
39.657	44
39.6586	44
39.6602	44
39.6618	44
39.6634	44
39.665	44
39.6666	44
39.6682	44
39.6698	44
39.6714	44
39.673	44
39.6746	44
39.6762	44
39.6778	44
39.6794	44
39.681	44
39.6826	44
39.6842	44
39.6858	44
39.6874	44
39.689	44
39.6906	44
39.6922	44
39.6938	44
39.6954	44
39.6971	44
39.6987	44
39.7003	44
39.7019	44
39.7035	44
39.7051	44
39.7067	44
39.7083	44
39.7099	44
39.7115	44
39.7131	44
39.7147	44
39.7163	44
39.7179	44
39.7195	44
39.7211	44
39.7227	44
39.7243	44
39.7259	44
39.7275	44
39.7291	44
39.7307	44
39.7323	44
39.7339	44
39.7355	44
39.7371	44
39.7387	44
39.7403	44
39.7419	44
39.7435	44
39.7451	44
39.7467	44
39.7483	44
39.7499	44
39.7515	44
39.7531	44
39.7547	44
39.7563	44
39.7579	44
39.7595	44
39.7611	44
39.7627	44
39.7643	44
39.7659	44
39.7675	44
39.7691	44
39.7707	44
39.7724	44
39.774	44
39.7756	44
39.7772	44
39.7788	44
39.7804	44
39.782	44
39.7836	44
39.7852	44
39.7868	44
39.7884	44
39.79	44
39.7916	44
39.7932	44
39.7948	44
39.7964	44
39.798	44
39.7996	44
39.8012	44
39.8028	44
39.8044	44
39.806	44
39.8076	44
39.8092	44
39.8108	44
39.8124	44
39.814	44
39.8156	44
39.8172	44
39.8188	44
39.8204	44
39.822	44
39.8236	44
39.8252	44
39.8268	44
39.8284	44
39.83	44
39.8316	44
39.8332	44
39.8348	44
39.8364	44
39.838	44
39.8396	44
39.8412	44
39.8428	44
39.8444	44
39.846	44
39.8477	44
39.8493	44
39.8509	44
39.8525	44
39.8541	44
39.8557	44
39.8573	44
39.8589	44
39.8605	44
39.8621	44
39.8637	44
39.8653	44
39.8669	44
39.8685	44
39.8701	44
39.8717	44
39.8733	44
39.8749	44
39.8765	44
39.8781	44
39.8797	44
39.8813	44
39.8829	44
39.8845	44
39.8861	44
39.8877	44
39.8893	44
39.8909	44
39.8925	44
39.8941	44
39.8957	44
39.8973	44
39.8989	44
39.9005	44
39.9021	44
39.9037	44
39.9053	44
39.9069	44
39.9085	44
39.9101	44
39.9117	44
39.9133	44
39.9149	44
39.9165	44
39.9181	44
39.9197	44
39.9213	44
39.923	44
39.9246	44
39.9262	44
39.9278	44
39.9294	44
39.931	44
39.9326	44
39.9342	44
39.9358	44
39.9374	44
39.939	44
39.9406	44
39.9422	44
39.9438	44
39.9454	44
39.947	44
39.9486	44
39.9502	44
39.9518	44
39.9534	44
39.955	44
39.9566	44
39.9582	44
39.9598	44
39.9614	44
39.963	44
39.9646	44
39.9662	44
39.9678	44
39.9694	44
39.971	44
39.9726	44
39.9742	44
39.9758	44
39.9774	44
39.979	44
39.9806	44
39.9822	44
39.9838	44
39.9854	44
39.987	44
39.9886	44
39.9902	44
39.9918	44
39.9934	44
39.995	44
39.9967	44
39.9983	44
39.9999	44
40.0015	44
40.0031	44
40.0047	44
40.0063	44
40.0079	44
40.0095	44
40.0111	44
40.0127	44
40.0143	44
40.0159	44
40.0175	44
40.0191	44
40.0207	44
40.0223	44
40.0239	44
40.0255	44
40.0271	44
40.0287	44
40.0303	44
40.0319	44
40.0335	44
40.0351	44
40.0367	44
40.0383	44
40.0399	44
40.0415	44
40.0431	44
40.0447	44
40.0463	44
40.0479	44
40.0495	44
40.0511	44
40.0527	44
40.0543	44
40.0559	44
40.0575	44
40.0591	44
40.0607	44
40.0623	44
40.0639	44
40.0655	44
40.0671	44
40.0687	44
40.0703	44
40.072	44
40.0736	44
40.0752	44
40.0768	44
40.0784	44
40.08	44
40.0816	44
40.0832	44
40.0848	44
40.0864	44
40.088	44
40.0896	44
40.0912	44
40.0928	44
40.0944	44
40.096	44
40.0976	44
40.0992	44
40.1008	44
40.1024	44
40.104	44
40.1056	44
40.1072	44
40.1088	44
40.1104	44
40.112	44
40.1136	44
40.1152	44
40.1168	44
40.1184	44
40.12	44
40.1216	44
40.1232	44
40.1248	44
40.1264	44
40.128	44
40.1296	44
40.1312	44
40.1328	44
40.1344	44
40.136	44
40.1376	44
40.1392	44
40.1408	44
40.1424	44
40.144	44
40.1456	44
40.1473	44
40.1489	44
40.1505	44
40.1521	44
40.1537	44
40.1553	44
40.1569	44
40.1585	44
40.1601	44
40.1617	44
40.1633	44
40.1649	44
40.1665	44
40.1681	44
40.1697	44
40.1713	44
40.1729	44
40.1745	44
40.1761	44
40.1777	44
40.1793	44
40.1809	44
40.1825	44
40.1841	44
40.1857	44
40.1873	44
40.1889	44
40.1905	44
40.1921	44
40.1937	44
40.1953	44
40.1969	44
40.1985	44
40.2001	44
40.2017	44
40.2033	44
40.2049	44
40.2065	44
40.2081	44
40.2097	44
40.2113	44
40.2129	44
40.2145	44
40.2161	44
40.2177	44
40.2193	44
40.2209	44
40.2226	44
40.2242	44
40.2258	44
40.2274	44
40.229	44
40.2306	44
40.2322	44
40.2338	44
40.2354	44
40.237	44
40.2386	44
40.2402	44
40.2418	44
40.2434	44
40.245	44
40.2466	44
40.2482	44
40.2498	44
40.2514	44
40.253	44
40.2546	44
40.2562	44
40.2578	44
40.2594	44
40.261	44
40.2626	44
40.2642	44
40.2658	44
40.2674	44
40.269	44
40.2706	44
40.2722	44
40.2738	44
40.2754	44
40.277	44
40.2786	44
40.2802	44
40.2818	44
40.2834	44
40.285	44
40.2866	44
40.2882	44
40.2898	44
40.2914	44
40.293	44
40.2946	44
40.2962	44
40.2979	44
40.2995	44
40.3011	44
40.3027	44
40.3043	44
40.3059	44
40.3075	44
40.3091	44
40.3107	44
40.3123	44
40.3139	44
40.3155	44
40.3171	44
40.3187	44
40.3203	44
40.3219	44
40.3235	44
40.3251	44
40.3267	44
40.3283	44
40.3299	44
40.3315	44
40.3331	44
40.3347	44
40.3363	44
40.3379	44
40.3395	44
40.3411	44
40.3427	44
40.3443	44
40.3459	44
40.3475	44
40.3491	44
40.3507	44
40.3523	44
40.3539	44
40.3555	44
40.3571	44
40.3587	44
40.3603	44
40.3619	44
40.3635	44
40.3651	44
40.3667	44
40.3683	44
40.3699	44
40.3715	44
40.3732	44
40.3748	44
40.3764	44
40.378	44
40.3796	44
40.3812	44
40.3828	44
40.3844	44
40.386	44
40.3876	44
40.3892	44
40.3908	44
40.3924	44
40.394	44
40.3956	44
40.3972	44
40.3988	44
40.4004	44
40.402	44
40.4036	44
40.4052	44
40.4068	44
40.4084	44
40.41	44
40.4116	44
40.4132	44
40.4148	44
40.4164	44
40.418	44
40.4196	44
40.4212	44
40.4228	44
40.4244	44
40.426	44
40.4276	44
40.4292	44
40.4308	44
40.4324	44
40.434	44
40.4356	44
40.4372	44
40.4388	44
40.4404	44
40.442	44
40.4436	44
40.4452	44
40.4468	44
40.4485	44
40.4501	44
40.4517	44
40.4533	44
40.4549	44
40.4565	44
40.4581	44
40.4597	44
40.4613	44
40.4629	44
40.4645	44
40.4661	44
40.4677	44
40.4693	44
40.4709	44
40.4725	44
40.4741	44
40.4757	44
40.4773	44
40.4789	44
40.4805	44
40.4821	44
40.4837	44
40.4853	45
40.4869	45
40.4885	45
40.4901	45
40.4917	45
40.4933	45
40.4949	45
40.4965	45
40.4981	45
40.4997	45
40.5013	46
40.5029	46
40.5045	46
40.5061	46
40.5077	46
40.5093	46
40.5109	46
40.5125	46
40.5141	46
40.5157	46
40.5173	46
40.5189	46
40.5205	46
40.5222	46
40.5238	46
40.5254	46
40.527	46
40.5286	46
40.5302	46
40.5318	46
40.5334	46
40.535	46
40.5366	46
40.5382	46
40.5398	46
40.5414	46
40.543	46
40.5446	46
40.5462	46
40.5478	46
40.5494	46
40.551	46
40.5526	46
40.5542	46
40.5558	46
40.5574	46
40.559	46
40.5606	46
40.5622	46
40.5638	46
40.5654	46
40.567	46
40.5686	46
40.5702	46
40.5718	46
40.5734	46
40.575	46
40.5766	46
40.5782	46
40.5798	46
40.5814	46
40.583	46
40.5846	46
40.5862	46
40.5878	46
40.5894	46
40.591	46
40.5926	46
40.5942	46
40.5958	46
40.5975	46
40.5991	46
40.6007	46
40.6023	46
40.6039	46
40.6055	46
40.6071	46
40.6087	46
40.6103	46
40.6119	46
40.6135	46
40.6151	46
40.6167	46
40.6183	46
40.6199	46
40.6215	46
40.6231	46
40.6247	46
40.6263	46
40.6279	46
40.6295	46
40.6311	46
40.6327	46
40.6343	46
40.6359	46
40.6375	46
40.6391	46
40.6407	46
40.6423	46
40.6439	46
40.6455	46
40.6471	46
40.6487	46
40.6503	46
40.6519	46
40.6535	46
40.6551	46
40.6567	46
40.6583	46
40.6599	46
40.6615	46
40.6631	46
40.6647	46
40.6663	46
40.6679	46
40.6695	46
40.6711	46
40.6728	46
40.6744	46
40.676	46
40.6776	46
40.6792	46
40.6808	46
40.6824	46
40.684	46
40.6856	46
40.6872	46
40.6888	46
40.6904	46
40.692	46
40.6936	46
40.6952	46
40.6968	46
40.6984	46
40.7	46
40.7016	46
40.7032	46
40.7048	46
40.7064	46
40.708	46
40.7096	46
40.7112	46
40.7128	46
40.7144	46
40.716	46
40.7176	46
40.7192	46
40.7208	46
40.7224	46
40.724	46
40.7256	46
40.7272	46
40.7288	46
40.7304	46
40.732	46
40.7336	46
40.7352	46
40.7368	46
40.7384	46
40.74	46
40.7416	46
40.7432	46
40.7448	46
40.7464	46
40.7481	46
40.7497	46
40.7513	46
40.7529	46
40.7545	46
40.7561	46
40.7577	46
40.7593	46
40.7609	46
40.7625	46
40.7641	46
40.7657	46
40.7673	46
40.7689	46
40.7705	46
40.7721	46
40.7737	46
40.7753	46
40.7769	46
40.7785	46
40.7801	46
40.7817	46
40.7833	46
40.7849	46
40.7865	46
40.7881	46
40.7897	46
40.7913	46
40.7929	46
40.7945	46
40.7961	46
40.7977	46
40.7993	46
40.8009	46
40.8025	46
40.8041	46
40.8057	46
40.8073	46
40.8089	46
40.8105	46
40.8121	46
40.8137	46
40.8153	46
40.8169	46
40.8185	46
40.8201	46
40.8217	46
40.8234	46
40.825	46
40.8266	46
40.8282	46
40.8298	46
40.8314	46
40.833	46
40.8346	46
40.8362	46
40.8378	46
40.8394	46
40.841	46
40.8426	46
40.8442	46
40.8458	46
40.8474	46
40.849	46
40.8506	46
40.8522	46
40.8538	46
40.8554	46
40.857	46
40.8586	46
40.8602	46
40.8618	46
40.8634	46
40.865	46
40.8666	46
40.8682	46
40.8698	46
40.8714	46
40.873	46
40.8746	46
40.8762	46
40.8778	46
40.8794	46
40.881	46
40.8826	46
40.8842	46
40.8858	46
40.8874	46
40.889	46
40.8906	46
40.8922	46
40.8938	46
40.8954	46
40.897	46
40.8987	46
40.9003	46
40.9019	46
40.9035	46
40.9051	46
40.9067	46
40.9083	46
40.9099	46
40.9115	46
40.9131	46
40.9147	46
40.9163	46
40.9179	46
40.9195	46
40.9211	46
40.9227	46
40.9243	46
40.9259	46
40.9275	46
40.9291	46
40.9307	46
40.9323	46
40.9339	46
40.9355	47
40.9371	47
40.9387	47
40.9403	47
40.9419	47
40.9435	47
40.9451	47
40.9467	47
40.9483	47
40.9499	47
40.9515	47
40.9531	47
40.9547	47
40.9563	47
40.9579	47
40.9595	47
40.9611	47
40.9627	47
40.9643	47
40.9659	47
40.9675	47
40.9691	47
40.9707	47
40.9723	47
40.974	47
40.9756	47
40.9772	47
40.9788	47
40.9804	47
40.982	47
40.9836	47
40.9852	47
40.9868	47
40.9884	47
40.99	47
40.9916	47
40.9932	47
40.9948	47
40.9964	47
40.998	47
40.9996	47
41.0012	47
41.0028	47
41.0044	47
41.006	47
41.0076	47
41.0092	47
41.0108	47
41.0124	47
41.014	48
41.0156	48
41.0172	48
41.0188	48
41.0204	48
41.022	48
41.0236	48
41.0252	48
41.0268	48
41.0284	48
41.03	48
41.0316	48
41.0332	48
41.0348	48
41.0364	48
41.038	48
41.0396	48
41.0412	48
41.0428	48
41.0444	48
41.046	48
41.0476	48
41.0493	48
41.0509	48
41.0525	48
41.0541	48
41.0557	48
41.0573	48
41.0589	48
41.0605	48
41.0621	48
41.0637	48
41.0653	48
41.0669	48
41.0685	48
41.0701	48
41.0717	48
41.0733	48
41.0749	48
41.0765	48
41.0781	48
41.0797	48
41.0813	48
41.0829	48
41.0845	48
41.0861	48
41.0877	48
41.0893	48
41.0909	48
41.0925	48
41.0941	48
41.0957	48
41.0973	48
41.0989	48
41.1005	48
41.1021	48
41.1037	48
41.1053	48
41.1069	48
41.1085	48
41.1101	48
41.1117	48
41.1133	48
41.1149	48
41.1165	48
41.1181	48
41.1197	48
41.1213	48
41.123	48
41.1246	48
41.1262	48
41.1278	48
41.1294	48
41.131	48
41.1326	48
41.1342	48
41.1358	48
41.1374	48
41.139	48
41.1406	48
41.1422	48
41.1438	48
41.1454	48
41.147	48
41.1486	48
41.1502	48
41.1518	48
41.1534	48
41.155	48
41.1566	48
41.1582	48
41.1598	48
41.1614	48
41.163	48
41.1646	48
41.1662	48
41.1678	48
41.1694	48
41.171	48
41.1726	48
41.1742	48
41.1758	48
41.1774	48
41.179	48
41.1806	48
41.1822	48
41.1838	48
41.1854	48
41.187	48
41.1886	48
41.1902	48
41.1918	48
41.1934	48
41.195	48
41.1966	48
41.1983	48
41.1999	48
41.2015	48
41.2031	48
41.2047	48
41.2063	48
41.2079	48
41.2095	48
41.2111	48
41.2127	48
41.2143	48
41.2159	48
41.2175	48
41.2191	48
41.2207	48
41.2223	48
41.2239	48
41.2255	48
41.2271	48
41.2287	48
41.2303	48
41.2319	48
41.2335	48
41.2351	48
41.2367	48
41.2383	48
41.2399	48
41.2415	48
41.2431	48
41.2447	48
41.2463	48
41.2479	48
41.2495	48
41.2511	48
41.2527	48
41.2543	48
41.2559	48
41.2575	49
41.2591	49
41.2607	49
41.2623	49
41.2639	49
41.2655	49
41.2671	49
41.2687	49
41.2703	49
41.2719	49
41.2736	49
41.2752	49
41.2768	49
41.2784	49
41.28	49
41.2816	49
41.2832	49
41.2848	49
41.2864	49
41.288	49
41.2896	49
41.2912	49
41.2928	49
41.2944	49
41.296	49
41.2976	49
41.2992	49
41.3008	49
41.3024	49
41.304	49
41.3056	49
41.3072	49
41.3088	49
41.3104	49
41.312	49
41.3136	49
41.3152	49
41.3168	49
41.3184	49
41.32	49
41.3216	49
41.3232	49
41.3248	49
41.3264	49
41.328	49
41.3296	49
41.3312	49
41.3328	49
41.3344	49
41.336	49
41.3376	49
41.3392	49
41.3408	49
41.3424	49
41.344	49
41.3456	49
41.3472	49
41.3489	49
41.3505	49
41.3521	49
41.3537	49
41.3553	49
41.3569	49
41.3585	49
41.3601	49
41.3617	49
41.3633	49
41.3649	49
41.3665	49
41.3681	49
41.3697	49
41.3713	49
41.3729	49
41.3745	49
41.3761	49
41.3777	49
41.3793	49
41.3809	49
41.3825	49
41.3841	49
41.3857	49
41.3873	49
41.3889	49
41.3905	49
41.3921	49
41.3937	49
41.3953	49
41.3969	49
41.3985	49
41.4001	49
41.4017	49
41.4033	49
41.4049	49
41.4065	49
41.4081	49
41.4097	49
41.4113	49
41.4129	49
41.4145	49
41.4161	49
41.4177	49
41.4193	49
41.4209	49
41.4225	49
41.4242	49
41.4258	49
41.4274	49
41.429	49
41.4306	49
41.4322	49
41.4338	49
41.4354	49
41.437	49
41.4386	49
41.4402	49
41.4418	49
41.4434	49
41.445	49
41.4466	49
41.4482	49
41.4498	49
41.4514	49
41.453	49
41.4546	49
41.4562	49
41.4578	49
41.4594	49
41.461	49
41.4626	49
41.4642	49
41.4658	49
41.4674	49
41.469	49
41.4706	49
41.4722	49
41.4738	49
41.4754	49
41.477	49
41.4786	49
41.4802	49
41.4818	49
41.4834	49
41.485	49
41.4866	49
41.4882	49
41.4898	49
41.4914	49
41.493	49
41.4946	49
41.4962	50
41.4978	50
41.4995	50
41.5011	50
41.5027	50
41.5043	50
41.5059	50
41.5075	50
41.5091	50
41.5107	50
41.5123	50
41.5139	50
41.5155	50
41.5171	51
41.5187	51
41.5203	51
41.5219	51
41.5235	51
41.5251	51
41.5267	51
41.5283	51
41.5299	51
41.5315	51
41.5331	51
41.5347	51
41.5363	51
41.5379	51
41.5395	51
41.5411	51
41.5427	51
41.5443	51
41.5459	51
41.5475	51
41.5491	51
41.5507	51
41.5523	51
41.5539	51
41.5555	51
41.5571	51
41.5587	51
41.5603	51
41.5619	51
41.5635	51
41.5651	51
41.5667	51
41.5683	51
41.5699	51
41.5715	51
41.5731	51
41.5748	51
41.5764	51
41.578	51
41.5796	51
41.5812	51
41.5828	51
41.5844	51
41.586	51
41.5876	51
41.5892	51
41.5908	51
41.5924	51
41.594	51
41.5956	51
41.5972	51
41.5988	51
41.6004	51
41.602	51
41.6036	51
41.6052	51
41.6068	51
41.6084	51
41.61	51
41.6116	51
41.6132	51
41.6148	51
41.6164	51
41.618	51
41.6196	51
41.6212	51
41.6228	51
41.6244	51
41.626	51
41.6276	51
41.6292	51
41.6308	51
41.6324	51
41.634	51
41.6356	51
41.6372	51
41.6388	51
41.6404	51
41.642	51
41.6436	51
41.6452	51
41.6468	51
41.6485	51
41.6501	51
41.6517	51
41.6533	51
41.6549	51
41.6565	51
41.6581	51
41.6597	51
41.6613	51
41.6629	51
41.6645	51
41.6661	51
41.6677	51
41.6693	51
41.6709	51
41.6725	51
41.6741	51
41.6757	51
41.6773	51
41.6789	51
41.6805	51
41.6821	51
41.6837	51
41.6853	51
41.6869	51
41.6885	51
41.6901	51
41.6917	51
41.6933	51
41.6949	51
41.6965	51
41.6981	51
41.6997	51
41.7013	51
41.7029	51
41.7045	51
41.7061	51
41.7077	51
41.7093	51
41.7109	51
41.7125	52
41.7141	52
41.7157	52
41.7173	52
41.7189	52
41.7205	52
41.7221	52
41.7238	52
41.7254	52
41.727	52
41.7286	52
41.7302	52
41.7318	52
41.7334	52
41.735	52
41.7366	52
41.7382	52
41.7398	52
41.7414	52
41.743	52
41.7446	52
41.7462	52
41.7478	52
41.7494	52
41.751	52
41.7526	52
41.7542	52
41.7558	52
41.7574	52
41.759	52
41.7606	52
41.7622	52
41.7638	52
41.7654	52
41.767	52
41.7686	52
41.7702	52
41.7718	52
41.7734	52
41.775	52
41.7766	52
41.7782	52
41.7798	52
41.7814	52
41.783	52
41.7846	52
41.7862	52
41.7878	52
41.7894	52
41.791	52
41.7926	52
41.7942	52
41.7958	52
41.7974	52
41.7991	52
41.8007	52
41.8023	52
41.8599	52
41.8615	52
41.8631	52
41.8647	51
41.8663	51
41.8679	50
41.8695	50
41.8711	49
41.8727	49
41.8744	48
41.8755	47
41.8939	46
41.8955	45
41.8971	44
41.8987	44
41.9003	44
41.9019	44
41.9036	44
41.9052	45
41.9068	45
41.9084	46
41.91	47
41.9116	48
41.9132	49
41.9148	49
41.9164	50
41.918	51
41.9196	51
41.9212	51
41.9228	52
41.9244	52
41.926	52
41.9276	53
41.9292	53
41.9308	53
41.9324	51
41.934	50
41.9356	48
41.9372	47
41.9388	46
41.9404	45
41.942	44
41.9436	43
41.9452	43
41.9468	42
41.9484	42
41.95	41
41.9516	41
41.9532	40
41.9548	40
41.9564	40
41.958	40
41.9596	39
41.9612	39
41.9628	39
41.9644	39
41.966	39
41.9676	39
41.9692	39
41.9708	39
41.9724	39
41.974	39
41.9756	38
41.9772	38
41.9789	38
41.9805	38
41.9821	38
41.9837	38
41.9853	38
41.9869	38
41.9885	38
41.9901	38
41.9917	38
41.9933	38
41.9949	38
41.9965	38
41.9981	38
41.9997	38
42.0013	38
42.0029	38
42.0045	38
42.0061	38
42.0077	38
42.0093	38
42.0109	38
42.0125	38
42.0141	38
42.0157	38
42.0173	38
42.0189	38
42.0205	38
42.0221	38
42.0237	38
42.0253	39
42.0269	39
42.0285	39
42.0301	39
42.0317	39
42.0333	39
42.0349	39
42.0365	39
42.0381	39
42.0397	39
42.0413	39
42.0429	39
42.0445	39
42.0461	39
42.0477	39
42.0493	39
42.0509	39
42.0525	39
42.0542	39
42.0558	39
42.0574	39
42.059	39
42.0606	39
42.0622	39
42.0638	39
42.0654	39
42.067	39
42.0686	39
42.0702	39
42.0718	39
42.0734	39
42.075	39
42.0766	39
42.0782	39
42.0798	39
42.0814	39
42.083	39
42.0846	39
42.0862	39
42.0878	39
42.0894	39
42.091	40
42.0926	40
42.0942	40
42.0958	40
42.0974	40
42.099	40
42.1006	40
42.1022	40
42.1038	40
42.1054	40
42.107	40
42.1086	40
42.1102	40
42.1118	40
42.1134	40
42.115	40
42.1166	40
42.1182	40
42.1198	40
42.1214	40
42.123	40
42.1246	40
42.1262	40
42.1278	40
42.1295	40
42.1311	40
42.1327	40
42.1343	40
42.1359	40
42.1375	40
42.1391	40
42.1407	40
42.1423	40
42.1439	40
42.1455	40
42.1471	40
42.1487	40
42.1503	40
42.1519	40
42.1535	40
42.1551	40
42.1567	40
42.1583	40
42.1599	40
42.1615	40
42.1631	40
42.1647	40
42.1663	40
42.1679	40
42.1695	40
42.1711	41
42.1727	41
42.1743	41
42.1759	41
42.1775	41
42.1791	41
42.1807	41
42.1823	41
42.1839	41
42.1855	41
42.1871	41
42.1887	41
42.1903	41
42.1919	41
42.1935	41
42.1951	41
42.1967	41
42.1983	41
42.1999	41
42.2015	41
42.2032	41
42.2048	41
42.2064	41
42.208	41
42.2096	41
42.2112	41
42.2128	41
42.2144	41
42.216	41
42.2176	41
42.2192	41
42.2208	41
42.2224	41
42.224	41
42.2256	41
42.2272	41
42.2288	41
42.2304	41
42.232	41
42.2336	41
42.2352	41
42.2368	41
42.2384	41
42.24	41
42.2416	41
42.2432	41
42.2448	41
42.2464	41
42.248	41
42.2496	41
42.2512	41
42.2528	41
42.2544	41
42.256	41
42.2576	41
42.2592	41
42.2608	41
42.2624	41
42.264	41
42.2656	41
42.2672	41
42.2688	41
42.2704	41
42.272	41
42.2736	41
42.2752	41
42.2768	41
42.2785	41
42.2801	41
42.2817	41
42.2833	41
42.2849	41
42.2865	41
42.2881	41
42.2897	41
42.2913	41
42.2929	41
42.2945	41
42.2961	41
42.2977	41
42.2993	41
42.3009	41
42.3025	41
42.3041	41
42.3057	41
42.3073	41
42.3089	41
42.3105	41
42.3121	42
42.3137	42
42.3153	42
42.3169	42
42.3185	42
42.3201	42
42.3217	42
42.3233	42
42.3249	42
42.3265	42
42.3281	42
42.3297	42
42.3313	42
42.3329	42
42.3345	42
42.3361	43
42.3377	43
42.3393	43
42.3409	43
42.3425	43
42.3441	43
42.3457	43
42.3473	43
42.3489	43
42.3505	43
42.3521	43
42.3538	43
42.3554	43
42.357	43
42.3586	43
42.3602	43
42.3618	43
42.3634	43
42.365	43
42.3666	43
42.3682	43
42.3698	43
42.3714	43
42.373	43
42.3746	43
42.3762	43
42.3778	43
42.3794	43
42.381	43
42.3826	43
42.3842	43
42.3858	43
42.3874	43
42.389	43
42.3906	43
42.3922	43
42.3938	43
42.3954	43
42.397	43
42.3986	43
42.4002	43
42.4018	43
42.4034	43
42.405	43
42.4066	43
42.4082	43
42.4098	43
42.4114	43
42.413	43
42.4146	43
42.4162	43
42.4178	43
42.4194	43
42.421	43
42.4226	43
42.4242	43
42.4258	43
42.4274	43
42.4291	43
42.4307	43
42.4323	43
42.4339	43
42.4355	43
42.4371	43
42.4387	43
42.4403	43
42.4419	43
42.4435	43
42.4451	43
42.4467	43
42.4483	43
42.4499	43
42.4515	43
42.4531	43
42.4547	43
42.4563	43
42.4579	43
42.4595	43
42.4611	43
42.4627	43
42.4643	43
42.4659	43
42.4675	43
42.4691	43
42.4707	43
42.4723	43
42.4739	43
42.4755	43
42.4771	43
42.4787	43
42.4803	43
42.4819	43
42.4835	44
42.4851	44
42.4867	44
42.4883	44
42.4899	44
42.4915	44
42.4931	44
42.4947	44
42.4963	44
42.4979	44
42.4995	44
42.5011	44
42.5027	44
42.5044	44
42.506	44
42.5076	44
42.5092	44
42.5108	44
42.5124	44
42.514	44
42.5156	44
42.5172	44
42.5188	44
42.5204	44
42.522	44
42.5236	44
42.5252	44
42.5268	44
42.5284	44
42.53	44
42.5316	44
42.5332	44
42.5348	44
42.5364	44
42.538	44
42.5396	44
42.5412	44
42.5428	44
42.5444	44
42.546	44
42.5476	44
42.5492	44
42.5508	44
42.5524	44
42.554	44
42.5556	44
42.5572	44
42.5588	44
42.5604	44
42.562	44
42.5636	44
42.5652	44
42.5668	44
42.5684	44
42.57	44
42.5716	44
42.5732	44
42.5748	44
42.5764	44
42.578	44
42.5797	44
42.5813	44
42.5829	44
42.5845	44
42.5861	44
42.5877	44
42.5893	44
42.5909	44
42.5925	44
42.5941	44
42.5957	44
42.5973	44
42.5989	44
42.6005	44
42.6021	44
42.6037	44
42.6053	44
42.6069	44
42.6085	44
42.6101	44
42.6117	44
42.6133	44
42.6149	44
42.6165	44
42.6181	44
42.6197	44
42.6213	44
42.6229	44
42.6245	44
42.6261	44
42.6277	44
42.6293	44
42.6309	44
42.6325	44
42.6341	44
42.6357	44
42.6373	44
42.6389	44
42.6405	44
42.6421	44
42.6437	44
42.6453	44
42.6469	44
42.6485	44
42.6501	44
42.6517	44
42.6533	44
42.655	44
42.6566	44
42.6582	44
42.6598	44
42.6614	45
42.663	45
42.6646	45
42.6662	45
42.6678	45
42.6694	45
42.671	45
42.6726	45
42.6742	46
42.6758	46
42.6774	46
42.679	46
42.6806	46
42.6822	46
42.6838	46
42.6854	46
42.687	46
42.6886	46
42.6902	46
42.6918	46
42.6934	46
42.695	46
42.6966	46
42.6982	46
42.6998	46
42.7014	46
42.703	46
42.7046	46
42.7062	46
42.7078	46
42.7094	46
42.711	46
42.7126	46
42.7142	46
42.7158	46
42.7174	46
42.719	46
42.7206	46
42.7222	46
42.7238	46
42.7254	46
42.727	46
42.7287	46
42.7303	46
42.7319	46
42.7335	46
42.7351	46
42.7367	46
42.7383	46
42.7399	46
42.7415	46
42.7431	46
42.7447	46
42.7463	46
42.7479	46
42.7495	46
42.7511	46
42.7527	46
42.7543	46
42.7559	46
42.7575	46
42.7591	46
42.7607	46
42.7623	46
42.7639	46
42.7655	46
42.7671	46
42.7687	46
42.7703	46
42.7719	46
42.7735	46
42.7751	46
42.7767	46
42.7783	46
42.7799	46
42.7815	46
42.7831	46
42.7847	46
42.7863	46
42.7879	46
42.7895	46
42.7911	46
42.7927	46
42.7943	46
42.7959	46
42.7975	46
42.7991	46
42.8007	46
42.8023	46
42.804	46
42.8056	46
42.8072	46
42.8088	46
42.8104	46
42.812	46
42.8136	46
42.8152	46
42.8168	46
42.8184	46
42.82	46
42.8216	46
42.8232	46
42.8248	46
42.8264	46
42.828	46
42.8296	46
42.8312	46
42.8328	46
42.8344	46
42.836	46
42.8376	46
42.8392	46
42.8408	46
42.8424	46
42.844	46
42.8456	46
42.8472	46
42.8488	46
42.8504	46
42.852	46
42.8536	46
42.8552	46
42.8568	46
42.8584	46
42.86	46
42.8616	46
42.8632	46
42.8648	46
42.8664	46
42.868	46
42.8696	46
42.8712	46
42.8728	46
42.8744	47
42.876	47
42.8776	47
42.8793	47
42.8809	47
42.8825	47
42.8841	47
42.8857	47
42.8873	47
42.8889	47
42.8905	47
42.8921	47
42.8937	47
42.8953	47
42.8969	47
42.8985	47
42.9001	47
42.9017	47
42.9033	47
42.9049	47
42.9065	47
42.9081	47
42.9097	47
42.9113	47
42.9129	47
42.9145	47
42.9161	47
42.9177	47
42.9193	47
42.9209	47
42.9225	47
42.9241	47
42.9257	47
42.9273	47
42.9289	47
42.9305	47
42.9321	47
42.9337	47
42.9353	47
42.9369	47
42.9385	47
42.9401	47
42.9417	47
42.9433	47
42.9449	47
42.9465	47
42.9481	47
42.9497	47
42.9513	47
42.9529	47
42.9546	47
42.9562	47
42.9578	47
42.9594	47
42.961	47
42.9626	47
42.9642	47
42.9658	47
42.9674	47
42.969	47
42.9706	47
42.9722	47
42.9738	47
42.9754	47
42.977	47
42.9786	47
42.9802	47
42.9818	47
42.9834	47
42.985	47
42.9866	47
42.9882	47
42.9898	47
42.9914	47
42.993	48
42.9946	48
42.9962	48
42.9978	48
42.9994	48
43.001	48
43.0026	48
43.0042	48
43.0058	48
43.0074	48
43.009	48
43.0106	48
43.0122	48
43.0138	48
43.0154	48
43.017	48
43.0186	48
43.0202	48
43.0218	48
43.0234	48
43.025	48
43.0266	48
43.0282	48
43.0299	48
43.0315	48
43.0331	48
43.0347	48
43.0363	48
43.0379	48
43.0395	48
43.0411	48
43.0427	48
43.0443	48
43.0459	48
43.0475	48
43.0491	48
43.0507	48
43.0523	48
43.0539	48
43.0555	48
43.0571	48
43.0587	48
43.0603	48
43.0619	48
43.0635	48
43.0651	48
43.0667	48
43.0683	48
43.0699	48
43.0715	48
43.0731	48
43.0747	48
43.0763	48
43.0779	48
43.0795	48
43.0811	48
43.0827	48
43.0843	48
43.0859	48
43.0875	48
43.0891	48
43.0907	48
43.0923	48
43.0939	48
43.0955	48
43.0971	48
43.0987	48
43.1003	48
43.1019	48
43.1035	48
43.1052	48
43.1068	48
43.1084	48
43.11	48
43.1116	48
43.1132	48
43.1148	48
43.1164	48
43.118	48
43.1196	48
43.1212	48
43.1228	48
43.1244	48
43.126	48
43.1276	48
43.1292	48
43.1308	48
43.1324	49
43.134	49
43.1356	49
43.1372	49
43.1388	49
43.1404	49
43.142	49
43.1436	49
43.1452	49
43.1468	49
43.1484	49
43.15	49
43.1516	49
43.1532	49
43.1548	49
43.1564	49
43.158	49
43.1596	49
43.1612	49
43.1628	49
43.1644	49
43.166	49
43.1676	49
43.1692	49
43.1708	49
43.1724	49
43.174	49
43.1756	49
43.1772	49
43.1788	49
43.1805	49
43.1821	49
43.1837	49
43.1853	49
43.1869	49
43.1885	49
43.1901	49
43.1917	49
43.1933	49
43.1949	49
43.1965	49
43.1981	49
43.1997	49
43.2013	49
43.2029	49
43.2045	49
43.2061	49
43.2077	49
43.2093	49
43.2109	49
43.2125	49
43.2141	49
43.2157	49
43.2173	49
43.2189	49
43.2205	49
43.2221	49
43.2237	49
43.2253	49
43.2269	49
43.2285	49
43.2301	49
43.2317	49
43.2333	49
43.2349	49
43.2365	49
43.2381	49
43.2397	49
43.2413	49
43.2429	49
43.2445	49
43.2461	49
43.2477	49
43.2493	49
43.2509	49
43.2525	49
43.2542	49
43.2558	49
43.2574	49
43.259	49
43.2606	49
43.2622	49
43.2638	49
43.2654	49
43.267	49
43.2686	49
43.2702	49
43.2718	49
43.2734	49
43.275	49
43.2766	49
43.2782	49
43.2798	49
43.2814	49
43.283	49
43.2846	49
43.2862	49
43.2878	49
43.2894	49
43.291	49
43.2926	49
43.2942	49
43.2958	49
43.2974	49
43.299	49
43.3006	49
43.3022	49
43.3038	49
43.3054	49
43.307	49
43.3086	49
43.3102	49
43.3118	49
43.3134	49
43.315	49
43.3166	49
43.3182	49
43.3198	49
43.3214	49
43.323	49
43.3246	49
43.3262	49
43.3278	49
43.3295	49
43.3311	49
43.3327	49
43.3343	49
43.3359	49
43.3375	49
43.3391	49
43.3407	49
43.3423	49
43.3439	49
43.3455	49
43.3471	49
43.3487	49
43.3503	49
43.3519	49
43.3535	49
43.3551	49
43.3567	49
43.3583	49
43.3599	49
43.3615	49
43.3631	49
43.3647	49
43.3663	49
43.3679	49
43.3695	49
43.3711	49
43.3727	49
43.3743	49
43.3759	49
43.3775	49
43.3791	49
43.3807	49
43.3823	49
43.3839	49
43.3855	49
43.3871	49
43.3887	49
43.3903	49
43.3919	49
43.3935	49
43.3951	49
43.3967	49
43.3983	49
43.3999	49
43.4015	49
43.4031	49
43.4048	49
43.4064	49
43.408	49
43.4096	49
43.4112	49
43.4128	49
43.4144	49
43.416	49
43.4176	49
43.4192	49
43.4208	49
43.4224	49
43.424	49
43.4256	49
43.4272	49
43.4288	49
43.4304	49
43.432	49
43.4336	49
43.4352	50
43.4368	50
43.4384	50
43.44	50
43.4416	50
43.4432	50
43.4448	50
43.4464	50
43.448	50
43.4496	50
43.4512	51
43.4528	51
43.4544	51
43.456	51
43.4576	51
43.4592	51
43.4608	51
43.4624	51
43.464	51
43.4656	51
43.4672	51
43.4688	51
43.4704	51
43.472	51
43.4736	51
43.4752	51
43.4768	51
43.4784	51
43.4801	51
43.4817	51
43.4833	51
43.4849	51
43.4865	51
43.4881	51
43.4897	51
43.4913	51
43.4929	51
43.4945	51
43.4961	51
43.4977	51
43.4993	51
43.5009	51
43.5025	51
43.5041	51
43.5057	51
43.5073	51
43.5089	51
43.5105	51
43.5121	51
43.5137	51
43.5153	51
43.5169	51
43.5185	51
43.5201	51
43.5217	51
43.5233	51
43.5249	51
43.5265	51
43.5281	51
43.5297	51
43.5313	51
43.5329	51
43.5345	51
43.5361	51
43.5377	51
43.5393	51
43.5409	51
43.5425	51
43.5441	51
43.5457	51
43.5473	51
43.5489	51
43.5505	51
43.5521	51
43.5537	51
43.5554	51
43.557	51
43.5586	51
43.5602	51
43.5618	51
43.5634	51
43.565	51
43.5666	51
43.5682	51
43.5698	51
43.5714	51
43.573	51
43.5746	51
43.5762	51
43.5778	51
43.5794	51
43.581	51
43.5826	51
43.5842	51
43.5858	51
43.5874	51
43.589	51
43.5906	51
43.5922	51
43.5938	51
43.5954	51
43.597	51
43.5986	51
43.6002	51
43.6018	51
43.6034	51
43.605	51
43.6066	51
43.6082	51
43.6098	51
43.6114	51
43.613	51
43.6146	51
43.6162	51
43.6178	51
43.6194	51
43.621	51
43.6226	51
43.6242	51
43.6258	51
43.6274	51
43.629	51
43.6307	51
43.6323	51
43.6339	51
43.6355	51
43.6371	51
43.6387	51
43.6403	51
43.6419	51
43.6435	51
43.6451	51
43.6467	51
43.6483	51
43.6499	51
43.6515	51
43.6531	51
43.6547	51
43.6563	51
43.6579	51
43.6595	51
43.6611	51
43.6627	51
43.6643	51
43.6659	51
43.6675	51
43.6691	51
43.6707	51
43.6723	51
43.6739	51
43.6755	51
43.6771	51
43.6787	51
43.6803	51
43.6819	51
43.6835	51
43.6851	51
43.6867	51
43.6883	51
43.6899	51
43.6915	51
43.6931	51
43.6947	51
43.6963	51
43.6979	51
43.6995	51
43.7011	51
43.7027	51
43.7043	51
43.706	51
43.7076	51
43.7092	51
43.7108	51
43.7124	51
43.714	51
43.7156	51
43.7172	51
43.7188	51
43.7204	51
43.722	51
43.7236	51
43.7252	51
43.7268	51
43.7284	51
43.73	51
43.7316	51
43.7332	51
43.7348	51
43.7364	51
43.738	51
43.7396	51
43.7412	51
43.7428	51
43.7444	51
43.746	51
43.7476	51
43.7492	51
43.7508	51
43.7524	51
43.754	51
43.7556	51
43.7572	51
43.7588	51
43.7604	51
43.762	51
43.7636	51
43.7652	51
43.7668	51
43.7684	51
43.77	51
43.7716	51
43.7732	51
43.7748	51
43.7764	51
43.778	51
43.7797	51
43.7813	51
43.7829	51
43.7845	51
43.7861	51
43.7877	51
43.7893	51
43.7909	51
43.7925	51
43.7941	51
43.7957	51
43.7973	51
43.7989	51
43.8005	51
43.8021	51
43.8037	51
43.8053	51
43.8069	51
43.8085	51
43.8101	51
43.8117	51
43.8133	51
43.8149	51
43.8165	51
43.8181	51
43.8197	51
43.8213	51
43.8229	51
43.8245	51
43.8261	51
43.8277	51
43.8293	51
43.8309	51
43.8325	51
43.8341	51
43.8357	51
43.8373	51
43.8389	51
43.8405	51
43.8421	51
43.8437	51
43.8453	51
43.8469	51
43.8485	51
43.8501	51
43.8517	51
43.8533	51
43.855	51
43.8566	51
43.8582	51
43.8598	51
43.8614	51
43.863	51
43.8646	51
43.8662	51
43.8678	51
43.8694	51
43.871	51
43.8726	51
43.8742	51
43.8758	51
43.8774	51
43.879	51
43.8806	51
43.8822	51
43.8838	51
43.8854	51
43.887	51
43.8886	52
43.8902	52
43.8918	52
43.8934	52
43.895	52
43.8966	52
43.8982	52
43.8998	52
43.9014	52
43.903	52
43.9046	52
43.9062	52
43.9078	52
43.9094	52
43.911	52
43.9126	52
43.9142	52
43.9158	52
43.9174	52
43.919	52
43.9206	52
43.9222	52
43.9238	52
43.9254	52
43.927	52
43.9286	52
43.9303	52
43.9319	52
43.9335	52
43.9351	52
43.9367	52
43.9383	52
43.9399	52
43.9415	52
43.9431	52
43.9447	52
43.9463	52
43.9479	52
43.9495	52
43.9511	52
43.9527	52
43.9543	52
43.9559	52
43.9575	52
43.9591	52
43.9607	52
43.9623	52
43.9639	52
43.9655	52
43.9671	52
43.9687	52
43.9703	52
43.9719	52
43.9735	52
43.9751	52
43.9767	52
43.9783	52
44.0352	52
44.0368	52
44.0384	51
44.04	51
44.0416	50
44.0432	50
44.0448	49
44.0464	49
44.048	48
44.0496	47
44.0507	47
44.0683	45
44.0699	44
44.0715	44
44.0732	43
44.0748	43
44.0764	44
44.078	44
44.0796	44
44.0812	45
44.0828	46
44.0844	46
44.086	47
44.0876	48
44.0892	48
44.0908	49
44.0924	49
44.094	49
44.0956	50
44.0972	50
44.0988	50
44.1004	50
44.102	51
44.1036	51
44.1052	49
44.1068	47
44.1084	46
44.11	45
44.1116	44
44.1132	43
44.1148	42
44.1164	41
44.118	41
44.1196	40
44.1212	40
44.1228	39
44.1244	39
44.126	39
44.1276	38
44.1292	38
44.1308	38
44.1324	38
44.134	38
44.1356	37
44.1372	37
44.1388	37
44.1404	37
44.142	37
44.1436	37
44.1452	37
44.1468	37
44.1485	37
44.1501	37
44.1517	37
44.1533	37
44.1549	37
44.1565	37
44.1581	37
44.1597	37
44.1613	37
44.1629	36
44.1645	36
44.1661	36
44.1677	37
44.1693	37
44.1709	37
44.1725	37
44.1741	37
44.1757	37
44.1773	37
44.1789	37
44.1805	37
44.1821	38
44.1837	38
44.1853	38
44.1869	38
44.1885	38
44.1901	38
44.1917	38
44.1933	38
44.1949	38
44.1965	38
44.1981	38
44.1997	38
44.2013	38
44.2029	38
44.2045	38
44.2061	38
44.2077	38
44.2093	38
44.2109	38
44.2125	38
44.2141	38
44.2157	38
44.2173	38
44.2189	38
44.2205	38
44.2221	38
44.2238	38
44.2254	38
44.227	38
44.2286	38
44.2302	38
44.2318	38
44.2334	38
44.235	38
44.2366	38
44.2382	38
44.2398	38
44.2414	38
44.243	38
44.2446	38
44.2462	38
44.2478	38
44.2494	38
44.251	38
44.2526	38
44.2542	38
44.2558	38
44.2574	38
44.259	38
44.2606	38
44.2622	38
44.2638	38
44.2654	38
44.267	38
44.2686	38
44.2702	38
44.2718	38
44.2734	38
44.275	38
44.2766	38
44.2782	38
44.2798	38
44.2814	38
44.283	38
44.2846	38
44.2862	38
44.2878	38
44.2894	38
44.291	38
44.2926	38
44.2942	38
44.2958	38
44.2974	38
44.2991	38
44.3007	38
44.3023	38
44.3039	38
44.3055	38
44.3071	38
44.3087	38
44.3103	38
44.3119	38
44.3135	38
44.3151	38
44.3167	38
44.3183	38
44.3199	38
44.3215	38
44.3231	38
44.3247	38
44.3263	38
44.3279	38
44.3295	38
44.3311	38
44.3327	38
44.3343	38
44.3359	38
44.3375	38
44.3391	38
44.3407	38
44.3423	38
44.3439	38
44.3455	38
44.3471	38
44.3487	38
44.3503	38
44.3519	38
44.3535	38
44.3551	38
44.3567	38
44.3583	38
44.3599	38
44.3615	38
44.3631	38
44.3647	38
44.3663	38
44.3679	38
44.3695	38
44.3711	38
44.3728	38
44.3744	38
44.376	38
44.3776	38
44.3792	38
44.3808	38
44.3824	38
44.384	38
44.3856	38
44.3872	38
44.3888	38
44.3904	38
44.392	38
44.3936	38
44.3952	38
44.3968	38
44.3984	38
44.4	38
44.4016	39
44.4032	39
44.4048	39
44.4064	39
44.408	39
44.4096	39
44.4112	39
44.4128	39
44.4144	39
44.416	39
44.4176	39
44.4192	39
44.4208	39
44.4224	39
44.424	40
44.4256	40
44.4272	40
44.4288	40
44.4304	40
44.432	40
44.4336	40
44.4352	40
44.4368	40
44.4384	40
44.44	40
44.4416	40
44.4432	40
44.4448	40
44.4464	40
44.4481	40
44.4497	40
44.4513	40
44.4529	40
44.4545	40
44.4561	40
44.4577	40
44.4593	40
44.4609	40
44.4625	40
44.4641	40
44.4657	40
44.4673	40
44.4689	40
44.4705	40
44.4721	40
44.4737	40
44.4753	40
44.4769	40
44.4785	40
44.4801	40
44.4817	40
44.4833	40
44.4849	40
44.4865	40
44.4881	40
44.4897	40
44.4913	40
44.4929	40
44.4945	40
44.4961	40
44.4977	40
44.4993	40
44.5009	40
44.5025	40
44.5041	40
44.5057	40
44.5073	40
44.5089	40
44.5105	40
44.5121	40
44.5137	40
44.5153	40
44.5169	40
44.5185	40
44.5201	40
44.5217	40
44.5234	40
44.525	40
44.5266	40
44.5282	40
44.5298	40
44.5314	40
44.533	40
44.5346	40
44.5362	40
44.5378	40
44.5394	40
44.541	40
44.5426	40
44.5442	40
44.5458	40
44.5474	40
44.549	40
44.5506	40
44.5522	40
44.5538	40
44.5554	40
44.557	40
44.5586	40
44.5602	40
44.5618	40
44.5634	40
44.565	40
44.5666	40
44.5682	40
44.5698	40
44.5714	40
44.573	40
44.5746	40
44.5762	40
44.5778	40
44.5794	40
44.581	40
44.5826	40
44.5842	40
44.5858	40
44.5874	40
44.589	40
44.5906	40
44.5922	40
44.5938	40
44.5954	40
44.597	40
44.5987	40
44.6003	40
44.6019	40
44.6035	40
44.6051	40
44.6067	40
44.6083	40
44.6099	40
44.6115	40
44.6131	40
44.6147	40
44.6163	40
44.6179	40
44.6195	40
44.6211	40
44.6227	40
44.6243	40
44.6259	40
44.6275	40
44.6291	40
44.6307	40
44.6323	40
44.6339	40
44.6355	40
44.6371	40
44.6387	40
44.6403	40
44.6419	40
44.6435	40
44.6451	40
44.6467	40
44.6483	40
44.6499	40
44.6515	40
44.6531	40
44.6547	40
44.6563	40
44.6579	40
44.6595	40
44.6611	40
44.6627	40
44.6643	40
44.6659	40
44.6675	40
44.6691	40
44.6707	40
44.6723	40
44.674	40
44.6756	40
44.6772	40
44.6788	40
44.6804	40
44.682	40
44.6836	40
44.6852	41
44.6868	41
44.6884	41
44.69	41
44.6916	41
44.6932	41
44.6948	41
44.6964	41
44.698	41
44.6996	41
44.7012	41
44.7028	41
44.7044	41
44.706	41
44.7076	41
44.7092	41
44.7108	41
44.7124	41
44.714	41
44.7156	41
44.7172	41
44.7188	41
44.7204	41
44.722	41
44.7236	41
44.7252	41
44.7268	41
44.7284	41
44.73	41
44.7316	41
44.7332	41
44.7348	41
44.7364	41
44.738	41
44.7396	41
44.7412	41
44.7428	41
44.7444	41
44.746	41
44.7476	41
44.7493	41
44.7509	41
44.7525	41
44.7541	41
44.7557	41
44.7573	41
44.7589	41
44.7605	41
44.7621	41
44.7637	41
44.7653	41
44.7669	41
44.7685	41
44.7701	41
44.7717	41
44.7733	41
44.7749	41
44.7765	41
44.7781	41
44.7797	41
44.7813	41
44.7829	41
44.7845	41
44.7861	41
44.7877	41
44.7893	41
44.7909	41
44.7925	41
44.7941	41
44.7957	41
44.7973	41
44.7989	41
44.8005	41
44.8021	41
44.8037	41
44.8053	41
44.8069	41
44.8085	41
44.8101	41
44.8117	41
44.8133	41
44.8149	41
44.8165	41
44.8181	41
44.8197	41
44.8213	41
44.8229	41
44.8246	41
44.8262	41
44.8278	41
44.8294	41
44.831	41
44.8326	41
44.8342	41
44.8358	41
44.8374	41
44.839	41
44.8406	41
44.8422	41
44.8438	41
44.8454	41
44.847	41
44.8486	41
44.8502	41
44.8518	41
44.8534	41
44.855	41
44.8566	41
44.8582	41
44.8598	41
44.8614	41
44.863	41
44.8646	41
44.8662	41
44.8678	41
44.8694	41
44.871	41
44.8726	41
44.8742	41
44.8758	41
44.8774	41
44.879	41
44.8806	41
44.8822	41
44.8838	41
44.8854	41
44.887	41
44.8886	41
44.8902	41
44.8918	41
44.8934	41
44.895	41
44.8966	41
44.8982	41
44.8999	41
44.9015	41
44.9031	41
44.9047	41
44.9063	41
44.9079	41
44.9095	41
44.9111	41
44.9127	41
44.9143	41
44.9159	41
44.9175	41
44.9191	41
44.9207	41
44.9223	41
44.9239	41
44.9255	41
44.9271	41
44.9287	41
44.9303	41
44.9319	41
44.9335	41
44.9351	41
44.9367	41
44.9383	41
44.9399	41
44.9415	41
44.9431	41
44.9447	41
44.9463	41
44.9479	41
44.9495	41
44.9511	41
44.9527	41
44.9543	41
44.9559	41
44.9575	41
44.9591	41
44.9607	41
44.9623	41
44.9639	41
44.9655	41
44.9671	41
44.9687	41
44.9703	41
44.9719	41
44.9736	41
44.9752	41
44.9768	41
44.9784	41
44.98	41
44.9816	41
44.9832	41
44.9848	41
44.9864	41
44.988	41
44.9896	41
44.9912	41
44.9928	41
44.9944	41
44.996	41
44.9976	41
44.9992	41
45.0008	41
45.0024	41
45.004	41
45.0056	41
45.0072	41
45.0088	41
45.0104	41
45.012	41
45.0136	41
45.0152	41
45.0168	41
45.0184	41
45.02	41
45.0216	41
45.0232	41
45.0248	41
45.0264	41
45.028	41
45.0296	41
45.0312	41
45.0328	41
45.0344	41
45.036	41
45.0376	41
45.0392	42
45.0408	42
45.0424	42
45.044	42
45.0456	42
45.0472	42
45.0489	42
45.0505	42
45.0521	42
45.0537	42
45.0553	42
45.0569	42
45.0585	42
45.0601	43
45.0617	43
45.0633	43
45.0649	43
45.0665	43
45.0681	43
45.0697	43
45.0713	43
45.0729	43
45.0745	43
45.0761	43
45.0777	43
45.0793	43
45.0809	43
45.0825	43
45.0841	43
45.0857	43
45.0873	43
45.0889	43
45.0905	43
45.0921	43
45.0937	43
45.0953	43
45.0969	43
45.0985	43
45.1001	43
45.1017	43
45.1033	43
45.1049	43
45.1065	43
45.1081	43
45.1097	43
45.1113	43
45.1129	43
45.1145	43
45.1161	43
45.1177	43
45.1193	43
45.1209	43
45.1225	43
45.1242	43
45.1258	43
45.1274	43
45.129	43
45.1306	43
45.1322	43
45.1338	43
45.1354	43
45.137	43
45.1386	43
45.1402	43
45.1418	43
45.1434	43
45.145	43
45.1466	43
45.1482	43
45.1498	43
45.1514	43
45.153	43
45.1546	43
45.1562	43
45.1578	43
45.1594	43
45.161	43
45.1626	43
45.1642	43
45.1658	43
45.1674	43
45.169	43
45.1706	43
45.1722	43
45.1738	43
45.1754	43
45.177	43
45.1786	43
45.1802	43
45.1818	43
45.1834	43
45.185	43
45.1866	43
45.1882	43
45.1898	43
45.1914	43
45.193	43
45.1946	43
45.1962	43
45.1978	43
45.1995	43
45.2011	43
45.2027	43
45.2043	43
45.2059	43
45.2075	43
45.2091	43
45.2107	43
45.2123	43
45.2139	43
45.2155	43
45.2171	43
45.2187	43
45.2203	43
45.2219	43
45.2235	43
45.2251	43
45.2267	43
45.2283	43
45.2299	43
45.2315	43
45.2331	43
45.2347	43
45.2363	43
45.2379	43
45.2395	43
45.2411	43
45.2427	43
45.2443	43
45.2459	43
45.2475	43
45.2491	43
45.2507	43
45.2523	43
45.2539	43
45.2555	43
45.2571	43
45.2587	43
45.2603	43
45.2619	43
45.2635	43
45.2651	43
45.2667	43
45.2683	43
45.2699	43
45.2715	43
45.2731	43
45.2748	43
45.2764	43
45.278	43
45.2796	43
45.2812	43
45.2828	43
45.2844	43
45.286	43
45.2876	43
45.2892	43
45.2908	43
45.2924	43
45.294	43
45.2956	43
45.2972	43
45.2988	43
45.3004	43
45.302	43
45.3036	43
45.3052	43
45.3068	43
45.3084	43
45.31	43
45.3116	43
45.3132	43
45.3148	43
45.3164	43
45.318	43
45.3196	43
45.3212	43
45.3228	43
45.3244	43
45.326	43
45.3276	43
45.3292	43
45.3308	43
45.3324	43
45.334	43
45.3356	43
45.3372	43
45.3388	43
45.3404	43
45.342	43
45.3436	43
45.3452	43
45.3468	43
45.3484	43
45.3501	43
45.3517	43
45.3533	43
45.3549	43
45.3565	43
45.3581	43
45.3597	43
45.3613	43
45.3629	43
45.3645	43
45.3661	43
45.3677	43
45.3693	43
45.3709	43
45.3725	43
45.3741	43
45.3757	43
45.3773	43
45.3789	43
45.3805	43
45.3821	43
45.3837	43
45.3853	43
45.3869	43
45.3885	43
45.3901	43
45.3917	43
45.3933	43
45.3949	43
45.3965	43
45.3981	43
45.3997	43
45.4013	43
45.4029	43
45.4045	43
45.4061	43
45.4077	43
45.4093	43
45.4109	43
45.4125	43
45.4141	43
45.4157	43
45.4173	43
45.4189	43
45.4205	43
45.4221	43
45.4237	43
45.4254	43
45.427	43
45.4286	43
45.4302	43
45.4318	43
45.4334	43
45.435	43
45.4366	43
45.4382	43
45.4398	43
45.4414	43
45.443	43
45.4446	43
45.4462	43
45.4478	43
45.4494	43
45.451	43
45.4526	43
45.4542	43
45.4558	43
45.4574	43
45.459	43
45.4606	43
45.4622	43
45.4638	43
45.4654	43
45.467	43
45.4686	43
45.4702	43
45.4718	43
45.4734	43
45.475	43
45.4766	43
45.4782	43
45.4798	43
45.4814	43
45.483	43
45.4846	43
45.4862	44
45.4878	44
45.4894	44
45.491	44
45.4926	44
45.4942	44
45.4958	44
45.4974	44
45.4991	44
45.5007	44
45.5023	44
45.5039	44
45.5055	44
45.5071	44
45.5087	44
45.5103	44
45.5119	44
45.5135	44
45.5151	44
45.5167	44
45.5183	44
45.5199	44
45.5215	44
45.5231	44
45.5247	44
45.5263	44
45.5279	44
45.5295	44
45.5311	44
45.5327	44
45.5343	44
45.5359	44
45.5375	44
45.5391	44
45.5407	44
45.5423	44
45.5439	44
45.5455	44
45.5471	44
45.5487	44
45.5503	44
45.5519	44
45.5535	44
45.5551	44
45.5567	44
45.5583	44
45.5599	44
45.5615	44
45.5631	44
45.5647	44
45.5663	44
45.5679	44
45.5695	44
45.5711	44
45.5727	44
45.5744	44
45.576	44
45.5776	44
45.5792	44
45.5808	44
45.5824	44
45.584	44
45.5856	44
45.5872	44
45.5888	44
45.5904	44
45.592	44
45.5936	44
45.5952	44
45.5968	44
45.5984	44
45.6	44
45.6016	44
45.6032	44
45.6048	44
45.6064	44
45.608	44
45.6096	44
45.6112	44
45.6128	44
45.6144	44
45.616	44
45.6176	44
45.6192	44
45.6208	44
45.6224	44
45.624	44
45.6256	44
45.6272	44
45.6288	44
45.6304	44
45.632	44
45.6336	44
45.6352	44
45.6368	44
45.6384	44
45.64	44
45.6416	44
45.6432	44
45.6448	44
45.6464	44
45.648	44
45.6497	44
45.6513	44
45.6529	44
45.6545	44
45.6561	44
45.6577	44
45.6593	44
45.6609	44
45.6625	44
45.6641	44
45.6657	44
45.6673	44
45.6689	44
45.6705	44
45.6721	44
45.6737	44
45.6753	44
45.6769	44
45.6785	44
45.6801	44
45.6817	44
45.6833	44
45.6849	44
45.6865	44
45.6881	44
45.6897	44
45.6913	44
45.6929	44
45.6945	44
45.6961	44
45.6977	44
45.6993	44
45.7009	44
45.7025	44
45.7041	44
45.7057	44
45.7073	44
45.7089	44
45.7105	44
45.7121	44
45.7137	44
45.7153	44
45.7169	44
45.7185	44
45.7201	44
45.7217	44
45.7233	44
45.725	44
45.7266	44
45.7282	44
45.7298	44
45.7314	44
45.733	44
45.7346	44
45.7362	44
45.7378	44
45.7394	44
45.741	44
45.7426	44
45.7442	44
45.7458	44
45.7474	44
45.749	44
45.7506	44
45.7522	44
45.7538	44
45.7554	44
45.757	44
45.7586	44
45.7602	44
45.7618	44
45.7634	44
45.765	44
45.7666	44
45.7682	44
45.7698	44
45.7714	44
45.773	44
45.7746	44
45.7762	44
45.7778	44
45.7794	44
45.781	44
45.7826	44
45.7842	44
45.7858	44
45.7874	44
45.789	44
45.7906	44
45.7922	44
45.7938	44
45.7954	44
45.797	44
45.7986	44
45.8003	44
45.8019	44
45.8035	44
45.8051	44
45.8067	44
45.8083	44
45.8099	44
45.8115	44
45.8131	44
45.8147	44
45.8163	44
45.8179	44
45.8195	44
45.8211	44
45.8227	44
45.8243	44
45.8259	44
45.8275	44
45.8291	44
45.8307	44
45.8323	44
45.8339	44
45.8355	44
45.8371	44
45.8387	44
45.8403	44
45.8419	44
45.8435	44
45.8451	44
45.8467	44
45.8483	44
45.8499	44
45.8515	44
45.8531	44
45.8547	44
45.8563	44
45.8579	44
45.8595	44
45.8611	44
45.8627	44
45.8643	44
45.8659	44
45.8675	44
45.8691	44
45.8707	44
45.8723	44
45.8739	44
45.8756	44
45.8772	44
45.8788	44
45.8804	44
45.882	44
45.8836	44
45.8852	44
45.8868	44
45.8884	44
45.89	44
45.8916	44
45.8932	44
45.8948	44
45.8964	44
45.898	44
45.8996	44
45.9012	44
45.9028	44
45.9044	44
45.906	44
45.9076	44
45.9092	44
45.9108	44
45.9124	44
45.914	44
45.9156	44
45.9172	44
45.9188	44
45.9204	44
45.922	44
45.9236	44
45.9252	44
45.9268	44
45.9284	44
45.93	44
45.9316	44
45.9332	44
45.9348	44
45.9364	44
45.938	44
45.9396	44
45.9412	44
45.9428	44
45.9444	44
45.946	44
45.9476	44
45.9492	44
45.9509	44
45.9525	44
45.9541	44
45.9557	44
45.9573	44
45.9589	44
45.9605	44
45.9621	44
45.9637	44
45.9653	44
45.9669	44
45.9685	44
45.9701	44
45.9717	44
45.9733	44
45.9749	44
45.9765	44
45.9781	44
45.9797	44
45.9813	44
45.9829	44
45.9845	44
45.9861	44
45.9877	44
45.9893	44
45.9909	44
45.9925	44
45.9941	44
45.9957	44
45.9973	44
45.9989	44
46.0005	44
46.0021	44
46.0037	44
46.0053	44
46.0069	44
46.0085	44
46.0101	44
46.0117	44
46.0133	44
46.0149	44
46.0165	44
46.0181	44
46.0197	44
46.0213	44
46.0229	44
46.0246	44
46.0262	44
46.0278	44
46.0294	44
46.031	44
46.0326	44
46.0342	44
46.0358	44
46.0374	44
46.039	44
46.0406	44
46.0422	44
46.0438	44
46.0454	44
46.047	44
46.0486	44
46.0502	44
46.0518	44
46.0534	44
46.055	44
46.0566	44
46.0582	44
46.0598	44
46.0614	44
46.063	44
46.0646	44
46.0662	44
46.0678	44
46.0694	44
46.071	44
46.0726	44
46.0742	44
46.0758	44
46.0774	44
46.079	44
46.0806	44
46.0822	44
46.0838	44
46.0854	44
46.087	44
46.0886	44
46.0902	44
46.0918	44
46.0934	44
46.095	44
46.0966	44
46.0982	44
46.0999	44
46.1015	44
46.1031	44
46.1047	44
46.1063	44
46.1079	44
46.1095	44
46.1111	44
46.1127	44
46.1143	44
46.1159	44
46.1175	44
46.1191	44
46.1207	44
46.1223	44
46.1239	44
46.1255	44
46.1271	44
46.1287	44
46.1303	44
46.1319	44
46.1335	44
46.1351	44
46.1367	44
46.1383	44
46.1399	44
46.1415	44
46.1431	44
46.1447	44
46.1463	44
46.1479	44
46.1495	44
46.1511	44
46.1527	44
46.1543	44
46.1559	44
46.1575	44
46.1591	44
46.1607	44
46.1623	44
46.1639	44
46.1655	44
46.1671	44
46.1687	44
46.1703	44
46.1719	44
46.1735	44
46.1752	44
46.1768	44
46.1784	44
46.18	44
46.1816	44
46.1832	44
46.1848	44
46.1864	44
46.188	44
46.1896	44
46.1912	44
46.1928	44
46.1944	44
46.196	44
46.1976	44
46.1992	44
46.2008	44
46.2024	44
46.204	44
46.2056	44
46.2072	44
46.2088	44
46.2104	44
46.212	44
46.2136	44
46.2152	44
46.2168	44
46.2184	44
46.22	44
46.2216	44
46.2232	44
46.2248	44
46.2264	44
46.228	44
46.2296	44
46.2312	44
46.2328	44
46.2344	44
46.236	44
46.2376	44
46.2392	44
46.2408	44
46.2424	44
46.244	44
46.2456	44
46.2472	44
46.2488	44
46.2505	44
46.2521	44
46.2537	44
46.2553	44
46.2569	44
46.2585	44
46.2601	44
46.2617	44
46.2633	44
46.2649	44
46.2665	44
46.2681	44
46.2697	44
46.2713	44
46.2729	44
46.2745	44
46.2761	44
46.2777	44
46.2793	44
46.2809	44
46.2825	44
46.2841	44
46.2857	44
46.2873	44
46.2889	44
46.2905	44
46.2921	44
46.2937	44
46.2953	44
46.2969	44
46.2985	44
46.3001	44
46.3017	44
46.3033	44
46.3049	44
46.3065	44
46.3081	44
46.3097	44
46.3113	44
46.3129	44
46.3145	44
46.3161	44
46.3177	44
46.3193	44
46.3209	44
46.3225	44
46.3241	44
46.3258	44
46.3274	44
46.329	44
46.3306	44
46.3322	44
46.3338	44
46.3354	44
46.337	44
46.3386	44
46.3402	44
46.3418	44
46.3434	44
46.345	44
46.3466	44
46.3482	44
46.3498	44
46.3514	44
46.353	44
46.3546	44
46.3562	44
46.3578	44
46.3594	44
46.361	44
46.3626	44
46.3642	44
46.3658	44
46.3674	44
46.369	44
46.3706	44
46.3722	44
46.3738	44
46.3754	44
46.377	44
46.3786	44
46.3802	44
46.3818	44
46.3834	44
46.385	44
46.3866	44
46.3882	44
46.3898	44
46.3914	44
46.393	44
46.3946	44
46.3962	44
46.3978	44
46.3994	44
46.4011	44
46.4027	44
46.4043	44
46.4059	44
46.4075	44
46.4091	44
46.4107	44
46.4123	44
46.4139	44
46.4155	44
46.4171	44
46.4187	44
46.4203	44
46.4219	44
46.4235	44
46.4251	44
46.4267	44
46.4283	44
46.4299	44
46.4315	44
46.4331	44
46.4347	44
46.4363	44
46.4379	44
46.4395	44
46.4411	44
46.4427	44
46.4443	44
46.4459	44
46.4475	44
46.4491	44
46.4507	44
46.4523	44
46.4539	44
46.4555	44
46.4571	44
46.4587	44
46.4603	44
46.4619	44
46.4635	44
46.4651	44
46.4667	44
46.4683	44
46.4699	44
46.4715	44
46.4731	44
46.4747	44
46.4764	44
46.478	44
46.4796	44
46.4812	44
46.4828	44
46.4844	44
46.486	44
46.4876	44
46.4892	44
46.4908	44
46.4924	44
46.494	44
46.4956	44
46.4972	44
46.4988	44
46.5004	44
46.502	44
46.5036	44
46.5052	44
46.5068	44
46.5084	44
46.51	44
46.5116	44
46.5132	44
46.5148	44
46.5164	44
46.518	44
46.5196	44
46.5212	44
46.5228	44
46.5244	44
46.526	44
46.5276	44
46.5292	44
46.5308	44
46.5324	44
46.534	44
46.5356	44
46.5372	44
46.5388	44
46.5404	44
46.542	44
46.5436	44
46.5452	44
46.5468	44
46.5484	44
46.5501	44
46.5517	44
46.5533	44
46.5549	44
46.5565	44
46.5581	44
46.5597	44
46.5613	44
46.5629	44
46.5645	44
46.5661	44
46.5677	44
46.5693	44
46.5709	44
46.5725	44
46.5741	44
46.5757	44
46.5773	44
46.5789	44
46.5805	44
46.5821	44
46.5837	44
46.5853	44
46.5869	44
46.5885	44
46.5901	44
46.5917	44
46.5933	44
46.5949	44
46.5965	44
46.5981	44
46.5997	44
46.6013	44
46.6029	44
46.6045	44
46.6061	44
46.6077	44
46.6093	44
46.6109	44
46.6125	44
46.6141	44
46.6157	44
46.6173	44
46.6189	44
46.6205	44
46.6221	44
46.6237	44
46.6254	44
46.627	44
46.6286	44
46.6302	44
46.6318	44
46.6334	44
46.635	44
46.6366	44
46.6382	44
46.6398	44
46.6414	44
46.643	44
46.6446	44
46.6462	44
46.6478	44
46.6494	44
46.651	44
46.6526	44
46.6542	44
46.6558	44
46.6574	44
46.659	44
46.6606	44
46.6622	44
46.6638	44
46.6654	44
46.667	44
46.6686	44
46.6702	44
46.6718	44
46.6734	44
46.675	44
46.6766	44
46.6782	44
46.6798	44
46.6814	44
46.683	44
46.6846	44
46.6862	44
46.6878	44
46.6894	44
46.691	44
46.6926	44
46.6942	44
46.6958	44
46.6974	44
46.699	44
46.7007	44
46.7023	44
46.7039	44
46.7055	44
46.7071	44
46.7087	44
46.7103	44
46.7119	44
46.7135	44
46.7151	44
46.7167	44
46.7183	44
46.7199	44
46.7215	44
46.7231	44
46.7247	44
46.7263	44
46.7279	44
46.7295	44
46.7311	44
46.7327	44
46.7343	44
46.7359	44
46.7375	44
46.7391	44
46.7407	44
46.7423	44
46.7439	44
46.7455	44
46.7471	44
46.7487	44
46.7503	44
46.7519	44
46.7535	44
46.7551	44
46.7567	44
46.7583	44
46.7599	44
46.7615	44
46.7631	44
46.7647	44
46.7663	44
46.7679	44
46.7695	44
46.7711	44
46.7727	44
46.7743	44
46.776	44
46.7776	44
46.7792	44
46.7808	44
46.7824	44
46.784	44
46.7856	44
46.7872	44
46.7888	44
46.7904	44
46.792	44
46.7936	44
46.7952	44
46.7968	44
46.7984	44
46.8	44
46.8016	44
46.8032	44
46.8048	44
46.8064	44
46.808	44
46.8096	44
46.8112	44
46.8128	44
46.8144	44
46.816	44
46.8176	44
46.8192	44
46.8208	44
46.8224	44
46.824	44
46.8256	44
46.8272	44
46.8288	44
46.8304	44
46.832	44
46.8336	44
46.8352	44
46.8368	44
46.8384	44
46.84	44
46.8416	44
46.8432	44
46.8448	44
46.8464	44
46.848	44
46.8496	44
46.8513	44
46.8529	44
46.8545	44
46.8561	44
46.8577	44
46.8593	44
46.8609	44
46.8625	44
46.8641	44
46.8657	44
46.8673	44
46.8689	44
46.8705	44
46.8721	44
46.8737	44
46.8753	44
46.8769	44
46.8785	44
46.8801	44
46.8817	44
46.8833	44
46.8849	44
46.8865	44
46.8881	44
46.8897	44
46.8913	44
46.8929	44
46.8945	44
46.8961	44
46.8977	44
46.8993	44
46.9009	44
46.9025	44
46.9041	44
46.9057	44
46.9073	44
46.9089	44
46.9105	44
46.9121	44
46.9137	44
46.9153	44
46.9169	44
46.9185	44
46.9201	44
46.9217	44
46.9233	44
46.9249	44
46.9266	44
46.9282	44
46.9298	44
46.9314	44
46.933	44
46.9346	44
46.9362	44
46.9378	44
46.9394	44
46.941	44
46.9426	44
46.9442	44
46.9458	44
46.9474	44
46.949	44
46.9506	44
46.9522	44
46.9538	44
46.9554	44
46.957	44
46.9586	44
46.9602	44
46.9618	44
46.9634	44
46.965	44
46.9666	44
46.9682	44
46.9698	44
46.9714	44
46.973	44
46.9746	44
46.9762	44
46.9778	44
46.9794	44
46.981	44
46.9826	44
46.9842	44
46.9858	44
46.9874	44
46.989	44
46.9906	44
46.9922	44
46.9938	44
46.9954	44
46.997	44
46.9986	44
47.0002	44
47.0019	44
47.0035	44
47.0051	44
47.0067	44
47.0083	44
47.0099	44
47.0115	44
47.0131	44
47.0147	44
47.0163	44
47.0179	44
47.0195	44
47.0211	44
47.0227	44
47.0243	44
47.0259	44
47.0275	44
47.0291	44
47.0307	44
47.0323	44
47.0339	44
47.0355	44
47.0371	44
47.0387	44
47.0403	44
47.0419	44
47.0435	44
47.0451	44
47.0467	44
47.0483	44
47.0499	44
47.0515	44
47.0531	44
47.0547	44
47.0563	44
47.0579	44
47.0595	44
47.0611	44
47.0627	44
47.0643	44
47.0659	44
47.0675	44
47.0691	44
47.0707	44
47.0723	44
47.0739	44
47.0756	44
47.0772	44
47.0788	44
47.0804	44
47.082	44
47.0836	44
47.0852	44
47.0868	44
47.0884	44
47.09	44
47.0916	44
47.0932	44
47.0948	44
47.0964	44
47.098	44
47.0996	44
47.1012	44
47.1028	44
47.1044	44
47.106	44
47.1076	44
47.1092	44
47.1108	44
47.1124	44
47.114	44
47.1156	44
47.1172	44
47.1188	44
47.1204	44
47.122	44
47.1236	44
47.1252	44
47.1268	44
47.1284	44
47.13	44
47.1316	44
47.1332	44
47.1348	44
47.1364	44
47.138	44
47.1396	44
47.1412	44
47.1428	44
47.1444	44
47.146	44
47.1476	44
47.1492	44
47.1509	44
47.1525	44
47.1541	44
47.1557	44
47.1573	44
47.1589	44
47.1605	44
47.1621	44
47.1637	44
47.1653	44
47.1669	44
47.1685	44
47.1701	44
47.1717	44
47.1733	44
47.1749	44
47.1765	44
47.1781	44
47.1797	44
47.1813	44
47.1829	44
47.1845	44
47.1861	44
47.1877	44
47.1893	44
47.1909	44
47.1925	44
47.1941	44
47.1957	44
47.1973	44
47.1989	44
47.2005	44
47.2021	44
47.2037	44
47.2053	44
47.2069	44
47.2085	44
47.2101	44
47.2117	44
47.2133	44
47.2149	44
47.2165	44
47.2181	44
47.2197	44
47.2213	44
47.2229	44
47.2245	44
47.2262	44
47.2278	44
47.2294	44
47.231	44
47.2326	44
47.2342	44
47.2358	44
47.2374	44
47.239	44
47.2406	44
47.2422	44
47.2438	44
47.2454	44
47.247	44
47.2486	44
47.2502	44
47.2518	44
47.2534	44
47.255	44
47.2566	44
47.2582	44
47.2598	44
47.2614	44
47.263	44
47.2646	44
47.2662	44
47.2678	44
47.2694	44
47.271	44
47.2726	44
47.2742	44
47.2758	44
47.2774	44
47.279	44
47.2806	44
47.2822	44
47.2838	44
47.2854	44
47.287	44
47.2886	44
47.2902	44
47.2918	44
47.2934	44
47.295	44
47.2966	44
47.2982	44
47.2998	44
47.3015	44
47.3031	44
47.3047	44
47.3063	44
47.3079	44
47.3095	44
47.3111	44
47.3127	44
47.3143	44
47.3159	44
47.3175	44
47.3191	44
47.3207	44
47.3223	44
47.3239	44
47.3255	44
47.3271	44
47.3287	44
47.3303	44
47.3319	44
47.3335	44
47.3351	44
47.3367	44
47.3383	44
47.3399	44
47.3415	44
47.3431	44
47.3447	44
47.3463	44
47.3479	44
47.3495	44
47.3511	44
47.3527	44
47.3543	44
47.3559	44
47.3575	44
47.3591	44
47.3607	44
47.3623	44
47.3639	44
47.3655	44
47.3671	44
47.3687	44
47.3703	44
47.3719	44
47.3735	44
47.3751	44
47.3768	44
47.3784	44
47.38	44
47.3816	44
47.3832	44
47.3848	44
47.3864	44
47.388	44
47.3896	44
47.3912	44
47.3928	44
47.3944	44
47.396	44
47.3976	44
47.3992	44
47.4008	44
47.4024	44
47.404	44
47.4056	44
47.4072	44
47.4088	44
47.4104	44
47.412	44
47.4136	44
47.4152	44
47.4168	44
47.4184	44
47.42	44
47.4216	44
47.4232	44
47.4248	44
47.4264	44
47.428	44
47.4296	44
47.4312	44
47.4328	44
47.4344	44
47.436	44
47.4376	44
47.4392	44
47.4408	44
47.4424	44
47.444	44
47.4456	44
47.4472	44
47.4488	44
47.4504	44
47.4521	44
47.4537	44
47.4553	44
47.4569	44
47.4585	44
47.4601	44
47.4617	44
47.4633	44
47.4649	44
47.4665	44
47.4681	44
47.4697	44
47.4713	44
47.4729	44
47.4745	44
47.4761	44
47.4777	44
47.4793	44
47.4809	44
47.4825	44
47.4841	44
47.4857	44
47.4873	44
47.4889	44
47.4905	44
47.4921	44
47.4937	44
47.4953	44
47.4969	44
47.4985	44
47.5001	44
47.5017	44
47.5033	44
47.5049	44
47.5065	44
47.5081	44
47.5097	44
47.5113	44
47.5129	44
47.5145	44
47.5161	44
47.5177	44
47.5193	44
47.5209	44
47.5225	44
47.5241	44
47.5257	44
47.5274	44
47.529	44
47.5306	44
47.5322	44
47.5338	44
47.5354	44
47.537	44
47.5386	44
47.5402	44
47.5418	44
47.5434	44
47.545	44
47.5466	44
47.5482	44
47.5498	44
47.5514	44
47.553	44
47.5546	44
47.5562	44
47.5578	44
47.5594	44
47.561	44
47.5626	44
47.5642	44
47.5658	44
47.5674	44
47.569	44
47.5706	44
47.5722	44
47.5738	44
47.5754	44
47.577	44
47.5786	44
47.5802	44
47.5818	44
47.5834	44
47.585	44
47.5866	44
47.5882	44
47.5898	44
47.5914	44
47.593	44
47.5946	44
47.5962	44
47.5978	44
47.5994	44
47.6011	44
47.6027	44
47.6043	44
47.6059	44
47.6075	44
47.6091	44
47.6107	44
47.6123	44
47.6139	44
47.6155	44
47.6171	44
47.6187	44
47.6203	44
47.6219	44
47.6235	44
47.6251	44
47.6267	44
47.6283	44
47.6299	44
47.6315	44
47.6331	44
47.6347	44
47.6363	44
47.6379	44
47.6395	44
47.6411	44
47.6427	44
47.6443	44
47.6459	44
47.6475	44
47.6491	44
47.6507	44
47.6523	44
47.6539	44
47.6555	44
47.6571	44
47.6587	44
47.6603	44
47.6619	44
47.6635	44
47.6651	44
47.6667	44
47.6683	44
47.6699	44
47.6715	44
47.6731	44
47.6747	44
47.6764	44
47.678	44
47.6796	44
47.6812	44
47.6828	44
47.6844	44
47.686	44
47.6876	44
47.6892	44
47.6908	44
47.6924	44
47.694	44
47.6956	44
47.6972	44
47.6988	44
47.7004	44
47.702	44
47.7036	44
47.7052	44
47.7068	44
47.7084	44
47.71	44
47.7116	44
47.7132	44
47.7148	44
47.7164	44
47.718	44
47.7196	44
47.7212	44
47.7228	44
47.7244	44
47.726	44
47.7276	44
47.7292	44
47.7308	44
47.7324	44
47.734	44
47.7356	44
47.7372	44
47.7388	44
47.7404	44
47.742	44
47.7436	44
47.7452	44
47.7468	44
47.7484	44
47.75	44
47.7517	44
47.7533	44
47.7549	44
47.7565	44
47.7581	44
47.7597	44
47.7613	44
47.7629	44
47.7645	44
47.7661	44
47.7677	44
47.7693	44
47.7709	44
47.7725	44
47.7741	44
47.7757	44
47.7773	44
47.7789	44
47.7805	44
47.7821	44
47.7837	44
47.7853	44
47.7869	44
47.7885	44
47.7901	44
47.7917	44
47.7933	44
47.7949	44
47.7965	44
47.7981	44
47.7997	44
47.8013	44
47.8029	44
47.8045	44
47.8061	44
47.8077	44
47.8093	44
47.8109	44
47.8125	44
47.8141	44
47.8157	44
47.8173	44
47.8189	44
47.8205	44
47.8221	44
47.8237	44
47.8253	44
47.827	44
47.8286	44
47.8302	44
47.8318	44
47.8334	44
47.835	44
47.8366	44
47.8382	44
47.8398	44
47.8414	44
47.843	44
47.8446	44
47.8462	44
47.8478	44
47.8494	44
47.851	44
47.8526	44
47.8542	44
47.8558	44
47.8574	44
47.859	44
47.8606	44
47.8622	44
47.8638	44
47.8654	44
47.867	44
47.8686	44
47.8702	44
47.8718	44
47.8734	44
47.875	44
47.8766	44
47.8782	44
47.8798	44
47.8814	44
47.883	44
47.8846	44
47.8862	44
47.8878	44
47.8894	44
47.891	44
47.8926	44
47.8942	44
47.8958	44
47.8974	44
47.899	44
47.9006	44
47.9023	44
47.9039	44
47.9055	44
47.9071	44
47.9087	44
47.9103	44
47.9119	44
47.9135	44
47.9151	44
47.9167	44
47.9183	44
47.9199	44
47.9215	44
47.9231	44
47.9247	44
47.9263	44
47.9279	44
47.9295	44
47.9311	44
47.9327	44
47.9343	44
47.9359	44
47.9375	44
47.9391	44
47.9407	44
47.9423	44
47.9439	44
47.9455	44
47.9471	44
47.9487	44
47.9503	44
47.9519	44
47.9535	44
47.9551	44
47.9567	44
47.9583	44
47.9599	44
47.9615	44
47.9631	44
47.9647	44
47.9663	44
47.9679	44
47.9695	44
47.9711	44
47.9727	44
47.9743	44
47.9759	44
47.9776	44
47.9792	44
47.9808	44
47.9824	44
47.984	44
47.9856	44
47.9872	44
47.9888	44
47.9904	44
47.992	44
47.9936	44
47.9952	44
47.9968	44
47.9984	44
48	44
48.0016	44
48.0032	44
48.0048	44
48.0064	44
48.008	44
48.0096	44
48.0112	44
48.0128	44
48.0144	44
48.016	44
48.0176	44
48.0192	44
48.0208	44
48.0224	44
48.024	44
48.0256	44
48.0272	44
48.0288	44
48.0304	44
48.032	44
48.0336	44
48.0352	44
48.0368	44
48.0384	44
48.04	44
48.0416	44
48.0432	44
48.0448	44
48.0464	44
48.048	44
48.0496	44
48.0512	44
48.0529	44
48.0545	44
48.0561	44
48.0577	44
48.0593	44
48.0609	44
48.0625	44
48.0641	44
48.0657	44
48.0673	44
48.0689	44
48.0705	44
48.0721	44
48.0737	44
48.0753	44
48.0769	44
48.0785	44
48.0801	44
48.0817	44
48.0833	44
48.0849	44
48.0865	44
48.0881	44
48.0897	44
48.0913	44
48.0929	44
48.0945	44
48.0961	44
48.0977	44
48.0993	44
48.1009	44
48.1025	44
48.1041	44
48.1057	44
48.1073	44
48.1089	44
48.1105	44
48.1121	44
48.1137	44
48.1153	44
48.1169	44
48.1185	44
48.1201	44
48.1217	44
48.1233	44
48.1249	44
48.1266	44
48.1282	44
48.1298	44
48.1314	44
48.133	44
48.1346	44
48.1362	44
48.1378	44
48.1394	44
48.141	44
48.1426	44
48.1442	44
48.1458	44
48.1474	44
48.149	44
48.1506	44
48.1522	44
48.1538	44
48.1554	44
48.157	44
48.1586	44
48.1602	44
48.1618	44
48.1634	44
48.165	44
48.1666	44
48.1682	44
48.1698	44
48.1714	44
48.173	44
48.1746	44
48.1762	44
48.1778	44
48.1794	44
48.181	44
48.1826	44
48.1842	44
48.1858	44
48.1874	44
48.189	44
48.1906	44
48.1922	44
48.1938	44
48.1954	44
48.197	44
48.1986	44
48.2002	44
48.2019	44
48.2035	44
48.2051	44
48.2067	44
48.2083	44
48.2099	44
48.2115	44
48.2131	44
48.2147	44
48.2163	44
48.2179	44
48.2195	44
48.2211	44
48.2227	44
48.2243	44
48.2259	44
48.2275	44
48.2291	44
48.2307	44
48.2323	44
48.2339	44
48.2355	44
48.2371	44
48.2387	44
48.2403	44
48.2419	44
48.2435	44
48.2451	44
48.2467	44
48.2483	44
48.2499	44
48.2515	44
48.2531	44
48.2547	44
48.2563	44
48.2579	44
48.2595	44
48.2611	44
48.2627	44
48.2643	44
48.2659	44
48.2675	44
48.2691	44
48.2707	44
48.2723	44
48.2739	44
48.2755	44
48.2772	44
48.2788	44
48.2804	44
48.282	44
48.2836	44
48.2852	44
48.2868	44
48.2884	44
48.29	44
48.2916	44
48.2932	44
48.2948	44
48.2964	44
48.298	44
48.2996	44
48.3012	44
48.3028	44
48.3044	44
48.306	44
48.3076	44
48.3092	44
48.3108	44
48.3124	44
48.314	44
48.3156	44
48.3172	44
48.3188	44
48.3204	44
48.322	44
48.3236	44
48.3252	44
48.3268	44
48.3284	44
48.33	44
48.3316	44
48.3332	44
48.3348	44
48.3364	44
48.338	44
48.3396	44
48.3412	44
48.3428	44
48.3444	44
48.346	44
48.3476	44
48.3492	44
48.3508	44
48.3525	44
48.3541	44
48.3557	44
48.3573	44
48.3589	44
48.3605	44
48.3621	44
48.3637	44
48.3653	44
48.3669	44
48.3685	44
48.3701	44
48.3717	44
48.3733	44
48.3749	44
48.3765	44
48.3781	44
48.3797	44
48.3813	44
48.3829	44
48.3845	44
48.3861	44
48.3877	44
48.3893	44
48.3909	44
48.3925	44
48.3941	44
48.3957	44
48.3973	44
48.3989	44
48.4005	44
48.4021	44
48.4037	44
48.4053	44
48.4069	44
48.4085	44
48.4101	44
48.4117	44
48.4133	44
48.4149	44
48.4165	44
48.4181	44
48.4197	44
48.4213	44
48.4229	44
48.4245	44
48.4261	44
48.4278	44
48.4294	44
48.431	44
48.4326	44
48.4342	44
48.4358	44
48.4374	44
48.439	44
48.4406	44
48.4422	44
48.4438	44
48.4454	44
48.447	44
48.4486	44
48.4502	44
48.4518	44
48.4534	44
48.455	44
48.4566	44
48.4582	44
48.4598	44
48.4614	44
48.463	44
48.4646	44
48.4662	44
48.4678	44
48.4694	44
48.471	44
48.4726	44
48.4742	44
48.4758	44
48.4774	44
48.479	44
48.4806	44
48.4822	44
48.4838	44
48.4854	44
48.487	44
48.4886	44
48.4902	44
48.4918	44
48.4934	44
48.495	44
48.4966	44
48.4982	44
48.4998	44
48.5014	44
48.5031	44
48.5047	44
48.5063	44
48.5079	44
48.5095	44
48.5111	44
48.5127	44
48.5143	44
48.5159	44
48.5175	44
48.5191	44
48.5207	44
48.5223	44
48.5239	44
48.5255	44
48.5271	44
48.5287	44
48.5303	44
48.5319	44
48.5335	44
48.5351	44
48.5367	44
48.5383	44
48.5399	44
48.5415	44
48.5431	44
48.5447	44
48.5463	44
48.5479	44
48.5495	44
48.5511	44
48.5527	44
48.5543	44
48.5559	44
48.5575	44
48.5591	44
48.5607	44
48.5623	44
48.5639	44
48.5655	44
48.5671	44
48.5687	44
48.5703	44
48.5719	44
48.5735	44
48.5751	44
48.5767	44
48.5784	44
48.58	44
48.5816	44
48.5832	44
48.5848	44
48.5864	44
48.588	44
48.5896	44
48.5912	44
48.5928	44
48.5944	44
48.596	44
48.5976	44
48.5992	44
48.6008	44
48.6024	44
48.604	44
48.6056	44
48.6072	44
48.6088	44
48.6104	44
48.612	44
48.6136	44
48.6152	44
48.6168	44
48.6184	44
48.62	44
48.6216	44
48.6232	44
48.6248	44
48.6264	44
48.628	44
48.6296	44
48.6312	44
48.6328	44
48.6344	44
48.636	44
48.6376	44
48.6392	44
48.6408	44
48.6424	44
48.644	44
48.6456	44
48.6472	44
48.6488	44
48.6504	44
48.652	44
48.6537	44
48.6553	44
48.6569	44
48.6585	44
48.6601	44
48.6617	44
48.6633	44
48.6649	44
48.6665	44
48.6681	44
48.6697	44
48.6713	44
48.6729	44
48.6745	44
48.6761	44
48.6777	44
48.6793	44
48.6809	44
48.6825	44
48.6841	44
48.6857	44
48.6873	44
48.6889	44
48.6905	44
48.6921	44
48.6937	44
48.6953	44
48.6969	44
48.6985	44
48.7001	44
48.7017	44
48.7033	44
48.7049	44
48.7065	44
48.7081	44
48.7097	44
48.7113	45
48.7129	45
48.7145	45
48.7161	45
48.7177	45
48.7193	45
48.7209	45
48.7225	45
48.7241	46
48.7257	46
48.7274	46
48.729	46
48.7306	46
48.7322	46
48.7338	46
48.7354	46
48.737	46
48.7386	46
48.7402	46
48.7418	46
48.7434	46
48.745	46
48.7466	46
48.7482	46
48.7498	46
48.7514	46
48.753	46
48.7546	46
48.7562	46
48.7578	46
48.7594	46
48.761	46
48.7626	46
48.7642	46
48.7658	46
48.7674	46
48.769	46
48.7706	46
48.7722	46
48.7738	46
48.7754	46
48.777	46
48.7786	46
48.7802	46
48.7818	46
48.7834	46
48.785	46
48.7866	46
48.7882	46
48.7898	46
48.7914	46
48.793	46
48.7946	46
48.7962	46
48.7978	46
48.7994	46
48.801	46
48.8027	46
48.8043	46
48.8059	46
48.8075	46
48.8091	46
48.8107	46
48.8123	46
48.8139	46
48.8155	46
48.8171	46
48.8187	46
48.8203	46
48.8219	46
48.8235	46
48.8251	46
48.8267	46
48.8283	46
48.8299	46
48.8315	46
48.8331	46
48.8347	46
48.8363	46
48.8379	46
48.8395	46
48.8411	46
48.8427	46
48.8443	46
48.8459	46
48.8475	46
48.8491	46
48.8507	46
48.8523	46
48.8539	46
48.8555	46
48.8571	46
48.8587	46
48.8603	46
48.8619	46
48.8635	46
48.8651	46
48.8667	46
48.8683	46
48.8699	46
48.8715	46
48.8731	46
48.8747	46
48.8763	46
48.878	46
48.8796	46
48.8812	46
48.8828	46
48.8844	46
48.886	46
48.8876	46
48.8892	46
48.8908	46
48.8924	46
48.894	46
48.8956	46
48.8972	46
48.8988	46
48.9004	46
48.902	46
48.9036	46
48.9052	46
48.9068	46
48.9084	46
48.91	46
48.9116	46
48.9132	46
48.9148	46
48.9164	46
48.918	46
48.9196	46
48.9212	46
48.9228	46
48.9244	46
48.926	46
48.9276	46
48.9292	46
48.9308	46
48.9324	46
48.934	46
48.9356	46
48.9372	46
48.9388	46
48.9404	46
48.942	46
48.9436	46
48.9452	46
48.9468	46
48.9484	46
48.95	46
48.9516	46
48.9533	46
48.9549	46
48.9565	46
48.9581	46
48.9597	46
48.9613	46
48.9629	46
48.9645	46
48.9661	46
48.9677	46
48.9693	46
48.9709	46
48.9725	46
48.9741	46
48.9757	46
48.9773	46
48.9789	46
48.9805	46
48.9821	46
48.9837	46
48.9853	46
48.9869	46
48.9885	46
48.9901	46
48.9917	46
48.9933	46
48.9949	46
48.9965	46
48.9981	46
48.9997	46
49.0013	46
49.0029	46
49.0045	46
49.0061	46
49.0077	46
49.0093	46
49.0109	46
49.0125	46
49.0141	46
49.0157	46
49.0173	46
49.0189	46
49.0205	46
49.0221	46
49.0237	46
49.0253	46
49.0269	46
49.0286	46
49.0302	46
49.0318	46
49.0334	46
49.035	46
49.0366	46
49.0382	46
49.0398	46
49.0414	46
49.043	46
49.0446	46
49.0462	46
49.0478	46
49.0494	46
49.051	46
49.0526	46
49.0542	46
49.0558	46
49.0574	46
49.059	46
49.0606	46
49.0622	46
49.0638	46
49.0654	46
49.067	46
49.0686	46
49.0702	46
49.0718	46
49.0734	46
49.075	46
49.0766	46
49.0782	46
49.0798	46
49.0814	46
49.083	46
49.0846	46
49.0862	46
49.0878	46
49.0894	46
49.091	46
49.0926	46
49.0942	46
49.0958	46
49.0974	46
49.099	46
49.1006	46
49.1022	46
49.1039	46
49.1055	46
49.1071	46
49.1087	46
49.1103	46
49.1119	46
49.1135	46
49.1151	46
49.1167	46
49.1183	46
49.1199	46
49.1215	46
49.1231	46
49.1247	46
49.1263	46
49.1279	46
49.1295	46
49.1311	46
49.1327	46
49.1343	46
49.1359	46
49.1375	46
49.1391	46
49.1407	46
49.1423	46
49.1439	46
49.1455	46
49.1471	46
49.1487	46
49.1503	46
49.1519	46
49.1535	46
49.1551	46
49.1567	46
49.1583	46
49.1599	47
49.1615	47
49.1631	47
49.1647	47
49.1663	47
49.1679	47
49.1695	47
49.1711	47
49.1727	47
49.1743	47
49.1759	47
49.1775	47
49.1792	47
49.1808	47
49.1824	47
49.184	47
49.1856	47
49.1872	47
49.1888	47
49.1904	47
49.192	47
49.1936	47
49.1952	47
49.1968	47
49.1984	47
49.2	47
49.2016	47
49.2032	47
49.2048	47
49.2064	47
49.208	47
49.2096	47
49.2112	47
49.2128	47
49.2144	47
49.216	48
49.2176	48
49.2192	48
49.2208	48
49.2224	48
49.224	48
49.2256	48
49.2272	48
49.2288	48
49.2304	48
49.232	48
49.2336	48
49.2352	48
49.2368	48
49.2384	48
49.24	48
49.2416	48
49.2432	48
49.2448	48
49.2464	48
49.248	48
49.2496	48
49.2512	48
49.2529	48
49.2545	48
49.2561	48
49.2577	48
49.2593	48
49.2609	48
49.2625	48
49.2641	48
49.2657	48
49.2673	48
49.2689	48
49.2705	48
49.2721	48
49.2737	48
49.2753	48
49.2769	48
49.2785	48
49.2801	48
49.2817	48
49.2833	48
49.2849	48
49.2865	48
49.2881	48
49.2897	48
49.2913	48
49.2929	48
49.2945	48
49.2961	48
49.2977	48
49.2993	48
49.3009	48
49.3025	48
49.3041	48
49.3057	48
49.3073	48
49.3089	48
49.3105	48
49.3121	48
49.3137	48
49.3153	48
49.3169	48
49.3185	48
49.3201	48
49.3217	48
49.3233	48
49.3249	48
49.3265	48
49.3282	48
49.3298	48
49.3314	48
49.333	48
49.3346	48
49.3362	48
49.3378	48
49.3394	48
49.341	48
49.3426	48
49.3442	48
49.3458	48
49.3474	48
49.349	48
49.3506	48
49.3522	48
49.3538	48
49.3554	48
49.357	48
49.3586	48
49.3602	48
49.3618	48
49.3634	48
49.365	48
49.3666	48
49.3682	48
49.3698	48
49.3714	48
49.373	48
49.3746	48
49.3762	48
49.3778	48
49.3794	48
49.381	48
49.3826	48
49.3842	48
49.3858	48
49.3874	48
49.389	48
49.3906	48
49.3922	48
49.3938	48
49.3954	48
49.397	48
49.3986	48
49.4002	48
49.4018	48
49.4035	48
49.4051	48
49.4067	48
49.4083	48
49.4099	48
49.4115	48
49.4131	48
49.4147	48
49.4163	48
49.4179	48
49.4195	48
49.4211	48
49.4227	48
49.4243	48
49.4259	48
49.4275	48
49.4291	48
49.4307	48
49.4323	48
49.4339	48
49.4355	48
49.4371	48
49.4387	48
49.4403	48
49.4419	48
49.4435	48
49.4451	48
49.4467	48
49.4483	48
49.4499	48
49.4515	48
49.4531	48
49.4547	48
49.4563	48
49.4579	48
49.4595	48
49.4611	48
49.4627	48
49.4643	48
49.4659	48
49.4675	48
49.4691	48
49.4707	48
49.4723	48
49.4739	48
49.4755	48
49.4771	48
49.4788	48
49.4804	49
49.482	49
49.4836	49
49.4852	49
49.4868	49
49.4884	49
49.49	49
49.4916	49
49.4932	49
49.4948	49
49.4964	49
49.498	49
49.4996	49
49.5012	49
49.5028	49
49.5044	49
49.506	49
49.5076	49
49.5092	49
49.5108	49
49.5124	49
49.514	49
49.5156	49
49.5172	49
49.5188	49
49.5204	49
49.522	49
49.5236	49
49.5252	49
49.5268	49
49.5284	49
49.53	49
49.5316	49
49.5332	49
49.5348	49
49.5364	49
49.538	49
49.5396	49
49.5412	49
49.5428	49
49.5444	49
49.546	49
49.5476	49
49.5492	49
49.5508	49
49.5524	49
49.5541	49
49.5557	49
49.5573	49
49.5589	49
49.5605	49
49.5621	49
49.5637	49
49.5653	49
49.5669	49
49.5685	49
49.5701	49
49.5717	49
49.5733	49
49.5749	49
49.5765	49
49.5781	49
49.5797	49
49.5813	49
49.5829	49
49.5845	49
49.5861	49
49.5877	49
49.5893	49
49.5909	49
49.5925	49
49.5941	49
49.5957	49
49.5973	49
49.5989	49
49.6005	49
49.6021	49
49.6037	49
49.6053	49
49.6069	49
49.6085	49
49.6101	49
49.6117	49
49.6133	49
49.6149	49
49.6165	49
49.6181	49
49.6197	49
49.6213	49
49.6229	49
49.6245	49
49.6261	49
49.6277	49
49.6294	49
49.631	49
49.6326	49
49.6342	49
49.6358	49
49.6374	49
49.639	49
49.6406	49
49.6422	49
49.6438	49
49.6454	49
49.647	49
49.6486	49
49.6502	49
49.6518	49
49.6534	49
49.655	49
49.6566	49
49.6582	49
49.6598	49
49.6614	49
49.663	49
49.6646	49
49.6662	49
49.6678	49
49.6694	49
49.671	49
49.6726	49
49.6742	49
49.6758	49
49.6774	49
49.679	49
49.6806	49
49.6822	49
49.6838	49
49.6854	49
49.687	49
49.6886	49
49.6902	49
49.6918	49
49.6934	49
49.695	49
49.6966	49
49.6982	49
49.6998	49
49.7014	49
49.703	49
49.7047	49
49.7063	49
49.7079	49
49.7095	49
49.7111	49
49.7127	49
49.7143	49
49.7159	49
49.7175	49
49.7191	50
49.7207	50
49.7223	50
49.7239	50
49.7255	50
49.7271	50
49.7287	50
49.7303	50
49.7319	50
49.7335	50
49.7351	50
49.7367	50
49.7383	50
49.7399	50
49.7415	50
49.7431	51
49.7447	51
49.7463	51
49.7479	51
49.7495	51
49.7511	51
49.7527	51
49.7543	51
49.7559	51
49.7575	51
49.7591	51
49.7607	51
49.7623	51
49.7639	51
49.7655	51
49.7671	51
49.7687	51
49.7703	51
49.7719	51
49.7735	51
49.7751	51
49.7767	51
49.7784	51
49.78	51
49.7816	51
49.7832	51
49.7848	51
49.7864	51
49.788	51
49.7896	51
49.7912	51
49.7928	51
49.7944	51
49.796	51
49.7976	51
49.7992	51
49.8008	51
49.8024	51
49.804	51
49.8056	51
49.8072	51
49.8088	51
49.8104	51
49.812	51
49.8136	51
49.8152	51
49.8168	51
49.8184	51
49.82	51
49.8216	51
49.8232	51
49.8248	51
49.8264	51
49.828	51
49.8296	51
49.8312	51
49.8328	51
49.8344	51
49.836	51
49.8376	51
49.8392	51
49.8408	51
49.8424	51
49.844	51
49.8456	51
49.8472	51
49.8488	51
49.8504	51
49.852	51
49.8537	51
49.8553	51
49.8569	51
49.8585	51
49.8601	51
49.8617	51
49.8633	51
49.8649	51
49.8665	51
49.8681	51
49.8697	51
49.8713	51
49.8729	51
49.8745	51
49.8761	51
49.8777	51
49.8793	51
49.8809	51
49.8825	51
49.8841	51
49.8857	51
49.8873	51
49.8889	51
49.8905	51
49.8921	51
49.8937	51
49.8953	51
49.8969	51
49.8985	51
49.9001	51
49.9017	51
49.9033	51
49.9049	51
49.9065	51
49.9081	51
49.9097	51
49.9113	51
49.9129	51
49.9145	51
49.9161	51
49.9177	51
49.9193	51
49.9209	51
49.9225	51
49.9241	51
49.9257	51
49.9273	51
49.929	51
49.9306	51
49.9322	51
49.9338	51
49.9354	52
49.937	52
49.9386	52
49.9402	52
49.9418	52
49.9434	52
49.945	52
49.9466	52
49.9482	52
49.9498	52
49.9514	52
49.953	52
49.9546	52
49.9562	52
49.9578	52
49.9594	52
49.961	52
49.9626	52
49.9642	52
49.9658	52
49.9674	52
49.969	52
49.9706	52
49.9722	52
49.9738	52
49.9754	52
49.977	52
49.9786	52
49.9802	52
49.9818	52
49.9834	52
49.985	52
49.9866	52
49.9882	52
49.9898	52
49.9914	52
49.993	52
49.9946	52
49.9962	52
49.9978	52
49.9994	52
