1.10212	102
1.15212	102
1.20581	102
1.20781	102
1.20981	103
1.21181	103
1.21382	104
1.25581	102
1.25781	102
1.25981	103
1.26181	103
1.26382	104
1.30946	117
1.31147	116
1.31347	114
1.31547	113
1.31748	113
1.31948	112
1.32148	112
1.32348	112
1.32549	112
1.35946	117
1.36147	116
1.36347	114
1.36547	113
1.36748	113
1.36948	112
1.37148	112
1.37348	112
1.37549	112
1.41312	123
1.41513	121
1.41713	119
1.41913	118
1.42114	117
1.42314	116
1.42514	115
1.42714	115
1.42915	115
1.43115	114
1.43315	115
1.43515	115
1.43716	115
1.43916	115
1.44116	116
1.44316	116
1.44517	117
1.44717	118
1.46312	123
1.46513	121
1.46713	119
1.46913	118
1.47114	117
1.47314	116
1.47514	115
1.47714	115
1.47915	115
1.48115	114
1.48315	115
1.48515	115
1.48716	115
1.48916	115
1.49116	116
1.49316	116
1.49517	117
1.49717	118
1.51678	127
1.51879	124
1.52079	122
1.52279	120
1.52479	118
1.5268	117
1.5288	116
1.5308	116
1.53281	115
1.53481	115
1.53681	115
1.53881	115
1.54082	115
1.54282	115
1.54482	116
1.54682	116
1.54883	117
1.55083	117
1.55283	118
1.55483	118
1.55684	119
1.55884	120
1.56084	121
1.56285	121
1.56485	122
1.56685	123
1.56885	124
1.57086	125
1.57286	126
1.57486	127
1.57686	128
1.57887	128
1.58087	129
1.58287	130
1.58487	131
1.58688	132
1.58888	129
1.59088	129
1.59289	129
1.59489	129
1.59689	129
1.59889	129
1.6009	130
1.6029	130
1.6049	131
1.6069	131
1.60891	132
1.61091	132
1.61291	133
1.61491	134
1.61692	135
1.61892	135
1.62092	136
1.62293	137
1.62493	138
1.62693	139
1.62893	140
1.63094	141
1.63294	142
1.63494	142
1.63694	143
1.63895	144
1.64095	145
1.64295	146
1.64495	147
1.64696	148
1.64896	149
1.65096	150
1.65297	151
1.65497	152
1.65697	153
1.65897	154
1.66098	142
1.66298	143
1.66498	143
1.66698	144
1.66899	145
1.67099	145
1.67299	146
1.67499	147
1.677	147
1.679	148
1.681	149
1.68301	150
1.68501	151
1.68701	152
1.68901	153
1.69102	154
1.69302	155
1.69502	156
1.69653	157
1.69831	158
1.69947	158
1.70147	159
1.70262	160
1.7044	160
1.70556	160
1.70756	161
1.70871	161
1.71049	161
1.71165	161
1.71343	162
1.71543	162
1.71658	162
1.71774	162
1.71952	162
1.72152	162
1.72267	162
1.72468	163
1.72583	163
1.72783	160
1.72861	163
1.73162	158
1.73262	163
1.73477	164
1.73577	156
1.73793	165
1.73993	155
1.74071	166
1.74371	155
1.74472	167
1.74687	168
1.74787	155
1.75003	169
1.75203	155
1.75281	170
1.75581	156
1.75681	171
1.75897	173
1.75997	157
1.76213	174
1.76413	158
1.76491	175
1.76791	159
1.76807	176
1.77207	161
1.77523	163
1.77801	165
1.78001	166
1.78201	168
1.78402	169
1.78553	171
1.78731	172
1.78846	173
1.79046	174
1.79162	175
1.7934	175
1.79455	176
1.79655	176
1.79771	177
1.80265	178
1.80596	178
1.80851	179
1.81252	180
1.81483	182
1.81814	183
1.82069	184
1.8247	185
1.82701	186
1.83118	188
2.10057	171
2.11377	178
2.15489	163
2.15689	156
2.15889	150
2.1609	145
2.1629	140
2.1649	137
2.16691	134
2.16891	132
2.17091	131
2.17291	130
2.17492	129
2.17692	128
2.17892	128
2.18092	128
2.18293	129
2.18493	129
2.18693	130
2.18893	131
2.19094	132
2.19294	133
2.19494	135
2.19695	136
2.19895	137
2.20095	139
2.20295	140
2.20496	142
2.20696	144
2.20896	145
2.21096	147
2.21297	149
2.21497	151
2.21697	153
2.21897	155
2.22098	156
2.22298	158
2.22498	160
2.22699	162
2.22899	164
2.23099	166
2.23299	168
2.235	170
2.237	172
2.239	174
2.241	176
2.24383	178
2.24526	177
2.24727	172
2.24927	169
2.25127	166
2.25327	163
2.25528	161
2.25728	160
2.25928	159
2.26129	158
2.26329	158
2.26529	158
2.26729	159
2.2693	159
2.2713	160
2.2733	161
2.2753	162
2.27731	163
2.27931	164
2.28131	165
2.28331	167
2.28532	168
2.28732	170
2.28932	171
2.29133	173
2.29333	175
2.29533	176
2.29733	178
2.29934	180
2.30134	182
2.30334	184
2.30434	181
2.3065	178
2.3085	186
2.3095	174
2.31166	172
2.31266	188
2.31544	170
2.31644	191
2.3186	168
2.3206	194
2.3216	167
2.32376	166
2.32476	197
2.32754	166
2.32854	200
2.3307	166
2.3327	203
2.3337	165
2.33586	166
2.33686	206
2.33964	166
2.34064	210
2.34279	166
2.3448	213
2.3458	167
2.34795	168
2.34896	217
2.35174	168
2.35274	220
2.35489	169
2.3569	224
2.3579	170
2.36005	171
2.36105	228
2.36383	173
2.36484	232
2.36609	174
2.36786	175
2.36987	175
2.37102	176
2.37218	177
2.37395	177
2.37596	178
2.37711	178
2.37827	179
2.38005	179
2.38583	180
2.38814	181
2.39207	182
2.39401	183
2.39801	184
2.40032	185
2.40411	186
2.69415	177
2.748	216
2.75	202
2.752	190
2.75401	180
2.75601	172
2.75801	165
2.76002	159
2.76202	154
2.76402	149
2.76602	146
2.76803	143
2.77003	141
2.77203	140
2.77403	139
2.77604	138
2.77804	137
2.78004	137
2.78204	137
2.78405	138
2.78605	138
2.78805	139
2.79006	140
2.79206	141
2.79406	142
2.79606	144
2.79807	145
2.80007	146
2.80207	148
2.80407	149
2.80608	151
2.80808	153
2.81008	154
2.81208	156
2.81409	158
2.81609	160
2.81809	162
2.8201	164
2.8221	165
2.8241	167
2.8261	169
2.82811	171
2.83011	173
2.83211	175
2.83411	177
2.83612	179
2.83866	179
2.84066	176
2.84266	173
2.84466	171
2.84667	170
2.84867	169
2.85067	169
2.85268	168
2.85468	168
2.85668	169
2.85868	169
2.86069	170
2.86269	171
2.86469	172
2.86669	173
2.8687	174
2.8707	175
2.8727	177
2.8747	178
2.87671	180
2.87871	181
2.88071	183
2.88272	185
2.88472	186
2.88672	188
2.88872	190
2.89073	192
2.89273	194
2.89473	195
2.89673	188
2.89851	183
2.89951	198
2.90167	179
2.90367	200
2.90445	176
2.90745	203
2.90846	173
2.91061	171
2.91161	206
2.91377	169
2.91477	209
2.91755	168
2.91955	212
2.92055	167
2.92271	166
2.92371	215
2.92587	166
2.92687	218
2.92965	165
2.93165	222
2.93265	165
2.93481	225
2.93581	166
2.93881	228
2.93897	166
2.94175	167
2.94375	232
2.94475	167
2.94691	236
2.94791	168
2.95091	239
2.95107	169
2.95385	170
2.95486	243
2.95833	171
2.95958	173
2.96073	173
2.96251	174
2.96452	175
2.96567	176
2.96682	176
2.9686	176
2.97061	177
2.97176	177
2.97292	178
2.97747	178
2.98163	179
2.98356	180
2.98672	181
2.98966	182
2.99281	183
3.33281	236
3.33481	219
3.33682	205
3.33882	193
3.34082	183
3.34282	174
3.34483	167
3.34683	160
3.34883	155
3.35084	151
3.35284	147
3.35484	144
3.35684	142
3.35885	140
3.36085	139
3.36285	138
3.36485	138
3.36686	138
3.36886	138
3.37086	138
3.37286	139
3.37487	139
3.37687	140
3.37887	141
3.38088	142
3.38288	144
3.38488	145
3.38688	147
3.38889	148
3.39089	150
3.39289	151
3.39489	153
3.3969	155
3.3989	156
3.4009	158
3.4029	160
3.40491	162
3.40691	164
3.40891	165
3.41092	167
3.41292	169
3.41492	171
3.41592	185
3.41792	178
3.41993	173
3.42193	169
3.42393	166
3.42594	163
3.42794	161
3.42994	159
3.43194	158
3.43395	157
3.43595	157
3.43795	156
3.43995	157
3.44196	157
3.44396	158
3.44596	158
3.44796	159
3.44997	160
3.45197	161
3.45397	163
3.45598	164
3.45798	165
3.45998	167
3.46198	169
3.46399	170
3.46599	172
3.46799	174
3.46999	175
3.472	177
3.474	179
3.476	181
3.478	168
3.48101	183
3.48201	166
3.48501	186
3.48602	164
3.48902	188
3.49002	163
3.49302	191
3.49403	162
3.49703	194
3.49803	161
3.50104	197
3.50204	161
3.50504	201
3.50604	161
3.50905	161
3.51105	161
3.51305	162
3.51505	162
3.51706	162
3.51906	162
3.52106	162
3.52306	162
3.52507	162
3.52707	162
3.52907	162
3.53108	162
3.53308	162
3.53508	162
3.53708	162
3.53909	162
3.54109	162
3.54309	162
3.54509	162
3.5471	162
3.5491	162
3.5511	162
3.5531	162
3.55511	162
3.55711	162
3.55911	162
3.56011	210
3.56312	203
3.56412	163
3.56712	196
3.56812	164
3.57113	190
3.57213	165
3.57513	186
3.57614	166
3.57914	182
3.58014	167
3.58314	179
3.58415	168
3.58715	177
3.59116	175
3.59516	173
3.59816	172
3.60017	171
3.60217	170
3.60417	170
3.60618	169
3.60818	169
3.61018	169
3.61218	168
3.61419	168
3.61619	168
3.61819	168
3.62019	168
3.6242	168
3.6282	168
3.63221	169
3.63622	169
3.64022	170
3.64423	171
3.64823	172
3.65224	174
3.65624	175
3.66025	176
3.66425	178
3.66826	179
3.83674	176
3.84275	173
3.84621	169
3.89453	162
3.89653	157
3.89854	153
3.90054	149
3.90254	147
3.90454	145
3.90655	143
3.90855	142
3.91055	141
3.91255	141
3.91456	140
3.91656	141
3.91856	141
3.92056	141
3.95661	163
3.95862	158
3.96062	154
3.96262	151
3.96462	149
3.96663	147
3.96863	145
3.97063	144
3.97263	144
3.97464	144
3.97664	144
3.97864	144
3.98064	144
3.98265	145
3.98465	146
3.98665	147
3.98866	148
3.99066	149
3.99266	150
3.99466	152
3.99667	153
3.99867	155
4.00067	156
4.00267	158
4.00468	160
4.00668	161
4.00868	163
4.01068	164
4.01269	165
4.01469	154
4.01669	151
4.0187	148
4.0207	146
4.0227	145
4.0247	144
4.02671	143
4.02871	143
4.03071	143
4.03271	143
4.03472	143
4.03672	144
4.03872	145
4.04072	146
4.04273	147
4.04473	148
4.04673	149
4.04874	151
4.05074	151
4.05274	152
4.05474	152
4.05675	153
4.05875	153
4.06075	153
4.06275	154
4.06476	154
4.06676	154
4.06876	154
4.07076	154
4.07277	155
4.07477	155
4.07677	173
4.07878	166
4.08078	161
4.08278	156
4.08478	152
4.08679	148
4.08879	145
4.09079	142
4.09279	139
4.0948	137
4.0968	135
4.0988	133
4.1008	132
4.10281	131
4.10481	129
4.10681	128
4.10882	128
4.11082	127
4.11282	126
4.11482	126
4.11683	125
4.11883	125
4.12083	124
4.12283	124
4.12484	124
4.12684	123
4.12884	123
4.13084	123
4.13285	123
4.13485	123
4.13585	162
4.13785	157
4.13986	153
4.14186	149
4.14386	146
4.14586	143
4.14787	140
4.14987	138
4.15187	136
4.15388	134
4.15588	133
4.15788	132
4.15988	130
4.16189	129
4.16389	129
4.16589	128
4.16789	127
4.1699	127
4.1719	126
4.1739	126
4.1759	125
4.17791	125
4.17991	125
4.18191	125
4.18392	125
4.18592	125
4.18792	125
4.18992	125
4.19193	125
4.19393	125
4.19593	125
4.19793	125
4.20094	123
4.20294	123
4.20494	123
4.20695	123
4.20895	123
4.21095	123
4.21295	123
4.21496	123
4.21696	123
4.21896	123
4.22096	123
4.22297	123
4.22497	123
4.22697	123
4.22898	123
4.23098	123
4.23298	123
4.23498	123
4.23699	123
4.23899	123
4.24099	123
4.24299	124
4.245	124
4.247	124
4.249	124
4.251	125
4.25301	125
4.25501	125
4.25701	125
4.25902	125
4.26102	132
4.26302	132
4.26502	131
4.26703	131
4.26903	130
4.27103	130
4.27303	130
4.27504	129
4.27704	129
4.27904	129
4.28104	129
4.28305	129
4.28505	128
4.28705	128
4.28906	128
4.29106	128
4.29306	128
4.29506	128
4.29707	128
4.29907	128
4.30107	128
4.30307	128
4.30508	128
4.30708	128
4.30908	128
4.31108	128
4.31309	128
4.31509	128
4.31709	128
4.3191	128
4.3211	128
4.3231	128
4.3251	128
4.3261	134
4.32811	133
4.33011	132
4.33211	132
4.33412	131
4.33612	131
4.33812	130
4.34012	130
4.34213	130
4.34413	129
4.34613	129
4.34813	129
4.35014	129
4.35214	129
4.35414	128
4.35614	128
4.35815	128
4.36015	128
4.36215	128
4.36416	128
4.36616	128
4.36816	128
4.37016	128
4.37217	128
4.37417	128
4.37617	128
4.37817	127
4.38018	127
4.38218	127
4.38418	127
4.38618	127
4.38819	127
4.39019	127
4.39219	127
4.3942	128
4.3962	128
4.3982	128
4.4002	128
4.40221	128
4.40421	128
4.40621	128
4.40821	128
4.41022	128
4.41222	128
4.41422	128
4.41622	128
4.41823	128
4.42023	128
4.42223	128
4.42424	128
4.42624	128
4.42824	128
4.43024	128
4.43225	128
4.43425	128
4.43625	128
4.43825	128
4.44026	128
4.44226	128
4.44426	128
4.44626	128
4.44827	128
4.45027	128
4.45227	128
4.45428	128
4.45628	127
4.45828	128
4.46028	128
4.46229	128
4.46429	128
4.46629	128
4.46829	129
4.4703	129
4.4723	129
4.4743	129
4.4763	129
4.47831	129
4.48031	129
4.48231	129
4.48432	129
4.48632	129
4.48832	129
4.49032	129
4.49233	129
4.49433	129
4.49633	129
4.49833	129
4.50034	130
4.50234	130
4.50434	130
4.50634	130
4.50835	130
4.51035	131
4.51235	131
4.51436	131
4.51636	131
4.51936	129
4.52136	129
4.52337	129
4.52537	129
4.52737	129
4.52938	130
4.53138	130
4.53338	130
4.53538	130
4.53739	130
4.53939	130
4.54139	130
4.54339	130
4.5454	130
4.5474	130
4.5494	130
4.5514	130
4.55341	130
4.55541	130
4.55741	130
4.55942	130
4.56142	130
4.56342	131
4.56542	131
4.56743	131
4.56943	131
4.57143	131
4.57343	132
4.57544	132
4.57744	132
4.57944	132
4.58144	132
4.58345	132
4.58545	132
4.58745	140
4.58946	139
4.59146	138
4.59346	137
4.59546	137
4.59747	136
4.59947	136
4.60147	135
4.60347	135
4.60548	135
4.60748	134
4.60948	134
4.61148	134
4.61349	134
4.61549	134
4.61749	133
4.6195	133
4.6215	133
4.6235	133
4.6255	133
4.62751	133
4.62951	133
4.63151	133
4.63351	133
4.63552	133
4.63752	133
4.63952	133
4.64152	133
4.64353	133
4.64553	133
4.64753	133
4.64954	133
4.65054	140
4.65254	139
4.65454	138
4.65654	138
4.65855	137
4.66055	136
4.66255	136
4.66456	135
4.66656	135
4.66856	135
4.67056	134
4.67257	134
4.67457	134
4.67657	134
4.67857	134
4.68058	134
4.68258	133
4.68458	133
4.68658	133
4.68859	133
4.69059	133
4.69259	133
4.6946	133
4.6966	133
4.6986	133
4.7006	133
4.70261	133
4.70461	133
4.70661	133
4.70861	133
4.71062	133
4.71262	133
4.71462	133
4.71662	133
4.71863	133
4.72063	133
4.72263	133
4.72463	133
4.72664	133
4.72864	133
4.73064	133
4.73265	133
4.73465	133
4.73665	133
4.73865	133
4.74066	133
4.74266	133
4.74466	133
4.74666	133
4.74867	133
4.75067	133
4.75267	133
4.75467	133
4.75668	133
4.75868	133
4.76068	133
4.76269	133
4.76469	133
4.76669	133
4.76869	133
4.7707	133
4.7727	133
4.7747	133
4.7767	133
4.77871	134
4.78071	134
4.78271	134
4.78572	133
4.78772	133
4.78972	133
4.79172	133
4.79373	134
4.79573	134
4.79773	134
4.79973	134
4.80174	134
4.80374	134
4.80574	134
4.80775	134
4.80975	134
4.81175	134
4.81375	134
4.81576	134
4.81776	134
4.81976	134
4.82176	134
4.82377	134
4.82577	134
4.82777	134
4.82977	134
4.83178	135
4.83378	135
4.83578	135
4.83779	135
4.83979	135
4.84179	136
4.84379	136
4.8458	136
4.8478	136
4.8498	136
4.8518	136
4.85381	136
4.85581	143
4.85781	142
4.85981	141
4.86182	141
4.86382	140
4.86582	140
4.86783	139
4.86983	139
4.87183	139
4.87383	138
4.87584	138
4.87784	138
4.87984	138
4.88184	138
4.88385	137
4.88585	137
4.88785	137
4.88985	137
4.89186	137
4.89386	137
4.89586	137
4.89787	137
4.89987	137
4.90187	137
4.90387	137
4.90588	137
4.90788	137
4.90988	137
4.91188	137
4.91389	137
4.91589	137
4.91789	137
4.91989	137
4.9209	144
4.9229	143
4.9249	142
4.9269	142
4.92891	141
4.93091	140
4.93291	140
4.93491	140
4.93692	139
4.93892	139
4.94092	139
4.94293	138
4.94493	138
4.94693	138
4.94893	138
4.95094	138
4.95294	137
4.95494	137
4.95694	137
4.95895	137
4.96095	137
4.96295	137
4.96495	137
4.96696	137
4.96896	137
4.97096	137
4.97297	137
4.97497	137
4.97697	137
4.97897	137
4.98098	137
4.98298	137
4.98498	137
4.98698	137
4.98899	137
4.99099	137
4.99299	137
4.99499	137
4.997	137
4.999	137
5.001	137
5.00301	137
5.00501	137
5.00701	137
5.00901	137
5.01102	137
5.01302	137
5.01502	137
5.01702	137
5.01903	137
5.02103	137
5.02303	137
5.02503	137
5.02704	137
5.02904	137
5.03104	137
5.03305	137
5.03505	137
5.03705	137
5.03905	137
5.04106	137
5.04306	138
5.04506	138
5.04706	138
5.04907	138
5.05107	138
5.05307	139
5.05507	139
5.05708	139
5.06008	137
5.06208	137
5.06409	138
5.06609	138
5.06809	138
5.07009	138
5.0721	138
5.0741	138
5.0761	139
5.07811	139
5.08011	139
5.08211	139
5.08411	139
5.08612	139
5.08812	139
5.09012	139
5.09212	139
5.09413	139
5.09613	139
5.09813	139
5.10013	139
5.10214	139
5.10414	139
5.10614	139
5.10815	139
5.11015	139
5.11215	139
5.11415	139
5.11616	139
5.11816	139
5.12016	139
5.12216	139
5.12417	139
5.12617	139
5.12817	139
5.13017	139
5.13118	148
5.13318	147
5.13518	146
5.13718	145
5.13919	145
5.14119	144
5.14319	143
5.14519	143
5.1472	143
5.1492	142
5.1512	142
5.15321	142
5.15521	141
5.15721	141
5.15921	141
5.16122	141
5.16322	141
5.16522	140
5.16722	140
5.16923	140
5.17123	140
5.17323	140
5.17523	140
5.17724	140
5.17924	140
5.18124	140
5.18325	140
5.18525	140
5.18725	140
5.18925	140
5.19126	140
5.19326	140
5.19526	140
5.19827	139
5.20027	139
5.20227	139
5.20427	139
5.20628	139
5.20828	139
5.21028	139
5.21228	139
5.21429	139
5.21629	139
5.21829	139
5.22029	139
5.2223	139
5.2243	139
5.2263	139
5.22831	139
5.23031	139
5.23231	139
5.23431	139
5.23632	139
5.23832	139
5.24032	139
5.24232	139
5.24433	139
5.24633	139
5.24833	139
5.25033	139
5.25234	139
5.25434	139
5.25634	139
5.25835	139
5.26035	139
5.26235	139
5.26435	139
5.26636	139
5.26836	139
5.27036	149
5.27236	148
5.27437	147
5.27637	146
5.27837	145
5.28037	145
5.28238	144
5.28438	144
5.28638	143
5.28839	143
5.29039	143
5.29239	142
5.29439	142
5.2964	142
5.2984	142
5.3004	142
5.3024	141
5.30441	141
5.30641	141
5.30841	141
5.31041	141
5.31242	141
5.31442	141
5.31642	141
5.31843	141
5.32043	141
5.32243	141
5.32443	141
5.32644	141
5.32844	141
5.33044	141
5.33244	141
5.33445	141
5.33645	141
5.33745	148
5.33945	147
5.34146	146
5.34346	145
5.34546	145
5.34746	144
5.34947	144
5.35147	143
5.35347	143
5.35547	143
5.35748	142
5.35948	142
5.36148	142
5.36349	142
5.36549	142
5.36749	141
5.36949	141
5.3715	141
5.3735	141
5.3755	141
5.3775	141
5.37951	141
5.38151	141
5.38351	141
5.38551	141
5.38752	141
5.38952	141
5.39152	141
5.39353	141
5.39553	141
5.39753	141
5.39953	141
5.40154	141
5.40354	141
5.40554	141
5.40754	141
5.40955	141
5.41155	141
5.41355	141
5.41555	141
5.41756	141
5.41956	141
5.42156	141
5.42357	141
5.42557	141
5.42757	141
5.42957	141
5.43158	141
5.43358	141
5.43558	141
5.43758	141
5.43959	141
5.44159	141
5.44359	141
5.44559	141
5.4476	141
5.4496	141
5.4516	141
5.45361	141
5.45561	141
5.45761	141
5.45961	141
5.46162	141
5.46362	141
5.46562	141
5.46762	141
5.46963	141
5.47163	141
5.47363	141
5.47563	141
5.47764	141
5.47964	141
5.48164	141
5.48365	141
5.48565	141
5.48765	141
5.48965	141
5.49166	141
5.49366	141
5.49566	141
5.49766	141
5.49967	141
5.50167	141
5.50367	141
5.50567	141
5.50768	141
5.50968	141
5.51168	141
5.51369	141
5.51569	141
5.51769	141
5.51969	141
5.5217	141
5.5237	141
5.5257	141
5.5277	141
5.52971	141
5.53171	141
5.53371	141
5.53571	141
5.53772	141
5.53972	141
5.54172	141
5.54373	141
5.54573	141
5.54773	141
5.54973	141
5.55174	141
5.55374	141
5.55574	141
5.55774	141
5.55975	141
5.56175	141
5.56375	141
5.56575	141
5.56776	141
5.56976	141
5.57176	141
5.57377	141
5.57577	141
5.57777	141
5.57977	141
5.58178	141
5.58378	141
5.58578	141
5.58778	141
5.58979	141
5.59179	141
5.59379	141
5.59579	141
5.5978	141
5.5998	141
5.6018	141
5.60381	141
5.60581	141
5.60781	141
5.60981	141
5.61182	141
5.61382	141
5.61582	141
5.61782	141
5.61983	141
5.62183	141
5.62383	141
5.62583	141
5.62784	141
5.62984	141
5.63184	141
5.63385	141
5.63585	141
5.63785	141
5.63985	141
5.64186	141
5.64386	141
5.64586	141
5.64786	141
5.64987	141
5.65187	141
5.65387	141
5.65587	141
5.65788	141
5.65988	141
5.66188	141
5.66389	141
5.66589	141
5.66789	141
5.66989	141
5.6719	141
5.6739	141
5.6759	141
5.6779	141
5.67991	141
5.68191	141
5.68391	141
5.68591	141
5.68792	141
5.68992	141
5.69192	141
5.69393	141
5.69593	141
5.69793	142
5.69993	142
5.70194	142
5.70394	142
5.70594	142
5.70794	143
5.70995	143
5.71195	143
5.71395	143
5.71595	143
5.71796	143
5.71996	143
5.72196	143
5.72397	143
5.72597	143
5.72797	143
5.72997	143
5.73198	143
5.73398	143
5.73598	143
5.73798	143
5.73999	143
5.74199	143
5.74399	143
5.74599	143
5.748	143
5.75	143
5.752	144
5.75401	144
5.75601	144
5.75801	144
5.76001	144
5.76202	144
5.76502	142
5.76702	142
5.76903	143
5.77103	143
5.77303	143
5.77503	144
5.77704	144
5.77904	144
5.78104	144
5.78304	144
5.78505	145
5.78705	145
5.78905	145
5.79105	145
5.79306	145
5.79506	145
5.79706	145
5.79907	145
5.80107	145
5.80307	145
5.80507	145
5.80708	145
5.80908	145
5.81108	145
5.81308	145
5.81509	145
5.81709	145
5.81909	145
5.82109	145
5.8231	145
5.8251	145
5.8271	145
5.82911	145
5.83111	145
5.83311	145
5.83511	145
5.83712	145
5.83912	153
5.84112	152
5.84312	152
5.84513	151
5.84713	150
5.84913	150
5.85113	149
5.85314	149
5.85514	148
5.85714	148
5.85915	148
5.86115	147
5.86315	147
5.86515	147
5.86716	147
5.86916	147
5.87116	146
5.87316	146
5.87517	146
5.87717	146
5.87917	146
5.88117	146
5.88318	146
5.88518	146
5.88718	146
5.88919	146
5.89119	146
5.89319	146
5.89519	146
5.8972	146
5.8992	145
5.9012	145
5.9032	145
5.90521	145
5.90721	154
5.90921	153
5.91121	152
5.91322	151
5.91522	150
5.91722	149
5.91923	148
5.92123	148
5.92323	147
5.92523	147
5.92724	146
5.92924	146
5.93124	146
5.93324	145
5.93525	145
5.93725	145
5.93925	145
5.94125	145
5.94326	144
5.94526	144
5.94726	144
5.94927	144
5.95127	144
5.95327	144
5.95527	144
5.95728	144
5.95928	144
5.96128	144
5.96328	144
5.96529	144
5.96729	144
5.96929	144
5.97129	144
5.9733	144
5.9753	144
5.9773	144
5.97931	144
5.98131	154
5.98331	153
5.98531	152
5.98732	151
5.98932	150
5.99132	149
5.99332	148
5.99533	148
5.99733	147
5.99933	147
6.00133	146
6.00334	146
6.00534	146
6.00734	145
6.00935	145
6.01135	145
6.01335	145
6.01535	145
6.01736	144
6.01936	144
6.02136	144
6.02336	144
6.02537	144
6.02737	144
6.02937	144
6.03137	144
6.03338	144
6.03538	144
6.03738	144
6.03939	144
6.04139	144
6.04339	144
6.04539	144
6.0474	144
6.0494	152
6.0514	151
6.0534	150
6.05541	149
6.05741	149
6.05941	148
6.06141	147
6.06342	147
6.06542	146
6.06742	146
6.06943	146
6.07143	145
6.07343	145
6.07543	145
6.07744	145
6.07944	145
6.08144	145
6.08344	144
6.08545	144
6.08745	144
6.08945	144
6.09145	144
6.09346	144
6.09546	144
6.09746	144
6.09947	144
6.10147	144
6.10347	144
6.10547	144
6.10748	144
6.10948	144
6.11148	144
6.11348	144
6.11549	144
6.11749	144
6.11949	144
6.12149	144
6.1235	153
6.1255	152
6.1275	151
6.12951	150
6.13151	149
6.13351	148
6.13551	148
6.13752	147
6.13952	147
6.14152	146
6.14352	146
6.14553	146
6.14753	145
6.14953	145
6.15153	145
6.15354	145
6.15554	145
6.15754	144
6.15955	144
6.16155	144
6.16355	144
6.16555	144
6.16756	144
6.16956	144
6.17156	144
6.17356	144
6.17557	144
6.17757	144
6.17957	144
6.18157	144
6.18358	144
6.18558	144
6.18758	144
6.18959	144
6.19159	152
6.19359	151
6.19559	150
6.1976	149
6.1996	149
6.2016	148
6.2036	147
6.20561	147
6.20761	146
6.20961	146
6.21161	146
6.21362	145
6.21562	145
6.21762	145
6.21963	145
6.22163	145
6.22363	145
6.22563	144
6.22764	144
6.22964	144
6.23164	144
6.23364	144
6.23565	144
6.23765	144
6.23965	144
6.24165	144
6.24366	144
6.24566	144
6.24766	144
6.24967	144
6.25167	144
6.25367	144
6.25567	144
6.25768	144
6.25968	144
6.26168	144
6.26368	144
6.26569	153
6.26769	152
6.26969	151
6.27169	150
6.2737	149
6.2757	148
6.2777	148
6.27971	147
6.28171	147
6.28371	146
6.28571	146
6.28772	146
6.28972	145
6.29172	145
6.29372	145
6.29573	145
6.29773	145
6.29973	144
6.30173	144
6.30374	144
6.30574	144
6.30774	144
6.30975	144
6.31175	144
6.31375	144
6.31575	144
6.31776	144
6.31976	144
6.32176	144
6.32376	144
6.32577	144
6.32777	144
6.32977	144
6.33177	144
6.33378	152
6.33578	151
6.33778	150
6.33979	149
6.34179	149
6.34379	148
6.34579	147
6.3478	147
6.3498	146
6.3518	146
6.3538	146
6.35581	145
6.35781	145
6.35981	145
6.36181	145
6.36382	145
6.36582	145
6.36782	144
6.36983	144
6.37183	144
6.37383	144
6.37583	144
6.37784	144
6.37984	144
6.38184	144
6.38384	144
6.38585	144
6.38785	144
6.38985	144
6.39185	144
6.39386	144
6.39586	144
6.39786	144
6.39987	144
6.40187	144
6.40387	144
6.40587	144
6.40788	153
6.40988	152
6.41188	151
6.41388	150
6.41589	149
6.41789	148
6.41989	148
6.42189	147
6.4239	147
6.4259	146
6.4279	146
6.42991	146
6.43191	145
6.43391	145
6.43591	145
6.43792	145
6.43992	145
6.44192	144
6.44392	144
6.44593	144
6.44793	144
6.44993	144
6.45193	144
6.45394	144
6.45594	144
6.45794	144
6.45995	144
6.46195	144
6.46395	144
6.46595	144
6.46796	144
6.46996	144
6.47196	144
6.47396	144
6.47597	152
6.47797	151
6.47997	150
6.48197	149
6.48398	149
6.48598	148
6.48798	147
6.48999	147
6.49199	146
6.49399	146
6.49599	146
6.498	145
6.5	145
6.502	145
6.504	145
6.50601	145
6.50801	145
6.51001	145
6.51201	145
6.51402	145
6.51602	145
6.51802	145
6.52003	145
6.52203	145
6.52403	145
6.52603	145
6.52804	145
6.53004	145
6.53204	145
6.53404	145
6.53605	145
6.53805	145
6.54005	145
6.54205	145
6.54406	145
6.54606	145
6.54806	145
6.55007	153
6.55207	152
6.55407	151
6.55607	150
6.55808	149
6.56008	149
6.56208	148
6.56408	148
6.56609	147
6.56809	147
6.57009	147
6.57209	146
6.5741	146
6.5761	146
6.5781	146
6.58011	146
6.58211	146
6.58411	145
6.58611	145
6.58812	145
6.59012	145
6.59212	145
6.59412	145
6.59613	145
6.59813	145
6.60013	145
6.60213	145
6.60414	145
6.60614	145
6.60814	145
6.61015	145
6.61215	145
6.61415	145
6.61615	145
6.61816	153
6.62016	152
6.62216	151
6.62416	150
6.62617	149
6.62817	149
6.63017	148
6.63217	148
6.63418	147
6.63618	147
6.63818	147
6.64019	146
6.64219	146
6.64419	146
6.64619	146
6.6482	145
6.6502	145
6.6522	145
6.6542	145
6.65621	145
6.65821	144
6.66021	144
6.66221	144
6.66422	144
6.66622	144
6.66822	144
6.67023	144
6.67223	144
6.67423	144
6.67623	144
6.67824	144
6.68024	144
6.68224	144
6.68424	144
6.68625	144
6.68825	144
6.69025	144
6.69225	154
6.69426	153
6.69626	151
6.69826	150
6.70027	150
6.70227	149
6.70427	148
6.70627	148
6.70828	147
6.71028	147
6.71228	146
6.71428	146
6.71629	146
6.71829	145
6.72029	145
6.72229	145
6.7243	145
6.7263	145
6.7283	144
6.7303	144
6.73231	144
6.73431	144
6.73631	144
6.73832	144
6.74032	144
6.74232	144
6.74432	144
6.74633	144
6.74833	144
6.75033	144
6.75233	144
6.75434	144
6.75634	144
6.75834	144
6.76034	152
6.76235	151
6.76435	150
6.76635	149
6.76836	149
6.77036	148
6.77236	147
6.77436	147
6.77637	146
6.77837	146
6.78037	146
6.78237	145
6.78438	145
6.78638	145
6.78838	145
6.79038	145
6.79239	145
6.79439	144
6.79639	144
6.7984	144
6.8004	144
6.8024	144
6.8044	144
6.80641	144
6.80841	144
6.81041	144
6.81241	144
6.81442	144
6.81642	144
6.81842	144
6.82042	144
6.82243	144
6.82443	144
6.82643	144
6.82844	144
6.83044	144
6.83244	144
6.83444	153
6.83645	152
6.83845	151
6.84045	150
6.84245	149
6.84446	148
6.84646	148
6.84846	147
6.85046	147
6.85247	146
6.85447	146
6.85647	146
6.85848	145
6.86048	145
6.86248	145
6.86448	145
6.86649	145
6.86849	144
6.87049	144
6.87249	144
6.8745	144
6.8765	144
6.8785	144
6.8805	144
6.88251	144
6.88451	144
6.88651	144
6.88852	144
6.89052	144
6.89252	144
6.89452	144
6.89653	144
6.89853	144
6.90053	144
6.90253	152
6.90454	151
6.90654	150
6.90854	149
6.91054	149
6.91255	148
6.91455	147
6.91655	147
6.91856	146
6.92056	146
6.92256	146
6.92456	145
6.92657	145
6.92857	145
6.93057	145
6.93257	145
6.93458	145
6.93658	144
6.93858	144
6.94058	144
6.94259	144
6.94459	144
6.94659	144
6.9486	144
6.9506	144
6.9526	144
6.9546	144
6.95661	144
6.95861	144
6.96061	144
6.96261	144
6.96462	144
6.96662	144
6.96862	144
6.97062	144
6.97263	144
6.97463	144
6.97663	153
6.97864	152
6.98064	151
6.98264	150
6.98464	149
6.98665	148
6.98865	148
6.99065	147
6.99265	147
6.99466	146
6.99666	146
6.99866	146
7.00066	145
7.00267	145
7.00467	145
7.00667	145
7.00868	145
7.01068	144
7.01268	144
7.01468	144
7.01669	144
7.01869	144
7.02069	144
7.02269	144
7.0247	144
7.0267	144
7.0287	144
7.0307	144
7.03271	144
7.03471	144
7.03671	144
7.03872	144
7.04072	144
7.04272	144
7.04472	152
7.04673	151
7.04873	150
7.05073	149
7.05273	149
7.05474	148
7.05674	147
7.05874	147
7.06074	146
7.06275	146
7.06475	146
7.06675	145
7.06876	145
7.07076	145
7.07276	145
7.07476	145
7.07677	145
7.07877	144
7.08077	144
7.08277	144
7.08478	144
7.08678	144
7.08878	144
7.09078	144
7.09279	144
7.09479	144
7.09679	144
7.0988	144
7.1008	144
7.1028	144
7.1048	144
7.10681	144
7.10881	144
7.11081	144
7.11281	144
7.11482	144
7.11682	144
7.11882	153
7.12082	152
7.12283	151
7.12483	150
7.12683	149
7.12884	148
7.13084	148
7.13284	147
7.13484	147
7.13685	146
7.13885	146
7.14085	146
7.14285	145
7.14486	145
7.14686	145
7.14886	145
7.15086	145
7.15287	144
7.15487	144
7.15687	144
7.15888	144
7.16088	144
7.16288	144
7.16488	144
7.16689	144
7.16889	144
7.17089	144
7.17289	144
7.1749	144
7.1769	144
7.1789	144
7.1809	144
7.18291	144
7.18491	144
7.18691	152
7.18892	151
7.19092	150
7.19292	149
7.19492	149
7.19693	148
7.19893	147
7.20093	147
7.20293	146
7.20494	146
7.20694	146
7.20894	145
7.21094	145
7.21295	145
7.21495	145
7.21695	145
7.21896	145
7.22096	144
7.22296	144
7.22496	144
7.22697	144
7.22897	144
7.23097	144
7.23297	144
7.23498	144
7.23698	144
7.23898	144
7.24098	144
7.24299	144
7.24499	144
7.24699	144
7.249	144
7.251	144
7.253	144
7.255	144
7.25701	144
7.25901	144
7.26101	153
7.26301	152
7.26502	151
7.26702	150
7.26902	149
7.27102	149
7.27303	148
7.27503	148
7.27703	147
7.27904	147
7.28104	147
7.28304	146
7.28504	146
7.28705	146
7.28905	146
7.29105	146
7.29305	146
7.29506	145
7.29706	145
7.29906	145
7.30106	145
7.30307	145
7.30507	145
7.30707	145
7.30908	145
7.31108	145
7.31308	145
7.31508	145
7.31709	145
7.31909	145
7.32109	145
7.32309	145
7.3251	145
7.3271	145
7.3291	153
7.3311	152
7.33311	151
7.33511	150
7.33711	149
7.33912	149
7.34112	148
7.34312	148
7.34512	147
7.34713	147
7.34913	147
7.35113	146
7.35313	146
7.35514	146
7.35714	146
7.35914	146
7.36114	145
7.36315	145
7.36515	145
7.36715	145
7.36916	145
7.37116	145
7.37316	145
7.37516	145
7.37717	145
7.37917	145
7.38117	145
7.38317	145
7.38518	145
7.38718	145
7.38918	145
7.39118	145
7.39319	145
7.39519	145
7.39719	144
7.3992	144
7.4012	144
7.4032	154
7.4052	153
7.40721	151
7.40921	150
7.41121	150
7.41321	149
7.41522	148
7.41722	148
7.41922	147
7.42122	147
7.42323	146
7.42523	146
7.42723	146
7.42924	145
7.43124	145
7.43324	145
7.43524	145
7.43725	145
7.43925	144
7.44125	144
7.44325	144
7.44526	144
7.44726	144
7.44926	144
7.45126	144
7.45327	144
7.45527	144
7.45727	144
7.45928	144
7.46128	144
7.46328	144
7.46528	144
7.46729	144
7.46929	144
7.47129	153
7.47329	152
7.4753	151
7.4773	150
7.4793	149
7.4813	148
7.48331	148
7.48531	147
7.48731	147
7.48932	146
7.49132	146
7.49332	146
7.49532	145
7.49733	145
7.49933	145
7.50133	145
7.50333	145
7.50534	144
7.50734	144
7.50934	144
7.51134	144
7.51335	144
7.51535	144
7.51735	144
7.51936	144
7.52136	144
7.52336	144
7.52536	144
7.52737	144
7.52937	144
7.53137	144
7.53337	144
7.53538	144
7.53738	144
7.53938	144
7.54138	144
7.54339	144
7.54539	153
7.54739	152
7.5494	151
7.5514	150
7.5534	149
7.5554	148
7.55741	148
7.55941	147
7.56141	147
7.56341	146
7.56542	146
7.56742	146
7.56942	145
7.57142	145
7.57343	145
7.57543	145
7.57743	145
7.57944	144
7.58144	144
7.58344	144
7.58544	144
7.58745	144
7.58945	144
7.59145	144
7.59345	144
7.59546	144
7.59746	144
7.59946	144
7.60146	144
7.60347	144
7.60547	144
7.60747	144
7.60948	144
7.61148	144
7.61348	152
7.61548	151
7.61749	150
7.61949	149
7.62149	149
7.62349	148
7.6255	147
7.6275	147
7.6295	146
7.6315	146
7.63351	146
7.63551	145
7.63751	145
7.63952	145
7.64152	145
7.64352	145
7.64552	145
7.64753	144
7.64953	144
7.65153	144
7.65353	144
7.65554	144
7.65754	144
7.65954	144
7.66154	144
7.66355	144
7.66555	144
7.66755	144
7.66956	144
7.67156	144
7.67356	144
7.67556	144
7.67757	144
7.67957	144
7.68157	144
7.68357	144
7.68558	144
7.68758	153
7.68958	152
7.69158	151
7.69359	150
7.69559	149
7.69759	148
7.6996	148
7.7016	147
7.7036	147
7.7056	146
7.70761	146
7.70961	146
7.71161	145
7.71361	145
7.71562	145
7.71762	145
7.71962	145
7.72162	144
7.72363	144
7.72563	144
7.72763	144
7.72964	144
7.73164	144
7.73364	144
7.73564	144
7.73765	144
7.73965	144
7.74165	144
7.74365	144
7.74566	144
7.74766	144
7.74966	144
7.75166	144
7.75367	144
7.75567	152
7.75767	151
7.75968	150
7.76168	149
7.76368	149
7.76568	148
7.76769	147
7.76969	147
7.77169	146
7.77369	146
7.7757	146
7.7777	145
7.7797	145
7.7817	145
7.78371	145
7.78571	145
7.78771	145
7.78972	144
7.79172	144
7.79372	144
7.79572	144
7.79773	144
7.79973	144
7.80173	144
7.80373	144
7.80574	144
7.80774	144
7.80974	144
7.81174	144
7.81375	144
7.81575	144
7.81775	144
7.81976	144
7.82176	144
7.82376	144
7.82576	144
7.82777	144
7.82977	153
7.83177	152
7.83377	151
7.83578	150
7.83778	149
7.83978	148
7.84178	148
7.84379	147
7.84579	147
7.84779	146
7.8498	146
7.8518	146
7.8538	145
7.8558	145
7.85781	145
7.85981	145
7.86181	145
7.86381	144
7.86582	144
7.86782	144
7.86982	144
7.87182	144
7.87383	144
7.87583	144
7.87783	144
7.87984	144
7.88184	144
7.88384	144
7.88584	144
7.88785	144
7.88985	144
7.89185	144
7.89385	144
7.89586	144
7.89786	152
7.89986	151
7.90186	150
7.90387	149
7.90587	149
7.90787	148
7.90988	147
7.91188	147
7.91388	146
7.91588	146
7.91789	146
7.91989	145
7.92189	145
7.92389	145
7.9259	145
7.9279	145
7.9299	145
7.9319	144
7.93391	144
7.93591	144
7.93791	144
7.93992	144
7.94192	144
7.94392	144
7.94592	144
7.94793	144
7.94993	144
7.95193	144
7.95393	144
7.95594	144
7.95794	144
7.95994	144
7.96194	144
7.96395	144
7.96595	144
7.96795	144
7.96996	144
7.97196	153
7.97396	152
7.97596	151
7.97797	150
7.97997	149
7.98197	148
7.98397	148
7.98598	147
7.98798	147
7.98998	146
7.99198	146
7.99399	146
7.99599	145
7.99799	145
8	145
8.002	145
8.004	145
8.006	145
8.00801	145
8.01001	145
8.01201	145
8.01401	145
8.01602	145
8.01802	145
8.02002	145
8.02202	145
8.02403	145
8.02603	145
8.02803	145
8.03004	145
8.03204	145
8.03404	145
8.03604	145
8.03805	145
8.04005	152
8.04205	151
8.04405	150
8.04606	150
8.04806	149
8.05006	148
8.05206	148
8.05407	148
8.05607	147
8.05807	147
8.06008	147
8.06208	146
8.06408	146
8.06608	146
8.06809	146
8.07009	146
8.07209	145
8.07409	145
8.0761	145
8.0781	145
8.0801	145
8.0821	145
8.08411	145
8.08611	145
8.08811	145
8.09012	145
8.09212	145
8.09412	145
8.09612	145
8.09813	145
8.10013	145
8.10213	145
8.10413	145
8.10614	145
8.10814	145
8.11014	145
8.11214	145
8.11415	154
8.11615	153
8.11815	152
8.12016	151
8.12216	150
8.12416	149
8.12616	149
8.12817	148
8.13017	148
8.13217	147
8.13417	147
8.13618	147
8.13818	146
8.14018	146
8.14218	146
8.14419	146
8.14619	146
8.14819	145
8.1502	145
8.1522	145
8.1542	145
8.1562	145
8.15821	144
8.16021	144
8.16221	144
8.16421	144
8.16622	144
8.16822	144
8.17022	144
8.17222	144
8.17423	144
8.17623	144
8.17823	144
8.18024	144
8.18224	153
8.18424	152
8.18624	151
8.18825	150
8.19025	149
8.19225	148
8.19425	148
8.19626	147
8.19826	147
8.20026	146
8.20226	146
8.20427	146
8.20627	145
8.20827	145
8.21028	145
8.21228	145
8.21428	145
8.21628	144
8.21829	144
8.22029	144
8.22229	144
8.22429	144
8.2263	144
8.2283	144
8.2303	144
8.2323	144
8.23431	144
8.23631	144
8.23831	144
8.24032	144
8.24232	144
8.24432	144
8.24632	144
8.24833	144
8.25033	144
8.25233	144
8.25433	144
8.25634	153
8.25834	152
8.26034	151
8.26234	150
8.26435	149
8.26635	148
8.26835	148
8.27036	147
8.27236	147
8.27436	146
8.27636	146
8.27837	146
8.28037	145
8.28237	145
8.28437	145
8.28638	145
8.28838	145
8.29038	144
8.29238	144
8.29439	144
8.29639	144
8.29839	144
8.3004	144
8.3024	144
8.3044	144
8.3064	144
8.30841	144
8.31041	144
8.31241	144
8.31441	144
8.31642	144
8.31842	144
8.32042	144
8.32242	144
8.32443	152
8.32643	151
8.32843	150
8.33044	149
8.33244	149
8.33444	148
8.33644	147
8.33845	147
8.34045	146
8.34245	146
8.34445	146
8.34646	145
8.34846	145
8.35046	145
8.35246	145
8.35447	145
8.35647	145
8.35847	144
8.36048	144
8.36248	144
8.36448	144
8.36648	144
8.36849	144
8.37049	144
8.37249	144
8.37449	144
8.3765	144
8.3785	144
8.3805	144
8.3825	144
8.38451	144
8.38651	144
8.38851	144
8.39052	144
8.39252	144
8.39452	144
8.39652	144
8.39853	153
8.40053	152
8.40253	151
8.40453	150
8.40654	149
8.40854	148
8.41054	148
8.41254	147
8.41455	147
8.41655	146
8.41855	146
8.42056	146
8.42256	145
8.42456	145
8.42656	145
8.42857	145
8.43057	145
8.43257	144
8.43457	144
8.43658	144
8.43858	144
8.44058	144
8.44258	144
8.44459	144
8.44659	144
8.44859	144
8.4506	144
8.4526	144
8.4546	144
8.4566	144
8.45861	144
8.46061	144
8.46261	144
8.46461	144
8.46662	144
8.46762	152
8.46962	151
8.47162	150
8.47363	150
8.47563	149
8.47763	148
8.47963	148
8.48164	148
8.48364	147
8.48564	147
8.48764	147
8.48965	146
8.49165	146
8.49365	146
8.49566	146
8.49766	146
8.49966	145
8.50166	145
8.50367	145
8.50567	145
8.50767	145
8.50967	145
8.51168	145
8.51368	145
8.51568	145
8.51768	145
8.51969	145
8.52169	145
8.52369	145
8.5257	145
8.5277	145
8.5297	145
8.5317	145
8.53371	145
8.53571	145
8.53771	145
8.53971	145
8.54172	145
8.54372	144
8.54572	144
8.54772	144
8.54973	144
8.55173	144
8.55373	144
8.55574	144
8.55774	144
8.55974	144
8.56174	144
8.56375	144
8.56575	144
8.56775	144
8.56975	144
8.57176	144
8.57376	144
8.57576	144
8.57776	144
8.57977	144
8.58177	144
8.58377	144
8.58578	144
8.58778	144
8.58978	144
8.59178	144
8.59379	144
8.59579	144
8.59779	144
8.59979	144
8.6018	144
8.6038	144
8.6058	144
8.6078	144
8.60981	144
8.61281	145
8.61381	145
8.61582	145
8.61782	145
8.61982	145
8.62182	145
8.62383	145
8.62583	145
8.62783	145
8.62983	145
8.63184	145
8.63384	145
8.63584	145
8.63784	145
8.63985	145
8.64185	145
8.64385	145
8.64586	145
8.64786	145
8.64986	145
8.65186	145
8.65387	145
8.65587	145
8.65787	145
8.65987	145
8.66188	145
8.66388	145
8.66588	145
8.66788	145
8.66989	145
8.67189	145
8.67389	145
8.6759	145
8.6779	145
8.6799	145
8.6819	145
8.68391	145
8.68591	145
8.68891	145
8.68991	146
8.69192	145
8.69392	145
8.69592	145
8.69792	145
8.69993	146
8.70193	146
8.70393	146
8.70594	146
8.70794	146
8.70994	147
8.71194	147
8.71395	147
8.71595	147
8.71795	147
8.71995	147
8.72196	147
8.72396	147
8.72596	147
8.72796	147
8.72997	147
8.73197	147
8.73397	147
8.73597	147
8.73798	147
8.73998	147
8.74198	147
8.74399	147
8.74599	147
8.74799	147
8.74999	147
8.752	147
8.754	147
8.756	148
8.758	146
8.76101	148
8.76201	146
8.76501	146
8.76702	146
8.76902	146
8.77102	147
8.77302	147
8.77503	147
8.77703	147
8.77903	147
8.78103	147
8.78304	147
8.78504	147
8.78704	147
8.78905	147
8.79105	147
8.79305	147
8.79505	147
8.79706	147
8.79906	147
8.80106	147
8.80306	147
8.80507	147
8.80707	147
8.80907	147
8.81107	147
8.81308	147
8.81508	147
8.81708	147
8.81909	147
8.82109	147
8.82309	147
8.82509	147
8.8271	147
8.8291	147
8.8311	147
8.8331	157
8.83511	148
8.83611	156
8.83911	148
8.84011	155
8.84312	154
8.84512	154
8.84712	153
8.84913	153
8.85113	152
8.85313	152
8.85513	152
8.85714	151
8.85914	151
8.86114	151
8.86314	151
8.86515	151
8.86715	150
8.86915	150
8.87115	150
8.87316	150
8.87516	150
8.87716	150
8.87917	150
8.88117	150
8.88317	150
8.88517	150
8.88718	150
8.88918	150
8.89118	150
8.89318	150
8.89519	150
8.89719	150
8.89919	150
8.90119	150
8.9022	156
8.9052	150
8.9062	155
8.90921	154
8.91021	150
8.91321	153
8.91521	152
8.91722	152
8.91922	151
8.92122	151
8.92322	150
8.92523	150
8.92723	150
8.92923	149
8.93123	149
8.93324	149
8.93524	149
8.93724	149
8.93925	148
8.94125	148
8.94325	148
8.94525	148
8.94726	148
8.94926	148
8.95126	148
8.95326	148
8.95527	148
8.95727	148
8.95927	148
8.96127	148
8.96328	148
8.96528	148
8.96728	148
8.96929	148
8.97129	148
8.97329	148
8.97529	148
8.9773	158
8.9793	148
8.9803	157
8.9833	148
8.98431	156
8.98731	149
8.98831	155
8.99131	154
8.99332	153
8.99532	152
8.99732	152
8.99933	151
9.00133	151
9.00333	150
9.00533	150
9.00734	150
9.00934	149
9.01134	149
9.01334	149
9.01535	149
9.01735	149
9.01935	148
9.02135	148
9.02336	148
9.02536	148
9.02736	148
9.02937	148
9.03137	148
9.03337	148
9.03537	148
9.03738	148
9.03938	148
9.04138	148
9.04338	148
9.04539	148
9.04639	156
9.04939	148
9.05039	155
9.0534	154
9.0544	148
9.0574	153
9.0584	149
9.06141	152
9.06241	149
9.06441	152
9.06641	151
9.06842	151
9.07042	151
9.07242	150
9.07443	150
9.07643	150
9.07843	150
9.08043	150
9.08244	150
9.08444	149
9.08644	149
9.08844	149
9.09045	149
9.09245	149
9.09445	149
9.09645	149
9.09846	149
9.10046	149
9.10246	149
9.10447	149
9.10647	149
9.10847	149
9.11047	149
9.11248	149
9.11448	149
9.11648	149
9.11848	149
9.12049	149
9.12249	149
9.12549	149
9.12649	148
9.1295	150
9.1305	148
9.1335	150
9.13451	148
9.13751	150
9.13851	147
9.14151	151
9.14252	148
9.14452	148
9.14652	148
9.14852	149
9.15053	149
9.15253	149
9.15453	149
9.15653	149
9.15854	150
9.16054	150
9.16254	150
9.16455	150
9.16655	150
9.16855	150
9.17055	150
9.17256	150
9.17456	150
9.17656	150
9.17856	150
9.18057	150
9.18257	150
9.18457	150
9.18657	150
9.18858	150
9.19158	150
9.19258	151
9.19559	149
9.19659	151
9.19959	149
9.20059	152
9.2036	148
9.2046	153
9.2076	148
9.2086	153
9.21161	148
9.21261	154
9.21561	148
9.21661	154
9.21962	148
9.22162	149
9.22362	149
9.22563	149
9.22763	149
9.22963	149
9.23163	150
9.23364	150
9.23564	150
9.23764	150
9.23965	150
9.24165	150
9.24365	150
9.24565	150
9.24766	150
9.24966	150
9.25166	150
9.25366	150
9.25567	150
9.25767	150
9.25967	150
9.26167	150
9.26368	150
9.26568	150
9.26668	160
9.26969	151
9.27069	159
9.27369	151
9.27469	157
9.2777	152
9.2797	156
9.2817	152
9.2827	155
9.28571	153
9.28671	154
9.28971	153
9.29071	153
9.29372	154
9.29472	153
9.29772	155
9.29872	153
9.30173	153
9.30373	153
9.30573	153
9.30774	153
9.30974	153
9.31174	153
9.31374	153
9.31575	153
9.31775	153
9.31975	153
9.32175	153
9.32376	153
9.32576	153
9.32776	153
9.32977	153
9.33177	153
9.33377	153
9.33577	159
9.33778	153
9.33978	158
9.34178	153
9.34378	157
9.34579	154
9.34779	155
9.34979	155
9.35179	154
9.3538	155
9.3558	154
9.3578	156
9.35981	153
9.36181	157
9.36381	152
9.36581	157
9.36681	151
9.36982	158
9.37082	151
9.37382	158
9.37483	151
9.37783	158
9.37883	151
9.38083	151
9.38284	152
9.38484	152
9.38684	152
9.38884	152
9.39085	152
9.39285	152
9.39485	152
9.39685	152
9.39886	152
9.40086	152
9.40286	152
9.40487	152
9.40687	152
9.40887	152
9.41187	157
9.41288	153
9.41588	155
9.41688	153
9.41989	154
9.42089	154
9.42289	154
9.42489	153
9.4279	155
9.4289	152
9.4319	156
9.4329	151
9.43591	157
9.43691	150
9.43991	157
9.44091	150
9.44292	158
9.44492	149
9.44792	158
9.44892	149
9.45193	159
9.45293	149
9.45593	159
9.45693	149
9.45994	159
9.46094	150
9.46294	150
9.46495	151
9.46695	151
9.46895	152
9.47095	152
9.47296	152
9.47496	153
9.47696	153
9.47896	153
9.48097	157
9.48297	153
9.48497	156
9.48697	154
9.48898	154
9.49098	155
9.49298	153
9.49499	156
9.49699	152
9.49899	157
9.50099	151
9.503	158
9.505	150
9.507	159
9.509	150
9.51201	160
9.51301	149
9.51601	161
9.51701	149
9.52002	161
9.52102	149
9.52402	162
9.52503	148
9.52803	163
9.52903	148
9.53203	163
9.53304	149
9.53604	163
9.53704	149
9.54005	164
9.54105	150
9.54405	151
9.54605	151
9.54806	152
9.55006	152
9.55206	153
9.55406	153
9.55607	166
9.55807	154
9.56007	164
9.56207	154
9.56408	162
9.56608	155
9.56808	156
9.56908	160
9.57209	157
9.57309	159
9.57609	158
9.57709	157
9.5801	158
9.5811	156
9.5841	155
9.58511	159
9.58811	154
9.58911	160
9.59211	153
9.59312	161
9.59612	153
9.59712	161
9.60013	152
9.60113	162
9.60413	151
9.60513	162
9.60814	151
9.60914	163
9.61214	151
9.61314	164
9.61615	151
9.61715	165
9.62015	151
9.62115	165
9.62416	152
9.62516	166
9.62816	152
9.62916	166
9.63217	153
9.63317	164
9.63617	154
9.63717	163
9.64018	155
9.64118	162
9.64418	157
9.64519	161
9.64819	158
9.64919	160
9.65219	159
9.6532	159
9.6562	160
9.6572	158
9.66021	160
9.66121	157
9.66421	161
9.66521	156
9.66822	162
9.66922	156
9.67222	162
9.67322	155
9.67623	162
9.67723	155
9.68023	162
9.68123	154
9.68424	162
9.68524	154
9.68824	163
9.68924	154
9.69225	163
9.69325	153
9.69625	163
9.69725	153
9.70026	163
9.70126	153
9.70426	163
9.70527	154
9.70827	162
9.70927	154
9.71227	161
9.71328	155
9.71728	156
9.72129	157
9.72529	158
9.7293	158
9.7333	159
9.73731	160
9.74131	160
9.74532	161
9.74932	161
9.75333	161
9.75733	162
9.76134	162
9.76535	162
9.76935	162
9.77336	162
9.77736	163
9.78137	163
9.78537	163
9.78938	163
9.99037	156
9.99237	151
9.99437	148
9.99637	145
9.99838	143
10.0004	141
10.0024	140
10.0044	139
10.0064	139
10.0084	139
10.0104	139
10.0124	139
10.0144	138
10.0164	138
10.0194	137
10.0545	157
10.0565	152
10.0585	148
10.0605	145
10.0625	142
10.0645	140
10.0665	139
10.0685	138
10.0705	137
10.0725	137
10.0745	137
10.0765	136
10.0775	142
10.0795	140
10.0815	138
10.0835	137
10.0855	136
10.0875	136
10.0895	136
10.0915	136
10.0935	136
10.0955	137
10.0975	137
10.0995	138
10.1015	139
10.1035	136
10.1055	133
10.1075	131
10.1095	129
10.1115	127
10.1135	125
10.1155	124
10.1175	123
10.1195	122
10.1215	121
10.1235	120
10.1255	119
10.1275	119
10.1296	118
10.1326	133
10.1346	131
10.1366	130
10.1386	128
10.1406	127
10.1426	127
10.1446	127
10.1466	127
10.1486	127
10.1506	128
10.1526	128
10.1546	129
10.1566	130
10.1586	131
10.1606	133
10.1626	134
10.1646	136
10.1666	122
10.1686	137
10.1706	135
10.1726	132
10.1746	130
10.1766	129
10.1786	127
10.1806	126
10.1826	125
10.1846	124
10.1866	123
10.1886	123
10.1906	122
10.1926	121
10.1946	129
10.1966	127
10.1986	126
10.2006	125
10.2026	124
10.2047	124
10.2067	124
10.2087	123
10.2107	123
10.2127	123
10.2147	122
10.2167	122
10.2187	122
10.2207	122
10.2227	122
10.2247	121
10.2267	121
10.2287	121
10.2307	121
10.2327	121
10.2347	121
10.2367	121
10.2387	121
10.2407	121
10.2427	121
10.2447	121
10.2467	121
10.2487	121
10.2507	128
10.2527	127
10.2547	126
10.2567	125
10.2587	124
10.2607	124
10.2627	124
10.2647	123
10.2667	123
10.2687	123
10.2707	123
10.2727	123
10.2747	122
10.2767	122
10.2788	122
10.2808	122
10.2828	122
10.2848	122
10.2868	125
10.2888	125
10.2898	122
10.2918	122
10.2938	122
10.2958	122
10.2978	122
10.2998	122
10.3018	122
10.3038	122
10.3058	122
10.3078	122
10.3098	122
10.3118	122
10.3138	122
10.3168	124
10.3188	124
10.3208	124
10.3228	123
10.3248	123
10.3268	123
10.3288	123
10.3308	123
10.3328	122
10.3348	123
10.3368	123
10.3388	123
10.3408	123
10.3428	123
10.3448	123
10.3468	123
10.3488	123
10.3508	123
10.3528	123
10.3549	123
10.3569	123
10.3589	123
10.3609	123
10.3629	123
10.3649	123
10.3669	123
10.3689	123
10.3709	123
10.3729	130
10.3749	129
10.3769	128
10.3789	128
10.3809	127
10.3829	127
10.3849	126
10.3869	126
10.3889	126
10.3909	126
10.3929	126
10.3949	126
10.3969	126
10.3989	126
10.4009	126
10.4029	126
10.4049	126
10.4069	126
10.4089	126
10.4109	128
10.4129	128
10.4149	128
10.4159	126
10.4179	126
10.4199	126
10.4219	127
10.4239	127
10.4259	127
10.4279	127
10.43	127
10.432	127
10.434	127
10.436	127
10.438	127
10.44	127
10.443	127
10.445	127
10.447	127
10.449	127
10.451	127
10.453	126
10.455	126
10.457	126
10.459	126
10.461	126
10.463	126
10.465	126
10.467	126
10.469	126
10.471	126
10.473	126
10.475	126
10.477	126
10.479	127
10.481	127
10.483	127
10.485	127
10.487	127
10.489	128
10.491	128
10.493	128
10.495	128
10.497	128
10.499	135
10.501	134
10.503	133
10.5051	133
10.5071	132
10.5091	132
10.5111	131
10.5131	131
10.5151	131
10.5171	130
10.5191	130
10.5211	130
10.5231	130
10.5251	130
10.5271	130
10.5291	130
10.5311	130
10.5331	130
10.5351	130
10.5371	130
10.5391	133
10.5411	133
10.5431	132
10.5451	131
10.5471	131
10.5491	131
10.5511	131
10.5531	131
10.5551	131
10.5571	131
10.5591	131
10.5611	131
10.5631	131
10.5651	131
10.5671	131
10.5691	131
10.5711	135
10.5731	135
10.5751	134
10.5771	134
10.5792	133
10.5812	133
10.5832	133
10.5852	132
10.5872	132
10.5892	132
10.5912	132
10.5932	132
10.5952	131
10.5972	131
10.5992	131
10.6012	131
10.6032	131
10.6052	131
10.6072	130
10.6092	130
10.6112	130
10.6132	130
10.6152	130
10.6172	130
10.6192	130
10.6212	130
10.6232	130
10.6252	130
10.6272	130
10.6292	139
10.6312	138
10.6332	137
10.6352	136
10.6372	136
10.6392	135
10.6412	135
10.6432	134
10.6452	134
10.6472	134
10.6492	133
10.6512	133
10.6532	133
10.6553	133
10.6573	133
10.6593	132
10.6613	132
10.6633	132
10.6653	132
10.6673	132
10.6693	132
10.6703	135
10.6723	135
10.6743	134
10.6773	132
10.6793	132
10.6813	132
10.6833	132
10.6853	133
10.6873	133
10.6893	133
10.6913	133
10.6933	133
10.6953	133
10.6973	133
10.6993	133
10.7013	133
10.7033	138
10.7053	137
10.7073	137
10.7093	136
10.7113	136
10.7133	136
10.7153	135
10.7173	135
10.7193	135
10.7213	135
10.7233	135
10.7253	134
10.7273	134
10.7294	134
10.7314	134
10.7334	134
10.7354	134
10.7374	134
10.7394	134
10.7414	134
10.7434	134
10.7454	134
10.7474	134
10.7494	134
10.7514	134
10.7534	134
10.7554	134
10.7574	134
10.7594	134
10.7614	134
10.7624	141
10.7644	140
10.7664	139
10.7684	139
10.7704	138
10.7724	138
10.7744	137
10.7764	137
10.7784	137
10.7804	136
10.7824	136
10.7844	136
10.7864	136
10.7884	136
10.7904	135
10.7924	135
10.7944	135
10.7964	135
10.7984	135
10.8004	135
10.8024	135
10.8045	135
10.8065	134
10.8085	134
10.8105	135
10.8135	135
10.8155	135
10.8175	135
10.8195	135
10.8215	135
10.8235	135
10.8255	135
10.8275	135
10.8295	135
10.8315	135
10.8335	136
10.8355	136
10.8375	136
10.8395	138
10.8415	138
10.8435	138
10.8455	138
10.8475	138
10.8495	138
10.8515	138
10.8535	138
10.8555	138
10.8575	138
10.8595	138
10.8615	138
10.8635	138
10.8655	138
10.8675	138
10.8695	138
10.8715	138
10.8735	138
10.8755	138
10.8775	138
10.8796	138
10.8816	138
10.8836	138
10.8856	138
10.8876	138
10.8896	138
10.8916	138
10.8936	138
10.8956	138
10.8976	138
10.8996	138
10.9006	144
10.9026	143
10.9046	143
10.9066	142
10.9086	142
10.9106	142
10.9126	141
10.9146	141
10.9166	141
10.9186	141
10.9206	141
10.9226	141
10.9246	140
10.9266	140
10.9286	140
10.9306	140
10.9326	140
10.9346	140
10.9366	140
10.9386	140
10.9406	140
10.9426	140
10.9446	140
10.9466	138
10.9486	138
10.9506	138
10.9526	140
10.9547	139
10.9567	139
10.9587	139
10.9607	139
10.9627	139
10.9647	139
10.9667	139
10.9687	139
10.9707	139
10.9727	139
10.9747	139
10.9767	139
10.9787	138
10.9807	138
10.9827	138
10.9847	139
10.9867	139
10.9887	139
10.9907	139
10.9927	139
10.9947	140
10.9967	140
10.9987	140
11.0007	140
11.0027	140
11.0047	140
11.0067	140
11.0087	140
11.0107	140
11.0127	140
11.0147	140
11.0167	140
11.0187	140
11.0207	140
11.0227	140
11.0247	140
11.0267	140
11.0287	140
11.0308	140
11.0328	140
11.0348	140
11.0368	140
11.0388	140
11.0418	139
11.0438	139
11.0458	140
11.0478	140
11.0498	140
11.0518	141
11.0538	141
11.0558	141
11.0578	141
11.0598	141
11.0618	142
11.0638	142
11.0658	142
11.0678	142
11.0698	142
11.0718	142
11.0738	142
11.0758	142
11.0778	142
11.0798	142
11.0818	142
11.0838	142
11.0858	142
11.0878	146
11.0898	146
11.0918	145
11.0938	145
11.0948	143
11.0968	143
11.0988	143
11.1008	143
11.1028	143
11.1049	143
11.1069	143
11.1089	143
11.1109	143
11.1129	143
11.1149	143
11.1169	143
11.1189	143
11.1209	143
11.1229	145
11.1249	145
11.1269	145
11.1289	144
11.1309	144
11.1329	144
11.1349	144
11.1369	144
11.1389	144
11.1409	144
11.1429	144
11.1449	144
11.1469	144
11.1489	144
11.1509	144
11.1529	144
11.1549	144
11.1569	144
11.1589	144
11.1609	144
11.1629	144
11.1649	144
11.1669	144
11.1689	144
11.1709	144
11.1729	144
11.1749	144
11.1769	144
11.1789	144
11.181	144
11.183	144
11.185	143
11.187	143
11.189	143
11.191	143
11.193	143
11.195	143
11.197	143
11.199	143
11.201	143
11.203	143
11.205	143
11.207	143
11.209	143
11.211	143
11.213	143
11.215	144
11.217	144
11.219	144
11.221	144
11.223	144
11.225	144
11.227	145
11.229	145
11.232	144
11.234	144
11.236	144
11.238	145
11.239	146
11.242	146
11.244	146
11.246	146
11.248	146
11.25	147
11.252	147
11.254	147
11.2561	147
11.2581	147
11.2601	147
11.2621	147
11.2641	147
11.2661	147
11.2671	148
11.2701	148
11.2721	148
11.2741	148
11.2761	148
11.2781	148
11.2801	148
11.2821	148
11.2841	148
11.2861	148
11.2881	148
11.2901	148
11.2921	148
11.2941	148
11.2961	148
11.2981	148
11.3001	148
11.3021	148
11.3041	148
11.3061	148
11.3081	148
11.3101	148
11.3121	148
11.3141	148
11.3161	148
11.3181	148
11.3201	148
11.3221	148
11.3241	148
11.3261	148
11.3281	148
11.3291	155
11.3322	154
11.3332	148
11.3352	153
11.3372	153
11.3392	152
11.3412	152
11.3432	151
11.3452	151
11.3472	151
11.3492	150
11.3512	150
11.3532	150
11.3552	150
11.3572	150
11.3592	149
11.3612	149
11.3632	149
11.3652	149
11.3672	149
11.3692	149
11.3712	149
11.3732	148
11.3752	148
11.3772	147
11.3802	149
11.3812	147
11.3842	148
11.3852	147
11.3882	148
11.3892	148
11.3912	148
11.3932	147
11.3952	147
11.3972	147
11.3992	147
11.4012	147
11.4032	147
11.4053	147
11.4073	147
11.4093	147
11.4123	147
11.4133	147
11.4163	147
11.4173	147
11.4193	147
11.4213	147
11.4233	147
11.4253	147
11.4273	147
11.4293	147
11.4313	147
11.4333	147
11.4353	147
11.4373	147
11.4393	147
11.4413	147
11.4433	147
11.4453	147
11.4473	147
11.4493	147
11.4513	147
11.4533	147
11.4553	147
11.4573	147
11.4593	148
11.4613	148
11.4633	148
11.4653	148
11.4673	148
11.4693	148
11.4713	148
11.4743	147
11.4753	148
11.4783	147
11.4793	149
11.4824	148
11.4834	150
11.4864	148
11.4884	148
11.4904	149
11.4924	149
11.4944	149
11.4964	149
11.4984	149
11.5004	149
11.5024	150
11.5044	150
11.5064	150
11.5084	150
11.5104	150
11.5124	150
11.5144	150
11.5164	150
11.5184	150
11.5204	150
11.5214	154
11.5244	151
11.5254	153
11.5284	151
11.5294	153
11.5324	152
11.5334	152
11.5364	152
11.5384	152
11.5404	152
11.5424	152
11.5444	152
11.5464	152
11.5484	152
11.5504	151
11.5524	151
11.5544	151
11.5565	154
11.5585	151
11.5605	153
11.5625	152
11.5635	152
11.5665	152
11.5675	152
11.5705	153
11.5715	151
11.5745	151
11.5765	151
11.5785	151
11.5805	151
11.5825	151
11.5845	151
11.5865	151
11.5885	151
11.5905	151
11.5925	151
11.5945	151
11.5965	151
11.5985	151
11.6005	151
11.6025	151
11.6045	151
11.6065	151
11.6085	151
11.6105	151
11.6125	151
11.6145	151
11.6165	151
11.6185	159
11.6205	151
11.6215	157
11.6245	151
11.6255	156
11.6285	152
11.6295	155
11.6326	152
11.6336	154
11.6366	153
11.6376	153
11.6406	153
11.6416	153
11.6436	152
11.6456	152
11.6476	152
11.6496	152
11.6516	152
11.6536	152
11.6556	151
11.6576	151
11.6596	151
11.6616	151
11.6636	151
11.6666	152
11.6676	151
11.6706	151
11.6716	152
11.6746	150
11.6756	152
11.6786	150
11.6796	153
11.6816	153
11.6836	154
11.6856	153
11.6876	153
11.6896	153
11.6916	152
11.6936	152
11.6956	152
11.6976	152
11.6996	152
11.7016	149
11.7036	152
11.7057	149
11.7087	152
11.7097	148
11.7117	153
11.7137	148
11.7167	153
11.7177	148
11.7207	154
11.7217	147
11.7247	154
11.7257	148
11.7287	155
11.7297	148
11.7327	148
11.7347	149
11.7367	149
11.7387	149
11.7407	150
11.7427	150
11.7447	150
11.7467	150
11.7487	150
11.7507	151
11.7527	151
11.7547	151
11.7567	151
11.7587	151
11.7607	151
11.7627	160
11.7647	151
11.7657	158
11.7687	152
11.7697	157
11.7727	153
11.7737	156
11.7767	154
11.7777	155
11.7807	155
11.7818	154
11.7848	156
11.7858	153
11.7888	157
11.7898	152
11.7928	158
11.7938	152
11.7968	158
11.7978	152
11.8008	159
11.8018	152
11.8048	152
11.8068	153
11.8088	153
11.8108	160
11.8128	153
11.8148	159
11.8168	154
11.8188	157
11.8208	155
11.8228	156
11.8248	156
11.8268	157
11.8288	157
11.8308	157
11.8328	157
11.8348	157
11.8368	157
11.8388	156
11.8408	156
11.8428	156
11.8448	156
11.8458	157
11.8488	156
11.8498	156
11.8528	156
11.8538	155
11.8569	157
11.8579	154
11.8609	157
11.8619	153
11.8649	158
11.8659	153
11.8689	159
11.8699	152
11.8729	160
11.8739	151
11.8769	151
11.8779	160
11.8809	150
11.8819	161
11.8849	150
11.8859	161
11.8889	150
11.8899	162
11.8929	151
11.8949	151
11.8969	151
11.8989	152
11.9009	152
11.9029	152
11.9049	152
11.9069	164
11.9089	153
11.9099	162
11.9129	153
11.9139	160
11.9169	154
11.9179	158
11.9209	155
11.9219	157
11.9249	156
11.9259	156
11.9289	157
11.9299	155
11.933	158
11.934	154
11.937	159
11.938	153
11.941	159
11.942	152
11.945	160
11.946	152
11.949	160
11.95	151
11.953	161
11.954	151
11.957	161
11.958	151
11.961	161
11.962	151
11.965	162
11.966	151
11.969	161
11.97	151
11.973	161
11.974	152
11.977	161
11.978	152
11.981	160
11.982	152
11.984	153
11.986	153
11.988	153
11.991	158
11.992	154
11.995	157
11.996	155
11.999	155
12	155
12.003	154
12.004	156
12.0071	153
12.0081	158
12.0111	152
12.0121	159
12.0151	151
12.0161	160
12.0191	151
12.0201	161
12.0231	150
12.0241	162
12.0271	150
12.0281	162
12.0311	149
12.0321	163
12.0351	149
12.0361	164
12.0391	149
12.0401	164
12.0431	149
12.0441	164
12.0471	149
12.0481	165
12.0511	149
12.0521	165
12.0551	150
12.0561	165
12.0591	151
12.0631	152
12.0671	153
12.0711	153
12.0751	154
12.0791	155
12.0832	155
12.0872	155
12.0912	156
12.0952	156
12.0992	156
12.1032	157
12.1072	157
12.1112	157
12.1152	157
12.1192	157
12.1232	158
12.1272	158
12.1312	158
12.1352	158
12.1392	158
12.1432	157
12.1472	156
12.2918	153
12.2968	150
12.3018	147
12.3068	144
12.3101	142
12.3352	159
12.3372	154
12.3392	150
12.3412	147
12.3432	145
12.3452	143
12.3472	141
12.3492	140
12.3512	139
12.3552	139
12.3582	139
12.3612	138
12.3912	138
12.3932	134
12.3952	132
12.3972	129
12.3992	128
12.4012	127
12.4032	126
12.4052	125
12.4073	125
12.4093	126
12.4113	126
12.4133	126
12.4153	127
12.4173	128
12.4193	129
12.4213	130
12.4233	132
12.4253	133
12.4273	134
12.4293	136
12.4313	146
12.4333	146
12.4353	147
12.4373	147
12.4393	148
12.4413	139
12.4433	141
12.4453	143
12.4473	145
12.4493	146
12.4513	146
12.4533	146
12.4553	151
12.4573	149
12.4593	147
12.4613	146
12.4633	145
12.4653	144
12.4673	144
12.4693	144
12.4713	144
12.4733	145
12.4753	146
12.4773	146
12.4793	146
12.4814	146
12.4834	145
12.4854	145
12.4874	145
12.4894	145
12.4914	145
12.4934	145
12.4954	144
12.4974	144
12.4994	144
12.5014	143
12.5024	152
12.5044	147
12.5064	143
12.5084	139
12.5104	136
12.5124	133
12.5144	130
12.5164	128
12.5184	126
12.5204	124
12.5224	123
12.5244	122
12.5264	120
12.5284	119
12.5304	119
12.5324	118
12.5344	117
12.5364	117
12.5384	116
12.5404	116
12.5424	115
12.5444	139
12.5464	136
12.5484	133
12.5504	131
12.5524	129
12.5554	115
12.5575	115
12.5595	115
12.5615	115
12.5635	114
12.5655	114
12.5675	114
12.5685	129
12.5705	127
12.5725	126
12.5745	124
12.5765	123
12.5785	122
12.5805	121
12.5825	120
12.5845	119
12.5865	119
12.5885	118
12.5905	118
12.5925	117
12.5945	117
12.5965	117
12.5985	116
12.6005	116
12.6025	116
12.6045	116
12.6065	116
12.6085	115
12.6105	115
12.6125	115
12.6145	115
12.6175	114
12.6195	115
12.6215	115
12.6235	115
12.6255	115
12.6275	115
12.6295	115
12.6316	116
12.6336	116
12.6356	116
12.6376	116
12.6396	116
12.6416	116
12.6436	116
12.6456	116
12.6476	116
12.6496	116
12.6516	116
12.6536	116
12.6556	116
12.6576	116
12.6596	120
12.6616	120
12.6636	120
12.6656	119
12.6676	119
12.6696	119
12.6706	118
12.6726	118
12.6746	117
12.6766	117
12.6786	117
12.6806	117
12.6826	117
12.6856	118
12.6876	118
12.6896	118
12.6916	118
12.6936	118
12.6956	117
12.6976	117
12.6996	117
12.7016	117
12.7036	117
12.7056	117
12.7077	117
12.7097	117
12.7117	117
12.7137	117
12.7157	117
12.7177	117
12.7197	117
12.7217	117
12.7237	117
12.7257	117
12.7277	117
12.7297	117
12.7317	117
12.7327	123
12.7347	122
12.7367	121
12.7387	121
12.7407	120
12.7427	120
12.7447	119
12.7467	119
12.7487	119
12.7507	118
12.7527	118
12.7547	118
12.7567	118
12.7587	118
12.7607	118
12.7627	117
12.7647	117
12.7667	117
12.7687	117
12.7707	117
12.7727	117
12.7747	117
12.7767	117
12.7787	117
12.7807	117
12.7828	117
12.7848	117
12.7868	118
12.7898	117
12.7918	117
12.7938	117
12.7958	118
12.7978	118
12.7998	118
12.8018	118
12.8028	119
12.8048	119
12.8068	119
12.8088	119
12.8108	119
12.8128	119
12.8148	119
12.8168	119
12.8188	119
12.8208	119
12.8228	119
12.8248	119
12.8268	119
12.8288	119
12.8308	119
12.8328	119
12.8348	119
12.8368	119
12.8388	119
12.8408	119
12.8428	119
12.8448	119
12.8468	119
12.8488	119
12.8518	118
12.8538	118
12.8558	119
12.8579	119
12.8599	119
12.8619	119
12.8639	119
12.8659	119
12.8679	120
12.8699	120
12.8719	120
12.8739	120
12.8759	120
12.8779	120
12.8799	120
12.8819	120
12.8839	120
12.8859	120
12.8879	120
12.8899	120
12.8919	120
12.8939	120
12.8959	124
12.8979	124
12.8999	123
12.9019	123
12.9039	123
12.9059	122
12.9079	122
12.9089	122
12.9109	122
12.9129	122
12.9149	121
12.9169	121
12.9189	121
12.9209	121
12.9239	122
12.9259	122
12.9279	122
12.9299	121
12.932	121
12.934	121
12.936	121
12.938	121
12.94	121
12.942	121
12.944	121
12.946	121
12.948	121
12.95	121
12.952	121
12.954	121
12.956	121
12.958	121
12.96	121
12.962	121
12.964	121
12.966	121
12.968	121
12.97	121
12.971	127
12.973	126
12.975	126
12.977	125
12.979	125
12.981	124
12.983	124
12.985	124
12.987	123
12.989	123
12.991	123
12.993	123
12.995	123
12.997	123
12.999	122
13.001	122
13.003	122
13.005	122
13.0071	122
13.0091	122
13.0111	122
13.0131	122
13.0151	122
13.0171	121
13.0191	121
13.0211	121
13.0231	122
13.0251	122
13.0271	122
13.0291	122
13.0321	122
13.0341	122
13.0361	122
13.0381	123
13.0401	123
13.0421	123
13.0441	123
13.0451	124
13.0471	124
13.0491	124
13.0511	124
13.0531	124
13.0551	124
13.0571	124
13.0591	124
13.0611	124
13.0631	124
13.0651	124
13.0671	124
13.0691	124
13.0711	124
13.0731	124
13.0751	124
13.0771	124
13.0791	124
13.0811	124
13.0832	124
13.0852	124
13.0872	124
13.0892	124
13.0912	124
13.0942	123
13.0962	123
13.0982	123
13.1002	123
13.1022	123
13.1042	124
13.1062	124
13.1082	124
13.1102	124
13.1122	124
13.1142	124
13.1162	124
13.1182	124
13.1202	124
13.1222	124
13.1242	124
13.1262	124
13.1282	124
13.1302	124
13.1322	124
13.1342	124
13.1362	124
13.1382	124
13.1402	129
13.1422	129
13.1442	128
13.1462	128
13.1482	127
13.1502	127
13.1522	127
13.1542	126
13.1552	126
13.1573	126
13.1593	126
13.1613	126
13.1633	126
13.1653	125
13.1673	125
13.1703	126
13.1723	126
13.1743	126
13.1763	126
13.1783	125
13.1803	125
13.1823	125
13.1843	125
13.1863	125
13.1883	125
13.1903	125
13.1923	125
13.1943	125
13.1963	125
13.1983	125
13.2003	125
13.2023	125
13.2043	125
13.2063	125
13.2083	125
13.2103	125
13.2123	125
13.2143	125
13.2163	125
13.2173	131
13.2193	130
13.2213	130
13.2233	129
13.2253	128
13.2273	128
13.2293	128
13.2313	127
13.2334	127
13.2354	127
13.2374	126
13.2394	126
13.2414	126
13.2434	126
13.2454	126
13.2474	125
13.2494	125
13.2514	125
13.2534	125
13.2554	125
13.2574	125
13.2594	125
13.2614	125
13.2634	125
13.2654	125
13.2674	125
13.2694	125
13.2714	125
13.2734	125
13.2754	125
13.2774	125
13.2794	125
13.2814	125
13.2834	125
13.2854	125
13.2874	125
13.2894	125
13.2914	125
13.2934	125
13.2954	125
13.2974	125
13.2994	125
13.3014	125
13.3034	125
13.3054	125
13.3075	125
13.3095	125
13.3115	125
13.3135	126
13.3155	126
13.3175	126
13.3195	126
13.3215	126
13.3235	126
13.3255	126
13.3275	126
13.3295	126
13.3315	126
13.3335	126
13.3355	126
13.3375	126
13.3395	126
13.3415	126
13.3445	125
13.3465	126
13.3485	126
13.3505	126
13.3525	126
13.3545	126
13.3565	126
13.3585	126
13.3605	126
13.3625	126
13.3645	126
13.3665	126
13.3685	126
13.3705	126
13.3725	126
13.3745	126
13.3765	126
13.3785	126
13.3805	126
13.3826	126
13.3846	126
13.3866	126
13.3886	126
13.3906	126
13.3916	132
13.3936	132
13.3956	131
13.3976	131
13.3996	130
13.4016	130
13.4036	130
13.4056	129
13.4086	126
13.4106	126
13.4126	126
13.4146	126
13.4166	126
13.4186	126
13.4206	126
13.4216	131
13.4236	130
13.4256	130
13.4276	130
13.4296	130
13.4316	129
13.4336	129
13.4356	129
13.4376	129
13.4396	129
13.4416	128
13.4436	128
13.4456	128
13.4476	128
13.4496	128
13.4516	128
13.4536	128
13.4556	128
13.4577	128
13.4597	128
13.4617	128
13.4637	128
13.4657	128
13.4677	128
13.4707	126
13.4727	127
13.4747	127
13.4767	127
13.4787	127
13.4807	127
13.4827	127
13.4847	127
13.4867	127
13.4887	127
13.4907	127
13.4927	127
13.4947	127
13.4967	127
13.4987	127
13.5007	127
13.5027	127
13.5047	127
13.5067	127
13.5087	127
13.5107	127
13.5127	127
13.5147	127
13.5167	127
13.5187	134
13.5207	133
13.5227	133
13.5247	132
13.5267	132
13.5287	131
13.5307	131
13.5328	131
13.5348	130
13.5358	130
13.5378	129
13.5398	129
13.5418	129
13.5438	129
13.5458	129
13.5478	129
13.5508	130
13.5528	130
13.5548	130
13.5568	130
13.5588	129
13.5608	129
13.5628	129
13.5648	129
13.5668	129
13.5688	129
13.5708	129
13.5728	129
13.5748	129
13.5768	129
13.5788	129
13.5808	129
13.5828	129
13.5848	129
13.5868	129
13.5888	129
13.5908	129
13.5928	129
13.5948	129
13.5968	129
13.5978	135
13.5998	134
13.6018	133
13.6038	133
13.6058	132
13.6079	132
13.6099	131
13.6119	131
13.6139	131
13.6159	130
13.6179	130
13.6199	130
13.6219	130
13.6239	130
13.6259	129
13.6279	129
13.6299	129
13.6319	129
13.6339	129
13.6359	129
13.6379	129
13.6399	129
13.6419	129
13.6439	129
13.6469	128
13.6489	128
13.6509	128
13.6529	128
13.6549	128
13.6569	128
13.6589	128
13.6609	128
13.6629	128
13.6639	131
13.6659	131
13.6679	131
13.6699	131
13.6719	130
13.6739	130
13.6759	130
13.6789	128
13.6809	128
13.683	128
13.685	128
13.687	128
13.689	128
13.691	128
13.693	128
13.695	128
13.697	128
13.699	128
13.701	128
13.703	128
13.705	128
13.707	128
13.709	128
13.711	128
13.713	128
13.715	128
13.717	128
13.719	128
13.721	128
13.723	128
13.725	128
13.726	136
13.728	136
13.73	135
13.732	134
13.734	134
13.736	133
13.738	133
13.74	133
13.742	132
13.744	132
13.746	132
13.748	132
13.75	132
13.752	132
13.754	131
13.756	131
13.7581	131
13.7601	131
13.7621	131
13.7641	131
13.7661	131
13.7681	131
13.7701	131
13.7721	131
13.7741	131
13.7761	128
13.7781	128
13.7801	129
13.7821	129
13.7841	129
13.7861	130
13.7881	130
13.7901	130
13.7921	130
13.7951	131
13.7971	131
13.7991	131
13.8011	131
13.8031	131
13.8051	131
13.8071	131
13.8081	132
13.8101	132
13.8121	132
13.8141	132
13.8161	132
13.8181	132
13.8201	132
13.8221	132
13.8241	132
13.8261	132
13.8281	132
13.8301	132
13.8321	132
13.8342	132
13.8362	132
13.8382	132
13.8402	132
13.8422	132
13.8442	132
13.8462	132
13.8482	132
13.8502	132
13.8522	131
13.8542	131
13.8572	131
13.8592	131
13.8612	131
13.8632	131
13.8652	131
13.8672	131
13.8692	131
13.8712	131
13.8732	131
13.8752	131
13.8772	131
13.8792	131
13.8812	131
13.8832	131
13.8852	131
13.8872	131
13.8892	131
13.8912	131
13.8932	131
13.8952	131
13.8972	131
13.8992	131
13.9012	131
13.9032	131
13.9052	131
13.9062	137
13.9083	137
13.9103	136
13.9123	135
13.9143	135
13.9163	135
13.9183	134
13.9203	134
13.9223	134
13.9253	130
13.9273	130
13.9293	130
13.9313	130
13.9333	130
13.9353	130
13.9373	130
13.9383	135
13.9403	135
13.9423	134
13.9443	134
13.9463	134
13.9483	133
13.9503	133
13.9523	133
13.9543	133
13.9563	133
13.9583	132
13.9603	132
13.9623	132
13.9643	132
13.9663	132
13.9683	132
13.9703	132
13.9723	132
13.9743	132
13.9763	132
13.9783	132
13.9803	132
13.9823	132
13.9844	132
13.9874	130
13.9894	130
13.9914	130
13.9934	130
13.9954	130
13.9974	130
13.9994	130
14.0014	130
14.0034	130
14.0054	130
14.0074	130
14.0094	130
14.0114	130
14.0134	130
14.0154	130
14.0174	130
14.0194	130
14.0214	130
14.0234	130
14.0254	130
14.0274	130
14.0294	130
14.0314	130
14.0334	130
14.0354	130
14.0364	138
14.0384	137
14.0404	136
14.0424	136
14.0444	135
14.0464	135
14.0484	134
14.0504	134
14.0524	134
14.0554	130
14.0574	130
14.0595	130
14.0615	130
14.0635	130
14.0655	130
14.0675	130
14.0695	135
14.0715	135
14.0735	135
14.0755	134
14.0775	134
14.0795	134
14.0815	134
14.0835	134
14.0855	133
14.0875	133
14.0895	133
14.0915	133
14.0935	133
14.0955	133
14.0975	133
14.0995	133
14.1015	133
14.1035	133
14.1055	133
14.1075	133
14.1095	133
14.1115	133
14.1135	133
14.1155	133
14.1175	133
14.1185	136
14.1205	136
14.1225	136
14.1245	135
14.1265	135
14.1285	135
14.1305	134
14.1325	134
14.1346	134
14.1366	134
14.1386	134
14.1406	133
14.1426	133
14.1446	133
14.1466	133
14.1486	133
14.1506	133
14.1526	133
14.1546	133
14.1566	133
14.1586	133
14.1606	133
14.1626	133
14.1646	133
14.1666	133
14.1696	133
14.1716	133
14.1736	133
14.1756	133
14.1776	133
14.1796	133
14.1816	133
14.1836	133
14.1856	133
14.1866	135
14.1886	135
14.1906	134
14.1926	134
14.1946	134
14.1966	134
14.1986	134
14.2016	132
14.2036	132
14.2056	132
14.2076	132
14.2097	132
14.2117	132
14.2137	132
14.2157	132
14.2177	132
14.2197	132
14.2217	132
14.2237	132
14.2257	132
14.2277	132
14.2297	132
14.2317	132
14.2337	132
14.2357	132
14.2377	132
14.2397	132
14.2417	132
14.2437	132
14.2457	132
14.2477	132
14.2497	132
14.2507	140
14.2527	139
14.2547	138
14.2567	138
14.2587	137
14.2607	137
14.2627	136
14.2647	136
14.2667	136
14.2687	135
14.2707	135
14.2727	135
14.2747	135
14.2767	135
14.2787	134
14.2807	134
14.2827	134
14.2848	134
14.2868	134
14.2888	134
14.2908	134
14.2928	134
14.2948	134
14.2968	134
14.2988	134
14.3018	132
14.3038	132
14.3058	132
14.3078	132
14.3098	132
14.3118	132
14.3138	132
14.3158	132
14.3178	132
14.3188	136
14.3208	136
14.3228	135
14.3248	135
14.3268	135
14.3288	135
14.3308	135
14.3338	132
14.3358	132
14.3378	132
14.3398	132
14.3418	132
14.3438	132
14.3458	132
14.3478	132
14.3498	132
14.3518	132
14.3538	132
14.3558	132
14.3578	132
14.3599	132
14.3619	132
14.3639	132
14.3659	132
14.3679	132
14.3699	132
14.3719	132
14.3739	132
14.3759	132
14.3779	132
14.3799	132
14.3819	132
14.3829	141
14.3849	140
14.3869	139
14.3889	138
14.3909	138
14.3929	137
14.3949	137
14.3969	136
14.3989	136
14.4009	136
14.4029	135
14.4049	135
14.4069	135
14.4089	135
14.4109	135
14.4129	134
14.4149	134
14.4169	134
14.4189	134
14.4209	134
14.4229	134
14.4249	134
14.4269	134
14.4289	134
14.4309	134
14.434	132
14.436	132
14.438	132
14.44	132
14.442	132
14.444	132
14.446	132
14.448	132
14.45	132
14.451	136
14.453	136
14.455	135
14.457	135
14.459	135
14.461	135
14.463	135
14.466	132
14.468	132
14.47	132
14.472	132
14.474	132
14.476	132
14.478	132
14.48	132
14.482	132
14.484	132
14.486	132
14.488	132
14.49	132
14.492	132
14.494	132
14.496	132
14.498	132
14.5	132
14.502	132
14.504	132
14.506	132
14.508	132
14.5101	132
14.5121	132
14.5141	132
14.5151	141
14.5171	140
14.5191	139
14.5211	139
14.5231	138
14.5251	138
14.5271	137
14.5291	137
14.5311	137
14.5331	136
14.5351	136
14.5371	136
14.5391	136
14.5411	136
14.5431	135
14.5451	135
14.5471	135
14.5491	135
14.5511	135
14.5531	135
14.5551	135
14.5571	135
14.5591	135
14.5611	135
14.5631	135
14.5661	132
14.5681	132
14.5701	132
14.5721	132
14.5741	132
14.5761	132
14.5781	132
14.5801	132
14.5821	132
14.5831	137
14.5852	137
14.5872	136
14.5892	136
14.5912	136
14.5932	136
14.5952	136
14.5982	132
14.6002	132
14.6022	132
14.6042	132
14.6062	132
14.6082	132
14.6102	132
14.6122	132
14.6142	132
14.6162	132
14.6182	132
14.6202	132
14.6222	132
14.6242	132
14.6262	132
14.6282	132
14.6302	132
14.6322	132
14.6342	132
14.6362	132
14.6382	132
14.6402	132
14.6422	132
14.6442	132
14.6462	132
14.6472	142
14.6492	141
14.6512	140
14.6532	139
14.6552	138
14.6572	138
14.6593	137
14.6613	137
14.6633	136
14.6653	136
14.6673	136
14.6693	135
14.6713	135
14.6733	135
14.6753	135
14.6773	135
14.6793	134
14.6813	134
14.6833	134
14.6853	134
14.6873	134
14.6893	134
14.6913	134
14.6933	134
14.6953	134
14.6983	132
14.7003	132
14.7023	132
14.7043	132
14.7063	132
14.7083	132
14.7103	132
14.7123	132
14.7143	132
14.7153	136
14.7173	136
14.7193	135
14.7213	135
14.7233	135
14.7253	135
14.7273	135
14.7303	132
14.7323	132
14.7344	132
14.7364	132
14.7384	132
14.7404	132
14.7424	132
14.7444	132
14.7464	132
14.7484	132
14.7504	132
14.7524	132
14.7544	132
14.7564	132
14.7584	132
14.7604	132
14.7624	132
14.7644	132
14.7664	132
14.7684	132
14.7704	132
14.7724	132
14.7744	132
14.7764	132
14.7784	132
14.7794	141
14.7814	140
14.7834	139
14.7854	138
14.7874	138
14.7894	137
14.7914	137
14.7934	136
14.7954	136
14.7974	136
14.7994	135
14.8014	135
14.8034	135
14.8054	135
14.8074	135
14.8095	134
14.8115	134
14.8135	134
14.8155	134
14.8175	134
14.8195	134
14.8215	134
14.8235	134
14.8255	134
14.8275	134
14.8305	132
14.8325	132
14.8345	132
14.8365	132
14.8385	132
14.8405	132
14.8425	132
14.8445	132
14.8465	132
14.8475	136
14.8495	136
14.8515	135
14.8535	135
14.8555	135
14.8575	135
14.8595	135
14.8625	132
14.8645	132
14.8665	132
14.8685	132
14.8705	132
14.8725	132
14.8745	132
14.8765	132
14.8785	132
14.8805	132
14.8825	132
14.8846	132
14.8866	132
14.8886	132
14.8906	132
14.8926	132
14.8946	132
14.8966	132
14.8986	132
14.9006	132
14.9026	132
14.9046	132
14.9066	132
14.9086	132
14.9106	132
14.9116	141
14.9136	140
14.9156	139
14.9176	138
14.9196	138
14.9216	137
14.9236	137
14.9256	136
14.9276	136
14.9296	136
14.9316	135
14.9336	135
14.9356	135
14.9376	135
14.9396	135
14.9416	134
14.9436	134
14.9456	134
14.9476	134
14.9496	134
14.9516	134
14.9536	134
14.9556	134
14.9576	134
14.9597	134
14.9627	132
14.9647	132
14.9667	132
14.9797	136
14.9817	136
14.9837	135
14.9857	135
14.9877	135
14.9897	135
14.9917	135
15.0438	141
15.0458	140
15.0478	139
15.0498	138
15.0518	138
15.0538	137
15.0558	137
15.0578	136
15.0598	136
15.0618	136
15.0638	135
15.0658	135
15.0678	135
15.0698	135
15.0718	135
15.0738	134
15.0758	134
15.0778	134
15.0798	134
15.0818	134
15.0838	134
15.0858	134
15.0878	134
15.0898	134
15.0918	134
15.1119	136
15.1139	136
15.1159	135
15.1179	135
15.1199	135
15.1219	135
15.1239	135
15.1759	141
15.1779	140
15.1799	139
15.1819	138
15.1839	138
15.186	137
15.188	137
15.19	136
15.192	136
15.194	136
15.196	135
15.198	135
15.2	135
15.202	135
15.204	135
15.206	134
15.208	134
15.21	134
15.212	134
15.214	134
15.216	134
15.218	134
15.22	134
15.222	134
15.224	134
15.227	132
15.229	132
15.231	132
15.233	132
15.235	132
15.237	132
15.239	132
15.241	132
15.243	132
15.244	136
15.246	136
15.248	136
15.25	136
15.252	136
15.254	135
15.256	135
15.259	132
15.2611	132
15.2631	132
15.2651	132
15.2671	132
15.2691	132
15.2711	132
15.2731	132
15.2751	132
15.2771	132
15.2791	132
15.2811	132
15.2831	132
15.2851	132
15.2871	132
15.2891	132
15.2911	132
15.2931	132
15.2951	132
15.2971	132
15.2991	132
15.3011	132
15.3031	132
15.3051	132
15.3071	132
15.3081	141
15.3101	141
15.3121	140
15.3141	139
15.3161	139
15.3181	138
15.3201	138
15.3221	137
15.3241	137
15.3261	137
15.3281	136
15.3301	136
15.3321	136
15.3341	136
15.3362	136
15.3382	135
15.3402	135
15.3422	135
15.3442	135
15.3462	135
15.3482	135
15.3502	135
15.3522	135
15.3542	135
15.3562	135
15.3592	132
15.3612	132
15.3632	132
15.3652	132
15.3672	132
15.3692	132
15.3712	132
15.3732	132
15.3752	132
15.3762	137
15.3782	136
15.3802	136
15.3822	136
15.3842	135
15.3862	135
15.3882	135
15.3912	132
15.3932	132
15.3952	132
15.3972	132
15.3992	132
15.4012	132
15.4032	132
15.4052	132
15.4072	132
15.4092	132
15.4113	132
15.4133	132
15.4153	132
15.4173	132
15.4193	132
15.4213	132
15.4233	132
15.4253	132
15.4273	132
15.4293	132
15.4313	132
15.4333	132
15.4353	132
15.4373	132
15.4393	132
15.4403	141
15.4423	140
15.4443	139
15.4463	139
15.4483	138
15.4503	137
15.4523	137
15.4543	136
15.4563	136
15.4583	136
15.4603	135
15.4623	135
15.4643	135
15.4663	135
15.4683	135
15.4703	135
15.4723	134
15.4743	134
15.4763	134
15.4783	134
15.4803	134
15.4823	134
15.4843	134
15.4864	134
15.4884	134
15.4914	132
15.4934	132
15.4954	132
15.4974	132
15.4994	132
15.5014	132
15.5034	132
15.5054	132
15.5074	132
15.5084	136
15.5104	136
15.5124	135
15.5144	135
15.5164	135
15.5184	135
15.5204	135
15.5234	132
15.5254	132
15.5274	132
15.5294	132
15.5314	132
15.5334	132
15.5354	132
15.5374	132
15.5394	132
15.5414	132
15.5434	132
15.5454	132
15.5474	132
15.5494	132
15.5514	132
15.5534	132
15.5554	132
15.5574	132
15.5594	132
15.5615	132
15.5635	132
15.5655	132
15.5675	132
15.5695	132
15.5715	132
15.5725	141
15.5745	140
15.5765	139
15.5785	138
15.5805	138
15.5825	137
15.5845	137
15.5865	136
15.5885	136
15.5905	136
15.5925	135
15.5945	135
15.5965	135
15.5985	135
15.6005	135
15.6025	134
15.6045	134
15.6065	134
15.6085	134
15.6105	134
15.6125	134
15.6145	134
15.6165	134
15.6185	134
15.6205	134
15.6235	132
15.6255	132
15.6275	132
15.6295	132
15.6315	132
15.6335	132
15.6356	132
15.6376	132
15.6396	132
15.6406	136
15.6426	136
15.6446	135
15.6466	135
15.6486	135
15.6506	135
15.6526	135
15.6556	132
15.6576	132
15.6596	132
15.6616	132
15.6636	132
15.6656	132
15.6676	132
15.6696	132
15.6716	132
15.6736	132
15.6756	132
15.6776	132
15.6796	132
15.6816	132
15.6836	132
15.6856	132
15.7046	141
15.7066	140
15.7086	139
15.7107	138
15.7127	138
15.7147	137
15.7167	137
15.7187	136
15.7207	136
15.7227	136
15.7247	135
15.7267	135
15.7287	135
15.7307	135
15.7327	135
15.7347	134
15.7367	134
15.7387	134
15.7407	134
15.7427	134
15.7447	134
15.7467	134
15.7487	134
15.7507	134
15.7527	134
15.7727	136
15.7747	136
15.7767	135
15.7787	135
15.7807	135
15.7827	135
15.7847	135
15.8368	141
15.8388	140
15.8408	139
15.8428	138
15.8448	138
15.8468	137
15.8488	137
15.8508	136
15.8528	136
15.8548	136
15.8568	135
15.8588	135
15.8608	135
15.8629	135
15.8649	135
15.8669	134
15.8689	134
15.8709	134
15.8729	134
15.8749	134
15.8769	134
15.8789	134
15.8809	134
15.8829	134
15.8849	134
15.9049	136
15.9069	136
15.9089	135
15.9109	135
15.9129	135
15.9149	135
15.9169	135
15.969	141
15.971	140
15.973	139
15.975	138
15.977	138
15.979	138
15.981	137
15.983	137
15.985	137
15.987	136
15.989	136
15.991	136
15.993	136
15.995	136
15.997	135
15.999	135
16.001	135
16.003	135
16.005	135
16.007	135
16.009	135
16.011	135
16.0131	135
16.0151	135
16.0171	135
16.0201	132
16.0221	132
16.0241	132
16.0261	132
16.0281	132
16.0301	132
16.0321	132
16.0341	132
16.0361	132
16.0371	137
16.0391	137
16.0411	136
16.0431	136
16.0451	136
16.0471	136
16.0491	136
16.0521	132
16.0541	132
16.0561	132
16.0581	132
16.0601	132
16.0621	132
16.0641	132
16.0661	132
16.0681	132
16.0701	132
16.0721	132
16.0741	132
16.0761	132
16.0781	132
16.0801	132
16.0821	132
16.0841	132
16.0861	132
16.0882	132
16.0902	132
16.0922	132
16.0942	132
16.0962	132
16.0982	132
16.1002	132
16.1012	142
16.1032	141
16.1052	140
16.1072	139
16.1092	139
16.1112	138
16.1132	137
16.1152	137
16.1172	136
16.1192	136
16.1212	136
16.1232	136
16.1252	135
16.1272	135
16.1292	135
16.1312	135
16.1332	135
16.1352	134
16.1372	134
16.1392	134
16.1412	134
16.1432	134
16.1452	134
16.1472	134
16.1492	134
16.1522	132
16.1542	132
16.1562	132
16.1582	132
16.1602	132
16.1623	132
16.1643	132
16.1663	132
16.1683	132
16.1693	136
16.1713	136
16.1733	135
16.1753	135
16.1773	135
16.1793	135
16.1813	135
16.1843	132
16.1863	132
16.1883	132
16.1903	132
16.1923	132
16.1943	132
16.1963	132
16.1983	132
16.2003	132
16.2023	132
16.2043	132
16.2063	132
16.2083	132
16.2103	132
16.2123	132
16.2143	132
16.2163	132
16.2183	132
16.2203	132
16.2223	132
16.2243	132
16.2263	132
16.2283	132
16.2303	132
16.2323	132
16.2333	141
16.2353	140
16.2374	139
16.2394	138
16.2414	138
16.2434	137
16.2454	137
16.2474	136
16.2494	136
16.2514	136
16.2534	135
16.2554	135
16.2574	135
16.2594	135
16.2614	135
16.2634	134
16.2654	134
16.2674	134
16.2694	134
16.2714	134
16.2734	134
16.2754	134
16.2774	134
16.2794	134
16.2814	134
16.2844	132
16.2864	132
16.2884	132
16.2904	132
16.2924	132
16.2944	132
16.2964	132
16.2984	132
16.3004	132
16.3014	136
16.3034	136
16.3054	135
16.3074	135
16.3094	135
16.3114	135
16.3135	135
16.3165	132
16.3185	132
16.3205	132
16.3225	132
16.3245	132
16.3265	132
16.3285	132
16.3305	132
16.3325	132
16.3345	132
16.3365	132
16.3385	132
16.3405	132
16.3425	132
16.3445	132
16.3465	132
16.3485	132
16.3505	132
16.3525	132
16.3545	132
16.3565	132
16.3585	132
16.3605	132
16.3625	132
16.3645	132
16.3655	141
16.3675	140
16.3695	139
16.3715	138
16.3735	138
16.3755	137
16.3775	137
16.3795	136
16.3815	136
16.3835	136
16.3855	135
16.3876	135
16.3896	135
16.3916	135
16.3936	135
16.3956	134
16.3976	134
16.3996	134
16.4016	134
16.4036	134
16.4056	134
16.4076	134
16.4096	134
16.4116	134
16.4136	134
16.4166	132
16.4186	132
16.4206	132
16.4226	132
16.4246	132
16.4266	132
16.4286	132
16.4306	132
16.4326	132
16.4336	136
16.4356	136
16.4376	135
16.4396	135
16.4416	135
16.4436	135
16.4456	135
16.4486	132
16.4506	132
16.4526	132
16.4546	132
16.4566	132
16.4586	132
16.4606	132
16.4627	132
16.4647	132
16.4667	132
16.4687	132
16.4707	132
16.4727	132
16.4747	132
16.4767	132
16.4787	132
16.4977	141
16.4997	140
16.5017	139
16.5037	138
16.5057	138
16.5077	137
16.5097	137
16.5117	136
16.5137	136
16.5157	136
16.5177	135
16.5197	135
16.5217	135
16.5237	135
16.5257	135
16.5277	134
16.5297	134
16.5317	134
16.5337	134
16.5357	134
16.5378	134
16.5398	134
16.5418	134
16.5438	134
16.5458	134
16.5658	136
16.5678	136
16.5698	135
16.5718	135
16.5738	135
16.5758	135
16.5778	135
16.6299	141
16.6319	140
16.6339	139
16.6359	138
16.6379	138
16.6399	137
16.6419	137
16.6439	136
16.6459	136
16.6479	136
16.6499	135
16.6519	135
16.6539	135
16.6559	135
16.6579	135
16.6599	134
16.6619	134
16.6639	134
16.6659	134
16.6679	134
16.6699	134
16.6719	134
16.6739	134
16.6759	134
16.6779	134
16.698	136
16.7	136
16.702	135
16.704	135
16.706	135
16.708	135
16.71	135
16.725	132
16.727	132
16.729	132
16.731	132
16.733	132
16.735	132
16.737	132
16.739	132
16.741	132
16.743	132
16.745	132
16.747	132
16.749	132
16.751	132
16.753	132
16.755	132
16.757	132
16.759	132
16.761	132
16.762	141
16.7641	140
16.7661	139
16.7681	139
16.7701	138
16.7721	138
16.7741	137
16.7761	137
16.7781	137
16.7801	136
16.7821	136
16.7841	136
16.7861	136
16.7881	136
16.7901	135
16.7921	135
16.7941	135
16.7961	135
16.7981	135
16.8001	135
16.8021	135
16.8041	135
16.8061	135
16.8081	135
16.8101	135
16.8121	135
16.8141	133
16.8161	133
16.8181	133
16.8201	133
16.8221	133
16.8241	133
16.8261	134
16.8281	134
16.8301	134
16.8331	135
16.8351	135
16.8371	135
16.8392	135
16.8412	135
16.8432	135
16.8452	135
16.8462	136
16.8482	136
16.8502	136
16.8522	136
16.8542	136
16.8562	136
16.8582	136
16.8602	136
16.8622	135
16.8642	135
16.8662	135
16.8682	135
16.8702	135
16.8722	135
16.8742	135
16.8762	135
16.8782	135
16.8802	135
16.8822	135
16.8842	135
16.8862	135
16.8882	135
16.8902	135
16.8922	135
16.8942	135
16.8972	135
16.8992	135
16.9012	135
16.9032	135
16.9052	135
16.9072	135
16.9092	135
16.9112	135
16.9133	135
16.9153	135
16.9173	135
16.9193	135
16.9213	135
16.9233	135
16.9253	135
16.9273	135
16.9293	135
16.9313	135
16.9333	135
16.9353	135
16.9373	135
16.9393	135
16.9413	135
16.9433	135
16.9453	135
16.9473	135
16.9483	141
16.9503	140
16.9523	140
16.9543	139
16.9563	139
16.9583	138
16.9603	138
16.9623	138
16.9643	137
16.9673	134
16.9693	134
16.9713	134
16.9733	134
16.9753	134
16.9773	134
16.9793	134
16.9803	139
16.9823	139
16.9843	138
16.9863	138
16.9884	138
16.9904	137
16.9924	137
16.9944	137
16.9964	137
16.9984	137
17.0004	136
17.0024	136
17.0044	136
17.0064	136
17.0084	136
17.0104	136
17.0124	136
17.0144	136
17.0164	136
17.0184	136
17.0204	136
17.0224	136
17.0244	136
17.0264	136
17.0284	136
17.0314	134
17.0334	134
17.0354	134
17.0374	134
17.0394	134
17.0414	134
17.0434	134
17.0454	134
17.0474	134
17.0494	134
17.0514	134
17.0534	134
17.0554	134
17.0574	134
17.0594	134
17.0614	134
17.0635	134
17.0655	134
17.0675	134
17.0695	134
17.0715	134
17.0735	134
17.0755	134
17.0775	134
17.0795	134
17.0815	134
17.0825	142
17.0845	141
17.0865	141
17.0885	140
17.0905	139
17.0925	139
17.0945	138
17.0965	138
17.0985	138
17.1015	134
17.1035	134
17.1055	134
17.1075	134
17.1095	134
17.1115	134
17.1135	134
17.1145	139
17.1165	139
17.1185	138
17.1205	138
17.1225	138
17.1245	137
17.1265	137
17.1285	137
17.1305	137
17.1325	137
17.1345	136
17.1365	136
17.1386	136
17.1406	136
17.1426	136
17.1446	136
17.1466	136
17.1486	136
17.1506	136
17.1526	136
17.1546	136
17.1566	136
17.1586	136
17.1606	136
17.1626	136
17.1656	134
17.1676	134
17.1696	134
17.1716	134
17.1736	134
17.1756	134
17.1776	135
17.1796	135
17.1816	135
17.1836	135
17.1856	135
17.1876	135
17.1896	135
17.1916	135
17.1936	135
17.1956	135
17.1976	135
17.1996	135
17.2016	135
17.2036	135
17.2056	135
17.2076	135
17.2096	135
17.2116	135
17.2137	135
17.2157	135
17.2177	142
17.2197	142
17.2217	141
17.2237	140
17.2257	140
17.2277	139
17.2297	139
17.2317	139
17.2337	138
17.2357	138
17.2367	138
17.2387	138
17.2407	138
17.2427	137
17.2447	137
17.2467	137
17.2487	137
17.2517	138
17.2537	138
17.2557	138
17.2577	138
17.2597	137
17.2617	137
17.2637	137
17.2657	137
17.2677	137
17.2697	137
17.2717	137
17.2737	137
17.2757	137
17.2777	137
17.2797	137
17.2817	137
17.2837	137
17.2857	137
17.2877	137
17.2898	137
17.2918	137
17.2938	137
17.2958	137
17.2978	137
17.2998	137
17.3008	143
17.3028	142
17.3048	142
17.3068	141
17.3088	140
17.3108	140
17.3128	140
17.3148	139
17.3168	139
17.3188	139
17.3208	138
17.3228	138
17.3248	138
17.3268	138
17.3288	138
17.3308	137
17.3328	137
17.3348	137
17.3368	137
17.3388	137
17.3408	137
17.3428	137
17.3448	137
17.3468	137
17.3488	137
17.3508	137
17.3538	136
17.3558	136
17.3578	136
17.3598	136
17.3618	136
17.3639	136
17.3659	136
17.3679	136
17.3699	136
17.3719	136
17.3729	139
17.3749	139
17.3769	139
17.3789	139
17.3809	139
17.3829	138
17.3849	138
17.3869	138
17.3889	136
17.3909	136
17.3929	136
17.3949	136
17.3969	136
17.3989	136
17.4009	136
17.4029	136
17.4049	136
17.4069	136
17.4089	136
17.4109	136
17.4129	136
17.4149	136
17.4169	136
17.4189	136
17.4209	136
17.4229	136
17.4249	136
17.4269	137
17.4289	137
17.4309	137
17.4329	137
17.4349	137
17.4369	138
17.44	138
17.442	138
17.444	138
17.446	138
17.448	138
17.45	138
17.452	138
17.454	138
17.456	138
17.458	138
17.46	138
17.462	138
17.464	138
17.466	138
17.468	138
17.47	138
17.472	138
17.474	138
17.476	139
17.478	139
17.48	139
17.482	139
17.484	139
17.486	139
17.488	139
17.49	139
17.491	144
17.493	144
17.495	143
17.497	143
17.499	142
17.501	142
17.503	142
17.505	141
17.507	141
17.509	141
17.512	139
17.5141	139
17.5161	139
17.5181	139
17.5201	139
17.5221	139
17.5241	139
17.5261	139
17.5271	143
17.5291	142
17.5311	142
17.5331	142
17.5351	142
17.5371	142
17.5391	142
17.5411	141
17.5431	141
17.5451	141
17.5471	141
17.5491	141
17.5511	141
17.5531	141
17.5551	141
17.5571	141
17.5591	141
17.5611	141
17.5631	141
17.5651	141
17.5671	141
17.5691	141
17.5711	141
17.5731	141
17.5751	141
17.5781	139
17.5801	139
17.5821	139
17.5841	139
17.5861	139
17.5881	140
17.5902	140
17.5922	140
17.5942	140
17.5962	140
17.5982	140
17.6002	140
17.6022	140
17.6042	140
17.6062	140
17.6082	140
17.6102	140
17.6122	140
17.6142	140
17.6162	140
17.6182	140
17.6202	140
17.6222	140
17.6242	140
17.6262	140
17.6282	140
17.6302	147
17.6322	146
17.6342	146
17.6362	145
17.6382	144
17.6402	144
17.6422	144
17.6442	143
17.6462	143
17.6482	143
17.6502	142
17.6512	142
17.6532	142
17.6552	142
17.6572	142
17.6592	142
17.6612	141
17.6632	141
17.6653	141
17.6683	142
17.6703	142
17.6723	142
17.6743	142
17.6763	141
17.6783	141
17.6803	141
17.6823	141
17.6843	141
17.6863	141
17.6883	141
17.6903	141
17.6923	141
17.6943	141
17.6963	141
17.6983	141
17.7003	141
17.7023	141
17.7043	141
17.7063	141
17.7083	141
17.7103	141
17.7123	141
17.7143	141
17.7163	141
17.7173	147
17.7193	147
17.7213	146
17.7233	145
17.7253	145
17.7273	144
17.7293	144
17.7313	143
17.7333	143
17.7353	143
17.7373	142
17.7394	142
17.7414	142
17.7434	142
17.7454	142
17.7474	141
17.7494	141
17.7514	141
17.7534	141
17.7554	141
17.7574	141
17.7594	141
17.7614	141
17.7634	141
17.7654	141
17.7674	141
17.7694	141
17.7714	141
17.7734	141
17.7754	141
17.7774	141
17.7794	141
17.7814	141
17.7834	141
17.7854	141
17.7874	141
17.7894	141
17.7914	141
17.7944	141
17.7964	141
17.7984	141
17.8004	141
17.8024	142
17.8044	142
17.8064	142
17.8084	142
17.8094	143
17.8114	143
17.8134	143
17.8155	143
17.8175	143
17.8195	143
17.8215	143
17.8235	143
17.8255	143
17.8275	143
17.8295	143
17.8315	143
17.8335	143
17.8355	143
17.8375	143
17.8395	143
17.8415	143
17.8435	143
17.8455	143
17.8475	143
17.8495	143
17.8515	143
17.8535	143
17.8555	143
17.8575	143
17.8605	142
17.8625	142
17.8645	142
17.8665	142
17.8685	142
17.8705	142
17.8725	142
17.8745	142
17.8765	142
17.8785	142
17.8805	142
17.8825	142
17.8845	142
17.8865	142
17.8885	142
17.8906	142
17.8926	142
17.8946	142
17.8966	142
17.8986	142
17.9006	143
17.9026	143
17.9046	143
17.9066	143
17.9086	143
17.9106	144
17.9126	144
17.9146	149
17.9166	149
17.9186	148
17.9206	148
17.9226	147
17.9246	147
17.9266	147
17.9286	146
17.9306	146
17.9326	146
17.9346	146
17.9366	147
17.9386	146
17.9406	146
17.9426	146
17.9446	145
17.9466	145
17.9486	145
17.9506	145
17.9526	148
17.9546	147
17.9566	147
17.9586	147
17.9606	146
17.9626	146
17.9647	146
17.9667	146
17.9687	146
17.9707	145
17.9727	145
17.9747	145
17.9767	145
17.9787	145
17.9807	145
17.9827	145
17.9847	145
17.9867	145
17.9887	145
17.9907	145
17.9927	145
17.9947	145
17.9967	145
17.9987	145
18.0007	145
18.0027	145
18.0037	151
18.0057	150
18.0077	149
18.0097	149
18.0117	148
18.0137	148
18.0157	147
18.0177	147
18.0197	147
18.0217	146
18.0237	146
18.0257	146
18.0277	146
18.0297	146
18.0317	145
18.0337	145
18.0357	145
18.0377	145
18.0398	145
18.0418	145
18.0438	145
18.0458	145
18.0478	145
18.0498	145
18.0518	145
18.0538	145
18.0558	145
18.0578	145
18.0598	145
18.0618	145
18.0638	145
18.0658	145
18.0678	145
18.0698	145
18.0718	145
18.0738	145
18.0758	145
18.0778	145
18.0798	145
18.0818	145
18.0848	145
18.0868	145
18.0888	145
18.0908	145
18.0928	145
18.0948	145
18.0968	147
18.0988	145
18.0998	147
18.1018	147
18.1038	147
18.1058	147
18.1078	147
18.1098	147
18.1118	147
18.1138	147
18.1159	147
18.1179	147
18.1199	147
18.1219	147
18.1239	147
18.1259	147
18.1279	147
18.1299	147
18.1319	147
18.1339	147
18.1359	147
18.1379	147
18.1399	147
18.1419	147
18.1439	147
18.1459	147
18.1489	145
18.1499	147
18.1529	146
18.1549	146
18.1569	146
18.1589	147
18.1609	147
18.1629	147
18.1649	147
18.1669	147
18.1689	148
18.1709	148
18.1729	148
18.1749	148
18.1769	148
18.1789	148
18.1809	148
18.1829	148
18.1849	148
18.1869	148
18.1889	148
18.191	148
18.193	148
18.195	148
18.197	148
18.199	148
18.201	148
18.203	148
18.204	153
18.207	153
18.208	149
18.211	152
18.213	152
18.215	151
18.217	151
18.219	151
18.221	150
18.223	150
18.225	150
18.226	151
18.229	151
18.23	150
18.233	150
18.234	151
18.236	150
18.238	150
18.24	150
18.242	150
18.245	150
18.246	150
18.249	151
18.25	150
18.253	150
18.255	150
18.257	150
18.259	150
18.261	150
18.263	150
18.2651	150
18.2671	150
18.2691	150
18.2711	150
18.2731	150
18.2751	150
18.2771	150
18.2791	150
18.2811	150
18.2831	150
18.2851	150
18.2871	150
18.2891	150
18.2911	150
18.2931	156
18.2951	150
18.2961	155
18.2991	150
18.3001	154
18.3031	151
18.3041	154
18.3061	153
18.3081	153
18.3101	152
18.3121	152
18.3141	152
18.3161	151
18.3181	151
18.3201	151
18.3221	151
18.3241	151
18.3261	150
18.3281	150
18.3301	150
18.3321	150
18.3341	150
18.3361	150
18.3381	150
18.3402	150
18.3422	150
18.3442	150
18.3462	150
18.3492	150
18.3502	150
18.3532	150
18.3542	150
18.3572	150
18.3582	151
18.3612	150
18.3622	151
18.3642	150
18.3662	150
18.3682	151
18.3712	151
18.3722	151
18.3752	151
18.3762	151
18.3792	150
18.3802	152
18.3832	150
18.3842	153
18.3872	150
18.3882	154
18.3912	151
18.3922	154
18.3952	151
18.3962	154
18.3992	151
18.4002	154
18.4032	154
18.4052	154
18.4072	153
18.4092	153
18.4112	153
18.4132	153
18.4153	153
18.4173	152
18.4193	152
18.4213	152
18.4233	152
18.4253	152
18.4273	152
18.4293	152
18.4313	152
18.4333	152
18.4353	152
18.4373	156
18.4393	152
18.4403	155
18.4433	152
18.4443	154
18.4473	153
18.4483	153
18.4513	154
18.4523	152
18.4553	155
18.4563	152
18.4593	155
18.4603	152
18.4633	156
18.4643	152
18.4663	152
18.4683	152
18.4703	153
18.4723	153
18.4743	153
18.4763	153
18.4783	153
18.4803	153
18.4823	153
18.4843	153
18.4863	153
18.4883	153
18.4904	153
18.4924	153
18.4944	154
18.4974	154
18.4984	154
18.5014	154
18.5024	153
18.5054	155
18.5064	152
18.5094	156
18.5104	152
18.5134	157
18.5144	152
18.5174	158
18.5184	152
18.5214	158
18.5224	152
18.5254	159
18.5264	152
18.5294	159
18.5304	152
18.5334	158
18.5344	152
18.5374	158
18.5384	153
18.5414	158
18.5424	153
18.5454	158
18.5464	153
18.5494	158
18.5504	153
18.5534	158
18.5544	153
18.5574	158
18.5584	153
18.5614	153
18.5634	154
18.5655	154
18.5675	154
18.5695	154
18.5715	154
18.5735	155
18.5755	155
18.5775	155
18.5795	155
18.5815	161
18.5835	155
18.5855	160
18.5875	156
18.5885	158
18.5915	156
18.5925	157
18.5955	157
18.5965	156
18.5995	158
18.6005	155
18.6035	160
18.6045	154
18.6075	161
18.6085	153
18.6115	161
18.6125	152
18.6155	162
18.6165	152
18.6205	152
18.6245	152
18.6285	152
18.6315	153
18.6335	153
18.6355	154
18.6375	154
18.6416	155
18.6456	155
18.6496	156
18.6536	157
18.6576	158
18.6616	160
18.6656	161
18.6706	162
18.6746	163
18.6786	163
18.6826	164
18.6866	164
18.6906	165
18.6946	165
18.6986	166
18.7026	166
18.7066	166
18.7106	167
18.7146	167
18.7187	167
18.7978	162
18.8018	161
18.8043	160
18.8704	163
18.8754	160
18.8787	157
18.9158	156
18.9178	152
18.9198	149
18.9218	147
18.9238	146
18.9258	144
18.9278	143
18.9298	143
18.9318	143
18.9338	143
18.9358	143
18.9378	144
18.9398	144
18.9418	145
18.9438	146
18.9458	147
18.9478	149
18.9498	150
18.9518	152
18.9538	153
18.9558	155
18.9578	156
18.9598	158
18.9618	160
18.9658	162
18.9678	163
18.9698	165
18.9748	166
18.9788	168
18.9828	169
19.0089	156
19.0109	155
19.0129	155
19.0149	155
19.0169	155
19.0189	155
19.0209	156
19.0229	157
19.0249	158
19.0269	159
19.0289	160
19.0309	161
19.0329	163
19.0349	164
19.0369	166
19.0389	167
19.0409	169
19.0429	171
19.0449	172
19.0469	174
19.0489	176
19.0509	178
19.0529	180
19.0549	181
19.0569	183
19.0589	184
19.0609	166
19.0639	185
19.0649	164
19.068	186
19.069	162
19.072	188
19.073	161
19.076	160
19.078	159
19.08	159
19.082	158
19.084	157
19.086	157
19.088	157
19.09	156
19.092	156
19.094	156
19.096	155
19.098	155
19.1	155
19.102	155
19.104	155
19.106	155
19.108	155
19.11	155
19.112	155
19.114	155
19.116	155
19.118	154
19.12	154
19.122	154
19.124	153
19.126	153
19.128	153
19.13	196
19.132	187
19.134	179
19.136	172
19.138	166
19.14	161
19.1421	157
19.1441	153
19.1461	149
19.1481	146
19.1501	144
19.1521	141
19.1541	139
19.1561	138
19.1581	136
19.1601	135
19.1621	134
19.1641	133
19.1661	132
19.1681	131
19.1701	130
19.1721	130
19.1741	129
19.1761	129
19.1781	128
19.1801	128
19.1821	128
19.1841	127
19.1851	159
19.1871	155
19.1891	127
19.1911	151
19.1931	127
19.1951	148
19.1971	127
19.1991	145
19.2011	143
19.2031	141
19.2051	139
19.2071	137
19.2091	136
19.2111	134
19.2131	133
19.2151	132
19.2172	132
19.2192	131
19.2212	130
19.2232	130
19.2252	129
19.2272	129
19.2292	129
19.2312	128
19.2332	128
19.2352	128
19.2372	128
19.2392	128
19.2412	127
19.2432	127
19.2452	127
19.2472	127
19.2492	127
19.2512	127
19.2532	127
19.2562	127
19.2582	127
19.2602	127
19.2622	127
19.2642	127
19.2662	127
19.2682	127
19.2702	127
19.2722	127
19.2742	127
19.2762	127
19.2782	127
19.2802	127
19.2822	127
19.2842	127
19.2862	127
19.2882	127
19.2902	127
19.2923	127
19.2943	127
19.2963	127
19.2983	127
19.3003	127
19.3023	127
19.3043	127
19.3063	127
19.3083	127
19.3103	127
19.3123	127
19.3133	134
19.3153	134
19.3173	133
19.3193	128
19.3213	133
19.3233	128
19.3253	132
19.3273	128
19.3293	132
19.3313	132
19.3333	131
19.3353	131
19.3373	131
19.3393	131
19.3413	131
19.3433	130
19.3453	130
19.3473	130
19.3493	130
19.3513	130
19.3533	130
19.3553	130
19.3573	130
19.3593	130
19.3613	130
19.3633	130
19.3653	130
19.3674	130
19.3694	130
19.3714	130
19.3734	130
19.3754	130
19.3774	131
19.3794	131
19.3814	131
19.3834	131
19.3864	128
19.3884	129
19.3904	129
19.3924	129
19.3944	130
19.3964	130
19.3984	130
19.4004	130
19.4024	130
19.4044	131
19.4064	131
19.4084	131
19.4104	131
19.4124	131
19.4144	131
19.4164	131
19.4184	131
19.4204	131
19.4224	131
19.4244	131
19.4264	131
19.4284	131
19.4304	131
19.4324	131
19.4344	131
19.4364	131
19.4384	131
19.4404	131
19.4425	131
19.4445	131
19.4455	138
19.4475	138
19.4495	137
19.4515	137
19.4535	132
19.4555	136
19.4575	132
19.4595	136
19.4615	132
19.4635	136
19.4655	135
19.4675	135
19.4695	135
19.4715	135
19.4735	135
19.4755	134
19.4775	134
19.4795	134
19.4815	134
19.4835	134
19.4855	134
19.4875	134
19.4895	134
19.4915	134
19.4935	134
19.4955	134
19.4975	134
19.4995	134
19.5015	134
19.5035	134
19.5055	134
19.5075	134
19.5095	134
19.5115	134
19.5135	134
19.5155	134
19.5176	134
19.5196	132
19.5216	132
19.5236	133
19.5256	133
19.5276	133
19.5296	133
19.5316	133
19.5336	134
19.5356	134
19.5376	134
19.5396	134
19.5416	134
19.5436	134
19.5456	134
19.5476	134
19.5496	134
19.5516	134
19.5536	134
19.5556	134
19.5576	134
19.5596	134
19.5616	134
19.5636	134
19.5656	134
19.5676	134
19.5696	134
19.5716	134
19.5736	134
19.5756	134
19.5776	134
19.5806	134
19.5826	134
19.5846	134
19.5866	135
19.5886	136
19.5906	135
19.5927	136
19.5947	136
19.5957	136
19.5987	136
19.5997	136
19.6017	136
19.6037	136
19.6057	137
19.6077	137
19.6097	137
19.6117	137
19.6137	137
19.6157	137
19.6177	137
19.6197	137
19.6217	137
19.6237	137
19.6257	137
19.6277	137
19.6297	137
19.6317	137
19.6337	137
19.6357	137
19.6377	137
19.6397	137
19.6417	137
19.6437	137
19.6457	137
19.6477	137
19.6497	137
19.6517	137
19.6537	137
19.6557	137
19.6577	136
19.6597	136
19.6617	137
19.6637	137
19.6657	137
19.6678	137
19.6698	137
19.6718	137
19.6738	137
19.6758	137
19.6778	138
19.6798	138
19.6818	138
19.6838	138
19.6858	138
19.6878	139
19.6898	139
19.6918	139
19.6938	139
19.6958	139
19.6978	139
19.6998	139
19.7018	139
19.7038	139
19.7058	139
19.7078	139
19.7098	139
19.7118	139
19.7138	139
19.7158	139
19.7188	137
19.7208	138
19.7228	138
19.7248	138
19.7268	140
19.7288	139
19.7308	141
19.7328	140
19.7348	139
19.7368	141
19.7388	140
19.7408	140
19.7429	140
19.7449	140
19.7469	140
19.7489	140
19.7509	140
19.7529	140
19.7549	140
19.7569	140
19.7589	140
19.7609	140
19.7629	140
19.7649	140
19.7669	140
19.7689	140
19.7709	140
19.7729	140
19.7749	140
19.7769	140
19.7789	140
19.7809	140
19.7829	140
19.7849	140
19.7869	140
19.7889	140
19.7909	140
19.7929	140
19.7949	140
19.7969	140
19.7979	148
19.7999	147
19.8019	146
19.8039	146
19.8059	145
19.8079	145
19.8099	144
19.8119	144
19.8139	144
19.8159	143
19.818	143
19.82	143
19.822	143
19.824	143
19.826	142
19.828	142
19.83	142
19.832	142
19.834	142
19.836	142
19.838	142
19.84	142
19.842	142
19.844	142
19.846	142
19.848	142
19.85	142
19.852	142
19.854	142
19.856	142
19.858	143
19.861	141
19.863	141
19.865	141
19.867	141
19.868	144
19.871	141
19.872	144
19.874	144
19.877	142
19.879	144
19.881	142
19.883	142
19.885	143
19.887	143
19.889	143
19.891	143
19.8931	143
19.8951	144
19.8971	144
19.8991	144
19.9011	144
19.9031	144
19.9051	144
19.9071	144
19.9091	144
19.9111	144
19.9131	144
19.9151	144
19.9171	144
19.9191	144
19.9211	144
19.9231	144
19.9251	144
19.9271	144
19.9291	144
19.9311	144
19.9331	144
19.9351	144
19.9371	144
19.9391	144
19.9411	152
19.9431	151
19.9451	150
19.9471	150
19.9491	149
19.9511	149
19.9531	148
19.9551	148
19.9571	148
19.9591	147
19.9611	147
19.9631	147
19.9651	147
19.9671	147
19.9692	146
19.9712	146
19.9732	146
19.9752	146
19.9772	146
19.9792	146
19.9812	146
19.9832	146
19.9852	146
19.9872	146
19.9892	146
19.9912	146
19.9932	146
19.9952	146
19.9972	146
19.9992	146
20.0012	145
20.0032	145
20.0042	152
20.0062	151
20.0082	150
20.0102	150
20.0132	145
20.0142	149
20.0172	145
20.0182	149
20.0202	145
20.0222	148
20.0242	145
20.0262	148
20.0282	148
20.0302	147
20.0322	147
20.0342	147
20.0362	146
20.0382	146
20.0402	146
20.0422	146
20.0443	146
20.0463	145
20.0483	145
20.0503	145
20.0523	145
20.0543	145
20.0563	145
20.0583	145
20.0603	145
20.0623	145
20.0643	145
20.0663	145
20.0683	145
20.0703	145
20.0723	145
20.0743	145
20.0763	145
20.0783	145
20.0803	145
20.0823	145
20.0843	145
20.0863	145
20.0883	145
20.0903	145
20.0923	146
20.0943	146
20.0963	146
20.0983	146
20.1003	146
20.1023	146
20.1043	146
20.1063	146
20.1083	146
20.1103	146
20.1123	146
20.1143	146
20.1163	146
20.1184	146
20.1204	146
20.1224	146
20.1244	146
20.1264	146
20.1284	146
20.1304	146
20.1324	146
20.1344	146
20.1364	146
20.1384	146
20.1404	146
20.1424	146
20.1444	146
20.1464	146
20.1494	145
20.1504	147
20.1534	145
20.1554	145
20.1574	148
20.1594	146
20.1604	147
20.1634	147
20.1644	147
20.1674	148
20.1684	147
20.1714	148
20.1724	147
20.1744	149
20.1764	149
20.1784	149
20.1804	149
20.1824	149
20.1844	149
20.1864	149
20.1884	149
20.1904	149
20.1924	149
20.1945	149
20.1965	149
20.1985	149
20.2005	149
20.2025	149
20.2045	149
20.2065	149
20.2085	149
20.2105	149
20.2125	149
20.2145	149
20.2165	149
20.2185	149
20.2205	149
20.2225	149
20.2245	149
20.2265	149
20.2285	149
20.2315	147
20.2325	150
20.2355	147
20.2365	150
20.2395	147
20.2405	151
20.2425	147
20.2445	148
20.2465	148
20.2485	148
20.2505	148
20.2525	148
20.2545	149
20.2565	149
20.2585	149
20.2605	149
20.2625	149
20.2645	149
20.2665	149
20.2686	149
20.2706	149
20.2726	149
20.2746	149
20.2766	149
20.2786	149
20.2806	149
20.2826	150
20.2846	150
20.2866	150
20.2886	150
20.2906	150
20.2926	151
20.2946	150
20.2966	151
20.2986	149
20.3016	152
20.3026	149
20.3056	152
20.3066	149
20.3096	153
20.3106	148
20.3136	154
20.3146	148
20.3176	154
20.3186	148
20.3216	154
20.3226	148
20.3256	154
20.3266	148
20.3296	148
20.3316	149
20.3336	149
20.3356	149
20.3376	149
20.3396	149
20.3416	150
20.3437	150
20.3457	150
20.3477	151
20.3497	151
20.3517	151
20.3537	151
20.3557	151
20.3577	151
20.3597	152
20.3617	152
20.3637	152
20.3657	152
20.3677	152
20.3697	152
20.3717	152
20.3737	152
20.3757	160
20.3777	152
20.3797	159
20.3817	153
20.3837	157
20.3857	154
20.3867	156
20.3897	155
20.3907	155
20.3937	155
20.3947	154
20.3977	156
20.3987	154
20.4017	154
20.4037	154
20.4057	153
20.4077	153
20.4097	153
20.4117	153
20.4137	153
20.4157	153
20.4177	153
20.4198	153
20.4218	153
20.4238	153
20.4258	153
20.4278	153
20.4298	153
20.4318	153
20.4338	153
20.4358	153
20.4378	153
20.4388	161
20.4418	153
20.4428	159
20.4458	153
20.4468	158
20.4498	154
20.4508	157
20.4538	155
20.4548	155
20.4578	155
20.4588	154
20.4618	156
20.4628	154
20.4658	156
20.4668	153
20.4698	157
20.4708	152
20.4738	151
20.4748	157
20.4778	151
20.4788	158
20.4818	151
20.4828	158
20.4858	151
20.4868	158
20.4888	151
20.4908	151
20.4928	151
20.4949	152
20.4969	152
20.4989	152
20.5009	152
20.5029	152
20.5049	152
20.5069	152
20.5089	152
20.5109	152
20.5129	152
20.5149	152
20.5169	152
20.5189	152
20.5209	157
20.5229	153
20.5249	155
20.5269	153
20.5289	154
20.5319	154
20.5329	153
20.5359	155
20.5369	152
20.5399	156
20.5409	151
20.5439	156
20.5449	150
20.5479	157
20.5489	150
20.5519	158
20.5529	150
20.5559	158
20.5569	150
20.5599	159
20.5609	150
20.5629	151
20.5649	151
20.5669	152
20.569	152
20.571	152
20.573	153
20.575	153
20.577	153
20.579	153
20.581	153
20.584	157
20.585	154
20.588	155
20.589	154
20.592	154
20.593	155
20.596	153
20.597	156
20.6	152
20.601	157
20.604	151
20.605	158
20.608	150
20.609	159
20.612	150
20.613	160
20.616	149
20.617	161
20.62	149
20.621	162
20.624	148
20.625	163
20.628	148
20.629	163
20.632	148
20.633	164
20.636	148
20.637	164
20.64	148
20.641	165
20.6441	149
20.6451	165
20.6481	149
20.6491	165
20.6521	150
20.6541	151
20.6561	151
20.6581	152
20.6601	153
20.6621	153
20.6641	154
20.6651	167
20.6681	154
20.6691	164
20.6721	155
20.6731	162
20.6761	156
20.6771	161
20.6801	157
20.6811	159
20.6841	159
20.6851	158
20.6881	160
20.6891	157
20.6921	161
20.6931	156
20.6961	162
20.6971	155
20.7001	163
20.7011	154
20.7041	164
20.7051	153
20.7081	153
20.7091	164
20.7121	152
20.7131	165
20.7161	152
20.7171	166
20.7202	152
20.7212	166
20.7242	153
20.7252	167
20.7282	153
20.7292	167
20.7322	154
20.7332	165
20.7362	155
20.7372	163
20.7402	156
20.7412	161
20.7442	157
20.7452	160
20.7482	159
20.7492	158
20.7522	160
20.7532	157
20.7562	161
20.7572	156
20.7602	161
20.7612	155
20.7642	162
20.7652	154
20.7682	163
20.7692	154
20.7722	163
20.7732	153
20.7762	164
20.7772	152
20.7802	164
20.7812	152
20.7842	164
20.7852	152
20.7882	165
20.7892	151
20.7922	165
20.7932	151
20.7963	165
20.7973	151
20.8003	165
20.8013	150
20.8043	165
20.8053	150
20.8083	166
20.8093	151
20.8123	166
20.8133	151
20.8163	166
20.8173	152
20.8213	153
20.8253	154
20.8293	154
20.8333	155
20.8373	156
20.8413	156
20.8453	157
20.8493	157
20.8533	158
20.8573	158
20.8613	158
20.8653	159
20.8694	159
20.8734	159
20.8774	159
20.8814	159
20.8854	159
20.8894	159
20.8934	159
20.8974	159
20.9014	159
20.9054	159
21.0935	160
21.0955	155
21.0975	152
21.0995	148
21.1015	146
21.1035	144
21.1055	143
21.1075	142
21.1105	141
21.1135	140
21.1165	140
21.1185	139
21.1205	138
21.1526	153
21.1546	148
21.1566	144
21.1586	140
21.1606	137
21.1626	135
21.1646	133
21.1666	132
21.1686	131
21.1706	131
21.1726	137
21.1746	136
21.1766	135
21.1786	135
21.1806	135
21.1826	132
21.1846	132
21.1866	132
21.1901	131
21.1921	128
21.1941	126
21.1961	124
21.1981	122
21.2001	121
21.2021	121
21.2041	120
21.2061	120
21.2082	121
21.2102	120
21.2122	120
21.2142	120
21.2162	120
21.2182	120
21.2202	119
21.2222	119
21.2242	119
21.2262	119
21.2282	119
21.2302	119
21.2322	118
21.2342	118
21.2372	129
21.2392	128
21.2412	126
21.2432	125
21.2452	125
21.2472	125
21.2492	125
21.2512	125
21.2532	126
21.2552	126
21.2572	127
21.2592	128
21.2612	130
21.2632	131
21.2652	132
21.2672	134
21.2692	131
21.2712	130
21.2732	128
21.2752	126
21.2772	125
21.2792	124
21.2812	123
21.2833	122
21.2853	122
21.2873	121
21.2883	124
21.2903	123
21.2923	123
21.2943	122
21.2963	121
21.2983	121
21.3003	121
21.3023	120
21.3043	120
21.3063	120
21.3083	120
21.3103	119
21.3123	119
21.3143	118
21.3163	118
21.3183	118
21.3203	117
21.3223	117
21.3243	117
21.3263	117
21.3283	117
21.3303	116
21.3323	116
21.3343	116
21.3363	116
21.3383	116
21.3403	116
21.3423	116
21.3443	116
21.3463	116
21.3483	116
21.3503	116
21.3523	119
21.3543	119
21.3563	119
21.3584	118
21.3604	118
21.3624	118
21.3644	118
21.3664	118
21.3684	117
21.3704	117
21.3724	117
21.3744	117
21.3764	117
21.3784	117
21.3804	117
21.3824	117
21.3844	117
21.3864	117
21.3884	117
21.3904	117
21.3924	117
21.3944	117
21.3964	117
21.3984	117
21.4004	117
21.4024	117
21.4054	116
21.4074	116
21.4094	116
21.4114	117
21.4134	117
21.4154	117
21.4174	118
21.4194	118
21.4214	118
21.4234	118
21.4254	118
21.4274	118
21.4294	118
21.4314	118
21.4335	118
21.4355	118
21.4375	118
21.4395	118
21.4415	118
21.4435	118
21.4455	118
21.4475	118
21.4495	118
21.4515	118
21.4535	118
21.4555	118
21.4575	118
21.4595	118
21.4615	118
21.4635	118
21.4655	118
21.4675	118
21.4695	124
21.4715	123
21.4735	123
21.4755	122
21.4775	122
21.4795	121
21.4815	121
21.4835	121
21.4855	120
21.4875	120
21.4895	120
21.4915	120
21.4935	120
21.4955	119
21.4975	119
21.4995	119
21.5015	119
21.5035	119
21.5055	119
21.5076	119
21.5096	119
21.5116	119
21.5136	119
21.5156	119
21.5176	119
21.5196	119
21.5216	119
21.5226	125
21.5246	124
21.5266	124
21.5286	123
21.5306	122
21.5326	122
21.5346	121
21.5366	119
21.5386	119
21.5406	119
21.5436	121
21.5456	121
21.5476	121
21.5496	121
21.5516	121
21.5536	120
21.5556	120
21.5576	120
21.5596	120
21.5616	120
21.5636	120
21.5656	120
21.5676	120
21.5696	120
21.5716	120
21.5736	120
21.5756	120
21.5776	120
21.5796	120
21.5816	120
21.5837	120
21.5857	120
21.5877	120
21.5887	125
21.5907	124
21.5927	124
21.5947	124
21.5967	123
21.5987	123
21.6007	123
21.6027	122
21.6047	122
21.6067	122
21.6087	122
21.6107	122
21.6127	121
21.6147	121
21.6167	121
21.6187	121
21.6207	121
21.6227	121
21.6247	121
21.6267	121
21.6287	121
21.6307	121
21.6327	121
21.6347	121
21.6367	121
21.6387	121
21.6407	121
21.6437	120
21.6457	120
21.6477	120
21.6497	121
21.6517	121
21.6537	121
21.6557	121
21.6578	122
21.6598	122
21.6618	122
21.6638	122
21.6648	122
21.6668	122
21.6688	122
21.6708	122
21.6728	122
21.6748	122
21.6768	122
21.6788	122
21.6808	122
21.6828	122
21.6848	122
21.6868	122
21.6888	122
21.6908	122
21.6928	122
21.6948	122
21.6968	122
21.6988	122
21.7008	122
21.7028	122
21.7048	122
21.7068	122
21.7088	122
21.7118	122
21.7138	122
21.7158	122
21.7178	122
21.7198	122
21.7218	122
21.7238	122
21.7258	122
21.7278	122
21.7298	122
21.7318	122
21.7339	122
21.7359	122
21.7379	122
21.7399	122
21.7419	122
21.7439	122
21.7459	122
21.7479	122
21.7499	122
21.7519	122
21.7539	122
21.7559	122
21.7579	122
21.7599	122
21.7619	122
21.7639	122
21.7649	129
21.7669	128
21.7689	128
21.7709	127
21.7729	126
21.7749	126
21.7769	126
21.7789	125
21.7809	122
21.7829	122
21.7849	122
21.7869	122
21.7899	125
21.7919	125
21.7939	125
21.7959	125
21.7979	125
21.7999	125
21.8019	125
21.8039	125
21.8059	125
21.808	125
21.81	125
21.812	125
21.814	125
21.816	125
21.818	125
21.82	125
21.822	125
21.824	125
21.826	125
21.828	125
21.83	125
21.832	125
21.834	125
21.835	128
21.837	128
21.839	128
21.841	127
21.843	127
21.845	127
21.847	126
21.849	126
21.851	126
21.853	126
21.855	126
21.857	126
21.859	126
21.861	126
21.863	126
21.865	126
21.867	126
21.869	126
21.871	126
21.873	126
21.875	126
21.877	126
21.879	126
21.881	126
21.8831	126
21.8851	126
21.8871	126
21.8901	125
21.8921	125
21.8941	125
21.8961	125
21.8981	125
21.9001	126
21.9021	126
21.9041	126
21.9061	128
21.9081	128
21.9101	128
21.9121	128
21.9141	127
21.9161	127
21.9181	127
21.9201	127
21.9221	127
21.9241	127
21.9261	127
21.9281	127
21.9301	127
21.9321	127
21.9341	127
21.9361	127
21.9381	127
21.9401	127
21.9421	127
21.9441	127
21.9461	127
21.9481	127
21.9501	127
21.9521	127
21.9541	127
21.9561	127
21.9582	127
21.9602	133
21.9622	133
21.9642	132
21.9662	131
21.9682	131
21.9702	131
21.9722	130
21.9742	130
21.9762	129
21.9782	129
21.9802	129
21.9822	128
21.9842	128
21.9862	128
21.9882	128
21.9902	128
21.9922	127
21.9942	127
21.9962	127
21.9982	127
22.0002	127
22.0022	127
22.0042	127
22.0062	127
22.0082	127
22.0102	127
22.0122	127
22.0142	127
22.0152	133
22.0172	133
22.0192	132
22.0212	131
22.0232	131
22.0252	130
22.0272	130
22.0292	129
22.0322	127
22.0343	126
22.0363	126
22.0383	126
22.0393	130
22.0413	129
22.0433	129
22.0453	129
22.0473	128
22.0493	128
22.0513	128
22.0533	128
22.0553	128
22.0573	128
22.0593	127
22.0613	127
22.0633	127
22.0653	127
22.0673	127
22.0693	127
22.0713	127
22.0733	127
22.0753	127
22.0773	127
22.0793	127
22.0813	127
22.0833	127
22.0853	127
22.0873	126
22.0893	126
22.0913	126
22.0933	126
22.0953	126
22.0973	126
22.0993	126
22.1013	126
22.1033	126
22.1053	127
22.1073	127
22.1094	127
22.1114	127
22.1134	127
22.1154	128
22.1174	128
22.1194	128
22.1214	128
22.1234	128
22.1254	128
22.1274	128
22.1294	128
22.1314	128
22.1334	128
22.1354	128
22.1374	128
22.1394	128
22.1414	128
22.1444	127
22.1464	127
22.1484	127
22.1504	127
22.1524	128
22.1544	128
22.1564	128
22.1584	128
22.1594	130
22.1614	130
22.1634	130
22.1654	130
22.1684	128
22.1704	128
22.1724	128
22.1744	128
22.1764	128
22.1784	128
22.1804	128
22.1824	128
22.1845	128
22.1865	128
22.1885	128
22.1905	128
22.1925	128
22.1945	128
22.1965	128
22.1985	128
22.2005	128
22.2025	128
22.2045	128
22.2065	128
22.2085	128
22.2105	128
22.2125	128
22.2145	128
22.2155	136
22.2175	135
22.2195	134
22.2215	134
22.2235	133
22.2255	133
22.2275	132
22.2295	132
22.2315	132
22.2335	131
22.2355	131
22.2375	131
22.2395	131
22.2415	131
22.2435	130
22.2455	130
22.2475	130
22.2495	130
22.2515	130
22.2535	130
22.2555	130
22.2575	130
22.2596	130
22.2616	130
22.2636	130
22.2656	130
22.2676	130
22.2696	130
22.2726	128
22.2746	128
22.2766	129
22.2786	129
22.2806	129
22.2826	129
22.2846	129
22.2866	129
22.2886	132
22.2906	132
22.2926	131
22.2946	131
22.2966	130
22.2986	130
22.3006	130
22.3026	130
22.3046	130
22.3066	130
22.3086	130
22.3106	130
22.3126	130
22.3146	130
22.3166	130
22.3186	130
22.3206	130
22.3226	130
22.3246	130
22.3266	130
22.3286	130
22.3306	130
22.3326	130
22.3347	130
22.3367	130
22.3387	130
22.3407	130
22.3427	130
22.3447	137
22.3467	136
22.3487	136
22.3507	135
22.3527	134
22.3547	134
22.3567	134
22.3587	133
22.3607	133
22.3627	133
22.3647	132
22.3667	132
22.3687	132
22.3707	132
22.3727	132
22.3747	131
22.3767	131
22.3787	131
22.3807	131
22.3827	131
22.3847	131
22.3867	131
22.3887	131
22.3907	131
22.3927	131
22.3947	131
22.3967	131
22.3987	131
22.4007	131
22.4017	137
22.4037	136
22.4057	135
22.4077	135
22.4098	134
22.4118	134
22.4138	133
22.4158	133
22.4188	131
22.4208	130
22.4228	130
22.4248	130
22.4258	134
22.4278	133
22.4298	133
22.4318	133
22.4338	132
22.4358	132
22.4378	132
22.4398	132
22.4418	132
22.4438	131
22.4458	131
22.4478	131
22.4498	131
22.4518	131
22.4538	131
22.4558	131
22.4578	131
22.4598	131
22.4618	131
22.4638	131
22.4658	131
22.4678	131
22.4698	131
22.4718	131
22.4748	130
22.4768	130
22.4788	130
22.4808	130
22.4828	130
22.4849	130
22.4869	130
22.4889	130
22.4909	130
22.4929	130
22.4949	130
22.4969	130
22.4989	130
22.5009	130
22.5029	130
22.5049	130
22.5069	130
22.5089	130
22.5109	130
22.5129	130
22.5149	130
22.5169	130
22.5189	130
22.5209	130
22.5229	130
22.5249	130
22.5269	130
22.5289	130
22.5309	130
22.5319	138
22.5339	137
22.5359	136
22.5379	136
22.5399	135
22.5419	135
22.5439	134
22.5459	134
22.5479	134
22.5499	130
22.5519	130
22.5539	130
22.5559	131
22.559	134
22.561	133
22.563	133
22.565	133
22.567	133
22.569	133
22.571	133
22.573	133
22.575	133
22.577	133
22.579	133
22.581	133
22.583	133
22.585	133
22.587	133
22.589	133
22.591	133
22.593	133
22.595	133
22.597	133
22.599	133
22.601	133
22.603	133
22.605	133
22.606	137
22.608	137
22.61	136
22.612	136
22.614	136
22.616	135
22.618	135
22.62	135
22.622	135
22.624	135
22.626	134
22.628	134
22.63	134
22.632	134
22.6341	134
22.6361	134
22.6381	134
22.6401	134
22.6421	134
22.6441	134
22.6461	134
22.6481	134
22.6501	134
22.6521	134
22.6541	134
22.6561	134
22.6581	134
22.6601	134
22.6621	134
22.6651	133
22.6671	133
22.6691	133
22.6711	133
22.6731	133
22.6751	133
22.6771	133
22.6791	133
22.6811	133
22.6821	136
22.6841	136
22.6861	136
22.6881	135
22.6911	133
22.6931	133
22.6951	133
22.6971	133
22.6991	133
22.7011	133
22.7031	133
22.7051	133
22.7071	133
22.7092	133
22.7112	133
22.7132	133
22.7152	133
22.7172	133
22.7192	133
22.7212	133
22.7232	133
22.7252	133
22.7272	133
22.7292	132
22.7312	132
22.7332	132
22.7352	132
22.7372	132
22.7382	141
22.7402	140
22.7422	139
22.7442	139
22.7462	138
22.7482	137
22.7502	137
22.7522	137
22.7542	136
22.7562	136
22.7582	136
22.7602	135
22.7622	135
22.7642	135
22.7662	135
22.7682	135
22.7702	134
22.7722	134
22.7742	134
22.7762	134
22.7782	134
22.7802	134
22.7822	134
22.7843	134
22.7863	134
22.7883	134
22.7903	134
22.7923	134
22.7943	134
22.7973	132
22.7993	132
22.8013	132
22.8033	132
22.8053	132
22.8073	132
22.8093	132
22.8113	132
22.8133	132
22.8143	136
22.8163	136
22.8183	135
22.8203	135
22.8233	132
22.8253	132
22.8273	132
22.8293	132
22.8313	132
22.8333	132
22.8353	132
22.8373	132
22.8393	132
22.8413	132
22.8433	132
22.8453	132
22.8473	132
22.8493	132
22.8513	132
22.8533	132
22.8553	132
22.8573	132
22.8594	132
22.8614	132
22.8634	132
22.8654	132
22.8674	132
22.8694	132
22.8714	141
22.8734	140
22.8754	140
22.8774	139
22.8794	138
22.8814	138
22.8834	137
22.8854	137
22.8874	137
22.8894	136
22.8914	136
22.8934	136
22.8954	136
22.8974	136
22.8994	136
22.9014	135
22.9034	135
22.9054	135
22.9074	135
22.9094	135
22.9114	135
22.9134	135
22.9154	135
22.9174	135
22.9194	135
22.9214	135
22.9234	135
22.9254	135
22.9274	135
22.9294	135
22.9304	139
22.9324	139
22.9345	138
22.9365	138
22.9385	137
22.9405	137
22.9425	137
22.9445	136
22.9465	136
22.9495	135
22.9515	135
22.9535	135
22.9555	135
22.9565	137
22.9585	137
22.9605	136
22.9625	136
22.9645	136
22.9665	136
22.9685	136
22.9705	135
22.9725	135
22.9745	135
22.9765	135
22.9785	135
22.9805	135
22.9825	135
22.9845	135
22.9865	135
22.9885	135
22.9905	135
22.9925	135
22.9945	135
22.9965	135
22.9985	135
23.0005	135
23.0025	135
23.0055	134
23.0075	134
23.0096	134
23.0116	134
23.0136	134
23.0156	134
23.0176	134
23.0196	134
23.0216	134
23.0236	134
23.0256	134
23.0276	134
23.0296	134
23.0316	134
23.0336	134
23.0356	134
23.0376	134
23.0396	134
23.0416	134
23.0436	134
23.0456	134
23.0476	134
23.0496	134
23.0516	134
23.0536	134
23.0556	134
23.0576	134
23.0596	134
23.0616	134
23.0636	134
23.0646	142
23.0666	141
23.0686	141
23.0706	140
23.0726	139
23.0746	139
23.0766	138
23.0786	138
23.0806	138
23.0836	134
23.0857	134
23.0877	134
23.0897	134
23.0907	138
23.0927	138
23.0947	138
23.0967	137
23.0987	137
23.1007	137
23.1027	137
23.1047	137
23.1067	137
23.1087	136
23.1107	136
23.1127	136
23.1147	136
23.1167	136
23.1187	136
23.1207	136
23.1227	136
23.1247	136
23.1267	136
23.1287	136
23.1307	136
23.1327	136
23.1347	136
23.1367	136
23.1397	134
23.1417	134
23.1437	134
23.1457	134
23.1477	134
23.1497	134
23.1517	134
23.1537	134
23.1557	134
23.1577	134
23.1597	134
23.1618	134
23.1638	134
23.1658	134
23.1678	134
23.1698	134
23.1718	134
23.1738	134
23.1758	134
23.1778	134
23.1798	134
23.1818	134
23.1838	134
23.1858	134
23.1878	134
23.1898	134
23.1918	134
23.1938	134
23.1958	134
23.1978	134
23.1988	143
23.2008	142
23.2028	141
23.2048	141
23.2068	140
23.2088	139
23.2108	139
23.2128	138
23.2148	138
23.2178	134
23.2198	134
23.2218	134
23.2238	134
23.2248	139
23.2268	138
23.2288	138
23.2308	138
23.2328	137
23.2348	137
23.2369	137
23.2389	137
23.2409	137
23.2429	136
23.2449	136
23.2469	136
23.2489	136
23.2509	136
23.2529	136
23.2549	136
23.2569	136
23.2589	136
23.2609	136
23.2629	136
23.2649	136
23.2669	136
23.2689	136
23.2709	136
23.2739	134
23.2759	134
23.2779	134
23.2799	134
23.2819	134
23.2839	134
23.2859	134
23.2879	134
23.2899	134
23.2919	134
23.2939	134
23.2959	134
23.2979	134
23.2999	134
23.3019	134
23.3039	134
23.3059	134
23.3079	134
23.3099	134
23.312	134
23.314	134
23.316	134
23.318	134
23.32	134
23.322	134
23.333	143
23.335	142
23.337	141
23.339	141
23.341	140
23.343	139
23.345	139
23.347	138
23.349	138
23.352	134
23.354	134
23.356	134
23.358	134
23.359	139
23.361	139
23.363	138
23.365	138
23.367	138
23.369	138
23.371	138
23.373	137
23.375	137
23.377	137
23.379	137
23.381	137
23.383	137
23.385	137
23.3871	137
23.3891	137
23.3911	137
23.3931	137
23.3951	137
23.3971	137
23.3991	137
23.4011	137
23.4031	137
23.4051	137
23.4081	134
23.4101	134
23.4121	134
23.4141	134
23.4161	134
23.4181	134
23.4201	134
23.4221	134
23.4241	134
23.4261	134
23.4281	134
23.4301	134
23.4321	134
23.4341	134
23.4361	134
23.4381	134
23.4401	134
23.4421	134
23.4441	134
23.4461	134
23.4481	134
23.4501	134
23.4521	134
23.4541	134
23.4561	134
23.4581	134
23.4601	134
23.4622	134
23.4642	134
23.4662	134
23.4672	144
23.4692	143
23.4712	142
23.4732	142
23.4752	141
23.4772	140
23.4792	140
23.4812	139
23.4832	139
23.4862	134
23.4882	134
23.4902	134
23.4922	134
23.4932	140
23.4952	139
23.4972	139
23.4992	138
23.5012	138
23.5032	138
23.5052	137
23.5072	137
23.5092	137
23.5112	137
23.5132	137
23.5152	136
23.5172	136
23.5192	136
23.5212	136
23.5232	136
23.5252	136
23.5272	136
23.5292	136
23.5312	136
23.5332	136
23.5352	136
23.5373	136
23.5393	136
23.5423	134
23.5443	134
23.5463	134
23.5483	134
23.5503	134
23.5523	134
23.5543	134
23.5563	134
23.5583	134
23.5603	134
23.5623	134
23.5643	134
23.5663	134
23.5683	134
23.5703	134
23.5723	134
23.5743	134
23.5763	134
23.5783	134
23.5803	134
23.5823	134
23.5843	134
23.5863	134
23.5883	134
23.5903	134
23.5923	134
23.5943	134
23.5963	134
23.5983	134
23.6003	134
23.6013	143
23.6033	142
23.6053	141
23.6073	141
23.6093	140
23.6114	139
23.6134	139
23.6154	139
23.6174	138
23.6204	134
23.6224	134
23.6244	134
23.6264	134
23.6274	139
23.6294	138
23.6314	138
23.6334	138
23.6354	137
23.6374	137
23.6394	137
23.6414	137
23.6434	137
23.6454	136
23.6474	136
23.6494	136
23.6514	136
23.6534	136
23.6554	136
23.6574	136
23.6594	136
23.6614	136
23.6634	136
23.6654	136
23.6674	136
23.6694	136
23.6714	136
23.6734	136
23.6764	134
23.6784	134
23.6804	134
23.6824	134
23.6844	134
23.6865	134
23.6885	134
23.6905	134
23.6925	134
23.6945	134
23.6965	134
23.6985	134
23.7005	134
23.7025	134
23.7045	134
23.7065	134
23.7085	134
23.7105	134
23.7125	134
23.7145	134
23.7165	134
23.7185	134
23.7205	134
23.7225	134
23.7245	134
23.7265	134
23.7285	134
23.7305	134
23.7325	134
23.7345	134
23.7355	143
23.7375	142
23.7395	141
23.7415	141
23.7435	140
23.7455	139
23.7475	139
23.7495	138
23.7515	138
23.7545	134
23.7565	134
23.7585	134
23.7605	134
23.7616	139
23.7636	138
23.7656	138
23.7676	138
23.7696	137
23.7716	137
23.7736	137
23.7756	137
23.7776	137
23.7796	136
23.7816	136
23.7836	136
23.7856	136
23.7876	136
23.7896	136
23.7916	136
23.7936	136
23.7956	136
23.7976	136
23.7996	136
23.8016	136
23.8036	136
23.8056	136
23.8076	136
23.8106	134
23.8126	134
23.8146	134
23.8166	134
23.8186	134
23.8206	134
23.8226	134
23.8246	134
23.8266	134
23.8286	134
23.8306	134
23.8326	134
23.8346	134
23.8367	134
23.8387	134
23.8407	134
23.8427	134
23.8447	134
23.8467	134
23.8487	134
23.8507	134
23.8697	143
23.8717	142
23.8737	141
23.8757	141
23.8777	140
23.8797	139
23.8817	139
23.8837	138
23.8857	138
23.8957	139
23.8977	138
23.8997	138
23.9017	138
23.9037	137
23.9057	137
23.9077	137
23.9097	137
23.9118	137
23.9138	136
23.9158	136
23.9178	136
23.9198	136
23.9218	136
23.9238	136
23.9258	136
23.9278	136
23.9298	136
23.9318	136
23.9338	136
23.9358	136
23.9378	136
23.9398	136
23.9418	136
24.0039	143
24.0059	142
24.0079	141
24.0099	141
24.0119	140
24.0139	139
24.0159	139
24.0179	138
24.0199	138
24.0299	139
24.0319	138
24.0339	138
24.0359	138
24.0379	137
24.0399	137
24.0419	137
24.0439	137
24.0459	137
24.0479	136
24.0499	136
24.0519	136
24.0539	136
24.0559	136
24.0579	136
24.0599	136
24.062	136
24.064	136
24.066	136
24.068	136
24.07	136
24.072	136
24.074	136
24.076	136
24.099	134
24.101	134
24.103	134
24.105	134
24.107	134
24.109	134
24.111	134
24.113	134
24.115	134
24.117	134
24.119	134
24.121	134
24.123	134
24.125	134
24.127	134
24.129	134
24.131	134
24.133	134
24.135	134
24.1371	134
24.1381	143
24.1401	142
24.1421	142
24.1441	141
24.1461	140
24.1481	140
24.1501	140
24.1521	139
24.1541	139
24.1571	134
24.1591	134
24.1611	134
24.1631	134
24.1641	140
24.1661	139
24.1681	139
24.1701	139
24.1721	138
24.1741	138
24.1761	138
24.1781	138
24.1801	138
24.1821	137
24.1841	137
24.1861	137
24.1881	137
24.1901	137
24.1921	137
24.1941	137
24.1961	137
24.1981	137
24.2001	137
24.2021	137
24.2041	137
24.2061	137
24.2081	137
24.2101	137
24.2132	134
24.2152	134
24.2172	134
24.2192	134
24.2212	134
24.2232	134
24.2252	134
24.2272	134
24.2292	134
24.2312	134
24.2332	134
24.2352	134
24.2372	134
24.2392	134
24.2412	134
24.2432	134
24.2452	134
24.2472	134
24.2492	134
24.2512	134
24.2532	134
24.2552	134
24.2572	134
24.2592	134
24.2612	134
24.2632	134
24.2652	134
24.2672	134
24.2692	134
24.2712	134
24.2722	144
24.2742	143
24.2762	142
24.2782	141
24.2802	141
24.2822	140
24.2842	139
24.2862	139
24.2883	138
24.2913	134
24.2933	134
24.2953	134
24.2973	134
24.2983	139
24.3003	139
24.3023	138
24.3043	138
24.3063	138
24.3083	137
24.3103	137
24.3123	137
24.3143	137
24.3163	137
24.3183	136
24.3203	136
24.3223	136
24.3243	136
24.3263	136
24.3283	136
24.3303	136
24.3323	136
24.3343	136
24.3363	136
24.3383	136
24.3403	136
24.3423	136
24.3443	136
24.3473	134
24.3493	134
24.3513	134
24.3533	134
24.3553	134
24.3573	134
24.3593	134
24.3613	134
24.3634	134
24.3654	134
24.3674	134
24.3694	134
24.3714	134
24.3734	134
24.3754	134
24.3774	134
24.3794	134
24.3814	134
24.3834	134
24.3854	134
24.3874	134
24.3894	134
24.3914	134
24.3934	134
24.3954	134
24.3974	134
24.3994	134
24.4014	134
24.4034	134
24.4054	134
24.4064	143
24.4084	142
24.4104	141
24.4124	141
24.4144	140
24.4164	139
24.4184	139
24.4204	139
24.4224	138
24.4254	134
24.4274	134
24.4294	134
24.4314	134
24.4324	139
24.4344	138
24.4364	138
24.4385	138
24.4405	137
24.4425	137
24.4445	137
24.4465	137
24.4485	137
24.4505	136
24.4525	136
24.4545	136
24.4565	136
24.4585	136
24.4605	136
24.4625	136
24.4645	136
24.4665	136
24.4685	136
24.4705	136
24.4725	136
24.4745	136
24.4765	136
24.4785	136
24.4815	134
24.4835	134
24.4855	134
24.4875	134
24.4895	134
24.4915	134
24.4935	134
24.4955	134
24.4975	134
24.4995	134
24.5015	134
24.5035	134
24.5055	134
24.5075	134
24.5095	134
24.5115	134
24.5136	134
24.5156	134
24.5176	134
24.5196	134
24.5216	134
24.5236	134
24.5256	134
24.5276	134
24.5296	134
24.5316	134
24.5336	134
24.5356	134
24.5376	134
24.5396	134
24.5406	143
24.5426	142
24.5446	141
24.5466	141
24.5486	140
24.5506	139
24.5526	139
24.5546	138
24.5566	138
24.5596	134
24.5616	134
24.5636	134
24.5656	134
24.5666	139
24.5686	138
24.5706	138
24.5726	138
24.5746	137
24.5766	137
24.5786	137
24.5806	137
24.5826	137
24.5846	136
24.5866	136
24.5887	136
24.5907	136
24.5927	136
24.5947	136
24.5967	136
24.5987	136
24.6007	136
24.6027	136
24.6047	136
24.6067	136
24.6087	136
24.6107	136
24.6127	136
24.6157	134
24.6748	143
24.6768	142
24.6788	141
24.6808	141
24.6828	140
24.6848	139
24.6868	139
24.6888	138
24.6908	138
24.7008	139
24.7028	138
24.7048	138
24.7068	138
24.7088	137
24.7108	137
24.7128	137
24.7148	137
24.7168	137
24.7188	136
24.7208	136
24.7228	136
24.7248	136
24.7268	136
24.7288	136
24.7308	136
24.7328	136
24.7348	136
24.7368	136
24.7389	136
24.7409	136
24.7429	136
24.7449	136
24.7469	136
24.8089	143
24.8109	142
24.813	141
24.815	141
24.817	140
24.819	139
24.821	139
24.823	138
24.825	138
24.835	139
24.837	138
24.839	138
24.841	138
24.843	137
24.845	137
24.847	137
24.849	137
24.851	137
24.853	137
24.855	137
24.857	137
24.859	137
24.861	137
24.863	137
24.865	137
24.867	137
24.869	137
24.871	137
24.873	137
24.875	137
24.877	137
24.879	137
24.881	137
24.884	134
24.886	134
24.8881	134
24.8901	134
24.8921	134
24.8941	134
24.8961	134
24.8981	134
24.9001	134
24.9021	134
24.9041	134
24.9061	134
24.9081	134
24.9101	134
24.9121	134
24.9141	134
24.9161	134
24.9181	134
24.9201	134
24.9221	134
24.9241	134
24.9261	134
24.9281	134
24.9301	134
24.9321	134
24.9341	134
24.9361	134
24.9381	134
24.9401	134
24.9421	134
24.9431	144
24.9451	143
24.9471	142
24.9491	142
24.9511	141
24.9531	140
24.9551	140
24.9571	139
24.9591	139
24.9621	134
24.9642	134
24.9662	134
24.9682	134
24.9692	140
24.9712	139
24.9732	139
24.9752	139
24.9772	138
24.9792	138
24.9812	138
24.9832	138
24.9852	138
24.9872	137
24.9892	137
24.9912	137
24.9932	137
24.9952	137
24.9972	136
24.9992	136
25.0012	136
25.0032	136
25.0052	136
25.0072	136
25.0092	136
25.0112	136
25.0132	136
25.0152	136
25.0182	134
25.0202	134
25.0222	134
25.0242	134
25.0262	134
25.0282	134
25.0302	134
25.0322	134
25.0342	134
25.0362	134
25.0383	134
25.0403	134
25.0423	134
25.0443	134
25.0463	134
25.0483	134
25.0503	134
25.0523	134
25.0543	134
25.0563	134
25.0583	134
25.0603	134
25.0623	134
25.0643	134
25.0663	134
25.0683	134
25.0703	134
25.0723	134
25.0743	134
25.0763	134
25.0773	143
25.0793	142
25.0813	141
25.0833	141
25.0853	140
25.0873	139
25.0893	139
25.0913	139
25.0933	138
25.0963	134
25.0983	134
25.1003	134
25.1023	134
25.1033	139
25.1053	138
25.1073	138
25.1093	138
25.1113	137
25.1134	137
25.1154	137
25.1174	137
25.1194	137
25.1214	137
25.1234	136
25.1254	136
25.1274	136
25.1294	136
25.1314	136
25.1334	136
25.1354	136
25.1374	136
25.1394	136
25.1414	136
25.1434	136
25.1454	136
25.1474	136
25.1494	136
25.1524	134
25.1544	134
25.1564	134
25.1584	134
25.1604	134
25.1624	134
25.1644	134
25.1664	134
25.1684	134
25.1704	134
25.1724	134
25.1744	134
25.1764	134
25.1784	134
25.1804	134
25.1824	134
25.1844	134
25.1864	134
25.1885	134
25.1905	134
25.1925	134
25.1945	134
25.1965	134
25.1985	134
25.2005	134
25.2025	134
25.2045	134
25.2065	134
25.2085	134
25.2105	134
25.2115	143
25.2135	142
25.2155	141
25.2175	141
25.2195	140
25.2215	139
25.2235	139
25.2255	138
25.2275	138
25.2305	134
25.2325	134
25.2345	134
25.2365	134
25.2375	139
25.2395	138
25.2415	138
25.2435	138
25.2455	137
25.2475	137
25.2495	137
25.2515	137
25.2535	137
25.2555	136
25.2575	136
25.2595	136
25.2615	136
25.2636	136
25.2656	136
25.2676	136
25.2696	136
25.2716	136
25.2736	136
25.2756	136
25.2776	136
25.2796	136
25.2816	136
25.2836	136
25.2866	134
25.2886	134
25.2906	134
25.2926	134
25.2946	134
25.2966	134
25.2986	134
25.3006	134
25.3026	134
25.3046	134
25.3066	134
25.3086	134
25.3106	134
25.3126	134
25.3146	134
25.3166	134
25.3186	134
25.3206	134
25.3226	134
25.3246	134
25.3266	134
25.3286	134
25.3306	134
25.3326	134
25.3346	134
25.3457	143
25.3477	142
25.3497	141
25.3517	141
25.3537	140
25.3557	139
25.3577	139
25.3597	138
25.3617	138
25.3717	139
25.3737	138
25.3757	138
25.3777	138
25.3797	137
25.3817	137
25.3837	137
25.3857	137
25.3877	137
25.3897	136
25.3917	136
25.3937	136
25.3957	136
25.3977	136
25.3997	136
25.4017	136
25.4037	136
25.4057	136
25.4077	136
25.4097	136
25.4117	136
25.4138	136
25.4158	136
25.4178	136
25.4798	143
25.4818	142
25.4838	141
25.4858	141
25.4878	140
25.4899	139
25.4919	139
25.4939	138
25.4959	138
25.5059	139
25.5079	138
25.5099	138
25.5119	138
25.5139	137
25.5159	137
25.5179	137
25.5199	137
25.5219	137
25.5239	136
25.5259	136
25.5279	136
25.5299	136
25.5319	136
25.5339	136
25.5359	136
25.5379	136
25.5399	136
25.5419	136
25.5439	136
25.5459	136
25.5479	136
25.5499	136
25.5519	136
25.603	134
25.605	134
25.607	134
25.609	134
25.611	134
25.613	134
25.614	143
25.616	142
25.618	142
25.62	141
25.622	140
25.624	140
25.626	140
25.628	139
25.63	139
25.632	139
25.634	134
25.636	135
25.638	135
25.6401	135
25.6431	138
25.6451	138
25.6471	138
25.6491	138
25.6511	138
25.6531	138
25.6551	138
25.6571	138
25.6591	138
25.6611	138
25.6631	138
25.6651	138
25.6671	138
25.6691	138
25.6711	138
25.6731	138
25.6751	138
25.6771	138
25.6791	138
25.6811	138
25.6831	138
25.6851	138
25.6871	138
25.6891	138
25.6901	142
25.6921	141
25.6941	141
25.6961	140
25.6981	140
25.7001	140
25.7021	139
25.7041	139
25.7061	139
25.7081	139
25.7101	139
25.7121	138
25.7142	138
25.7162	138
25.7182	138
25.7202	138
25.7222	138
25.7242	138
25.7262	138
25.7282	138
25.7302	138
25.7322	138
25.7342	138
25.7362	138
25.7382	138
25.7402	138
25.7422	137
25.7442	137
25.7462	137
25.7482	137
25.7512	137
25.7532	137
25.7552	137
25.7572	137
25.7592	137
25.7612	137
25.7632	137
25.7652	137
25.7672	137
25.7692	137
25.7702	140
25.7722	139
25.7742	139
25.7762	139
25.7792	137
25.7812	136
25.7832	136
25.7852	136
25.7872	136
25.7893	136
25.7913	136
25.7933	136
25.7953	136
25.7973	136
25.7993	136
25.8013	136
25.8033	136
25.8053	136
25.8073	136
25.8093	136
25.8113	136
25.8133	136
25.8153	136
25.8173	136
25.8193	136
25.8213	136
25.8233	136
25.8253	136
25.8263	145
25.8283	144
25.8303	143
25.8323	142
25.8343	142
25.8363	141
25.8383	141
25.8403	140
25.8423	140
25.8443	140
25.8463	139
25.8483	139
25.8503	139
25.8523	139
25.8543	139
25.8563	138
25.8583	138
25.8603	138
25.8623	138
25.8644	138
25.8664	138
25.8684	138
25.8704	138
25.8724	138
25.8744	138
25.8764	138
25.8784	138
25.8804	138
25.8824	138
25.8844	138
25.8874	136
25.8894	136
25.8914	136
25.8934	136
25.8954	136
25.8974	136
25.8994	136
25.9014	136
25.9034	136
25.9054	136
25.9064	140
25.9084	140
25.9104	140
25.9124	139
25.9154	136
25.9174	136
25.9194	136
25.9214	136
25.9234	136
25.9254	136
25.9274	136
25.9294	136
25.9314	136
25.9334	136
25.9354	136
25.9374	136
25.9395	136
25.9415	136
25.9435	136
25.9455	136
25.9475	136
25.9495	137
25.9515	137
25.9535	137
25.9555	137
25.9575	137
25.9595	137
25.9615	137
25.9635	145
25.9655	144
25.9675	144
25.9695	143
25.9715	142
25.9735	142
25.9755	141
25.9775	141
25.9795	141
25.9815	141
25.9835	140
25.9855	140
25.9875	140
25.9895	140
25.9915	140
25.9935	139
25.9955	139
25.9975	139
25.9995	139
26.0015	139
26.0035	139
26.0055	139
26.0075	139
26.0095	139
26.0115	139
26.0135	139
26.0156	139
26.0176	139
26.0196	139
26.0216	139
26.0236	139
26.0246	145
26.0266	144
26.0286	143
26.0306	143
26.0326	142
26.0346	142
26.0366	141
26.0386	141
26.0406	141
26.0426	140
26.0456	139
26.0476	139
26.0496	139
26.0516	139
26.0526	141
26.0546	141
26.0566	141
26.0586	140
26.0606	140
26.0626	140
26.0646	140
26.0666	140
26.0686	139
26.0706	139
26.0726	139
26.0746	139
26.0766	139
26.0786	139
26.0806	139
26.0826	139
26.0846	139
26.0866	139
26.0886	139
26.0907	139
26.0927	139
26.0947	139
26.0967	139
26.0987	139
26.1017	138
26.1037	138
26.1057	138
26.1077	138
26.1097	138
26.1117	138
26.1137	138
26.1157	138
26.1177	138
26.1197	138
26.1217	138
26.1237	138
26.1257	138
26.1277	138
26.1297	138
26.1317	138
26.1337	138
26.1357	138
26.1377	138
26.1397	138
26.1417	138
26.1437	138
26.1457	138
26.1477	138
26.1497	138
26.1517	138
26.1537	138
26.1557	138
26.1577	138
26.1597	138
26.1617	138
26.1627	146
26.1648	146
26.1668	145
26.1688	144
26.1708	144
26.1728	143
26.1748	143
26.1768	142
26.1788	142
26.1808	142
26.1838	138
26.1858	138
26.1878	138
26.1898	138
26.1908	142
26.1928	142
26.1948	142
26.1968	141
26.1988	141
26.2008	141
26.2028	141
26.2048	141
26.2068	140
26.2088	140
26.2108	140
26.2128	140
26.2148	140
26.2168	140
26.2188	140
26.2208	140
26.2228	140
26.2248	140
26.2268	140
26.2288	140
26.2308	140
26.2328	140
26.2348	140
26.2368	140
26.2388	140
26.2409	138
26.2429	138
26.2449	138
26.2469	139
26.2489	139
26.2509	139
26.2529	139
26.2549	139
26.2569	140
26.2589	140
26.2609	140
26.2629	140
26.2649	140
26.2669	140
26.2689	140
26.2709	140
26.2729	140
26.2749	140
26.2769	140
26.2789	140
26.2809	140
26.2829	140
26.2849	140
26.2869	140
26.2889	140
26.2909	140
26.2929	140
26.2949	140
26.2969	140
26.2989	140
26.3009	140
26.3039	140
26.3059	140
26.3079	140
26.3099	140
26.3119	140
26.3139	140
26.316	140
26.318	140
26.32	140
26.322	140
26.323	143
26.325	143
26.327	142
26.329	142
26.332	140
26.334	140
26.336	140
26.338	140
26.34	140
26.342	140
26.344	140
26.346	140
26.348	140
26.35	140
26.352	140
26.354	141
26.356	141
26.358	141
26.36	141
26.362	141
26.364	141
26.366	141
26.368	141
26.37	141
26.372	141
26.374	141
26.376	141
26.378	141
26.38	141
26.381	148
26.383	148
26.385	147
26.387	146
26.389	146
26.3911	145
26.3931	145
26.3951	145
26.3971	144
26.3991	144
26.4011	144
26.4031	144
26.4051	144
26.4071	144
26.4091	143
26.4111	143
26.4131	143
26.4151	143
26.4171	143
26.4191	143
26.4211	143
26.4231	143
26.4251	143
26.4271	143
26.4291	143
26.4311	143
26.4331	143
26.4351	143
26.4371	143
26.4391	143
26.4411	143
26.4431	143
26.4451	141
26.4471	142
26.4491	142
26.4511	142
26.4531	142
26.4551	142
26.4571	143
26.4591	143
26.4611	143
26.4631	143
26.4662	143
26.4682	143
26.4702	143
26.4722	143
26.4732	144
26.4752	144
26.4772	144
26.4792	144
26.4812	144
26.4832	144
26.4852	144
26.4872	144
26.4892	144
26.4912	144
26.4932	144
26.4952	144
26.4972	143
26.4992	143
26.5012	143
26.5032	143
26.5052	143
26.5072	143
26.5092	143
26.5112	143
26.5132	143
26.5152	143
26.5172	143
26.5192	143
26.5212	143
26.5242	143
26.5262	143
26.5282	143
26.5302	143
26.5322	143
26.5342	143
26.5362	143
26.5382	143
26.5403	143
26.5423	143
26.5443	143
26.5463	143
26.5483	143
26.5503	143
26.5523	143
26.5543	143
26.5563	143
26.5583	143
26.5603	143
26.5623	143
26.5643	143
26.5663	143
26.5683	143
26.5703	143
26.5723	143
26.5743	143
26.5763	143
26.5783	143
26.5803	143
26.5823	143
26.5843	143
26.5863	143
26.5873	151
26.5893	150
26.5913	149
26.5933	148
26.5953	148
26.5973	147
26.5993	147
26.6013	146
26.6033	146
26.6053	146
26.6073	145
26.6093	143
26.6113	143
26.6133	143
26.6154	143
26.6184	145
26.6204	145
26.6224	145
26.6244	145
26.6264	145
26.6284	145
26.6304	145
26.6324	145
26.6344	145
26.6364	145
26.6384	145
26.6404	145
26.6424	145
26.6444	145
26.6464	145
26.6484	145
26.6504	145
26.6524	145
26.6544	145
26.6564	145
26.6584	145
26.6604	145
26.6624	145
26.6644	145
26.6664	145
26.6674	150
26.6694	149
26.6714	148
26.6734	148
26.6754	147
26.6774	147
26.6794	147
26.6814	146
26.6834	146
26.6854	146
26.6874	146
26.6894	146
26.6915	146
26.6935	145
26.6955	145
26.6975	145
26.6995	145
26.7015	145
26.7035	145
26.7055	145
26.7075	145
26.7095	145
26.7115	145
26.7135	145
26.7155	145
26.7175	145
26.7195	145
26.7215	145
26.7235	145
26.7255	145
26.7275	145
26.7295	145
26.7325	145
26.7345	145
26.7365	145
26.7385	145
26.7405	145
26.7425	145
26.7445	146
26.7465	146
26.7485	146
26.7505	146
26.7525	146
26.7535	147
26.7565	147
26.7585	147
26.7605	147
26.7625	147
26.7645	147
26.7656	147
26.7676	147
26.7696	147
26.7716	147
26.7736	147
26.7756	147
26.7776	147
26.7796	147
26.7816	147
26.7836	147
26.7856	147
26.7876	147
26.7896	147
26.7916	147
26.7936	147
26.7956	147
26.7976	147
26.7996	147
26.8016	147
26.8036	147
26.8056	147
26.8076	147
26.8096	147
26.8126	147
26.8136	147
26.8166	147
26.8186	147
26.8206	147
26.8226	147
26.8246	147
26.8266	147
26.8286	147
26.8306	147
26.8326	147
26.8346	147
26.8366	147
26.8386	147
26.8407	147
26.8427	147
26.8447	147
26.8467	147
26.8487	147
26.8507	147
26.8527	147
26.8547	147
26.8567	147
26.8587	147
26.8607	147
26.8627	147
26.8647	147
26.8667	147
26.8687	147
26.8707	147
26.8727	147
26.8747	147
26.8767	155
26.8787	147
26.8797	154
26.8827	153
26.8847	152
26.8867	152
26.8887	151
26.8907	151
26.8927	150
26.8947	150
26.8967	150
26.8977	150
26.9007	149
26.9017	150
26.9047	149
26.9057	150
26.9087	149
26.9097	150
26.9127	149
26.9137	149
26.9168	149
26.9188	149
26.9208	149
26.9228	149
26.9248	149
26.9268	149
26.9288	149
26.9308	149
26.9328	149
26.9348	149
26.9368	149
26.9388	149
26.9408	149
26.9428	149
26.9448	149
26.9468	149
26.9488	149
26.9508	149
26.9528	149
26.9548	149
26.9568	155
26.9588	149
26.9608	154
26.9628	150
26.9638	153
26.9668	151
26.9678	152
26.9708	152
26.9728	152
26.9748	151
26.9768	151
26.9788	151
26.9808	151
26.9828	151
26.9848	150
26.9868	150
26.9888	150
26.9909	150
26.9929	150
26.9949	150
26.9969	150
26.9989	150
27.0009	150
27.0029	150
27.0049	150
27.0069	150
27.0089	150
27.0109	150
27.0129	150
27.0149	150
27.0169	150
27.0189	150
27.0209	158
27.0229	150
27.0239	156
27.0269	150
27.0279	155
27.0309	151
27.0319	154
27.0349	152
27.0359	154
27.0379	153
27.0399	153
27.0429	151
27.0439	153
27.0469	150
27.0479	153
27.0509	149
27.0519	154
27.0549	149
27.0559	154
27.0589	149
27.0599	155
27.0619	155
27.0639	155
27.0659	154
27.068	154
27.07	153
27.072	153
27.074	153
27.076	152
27.078	152
27.08	152
27.082	152
27.084	152
27.086	151
27.088	151
27.09	151
27.092	151
27.094	151
27.096	151
27.098	151
27.1	151
27.102	148
27.105	151
27.106	148
27.109	152
27.11	148
27.113	153
27.114	149
27.117	154
27.118	149
27.121	154
27.122	149
27.125	155
27.126	150
27.128	150
27.13	151
27.132	151
27.134	151
27.136	152
27.138	152
27.14	152
27.1421	152
27.1441	152
27.1461	153
27.1481	153
27.1501	153
27.1521	153
27.1541	153
27.1561	153
27.1581	153
27.1601	153
27.1621	153
27.1641	153
27.1661	154
27.1691	154
27.1701	153
27.1731	154
27.1741	153
27.1771	155
27.1781	152
27.1811	156
27.1821	152
27.1851	157
27.1861	152
27.1891	157
27.1901	152
27.1931	158
27.1941	152
27.1971	159
27.1981	153
27.2011	159
27.2021	153
27.2051	159
27.2061	153
27.2091	159
27.2101	153
27.2131	159
27.2141	153
27.2172	159
27.2182	154
27.2202	154
27.2222	154
27.2242	155
27.2262	155
27.2282	155
27.2302	155
27.2322	155
27.2342	156
27.2362	156
27.2382	156
27.2402	156
27.2422	156
27.2442	156
27.2472	157
27.2482	156
27.2512	155
27.2522	157
27.2542	157
27.2562	154
27.2592	158
27.2602	153
27.2632	159
27.2642	152
27.2672	160
27.2682	151
27.2712	161
27.2722	151
27.2752	161
27.2762	150
27.2792	162
27.2802	150
27.2832	162
27.2842	150
27.2872	163
27.2882	151
27.2912	151
27.2933	152
27.2953	152
27.2973	152
27.2993	153
27.3013	153
27.3033	153
27.3053	153
27.3073	154
27.3093	154
27.3133	155
27.3173	155
27.3213	156
27.3253	157
27.3293	158
27.3333	160
27.3373	161
27.3413	162
27.3463	162
27.3503	163
27.3543	164
27.3583	164
27.3623	165
27.3663	165
27.3704	166
27.3744	166
27.3784	166
27.4715	161
27.4755	159
27.4825	158
27.4858	156
27.5369	163
27.5419	159
27.5453	156
27.5864	152
27.5884	149
27.5904	146
27.5924	144
27.5944	142
27.5964	141
27.5984	140
27.6004	140
27.6024	139
27.6044	140
27.6064	140
27.6084	141
27.6104	141
27.6124	142
27.6144	143
27.6164	144
27.6184	146
27.6204	147
27.6224	148
27.6244	150
27.6264	152
27.6284	153
27.6304	155
27.6324	157
27.6344	158
27.6364	159
27.6384	160
27.6404	161
27.6445	161
27.6775	155
27.6795	154
27.6815	153
27.6835	153
27.6855	153
27.6875	154
27.6895	154
27.6915	155
27.6935	156
27.6955	157
27.6975	158
27.6995	160
27.7015	161
27.7035	162
27.7055	164
27.7075	165
27.7095	167
27.7115	169
27.7135	170
27.7155	172
27.7175	174
27.7196	176
27.7216	178
27.7236	180
27.7256	181
27.7276	183
27.7296	184
27.7306	171
27.7336	168
27.7346	185
27.7376	166
27.7386	187
27.7416	164
27.7436	162
27.7456	161
27.7476	160
27.7496	159
27.7516	158
27.7536	157
27.7556	157
27.7576	156
27.7596	156
27.7616	155
27.7636	155
27.7656	155
27.7676	154
27.7696	154
27.7716	154
27.7736	154
27.7756	154
27.7776	153
27.7796	153
27.7816	153
27.7836	153
27.7856	153
27.7876	153
27.7896	153
27.7916	153
27.7937	153
27.7957	194
27.7977	185
27.7997	177
27.8017	170
27.8037	164
27.8057	159
27.8077	154
27.8097	150
27.8117	146
27.8137	143
27.8157	141
27.8177	138
27.8197	136
27.8217	134
27.8237	133
27.8257	131
27.8277	130
27.8297	129
27.8317	128
27.8337	127
27.8357	127
27.8377	126
27.8397	125
27.8417	125
27.8437	124
27.8457	124
27.8477	124
27.8497	123
27.8517	123
27.8527	160
27.8547	155
27.8567	151
27.8597	123
27.8607	148
27.8637	124
27.8647	145
27.8667	143
27.8688	140
27.8708	138
27.8728	137
27.8748	135
27.8768	134
27.8788	133
27.8808	132
27.8828	131
27.8848	130
27.8868	129
27.8888	129
27.8908	128
27.8928	128
27.8948	127
27.8968	127
27.8988	127
27.9008	126
27.9028	126
27.9048	126
27.9068	126
27.9088	126
27.9108	125
27.9128	125
27.9148	125
27.9168	125
27.9188	125
27.9208	124
27.9228	124
27.9248	124
27.9268	125
27.9288	125
27.9308	125
27.9328	125
27.9348	125
27.9368	126
27.9388	126
27.9408	126
27.9428	126
27.9449	126
27.9469	126
27.9489	126
27.9509	126
27.9529	126
27.9549	126
27.9569	126
27.9589	126
27.9609	126
27.9629	126
27.9649	126
27.9669	126
27.9689	126
27.9709	126
27.9729	126
27.9749	126
27.9769	126
27.9789	126
27.9809	125
27.9829	126
27.9849	126
27.9879	127
27.9889	127
27.9919	127
27.9929	127
27.9949	127
27.9969	128
27.9989	128
28.0009	128
28.0029	128
28.0049	128
28.0069	129
28.0089	129
28.0109	129
28.0129	129
28.0149	129
28.0169	129
28.019	129
28.021	129
28.023	129
28.025	129
28.027	129
28.029	129
28.031	129
28.033	129
28.035	129
28.037	129
28.039	129
28.041	129
28.043	129
28.045	129
28.047	129
28.05	127
28.052	127
28.054	128
28.056	128
28.058	129
28.06	129
28.062	129
28.064	130
28.066	130
28.068	130
28.07	130
28.072	130
28.074	131
28.076	131
28.078	131
28.08	131
28.082	131
28.084	131
28.086	131
28.088	131
28.09	131
28.092	131
28.0941	131
28.0961	131
28.0981	131
28.1001	131
28.1021	131
28.1041	131
28.1061	131
28.1081	131
28.1101	131
28.1111	137
28.1131	137
28.1151	136
28.1171	136
28.1191	131
28.1211	135
28.1231	131
28.1251	135
28.1271	135
28.1291	134
28.1311	134
28.1331	134
28.1351	134
28.1371	134
28.1391	133
28.1411	134
28.1431	134
28.1451	134
28.1471	134
28.1491	134
28.1511	134
28.1531	134
28.1551	134
28.1571	134
28.1591	134
28.1611	134
28.1631	134
28.1651	134
28.1671	134
28.1692	134
28.1712	134
28.1732	134
28.1752	134
28.1772	134
28.1792	134
28.1822	132
28.1842	132
28.1862	132
28.1882	132
28.1902	132
28.1922	133
28.1942	133
28.1962	133
28.1982	133
28.2002	133
28.2022	133
28.2042	133
28.2062	133
28.2082	133
28.2102	133
28.2122	133
28.2142	133
28.2162	133
28.2182	133
28.2202	133
28.2222	133
28.2242	133
28.2262	133
28.2282	133
28.2302	133
28.2322	133
28.2342	133
28.2362	133
28.2382	133
28.2402	133
28.2422	133
28.2443	142
28.2463	141
28.2483	140
28.2503	140
28.2523	139
28.2533	135
28.2563	139
28.2573	135
28.2603	138
28.2623	138
28.2643	137
28.2663	137
28.2683	137
28.2703	136
28.2723	136
28.2743	136
28.2763	136
28.2783	136
28.2803	135
28.2823	135
28.2843	135
28.2863	135
28.2883	135
28.2903	135
28.2923	135
28.2943	135
28.2963	135
28.2983	135
28.3003	135
28.3023	135
28.3043	135
28.3063	135
28.3083	135
28.3103	135
28.3123	135
28.3143	136
28.3163	142
28.3183	141
28.3204	141
28.3224	140
28.3244	139
28.3264	139
28.3284	138
28.3304	138
28.3324	138
28.3344	138
28.3364	137
28.3384	137
28.3404	137
28.3424	137
28.3444	137
28.3464	137
28.3484	137
28.3504	137
28.3524	137
28.3544	137
28.3564	137
28.3584	137
28.3604	137
28.3624	137
28.3644	137
28.3664	137
28.3684	137
28.3704	137
28.3724	137
28.3744	137
28.3764	137
28.3784	137
28.3804	144
28.3824	143
28.3844	142
28.3864	142
28.3884	141
28.3904	139
28.3924	141
28.3945	139
28.3965	141
28.3985	140
28.4005	140
28.4025	140
28.4045	139
28.4065	139
28.4085	139
28.4105	139
28.4125	139
28.4145	138
28.4165	138
28.4185	138
28.4205	138
28.4225	138
28.4245	138
28.4265	138
28.4285	138
28.4305	138
28.4325	138
28.4345	138
28.4365	138
28.4385	138
28.4405	138
28.4425	138
28.4445	138
28.4465	138
28.4485	138
28.4505	138
28.4525	138
28.4535	146
28.4555	145
28.4575	144
28.4595	144
28.4615	143
28.4635	142
28.4655	142
28.4675	141
28.4696	141
28.4716	141
28.4736	140
28.4756	140
28.4776	140
28.4796	140
28.4816	140
28.4836	140
28.4856	139
28.4876	139
28.4896	139
28.4916	139
28.4936	139
28.4956	139
28.4976	139
28.4996	139
28.5016	139
28.5036	139
28.5056	139
28.5076	139
28.5096	139
28.5116	139
28.5136	139
28.5156	139
28.5176	139
28.5196	138
28.5216	138
28.5236	138
28.5256	139
28.5276	139
28.5306	139
28.5326	139
28.5346	139
28.5366	140
28.5386	140
28.5406	140
28.5426	140
28.5447	141
28.5467	141
28.5487	141
28.5507	141
28.5527	141
28.5547	141
28.5567	141
28.5587	141
28.5607	141
28.5627	141
28.5647	141
28.5667	141
28.5687	141
28.5707	141
28.5727	141
28.5747	141
28.5767	141
28.5787	141
28.5807	141
28.5827	141
28.5847	141
28.5867	141
28.5887	141
28.5907	141
28.5927	141
28.5947	147
28.5967	146
28.5987	146
28.6007	145
28.6027	145
28.6047	145
28.6067	144
28.6087	144
28.6107	144
28.6127	144
28.6147	144
28.6167	143
28.6187	143
28.6208	143
28.6228	143
28.6248	143
28.6268	143
28.6288	143
28.6308	143
28.6328	143
28.6348	143
28.6368	143
28.6388	143
28.6408	143
28.6428	143
28.6448	143
28.6468	143
28.6488	143
28.6508	143
28.6528	143
28.6548	143
28.6568	143
28.6588	143
28.6608	143
28.6618	150
28.6638	149
28.6658	148
28.6678	148
28.6698	147
28.6718	147
28.6738	143
28.6758	146
28.6778	143
28.6798	146
28.6818	145
28.6838	145
28.6858	145
28.6878	144
28.6898	144
28.6918	144
28.6938	144
28.6959	144
28.6979	143
28.6999	143
28.7019	143
28.7039	143
28.7059	143
28.7079	143
28.7099	143
28.7119	144
28.7139	144
28.7159	144
28.7179	144
28.7199	144
28.7219	144
28.7239	144
28.7259	144
28.7279	144
28.7299	144
28.7319	144
28.7339	144
28.7359	144
28.7389	143
28.7409	143
28.7429	143
28.7449	144
28.7469	144
28.7489	144
28.7509	144
28.7529	144
28.7549	145
28.7569	145
28.7589	145
28.7609	145
28.7629	145
28.7649	145
28.7669	145
28.7689	145
28.771	145
28.773	145
28.775	145
28.777	145
28.779	145
28.781	145
28.783	145
28.785	145
28.787	145
28.789	145
28.791	145
28.793	145
28.795	145
28.797	145
28.799	145
28.801	145
28.803	145
28.805	145
28.806	153
28.809	152
28.811	152
28.813	151
28.815	151
28.817	150
28.818	147
28.821	150
28.822	147
28.825	150
28.827	150
28.829	149
28.831	149
28.833	149
28.835	149
28.837	149
28.839	149
28.841	148
28.843	148
28.8451	148
28.8471	148
28.8491	148
28.8511	148
28.8531	148
28.8551	148
28.8571	148
28.8591	148
28.8611	148
28.8631	148
28.8651	148
28.8671	148
28.8691	148
28.8711	148
28.8731	148
28.8751	148
28.8771	148
28.8791	148
28.8811	148
28.8831	154
28.8851	148
28.8861	154
28.8881	153
28.8901	152
28.8921	152
28.8941	151
28.8961	151
28.8981	150
28.9001	150
28.9021	150
28.9041	149
28.9061	149
28.9081	149
28.9101	149
28.9121	149
28.9141	148
28.9161	148
28.9181	148
28.9202	148
28.9222	148
28.9242	148
28.9262	148
28.9282	148
28.9302	148
28.9322	148
28.9342	148
28.9362	148
28.9382	148
28.9402	148
28.9422	148
28.9442	148
28.9462	148
28.9482	148
28.9512	148
28.9522	148
28.9552	147
28.9562	149
28.9592	147
28.9612	148
28.9622	150
28.9652	148
28.9662	149
28.9692	149
28.9712	149
28.9732	150
28.9752	150
28.9772	150
28.9792	150
28.9812	150
28.9832	150
28.9852	150
28.9872	150
28.9892	150
28.9912	150
28.9932	150
28.9953	150
28.9973	150
28.9993	150
29.0013	150
29.0033	150
29.0053	150
29.0073	150
29.0093	150
29.0113	150
29.0133	150
29.0153	150
29.0173	150
29.0193	150
29.0213	150
29.0233	150
29.0253	150
29.0273	156
29.0293	150
29.0303	155
29.0333	150
29.0343	154
29.0373	151
29.0383	154
29.0413	153
29.0433	153
29.0453	153
29.0473	152
29.0493	152
29.0513	152
29.0533	152
29.0553	152
29.0573	151
29.0593	151
29.0613	151
29.0633	151
29.0653	151
29.0673	151
29.0693	151
29.0714	151
29.0734	151
29.0754	151
29.0774	151
29.0794	151
29.0814	151
29.0834	151
29.0854	151
29.0874	151
29.0894	151
29.0914	151
29.0934	151
29.0954	158
29.0974	151
29.0994	157
29.1014	151
29.1034	156
29.1054	152
29.1064	155
29.1094	153
29.1104	154
29.1134	153
29.1144	153
29.1174	153
29.1184	153
29.1214	153
29.1224	152
29.1244	152
29.1264	152
29.1284	152
29.1304	152
29.1324	151
29.1344	151
29.1364	151
29.1384	151
29.1404	151
29.1424	151
29.1444	151
29.1465	151
29.1485	151
29.1505	151
29.1525	151
29.1545	151
29.1565	151
29.1585	151
29.1605	151
29.1625	151
29.1645	151
29.1665	151
29.1685	151
29.1705	151
29.1725	152
29.1755	151
29.1765	151
29.1795	152
29.1805	151
29.1835	152
29.1845	150
29.1875	153
29.1885	150
29.1915	153
29.1925	149
29.1955	154
29.1965	150
29.1985	150
29.2005	150
29.2025	150
29.2045	150
29.2065	150
29.2085	150
29.2105	150
29.2125	150
29.2145	150
29.2165	150
29.2185	150
29.2206	150
29.2226	150
29.2246	150
29.2266	150
29.2286	150
29.2306	151
29.2326	151
29.2346	151
29.2366	151
29.2386	151
29.2406	153
29.2426	152
29.2446	152
29.2466	152
29.2486	151
29.2516	153
29.2526	150
29.2556	154
29.2566	150
29.2596	155
29.2606	149
29.2636	156
29.2646	149
29.2676	157
29.2686	148
29.2716	157
29.2726	148
29.2756	158
29.2766	149
29.2796	158
29.2806	149
29.2836	150
29.2856	151
29.2876	151
29.2896	151
29.2916	152
29.2936	152
29.2957	152
29.2977	153
29.2997	153
29.3017	153
29.3037	153
29.3057	153
29.3077	154
29.3097	154
29.3117	154
29.3137	154
29.3157	154
29.3167	163
29.3197	154
29.3207	161
29.3237	155
29.3247	159
29.3277	156
29.3287	158
29.3317	156
29.3327	156
29.3357	157
29.3367	155
29.3397	158
29.3407	154
29.3437	153
29.3447	159
29.3477	153
29.3487	160
29.3517	152
29.3527	160
29.3557	152
29.3567	161
29.3597	153
29.3617	153
29.3637	153
29.3657	153
29.3677	153
29.3697	154
29.3718	154
29.3738	154
29.3758	154
29.3778	154
29.3798	154
29.3818	154
29.3838	154
29.3848	164
29.3878	154
29.3888	162
29.3918	155
29.3928	160
29.3958	156
29.3968	159
29.3998	156
29.4008	157
29.4038	157
29.4048	156
29.4078	158
29.4088	155
29.4118	159
29.4128	154
29.4158	160
29.4168	153
29.4198	160
29.4208	153
29.4238	161
29.4248	152
29.4278	151
29.4288	161
29.4318	151
29.4328	161
29.4358	151
29.4368	162
29.4398	151
29.4408	162
29.4438	151
29.4448	162
29.4469	151
29.4489	152
29.4509	152
29.4529	152
29.4549	153
29.4569	153
29.4589	153
29.4619	160
29.4629	154
29.4649	154
29.4669	158
29.4699	155
29.4709	157
29.4739	155
29.4749	155
29.4779	156
29.4789	154
29.4819	158
29.4829	153
29.4859	159
29.4869	152
29.4899	159
29.4909	151
29.4939	160
29.4949	151
29.4979	161
29.4989	150
29.5019	161
29.5029	150
29.5059	162
29.5069	149
29.5099	162
29.5109	149
29.5139	163
29.5149	149
29.5179	163
29.5189	150
29.522	163
29.523	150
29.525	151
29.527	151
29.53	161
29.531	152
29.534	159
29.535	153
29.538	157
29.539	154
29.542	155
29.543	155
29.546	154
29.547	156
29.55	153
29.551	157
29.554	152
29.555	159
29.558	151
29.559	160
29.562	150
29.563	161
29.566	150
29.567	161
29.57	149
29.571	162
29.574	149
29.575	163
29.578	148
29.579	163
29.582	148
29.583	164
29.586	148
29.587	164
29.59	148
29.591	165
29.594	148
29.595	165
29.5981	148
29.5991	165
29.6021	148
29.6031	165
29.6061	149
29.6071	166
29.6101	150
29.6111	166
29.6141	151
29.6181	152
29.6221	153
29.6261	154
29.6301	155
29.6341	155
29.6381	156
29.6421	157
29.6461	157
29.6501	158
29.6541	158
29.6581	158
29.6621	159
29.6661	159
29.6701	159
29.6742	159
29.6782	159
29.6822	159
29.6862	159
29.6902	159
29.6942	159
29.6982	158
29.8892	160
29.8912	155
29.8932	151
29.8952	148
29.8972	146
29.8992	144
29.9012	142
29.9032	141
29.9052	140
29.9092	140
29.9112	139
29.9132	138
29.9152	137
29.9462	152
29.9482	147
29.9502	143
29.9522	139
29.9542	136
29.9562	134
29.9582	132
29.9602	131
29.9622	130
29.9653	135
29.9673	134
29.9693	133
29.9713	133
29.9733	133
29.9743	131
29.9763	131
29.9783	131
29.9803	130
29.9858	129
29.9878	126
29.9898	124
29.9918	122
29.9938	121
29.9958	120
29.9978	119
29.9998	119
30.0018	119
30.0038	119
30.0058	119
30.0078	119
30.0098	119
30.0118	118
30.0138	118
30.0158	118
30.0178	118
30.0198	118
30.0219	118
30.0239	118
30.0259	118
30.0279	117
30.0299	117
30.0329	128
30.0349	127
30.0369	126
30.0389	125
30.0409	125
30.0429	125
30.0449	125
30.0469	125
30.0489	126
30.0509	127
30.0529	128
30.0549	129
30.0569	130
30.0589	131
30.0609	133
30.0629	131
30.0649	129
30.0669	128
30.0689	126
30.0709	125
30.0729	124
30.0749	123
30.0769	123
30.0789	122
30.0809	123
30.0829	122
30.0849	122
30.0869	121
30.0889	120
30.0909	120
30.0919	123
30.0939	122
30.0959	122
30.098	121
30.101	119
30.103	119
30.105	118
30.107	118
30.109	117
30.111	117
30.113	117
30.115	116
30.117	116
30.119	116
30.121	116
30.123	116
30.125	115
30.127	115
30.129	115
30.131	115
30.133	115
30.135	115
30.137	115
30.139	115
30.141	115
30.143	115
30.145	115
30.146	127
30.148	125
30.15	124
30.152	123
30.154	122
30.156	121
30.158	121
30.16	120
30.162	119
30.164	119
30.166	118
30.168	118
30.17	118
30.1721	118
30.1741	117
30.1761	117
30.1781	117
30.1801	117
30.1821	117
30.1841	116
30.1861	116
30.1881	116
30.1901	116
30.1921	116
30.1941	116
30.1961	115
30.1981	116
30.2001	116
30.2021	116
30.2041	116
30.2061	116
30.2091	116
30.2111	116
30.2131	116
30.2151	117
30.2161	118
30.2181	118
30.2201	118
30.2221	118
30.2241	118
30.2261	118
30.2281	118
30.2301	118
30.2321	118
30.2341	118
30.2361	118
30.2381	118
30.2401	118
30.2421	118
30.2441	118
30.2461	118
30.2482	118
30.2502	118
30.2522	117
30.2542	117
30.2562	117
30.2582	117
30.2602	117
30.2632	117
30.2652	117
30.2672	117
30.2692	117
30.2712	117
30.2732	118
30.2752	118
30.2772	118
30.2792	118
30.2812	118
30.2832	118
30.2852	118
30.2872	118
30.2892	118
30.2912	118
30.2932	118
30.2952	118
30.2972	118
30.2992	118
30.3012	118
30.3032	118
30.3052	118
30.3072	118
30.3092	118
30.3112	118
30.3132	123
30.3152	123
30.3172	122
30.3192	122
30.3212	121
30.3233	121
30.3253	121
30.3263	120
30.3283	120
30.3303	120
30.3323	120
30.3343	119
30.3363	121
30.3383	120
30.3403	120
30.3423	120
30.3443	120
30.3463	120
30.3483	120
30.3503	120
30.3523	120
30.3543	120
30.3563	120
30.3583	120
30.3603	120
30.3623	120
30.3643	120
30.3663	120
30.3683	120
30.3703	120
30.3723	120
30.3743	120
30.3763	120
30.3783	120
30.3803	120
30.3823	119
30.3843	119
30.3863	119
30.3883	119
30.3903	119
30.3923	119
30.3943	119
30.3963	119
30.3984	119
30.4004	119
30.4024	119
30.4044	119
30.4064	119
30.4084	119
30.4104	119
30.4124	119
30.4144	119
30.4164	119
30.4184	119
30.4204	119
30.4224	119
30.4244	119
30.4264	119
30.4284	119
30.4304	119
30.4324	119
30.4344	120
30.4364	120
30.4384	120
30.4404	120
30.4424	120
30.4444	120
30.4474	119
30.4494	119
30.4514	120
30.4534	120
30.4554	120
30.4574	121
30.4594	122
30.4614	122
30.4634	122
30.4654	122
30.4674	122
30.4694	122
30.4714	122
30.4735	122
30.4755	122
30.4775	122
30.4795	122
30.4815	122
30.4835	122
30.4855	122
30.4875	122
30.4895	122
30.4915	122
30.4935	122
30.4955	122
30.4975	122
30.4995	122
30.5015	122
30.5035	126
30.5055	126
30.5075	125
30.5095	125
30.5115	125
30.5135	124
30.5155	124
30.5175	124
30.5195	124
30.5215	124
30.5235	124
30.5255	123
30.5275	123
30.5295	123
30.5315	123
30.5335	123
30.5355	123
30.5375	123
30.5395	123
30.5415	123
30.5435	123
30.5455	123
30.5475	123
30.5496	123
30.5516	123
30.5536	129
30.5556	128
30.5576	127
30.5596	127
30.5616	126
30.5636	126
30.5656	125
30.5676	125
30.5686	125
30.5706	124
30.5726	124
30.5746	124
30.5766	124
30.5796	125
30.5816	124
30.5836	124
30.5856	124
30.5876	123
30.5896	123
30.5916	123
30.5936	123
30.5956	123
30.5976	122
30.5996	122
30.6016	122
30.6036	122
30.6056	122
30.6076	122
30.6096	122
30.6116	122
30.6136	122
30.6156	122
30.6176	122
30.6196	122
30.6216	122
30.6237	122
30.6247	129
30.6267	128
30.6287	128
30.6307	127
30.6327	126
30.6347	126
30.6367	126
30.6387	125
30.6407	125
30.6427	125
30.6447	124
30.6467	124
30.6487	124
30.6507	124
30.6527	124
30.6547	123
30.6567	123
30.6587	123
30.6607	123
30.6627	123
30.6647	123
30.6667	123
30.6687	123
30.6707	123
30.6727	123
30.6747	123
30.6767	122
30.6787	122
30.6807	122
30.6827	122
30.6847	122
30.6867	122
30.6887	122
30.6907	122
30.6937	123
30.6957	123
30.6977	123
30.6998	123
30.7018	124
30.7028	124
30.7048	124
30.7068	124
30.7088	124
30.7108	124
30.7128	124
30.7148	124
30.7168	124
30.7188	124
30.7208	124
30.7228	124
30.7248	124
30.7268	124
30.7288	124
30.7308	124
30.7328	124
30.7348	124
30.7368	124
30.7388	124
30.7408	124
30.7428	124
30.7448	124
30.7468	124
30.7498	124
30.7518	124
30.7538	124
30.7558	125
30.7578	125
30.7598	125
30.7618	125
30.7638	125
30.7658	126
30.7678	126
30.7698	126
30.7718	126
30.7739	126
30.7759	126
30.7779	126
30.7799	126
30.7819	126
30.7839	126
30.7859	126
30.7879	126
30.7899	126
30.7919	126
30.7939	126
30.7959	126
30.7979	126
30.7999	126
30.8019	131
30.8039	131
30.8059	130
30.8079	130
30.8099	129
30.8119	129
30.8139	129
30.8159	128
30.8179	128
30.8199	128
30.8219	128
30.8239	127
30.8259	127
30.8279	129
30.8299	129
30.8319	129
30.8339	128
30.8359	128
30.8379	128
30.8399	128
30.8419	128
30.8439	127
30.8459	127
30.8479	127
30.85	127
30.852	127
30.854	127
30.856	127
30.858	127
30.86	127
30.862	127
30.864	127
30.866	127
30.868	127
30.87	127
30.872	127
30.874	127
30.875	133
30.877	132
30.879	131
30.881	131
30.883	130
30.885	130
30.887	129
30.889	129
30.891	129
30.893	129
30.895	129
30.897	129
30.899	128
30.901	128
30.903	128
30.905	128
30.907	128
30.909	128
30.911	128
30.913	128
30.915	128
30.917	128
30.919	128
30.921	128
30.923	128
30.9251	128
30.9271	128
30.9291	127
30.9311	127
30.9331	127
30.9351	127
30.9371	127
30.9391	127
30.9411	127
30.9431	127
30.9451	128
30.9471	128
30.9491	128
30.9511	128
30.9531	128
30.9551	127
30.9571	127
30.9591	127
30.9611	127
30.9631	127
30.9651	127
30.9671	127
30.9691	127
30.9711	127
30.9731	127
30.9751	127
30.9771	127
30.9791	127
30.9811	127
30.9831	127
30.9851	127
30.9871	127
30.9891	127
30.9911	127
30.9931	127
30.9951	127
30.9971	127
30.9992	127
31.0012	127
31.0032	128
31.0052	128
31.0072	128
31.0092	128
31.0112	128
31.0132	128
31.0152	128
31.0172	128
31.0192	128
31.0212	128
31.0232	128
31.0252	128
31.0272	128
31.0292	128
31.0312	128
31.0332	128
31.0352	128
31.0372	128
31.0392	128
31.0412	128
31.0432	128
31.0452	128
31.0472	128
31.0492	128
31.0512	128
31.0532	128
31.0552	128
31.0572	127
31.0592	128
31.0612	128
31.0632	128
31.0652	128
31.0672	128
31.0692	129
31.0712	129
31.0743	128
31.0763	128
31.0783	128
31.0803	128
31.0823	128
31.0833	130
31.0853	130
31.0873	130
31.0893	130
31.0913	130
31.0933	130
31.0953	130
31.0973	130
31.0993	130
31.1013	130
31.1033	130
31.1053	130
31.1073	130
31.1093	130
31.1113	130
31.1133	130
31.1153	130
31.1173	130
31.1193	130
31.1213	130
31.1233	130
31.1253	130
31.1273	130
31.1293	130
31.1323	128
31.1343	128
31.1363	129
31.1383	129
31.1403	129
31.1423	129
31.1443	129
31.1463	130
31.1483	130
31.1504	130
31.1524	130
31.1544	130
31.1564	130
31.1584	130
31.1604	130
31.1624	130
31.1644	130
31.1664	130
31.1684	130
31.1704	130
31.1724	130
31.1744	130
31.1764	130
31.1784	130
31.1804	130
31.1824	130
31.1844	130
31.1864	136
31.1884	136
31.1904	135
31.1924	134
31.1944	134
31.1964	134
31.1984	133
31.2004	133
31.2024	132
31.2044	132
31.2064	132
31.2084	131
31.2104	131
31.2124	134
31.2144	133
31.2164	133
31.2184	133
31.2204	132
31.2224	132
31.2245	132
31.2265	132
31.2285	132
31.2305	131
31.2325	131
31.2345	131
31.2365	131
31.2385	131
31.2405	131
31.2425	131
31.2445	131
31.2465	131
31.2485	131
31.2505	131
31.2525	131
31.2545	131
31.2565	131
31.2585	131
31.2605	137
31.2625	136
31.2645	135
31.2665	135
31.2685	134
31.2705	133
31.2725	133
31.2745	132
31.2765	132
31.2785	132
31.2805	131
31.2825	131
31.2845	131
31.2865	131
31.2885	131
31.2905	131
31.2925	130
31.2945	130
31.2965	130
31.2985	130
31.3006	130
31.3026	130
31.3046	130
31.3066	130
31.3086	130
31.3106	130
31.3126	130
31.3146	137
31.3166	136
31.3186	136
31.3206	135
31.3226	134
31.3246	134
31.3266	133
31.3286	133
31.3306	132
31.3316	132
31.3336	132
31.3356	132
31.3376	131
31.3396	131
31.3426	132
31.3446	132
31.3466	131
31.3486	131
31.3506	131
31.3526	131
31.3546	131
31.3566	130
31.3586	130
31.3606	130
31.3626	130
31.3646	130
31.3666	130
31.3686	130
31.3706	130
31.3726	130
31.3747	130
31.3767	130
31.3787	130
31.3807	130
31.3827	130
31.3847	130
31.3867	130
31.3887	130
31.3897	137
31.3917	136
31.3937	136
31.3957	135
31.3977	134
31.3997	134
31.4017	133
31.4037	133
31.4057	133
31.4077	133
31.4097	132
31.4117	132
31.4137	132
31.4157	132
31.4177	132
31.4197	131
31.4217	131
31.4237	131
31.4257	131
31.4277	131
31.4297	131
31.4317	131
31.4337	131
31.4357	131
31.4377	131
31.4397	131
31.4417	131
31.4437	131
31.4457	130
31.4477	130
31.4498	130
31.4518	130
31.4538	130
31.4558	130
31.4578	130
31.4598	130
31.4618	130
31.4638	131
31.4658	131
31.4678	131
31.4698	131
31.4718	131
31.4738	130
31.4758	130
31.4778	130
31.4798	130
31.4818	130
31.4838	130
31.4858	130
31.4878	130
31.4898	130
31.4918	130
31.4938	130
31.4958	130
31.4978	130
31.4998	130
31.5018	130
31.5038	130
31.5058	130
31.5078	130
31.5098	130
31.5118	130
31.5138	130
31.5158	130
31.5178	130
31.5198	130
31.5218	131
31.5238	131
31.5259	131
31.5279	131
31.5299	131
31.5319	131
31.5339	131
31.5359	131
31.5379	131
31.5399	131
31.5419	131
31.5439	131
31.5459	131
31.5479	131
31.5499	131
31.5519	131
31.5539	131
31.5559	131
31.5579	131
31.5599	131
31.5619	131
31.5639	131
31.5659	131
31.5679	131
31.5699	131
31.5719	131
31.5739	131
31.5759	131
31.5779	131
31.5799	131
31.5819	131
31.5839	131
31.5859	131
31.5879	131
31.5899	131
31.5919	131
31.5939	131
31.5959	131
31.5979	131
31.6	131
31.602	131
31.604	131
31.606	131
31.608	131
31.61	131
31.612	131
31.614	131
31.616	131
31.618	131
31.62	131
31.622	131
31.624	131
31.626	131
31.628	131
31.63	131
31.632	131
31.634	131
31.636	131
31.638	132
31.64	132
31.642	132
31.644	132
31.646	132
31.648	132
31.65	132
31.652	132
31.654	132
31.656	132
31.658	132
31.66	132
31.662	132
31.664	132
31.666	132
31.668	132
31.67	132
31.672	132
31.674	132
31.6761	132
31.6781	132
31.6801	132
31.6821	132
31.6841	132
31.6861	132
31.6881	132
31.6901	132
31.6921	132
31.6941	132
31.6961	132
31.6981	132
31.7001	133
31.7021	133
31.7041	133
31.7061	133
31.7081	133
31.7111	132
31.7131	133
31.7151	133
31.7171	133
31.7191	134
31.7211	134
31.7231	134
31.7251	134
31.7271	134
31.7291	136
31.7311	136
31.7331	136
31.7351	136
31.7371	136
31.7391	136
31.7411	136
31.7431	136
31.7451	136
31.7471	136
31.7491	136
31.7512	136
31.7532	136
31.7552	136
31.7572	136
31.7592	136
31.7612	136
31.7632	136
31.7652	136
31.7672	136
31.7692	136
31.7712	136
31.7732	135
31.7752	135
31.7772	135
31.7792	135
31.7812	135
31.7832	135
31.7852	135
31.7872	142
31.7892	141
31.7912	140
31.7932	139
31.7952	139
31.7972	138
31.7992	138
31.8012	137
31.8032	137
31.8052	137
31.8072	136
31.8092	136
31.8112	136
31.8132	136
31.8152	136
31.8172	135
31.8192	135
31.8212	135
31.8232	135
31.8253	135
31.8273	135
31.8293	135
31.8313	135
31.8333	135
31.8353	135
31.8373	135
31.8393	135
31.8413	135
31.8433	142
31.8453	141
31.8473	140
31.8493	139
31.8513	138
31.8533	138
31.8553	137
31.8573	137
31.8593	136
31.8613	137
31.8633	136
31.8653	136
31.8673	136
31.8693	136
31.8713	137
31.8733	137
31.8753	136
31.8773	136
31.8793	136
31.8813	135
31.8833	135
31.8853	135
31.8873	135
31.8893	135
31.8913	134
31.8933	134
31.8953	134
31.8973	134
31.8993	134
31.9014	134
31.9034	134
31.9054	134
31.9074	134
31.9094	134
31.9114	134
31.9134	134
31.9154	134
31.9174	134
31.9194	141
31.9214	140
31.9234	139
31.9254	139
31.9274	138
31.9294	137
31.9314	137
31.9334	137
31.9354	136
31.9374	136
31.9394	136
31.9414	135
31.9434	135
31.9454	135
31.9474	135
31.9494	135
31.9514	134
31.9534	134
31.9554	134
31.9574	134
31.9594	134
31.9614	134
31.9634	134
31.9654	134
31.9674	134
31.9694	134
31.9714	134
31.9734	134
31.9755	141
31.9775	140
31.9795	139
31.9815	138
31.9835	138
31.9855	137
31.9875	137
31.9895	136
31.9915	136
31.9935	136
31.9955	136
31.9975	135
31.9995	135
32.0015	135
32.0035	137
32.0055	136
32.0075	136
32.0095	136
32.0115	135
32.0135	135
32.0155	135
32.0175	135
32.0195	135
32.0215	135
32.0235	134
32.0255	134
32.0275	134
32.0295	134
32.0315	134
32.0335	134
32.0355	134
32.0375	134
32.0395	134
32.0415	134
32.0435	134
32.0455	134
32.0475	134
32.0495	134
32.0516	141
32.0536	140
32.0556	139
32.0576	138
32.0596	138
32.0616	137
32.0636	137
32.0656	136
32.0676	136
32.0696	136
32.0716	135
32.0736	135
32.0756	135
32.0776	135
32.0796	135
32.0816	134
32.0836	134
32.0856	134
32.0876	134
32.0896	134
32.0916	134
32.0936	134
32.0956	134
32.0976	134
32.0996	134
32.1016	134
32.1036	134
32.1056	134
32.1076	141
32.1096	140
32.1116	139
32.1136	138
32.1156	138
32.1176	137
32.1196	137
32.1216	136
32.1236	136
32.1257	136
32.1277	136
32.1297	135
32.1317	135
32.1337	135
32.1357	137
32.1377	136
32.1397	136
32.1417	136
32.1437	135
32.1457	135
32.1477	135
32.1497	135
32.1517	135
32.1537	135
32.1557	134
32.1577	134
32.1597	134
32.1617	134
32.1637	134
32.1657	134
32.1677	134
32.1697	134
32.1717	134
32.1737	134
32.1757	134
32.1777	134
32.1797	134
32.1817	134
32.1837	141
32.1857	140
32.1877	139
32.1897	138
32.1917	138
32.1937	137
32.1957	137
32.1977	136
32.1997	136
32.2018	136
32.2038	135
32.2058	135
32.2078	135
32.2098	135
32.2118	135
32.2138	134
32.2158	134
32.2178	134
32.2198	134
32.2218	134
32.2238	134
32.2258	134
32.2278	134
32.2298	134
32.2318	134
32.2338	134
32.2358	134
32.2378	134
32.2398	141
32.2418	140
32.2438	139
32.2458	138
32.2478	138
32.2498	137
32.2518	137
32.2538	136
32.2558	136
32.2578	136
32.2598	136
32.2618	135
32.2638	135
32.2658	135
32.2678	137
32.2698	136
32.2718	136
32.2738	136
32.2759	135
32.2779	135
32.2799	135
32.2819	135
32.2839	135
32.2859	135
32.2879	134
32.2899	134
32.2919	134
32.2939	134
32.2959	134
32.2979	134
32.2999	134
32.3019	134
32.3039	134
32.3059	134
32.3079	134
32.3099	134
32.3119	134
32.3139	134
32.3159	141
32.3179	140
32.3199	139
32.3219	138
32.3239	138
32.3259	137
32.3279	137
32.3299	136
32.3319	136
32.3339	136
32.3359	135
32.3379	135
32.3399	135
32.3419	135
32.3439	135
32.3459	134
32.3479	134
32.3499	134
32.352	134
32.354	134
32.356	134
32.358	134
32.36	134
32.362	134
32.364	134
32.366	134
32.368	134
32.37	134
32.372	141
32.374	140
32.376	139
32.378	138
32.38	138
32.382	137
32.384	137
32.386	136
32.388	136
32.39	136
32.392	136
32.394	136
32.396	136
32.398	135
32.4	137
32.402	137
32.404	136
32.406	136
32.408	136
32.41	136
32.412	136
32.414	135
32.416	135
32.418	135
32.42	135
32.422	135
32.424	135
32.4261	135
32.4281	135
32.4301	135
32.4321	135
32.4341	135
32.4361	135
32.4381	135
32.4401	135
32.4421	135
32.4441	135
32.4461	135
32.4481	141
32.4501	140
32.4521	140
32.4541	139
32.4561	138
32.4581	138
32.4601	138
32.4621	137
32.4641	137
32.4661	137
32.4681	136
32.4701	136
32.4721	136
32.4741	136
32.4761	136
32.4781	135
32.4801	135
32.4821	135
32.4841	135
32.4861	135
32.4881	135
32.4901	135
32.4921	135
32.4941	135
32.4961	135
32.4981	135
32.5001	135
32.5022	135
32.5042	142
32.5062	141
32.5082	140
32.5102	139
32.5122	139
32.5142	138
32.5162	138
32.5182	137
32.5202	137
32.5222	137
32.5242	136
32.5262	136
32.5282	136
32.5302	135
32.5322	138
32.5342	137
32.5362	137
32.5382	136
32.5402	136
32.5422	136
32.5442	135
32.5462	135
32.5482	135
32.5502	135
32.5522	135
32.5542	135
32.5562	134
32.5582	134
32.5602	134
32.5622	134
32.5642	134
32.5662	134
32.5682	134
32.5702	134
32.5722	134
32.5742	134
32.5763	134
32.5783	134
32.5803	141
32.5823	140
32.5843	139
32.5863	139
32.5883	138
32.5903	137
32.5923	137
32.5943	137
32.5963	136
32.5983	136
32.6003	136
32.6023	135
32.6043	135
32.6063	135
32.6083	135
32.6103	135
32.6123	134
32.6143	134
32.6163	134
32.6183	134
32.6203	134
32.6223	134
32.6243	134
32.6263	134
32.6283	134
32.6303	134
32.6323	134
32.6343	134
32.6363	141
32.6383	140
32.6403	139
32.6423	138
32.6443	138
32.6463	137
32.6483	137
32.6503	136
32.6524	136
32.6544	136
32.6564	136
32.6584	135
32.6604	135
32.6624	135
32.6644	137
32.6664	136
32.6684	136
32.6704	136
32.6724	135
32.6744	135
32.6764	135
32.6784	135
32.6804	135
32.6824	135
32.6844	134
32.6864	134
32.6884	134
32.6904	134
32.6924	134
32.6944	134
32.6964	134
32.6984	134
32.7004	134
32.7024	134
32.7044	134
32.7064	134
32.7084	134
32.7104	134
32.7124	141
32.7144	140
32.7164	139
32.7184	138
32.7204	138
32.7224	137
32.7244	137
32.7265	136
32.7285	136
32.7305	136
32.7325	135
32.7345	135
32.7365	135
32.7385	135
32.7405	135
32.7425	134
32.7445	134
32.7465	134
32.7485	134
32.7505	134
32.7525	134
32.7545	134
32.7565	134
32.7585	134
32.7605	134
32.7625	134
32.7645	134
32.7665	134
32.7685	141
32.7705	140
32.7725	139
32.7745	138
32.7765	138
32.7785	137
32.7805	137
32.7825	136
32.7845	136
32.7865	136
32.7885	136
32.7905	135
32.7925	135
32.7945	135
32.7965	137
32.7985	136
32.8005	136
32.8026	136
32.8046	135
32.8066	135
32.8086	135
32.8106	135
32.8126	135
32.8146	135
32.8166	134
32.8186	134
32.8206	134
32.8226	134
32.8246	134
32.8266	134
32.8286	134
32.8306	134
32.8326	134
32.8346	134
32.8366	134
32.8386	134
32.8406	134
32.8426	134
32.8446	141
32.8466	140
32.8486	139
32.8506	138
32.8526	138
32.8546	137
32.8566	137
32.8586	136
32.8606	136
32.8626	136
32.8646	135
32.8666	135
32.8686	135
32.8706	135
32.8726	135
32.8746	134
32.8767	134
32.8787	134
32.8807	134
32.8827	134
32.8847	134
32.8867	134
32.8887	134
32.8907	134
32.8927	134
32.8947	134
32.8967	134
32.8987	134
32.9007	141
32.9027	140
32.9047	139
32.9067	138
32.9087	138
32.9107	137
32.9127	137
32.9147	136
32.9167	136
32.9187	136
32.9207	136
32.9227	135
32.9247	135
32.9267	135
32.9287	137
32.9307	136
32.9327	136
32.9347	136
32.9367	135
32.9387	135
32.9407	135
32.9427	135
32.9447	135
32.9467	135
32.9487	134
32.9507	134
32.9528	134
32.9548	134
32.9568	134
32.9588	134
32.9608	134
32.9628	134
32.9648	134
32.9668	134
32.9688	134
32.9708	134
32.9728	134
32.9748	134
32.9768	141
32.9788	140
32.9808	139
32.9828	138
32.9848	138
32.9868	137
32.9888	137
32.9908	136
32.9928	136
32.9948	136
32.9968	135
32.9988	135
33.0008	135
33.0028	135
33.0048	135
33.0068	134
33.0088	134
33.0108	134
33.0128	134
33.0148	134
33.0168	134
33.0188	134
33.0208	134
33.0228	134
33.0248	134
33.0269	134
33.0289	134
33.0309	134
33.0329	141
33.0349	140
33.0369	139
33.0389	138
33.0409	138
33.0429	137
33.0449	137
33.0469	136
33.0489	136
33.0509	136
33.0529	136
33.0549	135
33.0569	135
33.0589	135
33.0609	137
33.0629	136
33.0649	136
33.0669	136
33.0689	135
33.0709	135
33.0729	135
33.0749	135
33.0769	135
33.0789	135
33.0809	134
33.0829	134
33.0849	134
33.0869	134
33.0889	134
33.0909	134
33.0929	134
33.0949	134
33.0969	134
33.0989	134
33.1009	134
33.103	134
33.105	134
33.107	134
33.109	141
33.111	140
33.113	139
33.115	138
33.117	138
33.119	137
33.121	137
33.123	136
33.125	136
33.127	136
33.129	135
33.131	135
33.133	135
33.135	135
33.137	135
33.139	134
33.141	134
33.143	134
33.145	134
33.147	134
33.149	134
33.151	134
33.153	134
33.155	134
33.157	134
33.159	134
33.161	134
33.163	134
33.165	141
33.167	140
33.169	139
33.171	139
33.173	138
33.175	138
33.1771	137
33.1791	137
33.1811	137
33.1831	137
33.1851	136
33.1871	136
33.1891	136
33.1911	136
33.1931	138
33.1951	137
33.1971	137
33.1991	137
33.2011	136
33.2031	136
33.2051	136
33.2071	136
33.2091	136
33.2111	135
33.2131	135
33.2151	135
33.2171	135
33.2191	135
33.2211	135
33.2231	135
33.2251	135
33.2271	135
33.2291	135
33.2311	135
33.2331	135
33.2351	135
33.2371	135
33.2391	135
33.2411	142
33.2431	141
33.2451	140
33.2471	139
33.2491	139
33.2511	138
33.2532	138
33.2552	137
33.2572	137
33.2592	137
33.2612	136
33.2632	136
33.2652	136
33.2672	136
33.2692	136
33.2712	135
33.2732	135
33.2752	135
33.2772	135
33.2792	135
33.2812	135
33.2832	134
33.2852	134
33.2872	134
33.2892	134
33.2912	134
33.2932	134
33.2952	134
33.2972	142
33.2992	141
33.3012	140
33.3032	139
33.3052	138
33.3072	138
33.3092	137
33.3112	137
33.3132	136
33.3152	136
33.3172	136
33.3192	136
33.3212	135
33.3232	135
33.3252	137
33.3273	137
33.3293	136
33.3313	136
33.3333	136
33.3353	135
33.3373	135
33.3393	135
33.3413	135
33.3433	135
33.3453	134
33.3473	134
33.3493	134
33.3513	134
33.3533	134
33.3553	134
33.3573	134
33.3593	134
33.3613	134
33.3633	134
33.3653	134
33.3673	134
33.3693	134
33.3713	134
33.3733	141
33.3753	140
33.3773	139
33.3793	138
33.3813	138
33.3833	137
33.3853	137
33.3873	136
33.3893	136
33.3913	136
33.3933	135
33.3953	135
33.3973	135
33.3993	135
33.4013	135
33.4034	134
33.4054	134
33.4074	134
33.4094	134
33.4114	134
33.4134	134
33.4154	134
33.4174	134
33.4194	134
33.4214	134
33.4234	134
33.4254	134
33.4274	134
33.4294	141
33.4314	140
33.4334	139
33.4354	138
33.4374	138
33.4394	137
33.4414	137
33.4434	136
33.4454	136
33.4474	136
33.4494	136
33.4514	135
33.4534	135
33.4554	135
33.4574	137
33.4594	136
33.4614	136
33.4634	136
33.4654	135
33.4674	135
33.4694	135
33.4714	135
33.4734	135
33.4754	135
33.4775	134
33.4795	134
33.4815	134
33.4835	134
33.4855	134
33.4875	134
33.4895	134
33.4915	134
33.4935	134
33.4955	134
33.4975	134
33.4995	134
33.5015	134
33.5035	134
33.5055	141
33.5075	140
33.5095	139
33.5115	138
33.5135	138
33.5155	137
33.5175	137
33.5195	136
33.5215	136
33.5235	136
33.5255	135
33.5275	135
33.5295	135
33.5315	135
33.5335	135
33.5355	134
33.5375	134
33.5395	134
33.5415	134
33.5435	134
33.5455	134
33.5475	134
33.5495	134
33.5515	134
33.5536	134
33.5556	134
33.5576	134
33.5596	134
33.5616	141
33.5636	140
33.5656	139
33.5676	138
33.5696	138
33.5716	137
33.5736	137
33.5756	136
33.5776	136
33.5796	136
33.5816	136
33.5836	135
33.5856	135
33.5876	135
33.5896	137
33.5916	136
33.5936	136
33.5956	136
33.5976	135
33.5996	135
33.6016	135
33.6036	135
33.6056	135
33.6076	135
33.6096	134
33.6116	134
33.6136	134
33.6156	134
33.6176	134
33.6196	134
33.6216	134
33.6236	134
33.6256	134
33.6277	134
33.6297	134
33.6317	134
33.6337	134
33.6357	134
33.6377	141
33.6397	140
33.6417	139
33.6437	138
33.6457	138
33.6477	137
33.6497	137
33.6517	136
33.6537	136
33.6557	136
33.6577	135
33.6597	135
33.6617	135
33.6637	135
33.6657	135
33.6677	134
33.6697	134
33.6717	134
33.6737	134
33.6757	134
33.6777	134
33.6797	134
33.6817	134
33.6837	134
33.6857	134
33.6877	134
33.6897	134
33.6917	134
33.6937	141
33.6957	140
33.6977	139
33.6997	138
33.7017	138
33.7038	137
33.7058	137
33.7078	136
33.7098	136
33.7118	136
33.7138	136
33.7158	135
33.7178	135
33.7198	135
33.7218	137
33.7238	136
33.7258	136
33.7278	136
33.7298	135
33.7318	135
33.7338	135
33.7358	135
33.7378	135
33.7398	135
33.7418	134
33.7438	134
33.7458	134
33.7478	134
33.7498	134
33.7518	134
33.7538	134
33.7558	134
33.7578	134
33.7598	134
33.7618	134
33.7638	134
33.7658	134
33.7678	134
33.7698	141
33.7718	140
33.7738	139
33.7758	138
33.7779	138
33.7799	137
33.7819	137
33.7839	136
33.7859	136
33.7879	136
33.7899	135
33.7919	135
33.7939	135
33.7959	135
33.7979	135
33.7999	134
33.8019	134
33.8039	134
33.8059	134
33.8079	134
33.8099	134
33.8119	134
33.8139	134
33.8159	134
33.8179	134
33.8199	134
33.8219	134
33.8239	134
33.8259	141
33.8279	140
33.8299	139
33.8319	138
33.8339	138
33.8359	137
33.8379	137
33.8399	136
33.8419	136
33.8439	136
33.8459	136
33.8479	135
33.8499	135
33.8519	135
33.854	137
33.856	136
33.858	136
33.86	136
33.862	135
33.864	135
33.866	135
33.868	135
33.87	135
33.872	135
33.874	134
33.876	134
33.878	134
33.88	134
33.882	134
33.884	134
33.886	134
33.888	134
33.89	134
33.892	134
33.894	134
33.896	134
33.898	134
33.9	134
33.902	141
33.904	140
33.906	139
33.908	139
33.91	138
33.912	138
33.914	137
33.916	137
33.918	137
33.92	136
33.922	136
33.924	136
33.926	136
33.9281	136
33.9301	135
33.9321	135
33.9341	135
33.9361	135
33.9381	135
33.9401	135
33.9421	135
33.9441	135
33.9461	135
33.9481	135
33.9501	135
33.9521	135
33.9541	135
33.9561	135
33.9581	141
33.9601	140
33.9621	140
33.9641	139
33.9661	138
33.9681	138
33.9701	138
33.9721	137
33.9741	137
33.9761	137
33.9781	137
33.9801	136
33.9821	136
33.9841	136
33.9861	138
33.9881	137
33.9901	137
33.9921	137
33.9941	136
33.9961	136
33.9981	136
34.0001	136
34.0021	136
34.0042	135
34.0062	135
34.0082	135
34.0102	135
34.0122	135
34.0142	135
34.0162	135
34.0182	135
34.0202	135
34.0222	135
34.0242	135
34.0262	135
34.0282	134
34.0302	134
34.0322	134
34.0342	142
34.0362	141
34.0382	140
34.0402	139
34.0422	138
34.0442	138
34.0462	137
34.0482	137
34.0502	136
34.0522	136
34.0542	136
34.0562	135
34.0582	135
34.0602	135
34.0622	135
34.0642	135
34.0662	134
34.0682	134
34.0702	134
34.0722	134
34.0742	134
34.0762	134
34.0783	134
34.0803	134
34.0823	134
34.0843	134
34.0863	134
34.0883	134
34.0903	141
34.0923	140
34.0943	139
34.0963	139
34.0983	138
34.1003	137
34.1023	137
34.1043	137
34.1063	136
34.1083	136
34.1103	136
34.1123	135
34.1143	135
34.1163	135
34.1183	137
34.1203	137
34.1223	136
34.1243	136
34.1263	136
34.1283	135
34.1303	135
34.1323	135
34.1343	135
34.1363	135
34.1383	134
34.1403	134
34.1423	134
34.1443	134
34.1463	134
34.1483	134
34.1503	134
34.1523	134
34.1544	134
34.1564	134
34.1584	134
34.1604	134
34.1624	134
34.1644	134
34.1664	141
34.1684	140
34.1704	139
34.1724	138
34.1744	138
34.1764	137
34.1784	137
34.1804	136
34.1824	136
34.1844	136
34.1864	135
34.1884	135
34.1904	135
34.1924	135
34.1944	135
34.1964	134
34.1984	134
34.2004	134
34.2024	134
34.2044	134
34.2064	134
34.2084	134
34.2104	134
34.2124	134
34.2144	134
34.2164	134
34.2184	134
34.2204	134
34.2224	141
34.2244	140
34.2264	139
34.2285	138
34.2305	138
34.2325	137
34.2345	137
34.2365	136
34.2385	136
34.2405	136
34.2425	136
34.2445	135
34.2465	135
34.2485	135
34.2505	137
34.2525	136
34.2545	136
34.2565	136
34.2585	135
34.2605	135
34.2625	135
34.2645	135
34.2665	135
34.2685	135
34.2705	134
34.2725	134
34.2745	134
34.2765	134
34.2785	134
34.2805	134
34.2825	134
34.2845	134
34.2865	134
34.2885	134
34.2905	134
34.2925	134
34.2945	134
34.2965	134
34.2985	141
34.3005	140
34.3025	139
34.3046	138
34.3066	138
34.3086	137
34.3106	137
34.3126	136
34.3146	136
34.3166	136
34.3186	135
34.3206	135
34.3226	135
34.3246	135
34.3266	135
34.3286	134
34.3306	134
34.3326	134
34.3346	134
34.3366	134
34.3386	134
34.3406	134
34.3426	134
34.3446	134
34.3466	134
34.3486	134
34.3506	134
34.3526	134
34.3546	141
34.3566	140
34.3586	139
34.3606	138
34.3626	138
34.3646	137
34.3666	137
34.3686	136
34.3706	136
34.3726	136
34.3746	136
34.3766	135
34.3786	135
34.3807	135
34.3827	137
34.3847	136
34.3867	136
34.3887	136
34.3907	135
34.3927	135
34.3947	135
34.3967	135
34.3987	135
34.4007	135
34.4027	134
34.4047	134
34.4067	134
34.4087	134
34.4107	134
34.4127	134
34.4147	134
34.4167	134
34.4187	134
34.4207	134
34.4227	134
34.4247	134
34.4267	134
34.4287	134
34.4307	134
34.4317	141
34.4337	140
34.4357	139
34.4377	139
34.4397	138
34.4417	138
34.4437	137
34.4457	137
34.4477	137
34.4497	136
34.4517	136
34.4537	136
34.4558	136
34.4578	136
34.4598	135
34.4618	135
34.4638	135
34.4658	135
34.4678	135
34.4698	135
34.4718	135
34.4738	135
34.4758	135
34.4778	135
34.4798	135
34.4818	135
34.4838	135
34.4858	135
34.4878	135
34.4898	134
34.4918	134
34.4938	134
34.4958	134
34.4978	134
34.4998	134
34.5018	134
34.5038	134
34.5058	134
34.5078	135
34.5098	135
34.5118	135
34.5138	135
34.5158	135
34.5178	134
34.5198	134
34.5218	134
34.5238	134
34.5258	134
34.5278	134
34.5299	134
34.5319	134
34.5339	134
34.5359	134
34.5379	134
34.5399	134
34.5419	134
34.5439	134
34.5459	134
34.5479	134
34.5499	134
34.5519	134
34.5539	134
34.5559	134
34.5579	134
34.5599	134
34.5619	134
34.5639	134
34.5659	134
34.5679	135
34.5699	135
34.5719	135
34.5739	135
34.5759	135
34.5779	135
34.5799	135
34.5819	135
34.5839	135
34.5859	135
34.5879	135
34.5899	135
34.5919	135
34.5939	135
34.5959	135
34.5979	135
34.5999	135
34.6019	135
34.6039	135
34.606	135
34.608	135
34.61	135
34.612	135
34.614	135
34.616	135
34.618	135
34.62	135
34.622	135
34.624	135
34.626	135
34.628	135
34.63	135
34.632	135
34.634	135
34.636	135
34.638	135
34.64	135
34.642	135
34.644	136
34.646	136
34.648	136
34.65	136
34.652	136
34.654	135
34.656	136
34.658	136
34.66	136
34.662	136
34.664	136
34.666	136
34.668	136
34.67	136
34.672	136
34.674	136
34.676	136
34.678	136
34.6801	136
34.6821	136
34.6841	136
34.6861	136
34.6881	136
34.6901	136
34.6921	136
34.6941	136
34.6961	136
34.6981	136
34.7001	136
34.7021	136
34.7041	136
34.7061	136
34.7081	136
34.7101	136
34.7121	136
34.7141	136
34.7161	136
34.7181	136
34.7201	136
34.7221	136
34.7241	136
34.7261	136
34.7281	136
34.7301	136
34.7321	136
34.7341	136
34.7361	136
34.7381	136
34.7401	136
34.7421	136
34.7441	136
34.7461	136
34.7481	136
34.7501	136
34.7521	136
34.7541	136
34.7562	136
34.7582	136
34.7602	136
34.7622	136
34.7642	137
34.7662	137
34.7682	137
34.7702	137
34.7722	137
34.7742	138
34.7762	138
34.7782	138
34.7812	136
34.7832	137
34.7852	137
34.7872	137
34.7892	137
34.7912	139
34.7932	139
34.7952	139
34.7972	139
34.7992	139
34.8012	139
34.8032	139
34.8052	139
34.8072	139
34.8092	139
34.8112	139
34.8132	139
34.8152	139
34.8172	139
34.8192	139
34.8212	139
34.8232	139
34.8252	139
34.8272	139
34.8292	139
34.8313	139
34.8333	139
34.8353	139
34.8373	139
34.8393	139
34.8413	144
34.8433	143
34.8453	142
34.8473	142
34.8493	142
34.8513	141
34.8533	141
34.8553	141
34.8573	140
34.8593	140
34.8613	140
34.8633	140
34.8653	140
34.8673	139
34.8693	139
34.8713	139
34.8733	139
34.8753	139
34.8773	139
34.8793	139
34.8813	139
34.8833	139
34.8853	139
34.8873	139
34.8893	139
34.8913	139
34.8933	139
34.8953	139
34.8973	139
34.8993	146
34.9013	145
34.9033	144
34.9054	143
34.9074	143
34.9094	142
34.9114	142
34.9134	141
34.9154	141
34.9174	141
34.9194	140
34.9214	140
34.9234	140
34.9254	139
34.9274	142
34.9294	141
34.9314	141
34.9334	140
34.9354	140
34.9374	140
34.9394	139
34.9414	139
34.9434	139
34.9454	139
34.9474	139
34.9494	139
34.9514	138
34.9534	138
34.9554	138
34.9574	138
34.9594	138
34.9614	138
34.9634	138
34.9654	138
34.9674	138
34.9694	138
34.9714	138
34.9734	138
34.9754	138
34.9774	145
34.9794	144
34.9815	144
34.9835	143
34.9855	142
34.9875	142
34.9895	141
34.9915	141
34.9935	140
34.9955	140
34.9975	140
34.9995	139
35.0015	139
35.0035	139
35.0055	139
35.0075	139
35.0095	138
35.0115	138
35.0135	138
35.0155	138
35.0175	138
35.0195	138
35.0215	138
35.0235	138
35.0255	138
35.0275	138
35.0295	138
35.0315	138
35.0335	138
35.0355	138
35.0365	145
35.0385	144
35.0405	144
35.0425	143
35.0445	142
35.0465	142
35.0485	141
35.0505	141
35.0525	141
35.0545	140
35.0566	138
35.0586	138
35.0606	138
35.0626	138
35.0646	138
35.0666	140
35.0686	140
35.0706	140
35.0726	140
35.0746	140
35.0766	139
35.0786	139
35.0806	139
35.0826	139
35.0846	139
35.0866	139
35.0886	139
35.0906	139
35.0926	139
35.0946	139
35.0966	139
35.0986	139
35.1006	139
35.1026	139
35.1046	139
35.1066	139
35.1086	139
35.1106	139
35.1126	139
35.1146	139
35.1166	138
35.1186	138
35.1206	138
35.1226	138
35.1246	138
35.1266	138
35.1286	138
35.1307	138
35.1327	138
35.1347	138
35.1367	138
35.1387	138
35.1407	138
35.1427	138
35.1447	138
35.1467	138
35.1487	138
35.1507	138
35.1527	138
35.1547	138
35.1567	138
35.1587	138
35.1607	138
35.1627	138
35.1647	138
35.1667	138
35.1687	138
35.1707	138
35.1727	138
35.1747	138
35.1767	139
35.1787	139
35.1807	139
35.1827	139
35.1847	139
35.1867	140
35.1887	140
35.1907	140
35.1927	140
35.1947	140
35.1977	139
35.1997	139
35.2017	139
35.2037	139
35.2058	139
35.2068	142
35.2088	142
35.2108	142
35.2128	142
35.2148	142
35.2168	142
35.2188	142
35.2208	142
35.2228	142
35.2248	142
35.2268	142
35.2288	142
35.2308	142
35.2328	142
35.2348	142
35.2368	142
35.2388	142
35.2408	142
35.2428	142
35.2448	142
35.2468	142
35.2488	142
35.2508	142
35.2528	142
35.2548	142
35.2578	140
35.2598	140
35.2618	140
35.2638	141
35.2658	141
35.2678	141
35.2698	141
35.2718	141
35.2738	142
35.2758	142
35.2778	142
35.2798	142
35.2819	142
35.2839	142
35.2859	142
35.2879	142
35.2899	142
35.2919	142
35.2939	142
35.2959	142
35.2979	142
35.2999	142
35.3019	142
35.3039	142
35.3059	142
35.3079	142
35.3099	142
35.3119	142
35.3139	142
35.3159	142
35.3179	149
35.3199	148
35.3219	148
35.3239	147
35.3259	146
35.3279	146
35.3299	145
35.3319	145
35.3339	145
35.3359	144
35.3379	145
35.3399	145
35.3419	144
35.3439	144
35.3459	144
35.3479	145
35.3499	145
35.3519	145
35.3539	145
35.356	144
35.358	144
35.36	144
35.362	144
35.364	144
35.366	143
35.368	143
35.37	143
35.372	143
35.374	143
35.376	143
35.378	143
35.38	143
35.382	143
35.384	143
35.386	143
35.388	143
35.39	143
35.392	143
35.394	143
35.396	143
35.398	143
35.399	150
35.401	149
35.403	148
35.405	148
35.407	147
35.409	147
35.411	146
35.413	146
35.415	146
35.417	145
35.419	145
35.421	145
35.423	145
35.425	145
35.427	144
35.429	144
35.4311	144
35.4331	144
35.4351	144
35.4371	144
35.4391	144
35.4411	144
35.4431	144
35.4451	144
35.4471	144
35.4491	144
35.4511	144
35.4531	144
35.4551	144
35.4571	144
35.4591	144
35.4611	143
35.4631	143
35.4651	143
35.4671	143
35.4691	143
35.4711	143
35.4731	143
35.4751	143
35.4771	143
35.4791	143
35.4811	144
35.4831	144
35.4851	144
35.4871	144
35.4891	144
35.4911	143
35.4931	143
35.4951	143
35.4971	143
35.4991	144
35.5011	144
35.5031	144
35.5051	144
35.5072	144
35.5092	145
35.5112	145
35.5132	145
35.5152	145
35.5172	145
35.5192	145
35.5212	145
35.5232	145
35.5252	145
35.5272	145
35.5292	145
35.5312	145
35.5332	145
35.5352	145
35.5372	145
35.5392	145
35.5412	145
35.5442	144
35.5462	144
35.5482	144
35.5502	145
35.5522	145
35.5542	145
35.5562	145
35.5582	145
35.5602	146
35.5622	146
35.5642	146
35.5662	146
35.5682	146
35.5702	146
35.5722	146
35.5742	146
35.5762	146
35.5782	146
35.5802	146
35.5823	146
35.5843	146
35.5863	146
35.5883	146
35.5903	146
35.5923	146
35.5943	146
35.5963	146
35.5983	146
35.6003	146
35.6023	146
35.6043	146
35.6053	153
35.6083	152
35.6103	151
35.6123	151
35.6143	150
35.6163	150
35.6183	149
35.6203	149
35.6223	149
35.6243	148
35.6253	149
35.6283	149
35.6303	148
35.6323	148
35.6343	148
35.6353	149
35.6383	149
35.6403	149
35.6423	148
35.6443	148
35.6463	148
35.6483	148
35.6503	148
35.6523	147
35.6543	147
35.6564	147
35.6584	147
35.6604	147
35.6624	147
35.6644	147
35.6664	147
35.6684	147
35.6704	147
35.6724	147
35.6744	147
35.6764	147
35.6784	147
35.6804	147
35.6824	147
35.6844	147
35.6864	147
35.6884	154
35.6904	147
35.6914	153
35.6934	152
35.6954	152
35.6974	151
35.6994	150
35.7014	150
35.7034	150
35.7054	149
35.7074	149
35.7094	149
35.7114	148
35.7134	148
35.7154	148
35.7174	148
35.7194	148
35.7214	147
35.7234	147
35.7254	147
35.7274	147
35.7294	147
35.7315	147
35.7335	147
35.7355	147
35.7375	147
35.7395	147
35.7415	147
35.7435	147
35.7455	147
35.7475	147
35.7505	147
35.7515	147
35.7545	147
35.7555	147
35.7575	147
35.7595	147
35.7615	147
35.7635	147
35.7655	148
35.7675	148
35.7705	147
35.7715	148
35.7745	147
35.7755	149
35.7785	147
35.7795	149
35.7825	147
35.7835	149
35.7865	148
35.7875	149
35.7895	149
35.7915	149
35.7935	149
35.7955	149
35.7975	149
35.7995	149
35.8015	149
35.8035	149
35.8055	149
35.8076	149
35.8096	149
35.8116	149
35.8136	149
35.8156	149
35.8176	149
35.8196	149
35.8216	149
35.8236	149
35.8256	149
35.8276	149
35.8296	149
35.8316	149
35.8336	147
35.8366	149
35.8376	147
35.8406	149
35.8416	148
35.8446	148
35.8466	148
35.8486	149
35.8506	149
35.8526	149
35.8546	149
35.8566	149
35.8586	150
35.8606	150
35.8626	150
35.8646	150
35.8666	150
35.8686	150
35.8706	150
35.8726	150
35.8746	150
35.8766	150
35.8786	150
35.8806	150
35.8827	150
35.8847	150
35.8867	150
35.8887	150
35.8907	150
35.8927	150
35.8947	156
35.8967	151
35.8977	155
35.9007	151
35.9017	154
35.9047	152
35.9057	153
35.9087	152
35.9097	153
35.9127	153
35.9137	153
35.9167	152
35.9177	153
35.9207	151
35.9217	153
35.9247	150
35.9257	154
35.9287	150
35.9297	154
35.9327	149
35.9337	154
35.9357	155
35.9377	154
35.9397	154
35.9417	154
35.9437	153
35.9457	153
35.9477	153
35.9497	153
35.9517	153
35.9537	153
35.9557	152
35.9578	152
35.9598	152
35.9618	152
35.9638	152
35.9658	152
35.9678	152
35.9698	153
35.9718	153
35.9738	153
35.9758	153
35.9788	149
35.9798	153
35.9828	148
35.9838	154
35.9868	148
35.9878	154
35.9908	147
35.9918	155
35.9948	147
35.9958	156
35.9988	148
35.9998	157
36.0028	149
36.0048	149
36.0068	150
36.0088	150
36.0108	151
36.0128	151
36.0148	151
36.0168	152
36.0188	152
36.0208	152
36.0228	152
36.0248	152
36.0268	153
36.0288	153
36.0308	153
36.0329	153
36.0349	153
36.0369	153
36.0389	162
36.0409	153
36.0419	160
36.0449	154
36.0459	159
36.0489	155
36.0499	157
36.0529	155
36.0539	156
36.0569	156
36.0579	155
36.0609	157
36.0619	154
36.0649	158
36.0659	153
36.0689	159
36.0699	152
36.0729	159
36.0739	152
36.0769	160
36.0779	151
36.0809	160
36.0819	151
36.0849	161
36.0859	151
36.0889	161
36.0899	151
36.0929	161
36.0939	151
36.0969	152
36.0989	152
36.1009	152
36.1029	153
36.1049	153
36.107	153
36.109	153
36.111	153
36.113	153
36.115	154
36.117	154
36.119	154
36.121	154
36.123	165
36.125	154
36.126	163
36.129	155
36.13	161
36.133	155
36.134	159
36.137	156
36.138	157
36.141	157
36.142	156
36.145	158
36.146	155
36.149	159
36.15	154
36.153	160
36.154	153
36.157	161
36.158	153
36.161	161
36.162	153
36.165	162
36.166	153
36.169	154
36.171	154
36.173	154
36.175	155
36.177	155
36.179	155
36.181	155
36.1831	165
36.1851	156
36.1861	163
36.1891	156
36.1901	161
36.1931	157
36.1941	159
36.1971	158
36.1981	158
36.2011	160
36.2021	157
36.2051	161
36.2061	156
36.2091	162
36.2101	155
36.2131	164
36.2141	154
36.2171	165
36.2181	153
36.2211	166
36.2221	153
36.2251	167
36.2261	152
36.2291	167
36.2301	152
36.2331	168
36.2341	151
36.2371	169
36.2381	151
36.2411	169
36.2421	151
36.2451	169
36.2461	151
36.2491	170
36.2501	151
36.2531	170
36.2541	151
36.2572	170
36.2582	152
36.2622	152
36.2642	153
36.2662	154
36.2712	154
36.2752	155
36.2792	157
36.2832	158
36.2872	159
36.2912	161
36.2952	162
36.2992	163
36.3032	164
36.3072	165
36.3112	165
36.3152	166
36.3192	166
36.3232	167
36.3272	167
36.3312	167
36.3353	168
36.3393	169
36.3433	168
36.3473	167
36.5474	165
36.5494	160
36.5514	156
36.5534	153
36.5554	150
36.5574	148
36.5594	147
36.5614	146
36.5634	145
36.5654	145
36.5674	145
36.5694	145
36.5714	145
36.5734	146
36.5754	146
36.5774	146
36.6135	161
36.6155	156
36.6175	153
36.6195	149
36.6215	147
36.6235	145
36.6255	144
36.6275	143
36.6295	142
36.6315	142
36.6335	141
36.6355	141
36.647	154
36.649	148
36.6511	143
36.6531	139
36.6551	135
36.6571	132
36.6591	130
36.6611	129
36.6631	128
36.6651	127
36.6671	126
36.6691	126
36.6711	126
36.6731	126
36.6751	126
36.6771	126
36.6791	126
36.6811	126
36.6831	127
36.6851	127
36.6871	127
36.6891	127
36.6911	127
36.6931	127
36.6951	127
36.6971	127
36.6991	127
36.7011	127
36.7031	127
36.7061	139
36.7081	137
36.7101	137
36.7121	136
36.7141	136
36.7161	136
36.7181	136
36.7201	137
36.7221	138
36.7241	138
36.7262	139
36.7282	141
36.7302	142
36.7322	143
36.7342	145
36.7362	146
36.7382	148
36.7402	149
36.7422	147
36.7442	144
36.7462	143
36.7482	141
36.7502	140
36.7522	139
36.7542	138
36.7562	137
36.7582	136
36.7602	135
36.7622	135
36.7642	134
36.7662	135
36.7682	133
36.7702	132
36.7722	130
36.7742	129
36.7762	128
36.7782	127
36.7802	126
36.7822	125
36.7842	125
36.7862	124
36.7882	124
36.7902	124
36.7922	124
36.7942	123
36.7962	123
36.7982	123
36.8003	123
36.8023	123
36.8043	123
36.8063	123
36.8083	123
36.8103	123
36.8123	123
36.8143	123
36.8163	123
36.8183	123
36.8203	123
36.8223	123
36.8243	123
36.8263	141
36.8283	139
36.8303	137
36.8323	135
36.8343	134
36.8363	132
36.8383	131
36.8403	130
36.8423	129
36.8443	129
36.8463	128
36.8483	127
36.8503	127
36.8523	127
36.8543	126
36.8563	126
36.8583	126
36.8603	125
36.8623	125
36.8643	125
36.8663	125
36.8683	125
36.8703	124
36.8723	124
36.8743	124
36.8764	124
36.8784	124
36.8804	124
36.8824	124
36.8844	124
36.8864	124
36.8884	124
36.8894	130
36.8914	130
36.8934	129
36.8954	129
36.8974	128
36.8994	128
36.9014	127
36.9034	127
36.9054	127
36.9074	126
36.9094	126
36.9114	126
36.9134	126
36.9154	126
36.9174	126
36.9194	126
36.9214	126
36.9234	126
36.9254	126
36.9274	126
36.9294	126
36.9314	126
36.9334	126
36.9354	126
36.9374	126
36.9394	126
36.9414	126
36.9434	126
36.9454	126
36.9474	126
36.9494	126
36.9525	124
36.9545	124
36.9565	125
36.9585	125
36.9605	125
36.9625	126
36.9645	126
36.9665	126
36.9685	126
36.9705	126
36.9725	127
36.9745	127
36.9765	127
36.9785	127
36.9805	127
36.9825	127
36.9845	127
36.9865	127
36.9885	127
36.9905	127
36.9925	127
36.9945	127
36.9965	127
36.9985	127
37.0005	127
37.0025	127
37.0045	127
37.0065	127
37.0085	127
37.0105	127
37.0125	127
37.0145	127
37.0165	135
37.0185	134
37.0205	133
37.0225	133
37.0245	132
37.0266	132
37.0286	131
37.0306	131
37.0326	131
37.0346	130
37.0366	130
37.0386	130
37.0406	130
37.0426	130
37.0446	129
37.0466	129
37.0486	129
37.0506	129
37.0526	129
37.0546	129
37.0566	130
37.0586	130
37.0606	130
37.0626	130
37.0646	130
37.0666	130
37.0686	130
37.0706	130
37.0726	130
37.0746	130
37.0766	130
37.0786	130
37.0806	135
37.0826	135
37.0846	134
37.0866	133
37.0886	133
37.0906	133
37.0926	133
37.0946	133
37.0966	133
37.0986	132
37.1007	132
37.1027	132
37.1047	132
37.1067	132
37.1087	132
37.1107	132
37.1127	132
37.1147	132
37.1167	132
37.1187	132
37.1207	132
37.1227	132
37.1247	132
37.1267	132
37.1287	132
37.1307	132
37.1327	132
37.1347	132
37.1367	132
37.1387	132
37.1407	132
37.1427	132
37.1447	132
37.1467	139
37.1487	138
37.1507	137
37.1527	136
37.1547	136
37.1567	135
37.1587	135
37.1607	134
37.1627	134
37.1647	134
37.1667	133
37.1687	133
37.1707	133
37.1727	133
37.1747	133
37.1768	132
37.1788	132
37.1808	132
37.1828	132
37.1848	132
37.1868	132
37.1888	132
37.1908	132
37.1928	132
37.1948	132
37.1968	132
37.1988	132
37.2008	132
37.2028	132
37.2048	133
37.2068	133
37.2088	133
37.2108	133
37.2128	140
37.2148	139
37.2168	138
37.2188	138
37.2208	137
37.2228	137
37.2248	136
37.2268	136
37.2288	136
37.2308	135
37.2328	135
37.2348	135
37.2368	135
37.2388	135
37.2408	135
37.2428	135
37.2448	135
37.2468	135
37.2488	135
37.2509	135
37.2529	135
37.2549	135
37.2569	135
37.2589	135
37.2609	135
37.2629	135
37.2649	135
37.2669	135
37.2689	135
37.2709	135
37.2729	135
37.2749	135
37.2769	135
37.2789	135
37.2809	141
37.2829	141
37.2849	140
37.2869	140
37.2889	139
37.2909	139
37.2929	138
37.2949	138
37.2969	138
37.2989	137
37.3009	137
37.3029	137
37.3049	137
37.3069	137
37.3089	136
37.3109	136
37.3129	136
37.3149	136
37.3169	136
37.3189	136
37.3209	136
37.3229	136
37.3249	136
37.327	136
37.329	136
37.331	136
37.333	136
37.335	136
37.337	136
37.339	136
37.341	136
37.343	136
37.345	136
37.347	136
37.348	144
37.35	143
37.352	142
37.354	141
37.356	141
37.358	140
37.36	140
37.362	139
37.364	139
37.366	139
37.368	139
37.37	139
37.372	138
37.374	138
37.376	138
37.378	138
37.38	138
37.382	138
37.384	138
37.386	138
37.388	138
37.39	138
37.392	138
37.394	138
37.396	138
37.398	138
37.4	138
37.4021	139
37.4041	139
37.4061	139
37.4081	139
37.4101	139
37.4121	139
37.4141	139
37.4161	139
37.4191	136
37.4211	137
37.4231	137
37.4251	137
37.4271	138
37.4291	138
37.4311	138
37.4331	139
37.4351	139
37.4371	139
37.4391	139
37.4411	139
37.4431	140
37.4451	140
37.4471	140
37.4491	140
37.4511	140
37.4531	140
37.4551	140
37.4571	140
37.4591	140
37.4611	140
37.4631	140
37.4651	140
37.4671	140
37.4691	140
37.4711	140
37.4731	140
37.4751	140
37.4772	140
37.4792	140
37.4812	140
37.4832	140
37.4852	140
37.4872	140
37.4882	148
37.4902	147
37.4922	147
37.4942	146
37.4962	146
37.4982	145
37.5002	145
37.5022	145
37.5042	144
37.5062	144
37.5082	144
37.5102	143
37.5122	143
37.5142	143
37.5162	143
37.5182	143
37.5202	142
37.5222	142
37.5242	142
37.5262	142
37.5282	142
37.5302	142
37.5322	142
37.5342	142
37.5362	142
37.5382	142
37.5402	142
37.5422	142
37.5442	142
37.5462	142
37.5482	142
37.5502	142
37.5523	142
37.5543	142
37.5563	142
37.5583	142
37.5603	140
37.5623	141
37.5643	141
37.5663	141
37.5683	141
37.5703	141
37.5723	142
37.5743	142
37.5763	142
37.5783	142
37.5803	142
37.5823	142
37.5843	142
37.5863	142
37.5883	142
37.5903	142
37.5923	142
37.5943	142
37.5963	142
37.5983	142
37.6003	142
37.6023	142
37.6043	142
37.6063	142
37.6083	142
37.6103	142
37.6123	142
37.6143	142
37.6163	142
37.6183	142
37.6203	142
37.6223	142
37.6243	142
37.6264	142
37.6284	142
37.6304	142
37.6324	142
37.6344	142
37.6364	143
37.6384	143
37.6404	143
37.6424	144
37.6444	144
37.6464	144
37.6484	144
37.6504	144
37.6524	145
37.6544	145
37.6564	145
37.6584	145
37.6604	145
37.6624	145
37.6644	145
37.6664	145
37.6684	145
37.6704	145
37.6724	145
37.6744	145
37.6764	145
37.6784	145
37.6804	145
37.6824	145
37.6844	145
37.6864	145
37.6884	145
37.6904	145
37.6924	145
37.6944	145
37.6964	145
37.6984	145
37.7004	145
37.7025	145
37.7055	143
37.7065	146
37.7085	143
37.7105	143
37.7125	144
37.7145	144
37.7165	144
37.7185	144
37.7205	144
37.7225	145
37.7245	145
37.7265	145
37.7285	145
37.7305	145
37.7325	145
37.7345	145
37.7365	145
37.7385	146
37.7405	146
37.7425	146
37.7445	146
37.7465	146
37.7485	147
37.7505	147
37.7525	147
37.7545	147
37.7565	147
37.7585	147
37.7605	147
37.7625	147
37.7645	147
37.7665	147
37.7685	147
37.7705	147
37.7725	147
37.7745	147
37.7776	146
37.7786	148
37.7816	146
37.7836	146
37.7856	147
37.7876	147
37.7896	147
37.7916	147
37.7936	147
37.7956	147
37.7976	148
37.7996	148
37.8016	148
37.8036	148
37.8056	148
37.8076	148
37.8096	148
37.8116	148
37.8136	148
37.8156	148
37.8176	148
37.8196	148
37.8216	148
37.8236	148
37.8256	148
37.8276	148
37.8296	148
37.8316	148
37.8336	148
37.8356	148
37.8376	148
37.8396	148
37.8416	148
37.8436	148
37.8456	148
37.8476	148
37.8496	156
37.8516	149
37.8527	155
37.8557	149
37.8567	154
37.8597	154
37.8617	153
37.8637	152
37.8657	152
37.8677	151
37.8697	151
37.8717	151
37.8737	150
37.8757	150
37.8777	150
37.8797	150
37.8817	150
37.8837	150
37.8857	149
37.8877	149
37.8897	149
37.8917	149
37.8937	149
37.8957	149
37.8977	149
37.8997	149
37.9017	149
37.9037	149
37.9057	149
37.9077	149
37.9097	149
37.9117	149
37.9137	149
37.9157	149
37.9177	149
37.9197	149
37.9217	157
37.9237	149
37.9247	156
37.9278	149
37.9288	155
37.9318	150
37.9328	154
37.9348	153
37.9368	153
37.9388	152
37.9408	152
37.9428	151
37.9448	151
37.9468	151
37.9488	150
37.9508	150
37.9528	150
37.9548	150
37.9568	150
37.9588	149
37.9608	149
37.9628	149
37.9648	149
37.9668	149
37.9688	149
37.9708	149
37.9728	149
37.9748	149
37.9768	149
37.9788	149
37.9808	149
37.9828	149
37.9848	149
37.9868	149
37.9888	149
37.9908	149
37.9928	149
37.9948	149
37.9978	149
37.9988	149
38.0018	150
38.0029	149
38.0059	150
38.0069	149
38.0099	151
38.0109	149
38.0139	150
38.0159	150
38.0179	150
38.0199	150
38.0219	150
38.0239	151
38.0259	151
38.0279	151
38.0299	151
38.0319	151
38.0339	151
38.0359	151
38.0379	151
38.0399	151
38.0419	151
38.0439	151
38.0459	151
38.0479	151
38.0499	151
38.0519	151
38.0539	151
38.0559	151
38.0579	151
38.0599	151
38.0619	151
38.0639	151
38.0659	158
38.0679	152
38.0689	157
38.0719	152
38.0729	156
38.0759	153
38.0769	155
38.08	154
38.081	154
38.084	154
38.085	153
38.088	155
38.089	153
38.092	153
38.094	153
38.096	153
38.098	153
38.1	153
38.102	153
38.104	153
38.106	153
38.108	153
38.11	153
38.112	153
38.114	153
38.116	153
38.118	153
38.12	153
38.122	153
38.124	153
38.126	153
38.128	153
38.13	153
38.132	153
38.134	153
38.136	153
38.138	153
38.139	162
38.142	160
38.143	154
38.146	158
38.147	154
38.15	157
38.151	155
38.1541	156
38.1551	156
38.1581	155
38.1591	157
38.1621	154
38.1631	157
38.1661	154
38.1671	158
38.1701	153
38.1711	158
38.1731	153
38.1751	153
38.1771	153
38.1791	153
38.1811	153
38.1831	153
38.1851	153
38.1871	153
38.1891	153
38.1911	153
38.1931	153
38.1951	153
38.1971	153
38.1991	153
38.2011	153
38.2031	153
38.2051	153
38.2071	153
38.2091	153
38.2111	157
38.2141	154
38.2151	155
38.2181	154
38.2191	154
38.2221	155
38.2231	153
38.2261	156
38.2271	152
38.2302	157
38.2312	152
38.2342	158
38.2352	151
38.2382	158
38.2392	151
38.2422	159
38.2432	150
38.2462	159
38.2472	151
38.2502	160
38.2512	151
38.2532	151
38.2552	152
38.2572	152
38.2592	152
38.2612	152
38.2632	152
38.2652	153
38.2672	153
38.2692	153
38.2712	153
38.2732	153
38.2752	153
38.2772	153
38.2792	153
38.2812	153
38.2842	158
38.2852	153
38.2882	157
38.2892	154
38.2922	156
38.2932	155
38.2962	155
38.2972	156
38.3002	154
38.3012	157
38.3043	154
38.3053	158
38.3083	153
38.3093	159
38.3123	153
38.3133	160
38.3163	152
38.3173	160
38.3203	152
38.3213	161
38.3243	152
38.3253	162
38.3283	152
38.3293	162
38.3323	152
38.3333	163
38.3363	153
38.3383	153
38.3403	154
38.3423	154
38.3443	154
38.3463	155
38.3483	155
38.3503	155
38.3523	155
38.3543	155
38.3553	165
38.3583	156
38.3593	163
38.3623	156
38.3633	161
38.3663	157
38.3673	159
38.3703	158
38.3713	158
38.3743	159
38.3753	157
38.3784	160
38.3794	155
38.3824	161
38.3834	154
38.3864	162
38.3874	154
38.3904	163
38.3914	153
38.3944	163
38.3954	152
38.3984	151
38.3994	164
38.4024	151
38.4034	164
38.4064	151
38.4074	165
38.4104	151
38.4114	165
38.4144	152
38.4154	166
38.4184	152
38.4204	153
38.4224	153
38.4244	154
38.4264	154
38.4284	167
38.4304	155
38.4314	165
38.4344	155
38.4354	162
38.4384	156
38.4394	160
38.4424	157
38.4434	159
38.4464	158
38.4474	157
38.4504	160
38.4514	156
38.4545	161
38.4555	155
38.4585	162
38.4595	154
38.4625	163
38.4635	153
38.4665	163
38.4675	152
38.4705	164
38.4715	151
38.4745	165
38.4755	151
38.4785	165
38.4795	150
38.4825	165
38.4835	150
38.4865	166
38.4875	150
38.4905	166
38.4915	150
38.4945	166
38.4955	150
38.4985	167
38.4995	151
38.5025	167
38.5035	151
38.5065	165
38.5075	152
38.5115	153
38.5155	154
38.5195	156
38.5235	157
38.5275	158
38.5316	159
38.5356	159
38.5396	160
38.5436	161
38.5476	161
38.5516	161
38.5556	162
38.5596	162
38.5636	162
38.5676	162
38.5716	163
38.5756	163
38.5796	163
38.5836	162
38.5876	161
38.7876	159
38.7896	154
38.7916	150
38.7936	147
38.7956	144
38.7976	142
38.7996	141
38.8017	140
38.8037	139
38.8057	139
38.8077	139
38.8097	139
38.8117	139
38.8137	140
38.8157	140
38.8177	140
38.8497	155
38.8517	151
38.8537	147
38.8557	144
38.8577	142
38.8597	140
38.8617	138
38.8637	137
38.8657	137
38.8677	136
38.8697	135
38.8717	134
38.8893	148
38.8913	143
38.8933	138
38.8953	135
38.8973	132
38.8993	130
38.9013	128
38.9033	127
38.9053	126
38.9073	125
38.9093	125
38.9113	125
38.9133	125
38.9153	126
38.9173	126
38.9193	126
38.9213	126
38.9233	126
38.9253	127
38.9273	127
38.9293	127
38.9313	127
38.9333	127
38.9354	127
38.9374	127
38.9394	127
38.9414	127
38.9434	127
38.9454	127
38.9464	142
38.9484	140
38.9504	139
38.9524	138
38.9544	138
38.9564	138
38.9584	138
38.9604	138
38.9624	139
38.9644	139
38.9664	140
38.9684	141
38.9704	142
38.9724	144
38.9744	145
38.9764	147
38.9784	144
38.9804	143
38.9824	141
38.9844	140
38.9864	139
38.9884	138
38.9904	137
38.9924	136
38.9944	135
38.9964	135
38.9984	134
39.0004	134
39.0034	126
39.0054	124
39.0074	123
39.0095	122
39.0115	121
39.0135	121
39.0155	120
39.0175	119
39.0195	119
39.0215	119
39.0235	118
39.0255	118
39.0275	118
39.0295	117
39.0315	117
39.0335	117
39.0355	117
39.0375	117
39.0395	116
39.0415	116
39.0435	116
39.0455	116
39.0475	116
39.0495	116
39.0515	116
39.0535	116
39.0555	116
39.0575	116
39.0595	116
39.0615	141
39.0635	138
39.0655	135
39.0675	133
39.0695	131
39.0715	129
39.0735	127
39.0755	126
39.0775	125
39.0795	124
39.0815	123
39.0835	122
39.0856	121
39.0876	121
39.0896	120
39.0916	120
39.0936	119
39.0956	119
39.0976	119
39.0996	118
39.1016	118
39.1036	118
39.1056	118
39.1076	118
39.1096	117
39.1116	117
39.1136	117
39.1156	117
39.1176	117
39.1186	123
39.1206	122
39.1226	121
39.1246	121
39.1266	120
39.1286	120
39.1306	119
39.1326	119
39.1346	119
39.1366	118
39.1386	118
39.1406	118
39.1426	118
39.1446	118
39.1466	117
39.1486	117
39.1506	117
39.1526	117
39.1546	117
39.1566	117
39.1586	117
39.1607	117
39.1627	117
39.1647	117
39.1667	117
39.1687	117
39.1707	117
39.1727	117
39.1747	117
39.1767	117
39.1787	117
39.1807	117
39.1827	117
39.1847	117
39.1867	118
39.1887	118
39.1907	118
39.1927	118
39.1947	118
39.1967	118
39.1987	118
39.2007	118
39.2027	118
39.2047	118
39.2067	118
39.2087	118
39.2107	118
39.2127	118
39.2147	118
39.2167	118
39.2187	118
39.2207	118
39.2227	118
39.2247	118
39.2267	118
39.2287	118
39.2307	118
39.2327	118
39.2348	118
39.2368	118
39.2388	117
39.2408	118
39.2428	118
39.2448	118
39.2468	119
39.2488	119
39.2508	119
39.2528	120
39.2548	120
39.2568	120
39.2588	120
39.2608	120
39.2628	121
39.2648	121
39.2668	121
39.2688	121
39.2708	121
39.2728	121
39.2748	121
39.2768	121
39.2788	121
39.2808	121
39.2828	121
39.2848	121
39.2868	121
39.2888	121
39.2908	121
39.2928	121
39.2948	121
39.2968	121
39.2998	119
39.3018	119
39.3038	119
39.3058	119
39.3078	119
39.3099	120
39.3119	120
39.3139	120
39.3159	120
39.3179	120
39.3199	120
39.3219	120
39.3239	120
39.3259	120
39.3279	120
39.3299	120
39.3319	120
39.3339	120
39.3359	120
39.3379	120
39.3399	120
39.3419	120
39.3439	120
39.3459	120
39.3479	120
39.3499	120
39.3519	121
39.3539	121
39.3559	121
39.3579	121
39.3599	129
39.3619	128
39.3639	128
39.3659	127
39.3679	126
39.3699	126
39.3719	125
39.3739	125
39.3759	125
39.3779	124
39.3799	124
39.3819	124
39.3839	124
39.386	124
39.388	124
39.39	123
39.392	123
39.394	123
39.396	123
39.398	123
39.4	123
39.402	123
39.404	123
39.406	123
39.408	123
39.41	123
39.412	123
39.414	123
39.416	123
39.418	123
39.42	123
39.421	129
39.423	128
39.425	128
39.427	127
39.429	127
39.431	126
39.433	126
39.435	126
39.437	125
39.439	125
39.441	125
39.443	125
39.445	125
39.447	124
39.449	124
39.451	124
39.453	124
39.455	124
39.457	124
39.459	124
39.4611	124
39.4631	124
39.4651	124
39.4671	124
39.4691	124
39.4711	124
39.4731	124
39.4751	124
39.4771	124
39.4791	124
39.4821	123
39.4841	123
39.4861	123
39.4881	123
39.4901	123
39.4921	124
39.4941	124
39.4961	124
39.4981	124
39.5001	124
39.5021	124
39.5041	124
39.5061	124
39.5081	124
39.5101	124
39.5121	124
39.5141	124
39.5161	124
39.5181	124
39.5201	124
39.5221	124
39.5241	124
39.5261	124
39.5281	124
39.5301	124
39.5321	124
39.5341	124
39.5362	124
39.5382	124
39.5402	124
39.5422	124
39.5442	131
39.5462	131
39.5482	130
39.5502	129
39.5522	129
39.5542	128
39.5562	128
39.5582	127
39.5602	127
39.5622	127
39.5642	126
39.5662	126
39.5682	126
39.5702	126
39.5722	126
39.5742	125
39.5762	125
39.5782	125
39.5802	125
39.5822	125
39.5842	125
39.5862	125
39.5882	125
39.5902	125
39.5922	125
39.5942	125
39.5962	125
39.5982	125
39.6002	125
39.6022	125
39.6042	125
39.6052	132
39.6072	131
39.6092	130
39.6113	130
39.6133	129
39.6153	128
39.6173	128
39.6193	127
39.6213	127
39.6233	127
39.6253	126
39.6273	126
39.6293	126
39.6313	126
39.6333	126
39.6353	126
39.6373	125
39.6393	125
39.6413	125
39.6433	125
39.6453	125
39.6473	125
39.6493	125
39.6513	125
39.6533	125
39.6553	125
39.6573	125
39.6593	125
39.6613	125
39.6633	125
39.6653	125
39.6673	125
39.6693	125
39.6713	125
39.6733	125
39.6753	125
39.6773	125
39.6793	126
39.6813	126
39.6833	126
39.6854	126
39.6874	126
39.6894	126
39.6914	126
39.6934	126
39.6954	126
39.6974	126
39.6994	126
39.7014	126
39.7034	126
39.7054	126
39.7074	126
39.7094	126
39.7114	126
39.7134	126
39.7154	126
39.7174	126
39.7194	126
39.7214	126
39.7234	126
39.7254	126
39.7274	126
39.7294	126
39.7324	125
39.7344	125
39.7364	125
39.7384	125
39.7404	126
39.7424	126
39.7444	126
39.7464	126
39.7484	126
39.7504	126
39.7524	126
39.7544	126
39.7564	126
39.7584	126
39.7605	126
39.7625	126
39.7645	126
39.7665	127
39.7685	127
39.7705	127
39.7725	127
39.7745	127
39.7765	128
39.7785	128
39.7805	128
39.7825	128
39.7845	128
39.7865	128
39.7885	128
39.7905	128
39.7925	128
39.7945	128
39.7965	135
39.7985	134
39.8005	133
39.8025	133
39.8045	132
39.8065	132
39.8085	131
39.8105	131
39.8125	131
39.8145	130
39.8165	130
39.8185	130
39.8205	130
39.8225	130
39.8245	129
39.8265	129
39.8285	129
39.8305	129
39.8325	129
39.8345	129
39.8366	129
39.8386	129
39.8406	129
39.8426	129
39.8446	129
39.8466	129
39.8486	129
39.8506	129
39.8526	129
39.8546	129
39.8566	129
39.8586	129
39.8596	136
39.8616	135
39.8636	134
39.8656	134
39.8676	133
39.8696	132
39.8716	132
39.8736	131
39.8756	131
39.8776	131
39.8796	131
39.8816	130
39.8836	130
39.8856	130
39.8876	130
39.8896	130
39.8916	129
39.8936	129
39.8956	129
39.8976	129
39.8996	129
39.9016	129
39.9036	129
39.9056	129
39.9076	129
39.9096	129
39.9117	129
39.9137	129
39.9157	129
39.9177	129
39.9197	129
39.9217	129
39.9247	128
39.9267	128
39.9287	128
39.9307	128
39.9327	128
39.9347	128
39.9367	128
39.9387	128
39.9407	128
39.9427	128
39.9447	128
39.9467	128
39.9487	128
39.9507	128
39.9527	128
39.9547	128
39.9567	128
39.9587	128
39.9607	128
39.9627	128
39.9647	128
39.9667	128
39.9687	128
39.9707	128
39.9727	128
39.9747	128
39.9767	128
39.9787	128
39.9807	128
39.9827	128
39.9847	128
39.9868	128
39.9878	137
39.9898	136
39.9918	135
39.9938	134
39.9958	134
39.9978	133
39.9998	133
40.0018	132
40.0038	132
40.0058	132
40.0078	131
40.0098	131
40.0118	131
40.0138	131
40.0158	131
40.0178	130
40.0198	130
40.0218	130
40.0238	130
40.0258	130
40.0278	130
40.0298	130
40.0318	130
40.0338	130
40.0358	130
40.0378	130
40.0398	130
40.0418	130
40.0438	130
40.0458	130
40.0478	130
40.0498	130
40.0518	130
40.0538	128
40.0558	128
40.0578	128
40.0598	129
40.0619	129
40.0639	129
40.0659	129
40.0679	129
40.0699	130
40.0719	130
40.0739	130
40.0759	130
40.0779	130
40.0799	130
40.0819	130
40.0839	130
40.0859	130
40.0879	130
40.0899	130
40.0919	130
40.0939	130
40.0959	130
40.0979	130
40.0999	130
40.1019	130
40.1039	130
40.1059	130
40.1079	130
40.1099	130
40.1119	130
40.1139	130
40.1159	130
40.1189	130
40.1209	130
40.1229	130
40.1249	130
40.1269	130
40.1289	130
40.1309	130
40.1329	130
40.1349	130
40.137	130
40.139	130
40.141	130
40.143	130
40.145	130
40.147	130
40.149	130
40.151	130
40.153	130
40.155	130
40.157	130
40.159	130
40.161	130
40.163	130
40.165	130
40.167	130
40.169	130
40.171	130
40.173	130
40.175	131
40.177	131
40.179	131
40.181	131
40.183	131
40.184	139
40.186	138
40.188	137
40.19	137
40.192	136
40.194	136
40.196	135
40.198	135
40.2	135
40.202	134
40.204	134
40.206	134
40.208	134
40.21	134
40.2121	133
40.2141	133
40.2161	133
40.2181	133
40.2201	133
40.2221	133
40.2241	133
40.2261	133
40.2281	133
40.2301	133
40.2321	133
40.2341	133
40.2361	133
40.2381	133
40.2401	133
40.2421	133
40.2441	133
40.2461	133
40.2481	133
40.2501	131
40.2521	131
40.2541	132
40.2561	132
40.2581	132
40.2601	132
40.2621	132
40.2641	133
40.2661	133
40.2681	133
40.2701	133
40.2721	133
40.2741	133
40.2761	133
40.2781	133
40.2801	133
40.2821	133
40.2841	133
40.2862	133
40.2882	133
40.2902	133
40.2922	133
40.2942	133
40.2962	133
40.2982	133
40.3002	133
40.3022	133
40.3042	133
40.3062	133
40.3082	133
40.3102	133
40.3122	133
40.3142	133
40.3172	133
40.3192	133
40.3212	133
40.3232	133
40.3252	133
40.3272	133
40.3292	133
40.3312	133
40.3332	133
40.3352	133
40.3372	133
40.3392	133
40.3412	133
40.3432	133
40.3452	133
40.3472	133
40.3492	133
40.3512	133
40.3532	133
40.3552	133
40.3572	133
40.3592	133
40.3613	133
40.3633	133
40.3653	133
40.3673	133
40.3693	133
40.3713	133
40.3733	133
40.3753	133
40.3773	133
40.3793	133
40.3813	133
40.3823	141
40.3843	140
40.3863	139
40.3883	139
40.3903	138
40.3923	137
40.3943	137
40.3963	137
40.3983	136
40.4003	136
40.4023	136
40.4043	135
40.4063	135
40.4083	135
40.4103	135
40.4123	135
40.4143	134
40.4163	134
40.4183	134
40.4203	134
40.4223	134
40.4243	134
40.4263	134
40.4283	134
40.4303	134
40.4323	134
40.4343	134
40.4364	134
40.4384	134
40.4404	134
40.4424	134
40.4444	134
40.4464	134
40.4494	132
40.4514	132
40.4534	132
40.4554	132
40.4574	132
40.4594	132
40.4614	132
40.4634	132
40.4654	132
40.4674	132
40.4694	132
40.4714	132
40.4734	132
40.4754	132
40.4774	132
40.4794	132
40.4814	132
40.4834	132
40.4854	132
40.4874	132
40.4894	132
40.4914	132
40.4934	132
40.4954	132
40.4974	132
40.4994	132
40.5014	132
40.5034	132
40.5054	132
40.5074	132
40.5094	132
40.5115	132
40.5135	132
40.5145	142
40.5165	141
40.5185	140
40.5205	139
40.5225	138
40.5245	138
40.5265	137
40.5285	137
40.5305	136
40.5325	136
40.5345	136
40.5365	135
40.5385	135
40.5405	135
40.5425	135
40.5445	135
40.5465	134
40.5485	134
40.5505	134
40.5525	134
40.5545	134
40.5565	134
40.5585	134
40.5605	134
40.5625	134
40.5645	134
40.5665	134
40.5685	134
40.5705	134
40.5725	134
40.5745	134
40.5765	134
40.5785	134
40.5805	134
40.5825	132
40.5845	132
40.5866	132
40.5886	132
40.5906	132
40.5926	132
40.5946	132
40.5966	132
40.5986	132
40.6006	132
40.6026	132
40.6046	133
40.6066	133
40.6086	133
40.6106	133
40.6126	133
40.6146	134
40.6166	134
40.6186	134
40.6206	134
40.6226	134
40.6246	134
40.6266	134
40.6286	134
40.6306	134
40.6326	134
40.6346	134
40.6366	134
40.6386	134
40.6406	134
40.6426	134
40.6446	134
40.6466	134
40.6496	134
40.6516	134
40.6536	134
40.6556	134
40.6576	134
40.6596	134
40.6617	134
40.6637	134
40.6657	134
40.6677	134
40.6697	134
40.6717	134
40.6737	134
40.6757	134
40.6777	134
40.6797	134
40.6817	134
40.6837	134
40.6857	134
40.6877	134
40.6897	134
40.6917	134
40.6937	134
40.6957	134
40.6977	134
40.6997	134
40.7017	134
40.7037	134
40.7057	134
40.7077	134
40.7097	134
40.7117	134
40.7137	134
40.7157	134
40.7167	143
40.7187	142
40.7207	141
40.7227	140
40.7247	140
40.7267	139
40.7287	139
40.7307	138
40.7327	138
40.7347	138
40.7368	137
40.7388	137
40.7408	137
40.7428	137
40.7448	137
40.7468	136
40.7488	136
40.7508	136
40.7528	136
40.7548	136
40.7568	136
40.7588	136
40.7608	136
40.7628	136
40.7648	136
40.7668	136
40.7688	136
40.7708	136
40.7728	136
40.7748	136
40.7768	136
40.7788	136
40.7808	136
40.7838	134
40.7858	134
40.7878	134
40.7898	134
40.7918	134
40.7938	134
40.7958	134
40.7978	134
40.7998	134
40.8018	134
40.8038	134
40.8058	134
40.8078	134
40.8098	134
40.8119	134
40.8139	134
40.8159	134
40.8179	134
40.8199	134
40.8219	134
40.8239	134
40.8259	134
40.8279	134
40.8299	134
40.8319	134
40.8339	134
40.8359	134
40.8379	134
40.8399	134
40.8419	134
40.8439	134
40.8459	134
40.8479	134
40.8499	134
40.8509	144
40.8529	143
40.8549	142
40.8569	141
40.8589	141
40.8609	140
40.8629	139
40.8649	139
40.8669	138
40.8689	138
40.8709	138
40.8729	137
40.8749	137
40.8769	137
40.8789	137
40.8809	137
40.8829	137
40.8849	136
40.887	136
40.889	136
40.891	136
40.893	136
40.895	136
40.897	136
40.899	136
40.901	136
40.903	136
40.905	136
40.907	136
40.909	136
40.911	136
40.913	136
40.915	136
40.918	134
40.92	134
40.922	134
40.924	134
40.926	134
40.928	134
40.93	134
40.932	134
40.934	134
40.936	134
40.938	134
40.94	134
40.942	134
40.944	134
40.946	134
40.948	134
40.95	134
40.952	134
40.954	134
40.956	134
40.958	134
40.96	134
40.9621	134
40.9641	134
40.9661	134
40.9681	134
40.9701	134
40.9721	134
40.9741	134
40.9761	134
40.9781	134
40.9801	134
40.9821	134
40.9841	134
40.9851	144
40.9871	143
40.9891	142
40.9911	142
40.9931	141
40.9951	140
40.9971	140
40.9991	140
41.0011	139
41.0031	139
41.0051	139
41.0071	138
41.0091	138
41.0111	138
41.0131	138
41.0151	138
41.0171	137
41.0191	137
41.0211	137
41.0231	137
41.0251	137
41.0271	137
41.0291	137
41.0311	137
41.0331	137
41.0351	137
41.0371	137
41.0392	137
41.0412	137
41.0432	137
41.0452	137
41.0472	137
41.0492	137
41.0522	134
41.0542	134
41.0562	134
41.0582	134
41.0602	134
41.0622	134
41.0642	134
41.0662	134
41.0682	134
41.0702	134
41.0722	134
41.0742	134
41.0762	134
41.0782	134
41.0802	134
41.0822	134
41.0842	134
41.0862	134
41.0882	134
41.0902	134
41.0922	134
41.0942	134
41.0962	134
41.0982	134
41.1002	134
41.1022	134
41.1042	134
41.1062	134
41.1082	134
41.1102	134
41.1122	134
41.1143	134
41.1163	134
41.1183	134
41.1193	145
41.1213	144
41.1233	143
41.1253	142
41.1273	141
41.1293	140
41.1313	140
41.1333	139
41.1353	139
41.1373	138
41.1393	138
41.1413	138
41.1433	137
41.1453	137
41.1473	137
41.1493	137
41.1513	137
41.1533	136
41.1553	136
41.1573	136
41.1593	136
41.1613	136
41.1633	136
41.1653	136
41.1673	136
41.1693	136
41.1713	136
41.1733	136
41.1753	136
41.1773	136
41.1793	136
41.1813	136
41.1833	136
41.1863	134
41.1884	134
41.1904	134
41.1924	134
41.1944	134
41.1964	134
41.1984	134
41.2004	134
41.2024	134
41.2044	134
41.2064	134
41.2084	134
41.2104	134
41.2124	134
41.2144	134
41.2164	134
41.2184	134
41.2204	134
41.2224	134
41.2244	134
41.2264	134
41.2284	134
41.2304	134
41.2324	134
41.2344	134
41.2364	134
41.2384	134
41.2404	134
41.2424	134
41.2444	134
41.2464	134
41.2484	134
41.2504	134
41.2524	134
41.2534	144
41.2554	143
41.2574	142
41.2594	141
41.2614	141
41.2635	140
41.2655	139
41.2675	139
41.2695	138
41.2715	138
41.2735	138
41.2755	137
41.2775	137
41.2795	137
41.2815	137
41.2835	137
41.2855	137
41.2875	136
41.2895	136
41.2915	136
41.2935	136
41.2955	136
41.2975	136
41.2995	136
41.3015	136
41.3035	136
41.3055	136
41.3075	136
41.3095	136
41.3115	136
41.3135	136
41.3155	136
41.3175	136
41.3205	134
41.3225	134
41.3245	134
41.3265	134
41.3285	134
41.3305	134
41.3325	134
41.3345	134
41.3365	134
41.3386	134
41.3406	134
41.3426	134
41.3446	134
41.3466	134
41.3486	134
41.3506	134
41.3526	134
41.3546	134
41.3566	134
41.3586	134
41.3606	134
41.3626	134
41.3646	134
41.3666	134
41.3686	134
41.3706	134
41.3726	134
41.3746	134
41.3766	134
41.3876	144
41.3896	143
41.3916	142
41.3936	141
41.3956	141
41.3976	140
41.3996	139
41.4016	139
41.4036	138
41.4056	138
41.4076	138
41.4096	137
41.4116	137
41.4137	137
41.4157	137
41.4177	137
41.4197	137
41.4217	136
41.4237	136
41.4257	136
41.4277	136
41.4297	136
41.4317	136
41.4337	136
41.4357	136
41.4377	136
41.4397	136
41.4417	136
41.4437	136
41.4457	136
41.4477	136
41.4497	136
41.4517	136
41.5218	144
41.5238	143
41.5258	142
41.5278	141
41.5298	141
41.5318	140
41.5338	139
41.5358	139
41.5378	138
41.5398	138
41.5418	138
41.5438	137
41.5458	137
41.5478	137
41.5498	137
41.5518	137
41.5538	137
41.5558	136
41.5578	136
41.5598	136
41.5618	136
41.5639	136
41.5659	136
41.5679	136
41.5699	136
41.5719	136
41.5739	136
41.5759	136
41.5779	136
41.5799	136
41.5819	136
41.5839	136
41.5859	136
41.656	144
41.658	143
41.66	142
41.662	141
41.664	141
41.666	140
41.668	139
41.67	139
41.672	138
41.674	138
41.676	138
41.678	138
41.68	138
41.682	137
41.684	137
41.686	137
41.688	137
41.69	137
41.692	137
41.694	137
41.696	137
41.698	137
41.7	137
41.702	137
41.704	137
41.706	137
41.708	137
41.71	137
41.712	137
41.7141	137
41.7161	137
41.7181	137
41.7201	137
41.7231	134
41.7251	134
41.7271	134
41.7291	134
41.7311	134
41.7331	134
41.7351	134
41.7371	134
41.7391	134
41.7411	134
41.7431	134
41.7451	134
41.7471	134
41.7491	134
41.7511	134
41.7531	134
41.7551	134
41.7571	134
41.7591	134
41.7611	134
41.7631	134
41.7651	134
41.7671	134
41.7691	134
41.7711	134
41.7731	134
41.7751	134
41.7771	134
41.7791	134
41.7811	134
41.7831	134
41.7851	134
41.7871	134
41.7892	134
41.7902	145
41.7922	144
41.7942	143
41.7962	142
41.7982	142
41.8002	141
41.8022	140
41.8042	140
41.8062	139
41.8082	139
41.8102	139
41.8122	138
41.8142	138
41.8162	138
41.8182	137
41.8202	137
41.8222	137
41.8242	137
41.8262	137
41.8282	136
41.8302	136
41.8322	136
41.8342	136
41.8362	136
41.8382	136
41.8402	136
41.8422	136
41.8442	136
41.8462	136
41.8482	136
41.8502	136
41.8522	136
41.8542	136
41.8572	134
41.8592	134
41.8612	134
41.8632	134
41.8653	134
41.8673	134
41.8693	134
41.8713	134
41.8733	134
41.8753	134
41.8773	134
41.8793	134
41.8813	134
41.8833	134
41.8853	134
41.8873	134
41.8893	134
41.8913	134
41.8933	134
41.8953	134
41.8973	134
41.8993	134
41.9013	134
41.9033	134
41.9053	134
41.9073	134
41.9093	134
41.9113	134
41.9133	134
41.9153	134
41.9173	134
41.9193	134
41.9213	134
41.9233	134
41.9243	144
41.9263	143
41.9283	142
41.9303	141
41.9323	141
41.9343	140
41.9363	139
41.9383	139
41.9404	138
41.9424	138
41.9444	138
41.9464	137
41.9484	137
41.9504	137
41.9524	137
41.9544	137
41.9564	137
41.9584	136
41.9604	136
41.9624	136
41.9644	136
41.9664	136
41.9684	136
41.9704	136
41.9724	136
41.9744	136
41.9764	136
41.9784	136
41.9804	136
41.9824	136
41.9844	136
41.9864	136
41.9884	136
41.9914	134
41.9934	134
41.9954	134
41.9974	134
41.9994	134
42.0014	134
42.0034	134
42.0054	134
42.0074	134
42.0094	134
42.0114	134
42.0134	134
42.0155	134
42.0175	134
42.0195	134
42.0215	134
42.0235	134
42.0255	134
42.0275	134
42.0295	134
42.0315	134
42.0335	134
42.0355	134
42.0375	134
42.0395	134
42.0415	134
42.0435	134
42.0455	134
42.0475	134
42.0495	134
42.0515	134
42.0535	134
42.0555	134
42.0575	134
42.0585	144
42.0605	143
42.0625	142
42.0645	141
42.0665	141
42.0685	140
42.0705	139
42.0725	139
42.0745	138
42.0765	138
42.0785	138
42.0805	137
42.0825	137
42.0845	137
42.0865	137
42.0885	137
42.0906	137
42.0926	136
42.0946	136
42.0966	136
42.0986	136
42.1006	136
42.1026	136
42.1046	136
42.1066	136
42.1086	136
42.1106	136
42.1126	136
42.1146	136
42.1166	136
42.1186	136
42.1206	136
42.1226	136
42.1256	134
42.1276	134
42.1296	134
42.1316	134
42.1336	134
42.1356	134
42.1376	134
42.1396	134
42.1416	134
42.1436	134
42.1456	134
42.1476	134
42.1496	134
42.1516	134
42.1536	134
42.1556	134
42.1576	134
42.1596	134
42.1616	134
42.1636	134
42.1657	134
42.1677	134
42.1697	134
42.1717	134
42.1737	134
42.1927	144
42.1947	143
42.1967	142
42.1987	141
42.2007	141
42.2027	140
42.2047	139
42.2067	139
42.2087	138
42.2107	138
42.2127	138
42.2147	137
42.2167	137
42.2187	137
42.2207	137
42.2227	137
42.2247	137
42.2267	136
42.2287	136
42.2307	136
42.2327	136
42.2347	136
42.2367	136
42.2387	136
42.2408	136
42.2428	136
42.2448	136
42.2468	136
42.2488	136
42.2508	136
42.2528	136
42.2548	136
42.2568	136
42.3269	144
42.3289	143
42.3309	142
42.3329	141
42.3349	141
42.3369	140
42.3389	139
42.3409	139
42.3429	138
42.3449	138
42.3469	138
42.3489	137
42.3509	137
42.3529	137
42.3549	137
42.3569	137
42.3589	137
42.3609	136
42.3629	136
42.3649	136
42.3669	136
42.3689	136
42.3709	136
42.3729	136
42.3749	136
42.3769	136
42.3789	136
42.3809	136
42.3829	136
42.3849	136
42.3869	136
42.3889	136
42.391	136
42.428	134
42.43	134
42.432	134
42.434	134
42.436	134
42.438	134
42.44	134
42.442	134
42.444	134
42.446	134
42.448	134
42.45	134
42.452	134
42.454	134
42.456	134
42.458	134
42.46	134
42.461	144
42.463	143
42.4651	142
42.4671	142
42.4691	141
42.4711	140
42.4731	140
42.4751	140
42.4771	139
42.4791	139
42.4811	139
42.4831	138
42.4851	138
42.4871	138
42.4891	138
42.4911	138
42.4931	137
42.4951	137
42.4971	137
42.4991	137
42.5011	137
42.5031	137
42.5051	137
42.5071	137
42.5091	137
42.5111	137
42.5131	137
42.5151	137
42.5171	137
42.5191	137
42.5211	137
42.5231	137
42.5251	137
42.5281	134
42.5301	134
42.5321	134
42.5341	134
42.5361	134
42.5381	134
42.5402	134
42.5422	134
42.5442	134
42.5462	134
42.5482	134
42.5502	134
42.5522	134
42.5542	134
42.5562	134
42.5582	134
42.5602	134
42.5622	134
42.5642	134
42.5662	134
42.5682	134
42.5702	134
42.5722	134
42.5742	134
42.5762	134
42.5782	134
42.5802	134
42.5822	134
42.5842	134
42.5862	134
42.5882	134
42.5902	134
42.5922	134
42.5942	134
42.5952	145
42.5972	144
42.5992	143
42.6012	142
42.6032	141
42.6052	140
42.6072	140
42.6092	139
42.6112	139
42.6132	138
42.6153	138
42.6173	138
42.6193	137
42.6213	137
42.6233	137
42.6253	137
42.6273	137
42.6293	136
42.6313	136
42.6333	136
42.6353	136
42.6373	136
42.6393	136
42.6413	136
42.6433	136
42.6453	136
42.6473	136
42.6493	136
42.6513	136
42.6533	136
42.6553	136
42.6573	136
42.6593	136
42.6623	134
42.6643	134
42.6663	134
42.6683	134
42.6703	134
42.6723	134
42.6743	134
42.6763	134
42.6783	134
42.6803	134
42.6823	134
42.6843	134
42.6863	134
42.6883	134
42.6904	134
42.6924	134
42.6944	134
42.6964	134
42.6984	134
42.7004	134
42.7024	134
42.7044	134
42.7064	134
42.7084	134
42.7104	134
42.7124	134
42.7144	134
42.7164	134
42.7184	134
42.7204	134
42.7224	134
42.7244	134
42.7264	134
42.7284	134
42.7294	144
42.7314	143
42.7334	142
42.7354	141
42.7374	141
42.7394	140
42.7414	139
42.7434	139
42.7454	138
42.7474	138
42.7494	138
42.7514	137
42.7534	137
42.7554	137
42.7574	137
42.7594	137
42.7614	137
42.7634	136
42.7655	136
42.7675	136
42.7695	136
42.7715	136
42.7735	136
42.7755	136
42.7775	136
42.7795	136
42.7815	136
42.7835	136
42.7855	136
42.7875	136
42.7895	136
42.7915	136
42.7935	136
42.7965	134
42.7985	134
42.8005	134
42.8025	134
42.8045	134
42.8065	134
42.8085	134
42.8105	134
42.8125	134
42.8145	134
42.8165	134
42.8185	134
42.8205	134
42.8225	134
42.8245	134
42.8265	134
42.8285	134
42.8305	134
42.8325	134
42.8345	134
42.8365	134
42.8385	134
42.8406	134
42.8426	134
42.8446	134
42.8466	134
42.8486	134
42.8506	134
42.8526	134
42.8546	134
42.8566	134
42.8586	134
42.8606	134
42.8626	134
42.8636	144
42.8656	143
42.8676	142
42.8696	141
42.8716	141
42.8736	140
42.8756	139
42.8776	139
42.8796	138
42.8816	138
42.8836	138
42.8856	137
42.8876	137
42.8896	137
42.8916	137
42.8936	137
42.8956	137
42.8976	136
42.8996	136
42.9016	136
42.9036	136
42.9056	136
42.9076	136
42.9096	136
42.9116	136
42.9136	136
42.9157	136
42.9177	136
42.9197	136
42.9217	136
42.9237	136
42.9257	136
42.9277	136
42.9307	134
42.9327	134
42.9347	134
42.9367	134
42.9387	134
42.9407	134
42.9427	134
42.9447	134
42.9978	144
42.9998	143
43.0018	142
43.0038	141
43.0058	141
43.0078	140
43.0098	139
43.0118	139
43.0138	138
43.0158	138
43.0178	138
43.0198	137
43.0218	137
43.0238	137
43.0258	137
43.0278	137
43.0298	137
43.0318	136
43.0338	136
43.0358	136
43.0378	136
43.0398	136
43.0418	136
43.0438	136
43.0458	136
43.0478	136
43.0498	136
43.0518	136
43.0538	136
43.0558	136
43.0578	136
43.0598	136
43.0618	136
43.1319	144
43.1339	143
43.1359	142
43.1379	141
43.1399	141
43.142	140
43.144	139
43.146	139
43.148	138
43.15	138
43.152	138
43.154	137
43.156	137
43.158	137
43.16	137
43.162	137
43.164	137
43.166	136
43.168	136
43.17	136
43.172	136
43.174	136
43.176	136
43.178	136
43.18	136
43.182	136
43.184	136
43.186	136
43.188	136
43.19	136
43.192	136
43.194	136
43.196	136
43.199	134
43.201	134
43.203	134
43.205	134
43.207	134
43.209	134
43.211	134
43.213	134
43.215	134
43.2171	134
43.2191	134
43.2211	134
43.2231	134
43.2251	134
43.2271	134
43.2291	134
43.2311	134
43.2331	134
43.2351	134
43.2371	134
43.2391	134
43.2411	134
43.2431	134
43.2451	134
43.2471	134
43.2491	134
43.2511	134
43.2531	134
43.2551	134
43.2571	134
43.2591	134
43.2611	134
43.2631	134
43.2651	134
43.2661	145
43.2681	144
43.2701	143
43.2721	142
43.2741	141
43.2761	141
43.2781	140
43.2801	140
43.2821	139
43.2841	139
43.2861	139
43.2881	138
43.2901	138
43.2922	138
43.2942	138
43.2962	138
43.2982	137
43.3002	137
43.3022	137
43.3042	137
43.3062	137
43.3082	137
43.3102	137
43.3122	137
43.3142	137
43.3162	137
43.3182	137
43.3202	136
43.3222	136
43.3242	136
43.3262	136
43.3282	136
43.3302	136
43.3322	136
43.3342	134
43.3362	135
43.3382	135
43.3402	135
43.3422	135
43.3442	135
43.3462	136
43.3482	136
43.3502	136
43.3522	136
43.3542	136
43.3562	136
43.3582	136
43.3602	136
43.3622	136
43.3642	136
43.3663	136
43.3683	136
43.3703	136
43.3723	136
43.3743	136
43.3763	136
43.3783	136
43.3803	136
43.3823	136
43.3843	136
43.3863	136
43.3883	136
43.3903	136
43.3923	136
43.3943	136
43.3963	136
43.3983	136
43.4003	136
43.4033	136
43.4053	136
43.4073	136
43.4093	136
43.4113	136
43.4133	136
43.4153	136
43.4173	136
43.4193	136
43.4213	136
43.4233	136
43.4253	136
43.4273	136
43.4293	136
43.4313	136
43.4333	136
43.4353	136
43.4373	136
43.4393	136
43.4414	136
43.4434	136
43.4454	136
43.4474	136
43.4494	136
43.4514	136
43.4534	136
43.4554	136
43.4574	136
43.4594	136
43.4614	136
43.4634	136
43.4654	136
43.4674	136
43.4694	136
43.4704	145
43.4724	144
43.4744	143
43.4764	143
43.4784	142
43.4804	141
43.4824	141
43.4844	140
43.4864	140
43.4884	140
43.4904	139
43.4924	139
43.4944	139
43.4964	139
43.4984	139
43.5004	139
43.5024	138
43.5044	138
43.5064	138
43.5084	138
43.5104	138
43.5124	138
43.5144	138
43.5165	138
43.5185	138
43.5205	138
43.5225	138
43.5245	138
43.5265	138
43.5285	138
43.5305	138
43.5325	138
43.5345	138
43.5365	138
43.5395	136
43.5415	136
43.5435	136
43.5455	136
43.5475	136
43.5495	136
43.5515	136
43.5535	136
43.5555	136
43.5575	136
43.5595	136
43.5615	136
43.5635	136
43.5655	136
43.5675	136
43.5695	136
43.5715	136
43.5735	136
43.5755	136
43.5775	136
43.5795	136
43.5815	136
43.5835	136
43.5855	136
43.5875	136
43.5895	136
43.5916	136
43.5936	136
43.5956	136
43.5976	136
43.5996	136
43.6016	136
43.6036	136
43.6056	136
43.6066	146
43.6086	145
43.6106	144
43.6126	143
43.6146	143
43.6166	142
43.6186	141
43.6206	141
43.6226	140
43.6246	140
43.6266	140
43.6286	139
43.6306	139
43.6326	139
43.6346	139
43.6366	139
43.6386	139
43.6406	138
43.6426	138
43.6446	138
43.6466	138
43.6486	138
43.6506	138
43.6526	138
43.6546	138
43.6566	138
43.6586	138
43.6606	138
43.6626	138
43.6646	138
43.6667	138
43.6687	138
43.6707	138
43.6727	138
43.6747	138
43.6767	136
43.6787	136
43.6807	136
43.6827	137
43.6847	137
43.6867	137
43.6887	137
43.6907	137
43.6927	138
43.6947	138
43.6967	138
43.6987	138
43.7007	138
43.7027	138
43.7047	138
43.7067	138
43.7087	138
43.7107	138
43.7127	138
43.7147	138
43.7167	138
43.7187	138
43.7207	138
43.7227	138
43.7247	138
43.7267	138
43.7287	138
43.7307	138
43.7327	138
43.7347	138
43.7367	138
43.7387	138
43.7407	138
43.7428	138
43.7458	138
43.7478	138
43.7498	138
43.7518	138
43.7538	138
43.7558	138
43.7578	138
43.7598	138
43.7618	138
43.7638	138
43.7658	138
43.7678	138
43.7698	138
43.7718	138
43.7738	138
43.7758	138
43.7778	138
43.7798	138
43.7818	138
43.7838	138
43.7858	138
43.7878	138
43.7898	138
43.7918	138
43.7938	138
43.7958	138
43.7978	138
43.7998	138
43.8018	138
43.8038	138
43.8058	138
43.8078	138
43.8098	138
43.8118	138
43.8138	138
43.8148	147
43.8169	146
43.8189	145
43.8209	145
43.8229	144
43.8249	143
43.8269	143
43.8289	143
43.8309	142
43.8329	142
43.8349	142
43.8369	141
43.8389	141
43.8409	141
43.8429	141
43.8449	141
43.8469	140
43.8489	140
43.8509	140
43.8529	140
43.8549	140
43.8569	140
43.8589	140
43.8609	140
43.8629	140
43.8649	140
43.8669	140
43.8689	140
43.8709	140
43.8729	140
43.8749	140
43.8769	140
43.8789	140
43.8809	140
43.8839	138
43.8859	138
43.8879	138
43.8899	138
43.892	138
43.894	139
43.896	139
43.898	139
43.9	139
43.902	139
43.904	139
43.906	139
43.908	139
43.91	139
43.912	139
43.914	139
43.916	139
43.918	139
43.92	139
43.922	139
43.924	139
43.926	139
43.928	139
43.93	140
43.932	140
43.934	140
43.936	140
43.938	140
43.94	140
43.942	140
43.944	140
43.946	140
43.948	140
43.95	140
43.952	140
43.954	149
43.956	148
43.958	147
43.96	146
43.962	146
43.964	145
43.966	145
43.9681	144
43.9701	144
43.9721	144
43.9741	143
43.9761	143
43.9781	143
43.9801	143
43.9821	143
43.9841	142
43.9861	142
43.9881	142
43.9901	142
43.9921	142
43.9941	142
43.9961	142
43.9981	142
44.0001	142
44.0021	142
44.0041	142
44.0061	142
44.0081	142
44.0101	142
44.0121	142
44.0141	142
44.0161	142
44.0181	142
44.0201	142
44.0221	142
44.0231	149
44.0251	148
44.0271	147
44.0291	146
44.0311	146
44.0331	145
44.0351	145
44.0371	144
44.0391	144
44.0411	144
44.0432	143
44.0452	143
44.0472	143
44.0492	143
44.0512	143
44.0532	143
44.0552	142
44.0572	142
44.0592	142
44.0612	142
44.0632	142
44.0652	142
44.0672	142
44.0692	142
44.0712	142
44.0732	142
44.0752	141
44.0772	141
44.0792	141
44.0812	141
44.0832	141
44.0852	141
44.0872	141
44.0892	141
44.0912	141
44.0932	141
44.0952	141
44.0972	141
44.0992	141
44.1012	141
44.1032	141
44.1052	141
44.1072	141
44.1092	141
44.1112	141
44.1132	141
44.1152	141
44.1173	141
44.1193	141
44.1213	141
44.1233	141
44.1253	141
44.1273	141
44.1293	141
44.1313	142
44.1333	142
44.1353	142
44.1373	142
44.1393	142
44.1413	142
44.1433	142
44.1453	142
44.1473	142
44.1493	142
44.1513	142
44.1533	142
44.1553	142
44.1573	142
44.1593	142
44.1613	142
44.1633	142
44.1663	141
44.1683	141
44.1703	141
44.1723	141
44.1743	142
44.1763	142
44.1783	142
44.1803	142
44.1823	142
44.1843	142
44.1863	142
44.1883	142
44.1903	142
44.1924	142
44.1944	142
44.1964	142
44.1984	142
44.2004	142
44.2024	142
44.2044	142
44.2064	142
44.2084	142
44.2104	142
44.2124	142
44.2144	142
44.2164	142
44.2184	142
44.2204	142
44.2224	142
44.2244	142
44.2264	142
44.2284	142
44.2304	142
44.2324	142
44.2344	142
44.2364	142
44.2374	151
44.2394	150
44.2414	150
44.2434	149
44.2454	148
44.2474	148
44.2494	147
44.2514	147
44.2534	146
44.2554	146
44.2574	146
44.2594	145
44.2614	145
44.2634	145
44.2654	145
44.2675	145
44.2695	144
44.2715	144
44.2735	144
44.2755	144
44.2775	144
44.2795	144
44.2815	144
44.2835	144
44.2855	144
44.2875	144
44.2895	144
44.2915	144
44.2935	144
44.2955	144
44.2975	144
44.2995	144
44.3015	144
44.3035	144
44.3055	144
44.3075	144
44.3095	142
44.3115	143
44.3135	143
44.3155	143
44.3175	143
44.3195	143
44.3215	144
44.3235	144
44.3255	144
44.3275	144
44.3295	144
44.3315	144
44.3335	144
44.3355	144
44.3375	144
44.3395	144
44.3415	144
44.3436	144
44.3456	144
44.3476	144
44.3496	144
44.3516	144
44.3536	144
44.3556	144
44.3576	144
44.3596	144
44.3616	144
44.3636	144
44.3656	144
44.3676	144
44.3696	144
44.3716	144
44.3736	144
44.3756	144
44.3776	144
44.3796	144
44.3826	144
44.3846	144
44.3866	144
44.3886	144
44.3906	144
44.3926	144
44.3946	144
44.3966	144
44.3986	144
44.4006	144
44.4026	144
44.4046	144
44.4066	144
44.4086	144
44.4106	144
44.4126	144
44.4146	144
44.4166	144
44.4187	144
44.4207	144
44.4227	144
44.4247	144
44.4267	144
44.4287	144
44.4307	144
44.4327	144
44.4347	144
44.4367	144
44.4387	145
44.4407	145
44.4427	145
44.4447	145
44.4467	145
44.4487	146
44.4507	146
44.4527	146
44.4537	153
44.4567	153
44.4587	152
44.4607	151
44.4627	151
44.4647	150
44.4667	150
44.4687	149
44.4707	149
44.4727	149
44.4747	148
44.4767	148
44.4787	148
44.4807	148
44.4827	148
44.4847	147
44.4867	147
44.4887	147
44.4907	147
44.4928	147
44.4948	147
44.4968	147
44.4988	147
44.5008	147
44.5028	147
44.5048	147
44.5068	147
44.5088	147
44.5108	147
44.5128	147
44.5148	147
44.5168	147
44.5188	147
44.5208	147
44.5228	147
44.5248	147
44.5268	155
44.5288	147
44.5298	154
44.5318	153
44.5338	152
44.5358	151
44.5378	151
44.5398	150
44.5418	150
44.5438	149
44.5458	149
44.5478	149
44.5498	148
44.5518	148
44.5538	148
44.5558	148
44.5578	148
44.5598	147
44.5618	147
44.5638	147
44.5658	147
44.5679	147
44.5699	147
44.5719	147
44.5739	147
44.5759	147
44.5779	147
44.5799	147
44.5819	147
44.5839	147
44.5859	147
44.5879	147
44.5899	147
44.5919	147
44.5939	147
44.5959	147
44.5989	147
44.5999	147
44.6029	147
44.6039	147
44.6059	147
44.6079	147
44.6099	147
44.6119	147
44.6139	148
44.6159	148
44.6179	148
44.6199	148
44.6219	148
44.6239	148
44.6259	148
44.6279	148
44.6299	148
44.6319	148
44.6339	148
44.6359	148
44.6379	148
44.6399	148
44.6419	148
44.644	148
44.646	148
44.648	148
44.65	148
44.652	148
44.654	148
44.656	148
44.658	148
44.66	148
44.662	148
44.664	148
44.666	148
44.668	148
44.67	148
44.672	147
44.675	149
44.676	147
44.679	149
44.68	147
44.683	150
44.684	147
44.686	148
44.688	148
44.69	148
44.692	149
44.694	149
44.696	150
44.698	150
44.7	150
44.702	151
44.704	151
44.706	151
44.708	151
44.71	151
44.712	152
44.714	152
44.716	152
44.7181	152
44.7201	152
44.7221	152
44.7241	152
44.7261	152
44.7281	152
44.7301	152
44.7321	152
44.7341	152
44.7361	152
44.7381	152
44.7401	152
44.7421	152
44.7441	149
44.7461	153
44.7481	149
44.7511	153
44.7521	149
44.7551	154
44.7561	149
44.7591	155
44.7601	149
44.7631	149
44.7651	150
44.7671	150
44.7691	150
44.7711	151
44.7731	151
44.7751	151
44.7771	152
44.7791	152
44.7811	152
44.7831	152
44.7851	152
44.7871	153
44.7891	153
44.7911	153
44.7932	153
44.7952	153
44.7972	153
44.7992	153
44.8012	153
44.8032	153
44.8052	153
44.8072	153
44.8092	153
44.8112	153
44.8132	153
44.8152	153
44.8162	162
44.8192	160
44.8202	154
44.8232	159
44.8242	154
44.8272	157
44.8282	155
44.8312	156
44.8322	156
44.8352	155
44.8362	157
44.8392	154
44.8402	157
44.8432	154
44.8452	154
44.8472	154
44.8492	154
44.8512	153
44.8532	153
44.8552	153
44.8572	153
44.8592	153
44.8612	153
44.8632	153
44.8652	153
44.8672	153
44.8693	153
44.8713	153
44.8733	153
44.8753	153
44.8773	153
44.8793	153
44.8813	153
44.8833	153
44.8853	153
44.8873	153
44.8883	163
44.8913	161
44.8923	153
44.8953	159
44.8963	154
44.8993	158
44.9003	154
44.9033	156
44.9043	155
44.9073	155
44.9083	156
44.9113	154
44.9123	157
44.9153	154
44.9163	158
44.9193	153
44.9203	158
44.9233	153
44.9253	153
44.9273	153
44.9293	153
44.9313	153
44.9333	153
44.9353	153
44.9373	153
44.9393	153
44.9413	153
44.9434	153
44.9454	153
44.9474	153
44.9494	153
44.9514	153
44.9534	153
44.9554	153
44.9574	153
44.9594	153
44.9604	164
44.9634	162
44.9644	154
44.9674	160
44.9684	154
44.9714	158
44.9724	155
44.9754	157
44.9764	157
44.9794	156
44.9804	158
44.9834	155
44.9844	159
44.9874	154
44.9884	160
44.9914	153
44.9924	161
44.9954	153
44.9964	162
44.9994	152
45.0004	163
45.0034	153
45.0044	163
45.0074	153
45.0094	153
45.0114	154
45.0134	154
45.0154	154
45.0174	154
45.0195	154
45.0215	154
45.0235	155
45.0255	155
45.0275	155
45.0295	155
45.0315	155
45.0325	167
45.0355	164
45.0365	155
45.0395	162
45.0405	156
45.0435	160
45.0445	157
45.0475	159
45.0485	158
45.0515	157
45.0525	159
45.0555	156
45.0565	160
45.0595	155
45.0605	161
45.0635	154
45.0645	162
45.0675	153
45.0685	163
45.0715	153
45.0725	163
45.0755	152
45.0765	164
45.0795	152
45.0805	164
45.0835	152
45.0845	165
45.0875	153
45.0885	165
45.0905	153
45.0925	154
45.0946	154
45.0966	154
45.0986	155
45.1006	155
45.1026	155
45.1056	162
45.1066	155
45.1096	161
45.1106	156
45.1136	159
45.1146	157
45.1176	158
45.1186	158
45.1216	157
45.1226	159
45.1256	156
45.1266	160
45.1296	155
45.1306	161
45.1336	155
45.1346	162
45.1376	154
45.1386	163
45.1416	153
45.1426	164
45.1456	153
45.1466	165
45.1496	152
45.1506	165
45.1536	152
45.1546	166
45.1576	152
45.1586	167
45.1616	152
45.1626	168
45.1656	152
45.1666	168
45.1697	152
45.1707	169
45.1737	153
45.1747	170
45.1777	154
45.1817	155
45.1857	156
45.1897	157
45.1937	158
45.1977	160
45.2017	161
45.2057	163
45.2097	164
45.2137	165
45.2177	166
45.2217	167
45.2257	168
45.2297	168
45.2337	169
45.2377	169
45.2417	170
45.2458	170
45.2498	170
45.2538	171
45.2578	171
45.4649	164
45.4669	159
45.4689	154
45.4709	151
45.4729	148
45.4749	146
45.4769	145
45.4789	144
45.4809	143
45.4829	142
45.4849	142
45.4869	142
45.4889	143
45.4909	143
45.4929	143
45.5289	164
45.5309	159
45.5329	155
45.5349	151
45.5369	148
45.5389	146
45.541	145
45.543	143
45.545	142
45.547	142
45.549	142
45.551	141
45.5655	152
45.5675	146
45.5695	141
45.5715	137
45.5735	134
45.5755	131
45.5775	129
45.5795	128
45.5815	127
45.5835	126
45.5855	126
45.5875	126
45.5895	126
45.5915	126
45.5935	127
45.5955	128
45.5975	128
45.5996	128
45.6016	129
45.6036	129
45.6056	130
45.6076	130
45.6096	130
45.6116	131
45.6136	131
45.6156	131
45.6176	131
45.6196	131
45.6216	132
45.6236	132
45.6266	140
45.6286	139
45.6306	139
45.6326	138
45.6346	139
45.6366	139
45.6386	140
45.6406	140
45.6426	141
45.6446	142
45.6466	143
45.6486	145
45.6506	146
45.6526	147
45.6546	149
45.6566	151
45.6586	152
45.6606	154
45.6626	151
45.6646	149
45.6666	147
45.6686	146
45.6706	145
45.6726	143
45.6747	142
45.6767	142
45.6787	141
45.6807	140
45.6827	140
45.6847	139
45.6867	139
45.6887	137
45.6907	135
45.6927	134
45.6947	132
45.6967	131
45.6987	130
45.7007	129
45.7027	128
45.7047	128
45.7067	127
45.7087	126
45.7107	126
45.7127	126
45.7147	126
45.7167	126
45.7187	125
45.7207	125
45.7227	125
45.7247	125
45.7267	125
45.7287	125
45.7307	125
45.7327	125
45.7347	125
45.7367	125
45.7387	125
45.7407	125
45.7427	125
45.7447	125
45.7467	125
45.7488	146
45.7508	144
45.7528	141
45.7548	139
45.7568	137
45.7588	136
45.7608	135
45.7628	133
45.7648	132
45.7668	132
45.7688	131
45.7708	130
45.7728	130
45.7748	129
45.7768	129
45.7788	128
45.7808	128
45.7828	128
45.7848	127
45.7868	127
45.7888	127
45.7908	127
45.7928	127
45.7948	126
45.7968	126
45.7988	126
45.8008	126
45.8028	126
45.8048	126
45.8068	126
45.8088	126
45.8108	126
45.8118	133
45.8138	132
45.8158	131
45.8178	131
45.8198	130
45.8218	130
45.8239	129
45.8259	129
45.8279	129
45.8299	128
45.8319	128
45.8339	128
45.8359	128
45.8379	128
45.8399	128
45.8419	128
45.8439	128
45.8459	128
45.8479	128
45.8499	128
45.8519	128
45.8539	128
45.8559	128
45.8579	128
45.8599	128
45.8619	128
45.8639	128
45.8659	128
45.8679	128
45.8699	128
45.8719	128
45.8739	128
45.8769	126
45.8789	126
45.8809	127
45.8829	127
45.8849	127
45.8869	128
45.8889	128
45.8909	128
45.8929	128
45.8949	128
45.8969	129
45.899	129
45.901	129
45.903	129
45.905	129
45.907	129
45.909	129
45.911	129
45.913	129
45.915	129
45.917	129
45.919	129
45.921	129
45.923	129
45.925	129
45.927	129
45.929	129
45.931	129
45.933	129
45.935	129
45.937	130
45.939	130
45.941	130
45.942	137
45.944	136
45.946	136
45.948	135
45.95	135
45.952	135
45.954	134
45.956	134
45.958	134
45.96	134
45.962	134
45.964	133
45.966	133
45.968	133
45.97	133
45.972	133
45.9741	133
45.9761	133
45.9781	134
45.9801	134
45.9821	134
45.9841	134
45.9861	134
45.9881	134
45.9901	134
45.9921	134
45.9941	134
45.9961	134
45.9981	134
46.0001	134
46.0021	134
46.0041	134
46.0061	134
46.0091	130
46.0111	131
46.0131	131
46.0151	132
46.0171	132
46.0191	132
46.0211	133
46.0231	133
46.0251	133
46.0271	133
46.0291	133
46.0311	133
46.0331	134
46.0351	134
46.0371	134
46.0391	134
46.0411	134
46.0431	134
46.0451	134
46.0471	134
46.0492	134
46.0512	134
46.0532	134
46.0552	134
46.0572	134
46.0592	134
46.0612	134
46.0632	134
46.0652	134
46.0672	134
46.0692	134
46.0712	134
46.0732	134
46.0752	143
46.0772	142
46.0792	141
46.0812	140
46.0832	139
46.0852	139
46.0872	138
46.0892	138
46.0912	137
46.0932	137
46.0952	137
46.0972	136
46.0992	136
46.1012	136
46.1032	136
46.1052	136
46.1072	135
46.1092	135
46.1112	135
46.1132	135
46.1152	135
46.1172	135
46.1192	135
46.1212	135
46.1232	135
46.1253	136
46.1273	136
46.1293	136
46.1313	136
46.1333	136
46.1353	136
46.1373	136
46.1393	136
46.1413	136
46.1433	143
46.1453	142
46.1473	141
46.1493	140
46.1513	140
46.1533	139
46.1553	139
46.1573	139
46.1593	139
46.1613	139
46.1633	138
46.1653	138
46.1673	138
46.1693	138
46.1713	138
46.1733	138
46.1753	138
46.1773	138
46.1793	138
46.1813	138
46.1833	138
46.1853	138
46.1873	138
46.1893	138
46.1913	138
46.1933	138
46.1953	138
46.1973	138
46.1994	138
46.2014	138
46.2034	138
46.2054	138
46.2074	138
46.2094	138
46.2114	145
46.2134	144
46.2154	143
46.2174	142
46.2194	142
46.2214	141
46.2234	141
46.2254	140
46.2274	140
46.2294	140
46.2314	139
46.2334	139
46.2354	139
46.2374	139
46.2394	139
46.2414	138
46.2434	138
46.2454	138
46.2474	138
46.2494	138
46.2514	138
46.2534	138
46.2554	138
46.2574	138
46.2594	138
46.2614	138
46.2634	138
46.2654	138
46.2674	138
46.2694	138
46.2714	138
46.2734	138
46.2755	138
46.2775	138
46.2795	138
46.2815	146
46.2835	145
46.2855	145
46.2875	144
46.2895	143
46.2915	143
46.2935	143
46.2955	142
46.2975	142
46.2995	142
46.3015	141
46.3035	141
46.3055	141
46.3075	141
46.3095	141
46.3115	140
46.3135	141
46.3155	141
46.3175	141
46.3195	141
46.3215	141
46.3235	141
46.3255	141
46.3275	141
46.3295	141
46.3315	141
46.3335	141
46.3355	141
46.3375	141
46.3395	141
46.3415	141
46.3435	141
46.3455	141
46.3475	141
46.3496	141
46.3516	147
46.3536	146
46.3556	146
46.3576	145
46.3596	145
46.3616	144
46.3636	144
46.3656	144
46.3676	143
46.3696	143
46.3716	143
46.3736	143
46.3756	143
46.3776	142
46.3796	142
46.3816	142
46.3836	142
46.3856	142
46.3876	142
46.3896	142
46.3916	142
46.3936	142
46.3956	142
46.3976	142
46.3996	142
46.4016	142
46.4036	142
46.4056	142
46.4076	142
46.4096	142
46.4116	142
46.4136	142
46.4156	142
46.4176	142
46.4196	142
46.4216	142
46.4226	150
46.4247	149
46.4267	148
46.4287	148
46.4307	147
46.4327	147
46.4347	146
46.4367	146
46.4387	145
46.4407	145
46.4427	145
46.4447	144
46.4467	144
46.4487	144
46.4507	144
46.4527	144
46.4547	143
46.4567	143
46.4587	143
46.4607	143
46.4627	143
46.4647	143
46.4667	143
46.4687	143
46.4707	143
46.4727	143
46.4747	143
46.4767	143
46.4787	143
46.4807	143
46.4827	143
46.4847	143
46.4867	143
46.4887	143
46.4907	143
46.4927	143
46.4957	142
46.4977	142
46.4998	143
46.5018	143
46.5038	143
46.5058	144
46.5078	144
46.5098	144
46.5118	144
46.5138	144
46.5158	145
46.5178	145
46.5198	145
46.5218	145
46.5238	145
46.5258	145
46.5278	145
46.5298	145
46.5318	145
46.5338	145
46.5358	145
46.5378	145
46.5398	145
46.5418	145
46.5438	145
46.5458	145
46.5478	145
46.5498	145
46.5518	145
46.5538	145
46.5558	145
46.5578	145
46.5598	145
46.5618	145
46.5638	145
46.5658	145
46.5668	152
46.5698	152
46.5708	146
46.5728	151
46.5749	151
46.5769	150
46.5789	150
46.5809	150
46.5829	149
46.5849	149
46.5869	149
46.5889	149
46.5909	149
46.5929	148
46.5949	148
46.5969	148
46.5989	148
46.6009	148
46.6029	148
46.6049	148
46.6069	148
46.6089	148
46.6109	148
46.6129	148
46.6149	148
46.6169	148
46.6189	148
46.6209	148
46.6229	148
46.6249	148
46.6269	148
46.6289	148
46.6309	148
46.6329	148
46.6349	148
46.6369	148
46.6389	148
46.6409	146
46.6439	148
46.6449	146
46.6469	146
46.6489	146
46.651	146
46.653	146
46.655	146
46.657	147
46.659	147
46.661	147
46.663	147
46.665	147
46.667	148
46.669	148
46.671	148
46.673	148
46.675	148
46.677	148
46.679	148
46.681	148
46.683	148
46.685	148
46.687	148
46.689	148
46.691	149
46.693	149
46.695	149
46.697	149
46.699	149
46.701	149
46.703	149
46.705	149
46.707	149
46.709	149
46.712	148
46.713	149
46.716	148
46.717	150
46.72	148
46.721	151
46.724	149
46.7261	149
46.7281	149
46.7301	150
46.7321	150
46.7341	150
46.7361	150
46.7381	150
46.7401	151
46.7421	151
46.7441	151
46.7461	151
46.7481	151
46.7501	151
46.7521	151
46.7541	151
46.7561	151
46.7581	151
46.7601	151
46.7621	151
46.7641	151
46.7661	151
46.7681	151
46.7701	151
46.7721	151
46.7741	151
46.7761	151
46.7781	151
46.7801	151
46.7821	151
46.7841	151
46.7851	159
46.7881	157
46.7891	152
46.7921	156
46.7931	152
46.7961	155
46.7971	153
46.8002	155
46.8022	154
46.8042	154
46.8062	154
46.8082	153
46.8102	153
46.8122	153
46.8142	153
46.8162	153
46.8182	152
46.8202	152
46.8222	152
46.8242	152
46.8262	152
46.8282	152
46.8302	152
46.8322	152
46.8342	152
46.8362	152
46.8382	152
46.8402	152
46.8422	151
46.8442	151
46.8462	151
46.8482	151
46.8502	151
46.8522	151
46.8542	151
46.8562	161
46.8582	151
46.8592	159
46.8622	152
46.8632	157
46.8662	152
46.8672	156
46.8702	153
46.8712	155
46.8742	153
46.8753	154
46.8783	154
46.8793	154
46.8813	153
46.8833	153
46.8853	153
46.8873	152
46.8893	152
46.8913	152
46.8933	152
46.8953	152
46.8973	151
46.8993	151
46.9013	151
46.9033	151
46.9053	151
46.9073	151
46.9093	151
46.9113	151
46.9133	151
46.9153	151
46.9173	151
46.9193	151
46.9213	151
46.9233	151
46.9253	151
46.9273	152
46.9303	152
46.9313	152
46.9343	152
46.9353	153
46.9383	152
46.9393	153
46.9423	151
46.9433	154
46.9463	151
46.9473	155
46.9504	151
46.9514	156
46.9544	151
46.9554	157
46.9584	151
46.9604	152
46.9624	152
46.9644	152
46.9664	152
46.9684	152
46.9704	153
46.9724	153
46.9744	153
46.9764	153
46.9784	153
46.9804	153
46.9824	153
46.9844	153
46.9864	153
46.9884	153
46.9904	153
46.9924	153
46.9944	153
46.9964	153
46.9984	153
47.0004	162
47.0024	154
47.0034	160
47.0064	154
47.0084	159
47.0104	155
47.0114	158
47.0144	156
47.0154	156
47.0184	157
47.0194	155
47.0224	157
47.0234	154
47.0265	158
47.0275	153
47.0305	159
47.0315	153
47.0345	159
47.0355	153
47.0385	160
47.0395	153
47.0425	160
47.0435	153
47.0455	153
47.0475	154
47.0495	154
47.0515	154
47.0535	154
47.0555	154
47.0575	155
47.0595	155
47.0615	155
47.0635	155
47.0655	155
47.0675	155
47.0695	155
47.0715	155
47.0735	155
47.0755	158
47.0775	155
47.0795	157
47.0815	156
47.0835	155
47.0855	157
47.0875	154
47.0895	158
47.0915	153
47.0935	159
47.0955	152
47.0975	159
47.0995	151
47.1016	160
47.1036	150
47.1066	161
47.1076	150
47.1106	162
47.1116	149
47.1146	162
47.1156	150
47.1186	163
47.1196	150
47.1226	163
47.1236	150
47.1256	151
47.1276	151
47.1296	152
47.1316	152
47.1336	152
47.1356	153
47.1376	153
47.1396	153
47.1416	153
47.1436	153
47.1456	161
47.1486	154
47.1496	159
47.1516	155
47.1536	157
47.1556	155
47.1576	156
47.1606	156
47.1616	154
47.1646	157
47.1656	153
47.1686	158
47.1696	152
47.1726	159
47.1736	151
47.1767	160
47.1777	151
47.1807	161
47.1817	150
47.1847	162
47.1857	150
47.1887	163
47.1897	149
47.1927	164
47.1937	149
47.1967	165
47.1977	149
47.2007	165
47.2017	150
47.2047	166
47.2057	151
47.2087	166
47.2097	151
47.2127	152
47.2147	153
47.2167	154
47.2187	154
47.2197	168
47.2227	155
47.2237	165
47.2267	156
47.2277	163
47.2307	157
47.2317	161
47.2347	158
47.2357	159
47.2387	160
47.2397	158
47.2427	161
47.2437	156
47.2467	162
47.2477	155
47.2508	164
47.2518	154
47.2548	165
47.2558	154
47.2588	166
47.2598	153
47.2628	167
47.2638	152
47.2668	167
47.2678	152
47.2708	151
47.2718	168
47.2748	151
47.2758	169
47.2788	151
47.2798	169
47.2828	151
47.2838	170
47.2868	151
47.2878	170
47.2908	152
47.2918	170
47.2948	153
47.2958	171
47.2988	154
47.3028	155
47.3068	156
47.3108	157
47.3148	158
47.3188	159
47.3228	160
47.3269	161
47.3309	161
47.3349	162
47.3389	162
47.3429	163
47.3469	163
47.3509	163
47.3549	164
47.3589	164
47.3629	164
47.3669	164
47.3709	164
47.3749	165
47.3789	164
47.5781	164
47.5801	159
47.5821	154
47.5841	151
47.5861	148
47.5881	146
47.5901	144
47.5921	143
47.5941	142
47.5961	141
47.5981	141
47.6001	141
47.6021	141
47.6041	142
47.6061	143
47.6081	143
47.6101	144
47.6121	146
47.6141	147
47.6161	148
47.6181	150
47.6201	151
47.6221	153
47.6242	154
47.6262	155
47.6282	156
47.6612	161
47.6632	158
47.6652	156
47.6672	155
47.6692	154
47.6712	153
47.6732	153
47.6752	153
47.6772	153
47.6792	153
47.6812	153
47.6832	153
47.6852	150
47.6872	145
47.6892	140
47.6912	135
47.6938	132
47.6968	128
47.6998	125
47.7028	122
47.7058	120
47.7078	118
47.7118	116
47.7138	115
47.7178	114
47.7218	113
47.7238	112
47.7258	111
47.7278	110
47.7298	109
47.7318	109
47.7338	108
47.7368	147
47.7388	142
47.7408	138
47.7428	135
47.7448	132
47.7468	130
47.7488	129
47.7508	128
47.7528	127
47.7548	127
47.7568	127
47.7589	127
47.7609	127
47.7629	128
47.7649	129
47.7669	130
47.7689	131
47.7709	128
47.7729	126
47.7749	124
47.7769	122
47.7789	120
47.7809	119
47.7829	117
47.7849	116
47.7869	115
47.7889	114
47.7909	114
47.7929	113
47.7939	115
47.7959	114
47.7979	114
47.7999	113
47.8019	113
47.8039	112
47.8059	112
47.8079	111
47.8099	111
47.8119	110
47.8154	110
47.8175	109
47.8215	109
47.8255	109
47.8275	108
47.8295	108
47.8315	108
47.8335	107
47.8355	107
47.8375	107
47.8415	112
47.8435	111
47.8455	111
47.8475	110
47.8495	110
47.8515	109
47.8535	109
47.8555	109
47.8575	108
47.8595	108
47.8615	108
47.8635	108
47.8655	108
47.8675	107
47.8695	107
47.8715	107
47.8735	107
47.8755	107
47.8775	107
47.8795	107
47.8815	107
47.8835	107
47.8855	107
47.8875	107
47.8895	107
47.8915	107
47.8936	107
47.8956	107
47.8976	107
47.8996	114
47.9016	113
47.9036	113
47.9056	112
47.9076	111
47.9096	111
47.9116	111
47.9136	110
47.9156	110
47.9176	110
47.9196	109
47.9216	109
47.9236	108
47.9261	108
47.9301	107
47.9321	107
47.9341	107
47.9361	107
47.9381	106
47.9401	106
47.9421	106
47.9451	112
47.9471	112
47.9491	111
47.9512	110
47.9532	110
47.9552	109
47.9572	109
47.9592	108
47.9612	108
47.9632	108
47.9652	107
47.9672	107
47.9692	107
47.9712	107
47.9732	107
47.9752	106
47.9772	106
47.9792	106
47.9812	106
47.9832	106
47.9852	106
47.9872	106
47.9892	106
47.9912	106
47.9932	106
47.9952	106
47.9972	106
47.9992	106
48.0012	106
48.0032	106
48.0052	106
48.0072	106
48.0092	106
48.0112	106
48.0132	107
48.0152	107
48.0172	107
48.0192	107
48.0212	107
48.0232	107
48.0252	107
48.0273	107
48.0293	107
48.0313	107
48.0338	107
48.0358	107
48.0378	107
48.0398	106
48.0418	106
48.0438	106
48.0458	106
48.0498	105
48.0518	105
48.0538	105
48.0558	105
48.0578	105
48.0598	105
48.0618	105
48.0638	105
48.0658	105
48.0678	105
48.0698	105
48.0718	105
48.0738	105
48.0758	105
48.0778	105
48.0798	105
48.0818	105
48.0838	105
48.0859	105
48.0879	105
48.0899	105
48.0919	105
48.0939	105
48.0959	105
48.0979	105
48.0999	105
48.1019	105
48.1039	105
48.1059	105
48.1079	105
48.1099	113
48.1119	112
48.1139	111
48.1159	111
48.1179	110
48.1199	109
48.1219	109
48.1239	109
48.1259	108
48.1279	108
48.1299	108
48.1319	107
48.1339	107
48.1359	107
48.1379	107
48.1399	107
48.1419	106
48.1439	106
48.1459	106
48.1479	106
48.1499	106
48.1519	106
48.1535	111
48.1555	110
48.1575	110
48.1595	109
48.1615	109
48.1635	108
48.1655	108
48.1675	108
48.1695	107
48.1715	107
48.1735	107
48.1755	107
48.1775	107
48.1795	106
48.1815	106
48.1835	106
48.1855	106
48.1875	106
48.1895	106
48.1915	106
48.1935	106
48.1955	106
48.1975	106
48.1995	106
48.2015	106
48.2035	106
48.2055	106
48.2075	106
48.2095	106
48.2115	106
48.2135	106
48.2155	106
48.2175	106
48.2196	106
48.2216	106
48.2236	106
48.2256	106
48.2276	106
48.2296	106
48.2316	106
48.2336	106
48.2356	106
48.2376	106
48.2396	106
48.2416	106
48.2436	106
48.2456	106
48.2476	106
48.2496	106
48.2516	106
48.2536	106
48.2556	106
48.2576	106
48.2596	106
48.2616	106
48.2636	106
48.2656	106
48.2676	106
48.2696	106
48.2716	106
48.2736	106
48.2756	106
48.2776	106
48.2796	106
48.2816	106
48.2836	106
48.2856	106
48.2876	107
48.2896	107
48.2916	107
48.2937	107
48.2957	107
48.2977	107
48.2997	107
48.3017	107
48.3037	107
48.3057	107
48.3077	107
48.3097	107
48.3117	107
48.3137	107
48.3157	107
48.3177	107
48.3197	107
48.3227	106
48.3247	106
48.3267	106
48.3287	107
48.3307	107
48.3327	107
48.3347	107
48.3367	107
48.3387	108
48.3407	108
48.3427	108
48.3447	108
48.3467	108
48.3487	108
48.3507	108
48.3527	108
48.3547	108
48.3567	108
48.3587	108
48.3607	108
48.3627	108
48.3647	108
48.3667	113
48.3688	112
48.3708	112
48.3728	112
48.3748	111
48.3768	111
48.3788	111
48.3808	110
48.3828	110
48.3848	110
48.3868	110
48.3888	110
48.3908	109
48.3928	109
48.3948	109
48.3968	109
48.3988	109
48.4008	109
48.4028	109
48.4048	109
48.4068	109
48.4088	109
48.4108	109
48.4128	109
48.4148	109
48.4168	109
48.4188	109
48.4208	109
48.4228	109
48.4248	109
48.4268	109
48.4288	109
48.4298	116
48.4318	115
48.4338	114
48.4358	114
48.4378	113
48.4398	112
48.4418	112
48.4439	112
48.4459	111
48.4479	111
48.4499	111
48.4519	110
48.4539	110
48.4559	110
48.4579	110
48.4599	110
48.4619	109
48.4639	109
48.4659	109
48.4679	109
48.4699	109
48.4719	109
48.4749	108
48.4769	108
48.4789	108
48.4809	108
48.4829	108
48.4849	108
48.4869	108
48.4889	108
48.4909	108
48.4929	108
48.4949	108
48.4969	108
48.4989	108
48.5009	108
48.5029	108
48.5049	108
48.5069	108
48.5089	108
48.5109	108
48.5129	108
48.5149	108
48.5169	108
48.519	108
48.521	108
48.523	108
48.525	108
48.527	108
48.529	108
48.531	108
48.533	108
48.535	108
48.537	108
48.538	117
48.54	116
48.542	115
48.544	114
48.546	114
48.548	113
48.55	113
48.552	112
48.554	112
48.556	112
48.558	112
48.56	111
48.562	111
48.564	111
48.566	111
48.568	111
48.57	111
48.572	111
48.574	111
48.576	111
48.578	111
48.58	111
48.582	111
48.584	108
48.586	108
48.588	108
48.59	108
48.592	109
48.5941	109
48.5961	109
48.5981	110
48.6001	110
48.6021	110
48.6041	110
48.6061	110
48.6081	111
48.6101	111
48.6121	111
48.6141	111
48.6161	111
48.6181	111
48.6201	111
48.6221	111
48.6241	111
48.6261	111
48.6281	111
48.6301	111
48.6321	111
48.6341	111
48.6361	111
48.6381	111
48.6401	111
48.6421	111
48.6441	111
48.6461	111
48.6491	111
48.6511	111
48.6531	111
48.6551	111
48.6571	111
48.6591	111
48.6611	111
48.6631	111
48.6651	111
48.6671	111
48.6692	111
48.6712	111
48.6732	111
48.6752	111
48.6772	111
48.6792	111
48.6812	111
48.6832	111
48.6852	111
48.6872	111
48.6892	111
48.6912	111
48.6932	111
48.6942	117
48.6962	116
48.6982	116
48.7002	115
48.7022	115
48.7042	114
48.7062	114
48.7082	114
48.7102	113
48.7122	113
48.7142	113
48.7162	113
48.7182	113
48.7202	113
48.7222	112
48.7242	112
48.7262	112
48.7282	112
48.7302	112
48.7322	112
48.7342	112
48.7362	112
48.7382	112
48.7402	112
48.7422	112
48.7443	112
48.7463	112
48.7483	112
48.7503	112
48.7523	112
48.7543	112
48.7563	112
48.7593	110
48.7613	111
48.7633	111
48.7653	111
48.7673	111
48.7693	111
48.7713	111
48.7733	111
48.7753	111
48.7773	111
48.7793	111
48.7813	111
48.7833	111
48.7853	111
48.7873	111
48.7893	111
48.7913	111
48.7933	111
48.7953	111
48.7973	111
48.7993	111
48.8013	111
48.8033	111
48.8053	117
48.8073	117
48.8093	116
48.8113	116
48.8133	115
48.8153	115
48.8173	115
48.8193	114
48.8214	114
48.8234	114
48.8254	114
48.8274	114
48.8294	113
48.8314	113
48.8334	113
48.8354	113
48.8374	113
48.8394	113
48.8414	113
48.8434	113
48.8454	113
48.8474	113
48.8494	113
48.8514	113
48.8534	113
48.8554	113
48.8574	113
48.8594	113
48.8614	113
48.8634	113
48.8654	113
48.8674	113
48.8694	113
48.8704	120
48.8724	119
48.8744	118
48.8764	117
48.8784	117
48.8804	116
48.8824	116
48.8844	115
48.8864	115
48.8884	115
48.8904	114
48.8924	114
48.8944	114
48.8965	114
48.8985	114
48.9005	113
48.9025	113
48.9045	113
48.9065	113
48.9085	113
48.9105	113
48.9125	113
48.9145	113
48.9175	112
48.9195	112
48.9215	112
48.9235	112
48.9255	112
48.9275	112
48.9295	112
48.9315	112
48.9335	112
48.9355	112
48.9375	112
48.9395	112
48.9415	112
48.9435	112
48.9455	112
48.9475	112
48.9495	112
48.9515	112
48.9535	112
48.9555	112
48.9575	112
48.9595	112
48.9615	112
48.9635	112
48.9655	112
48.9675	112
48.9695	112
48.9716	112
48.9736	112
48.9756	112
48.9776	112
48.9796	112
48.9816	112
48.9826	121
48.9846	120
48.9866	119
48.9886	119
48.9906	118
48.9926	117
48.9946	117
48.9966	116
48.9986	116
49.0006	116
49.0026	115
49.0046	115
49.0066	115
49.0086	115
49.0106	115
49.0126	115
49.0146	114
49.0166	114
49.0186	114
49.0206	114
49.0226	114
49.0246	114
49.0266	114
49.0296	112
49.0316	112
49.0336	112
49.0356	112
49.0376	112
49.0396	112
49.0416	112
49.0436	112
49.0457	112
49.0477	112
49.0497	113
49.0517	113
49.0537	113
49.0557	113
49.0577	113
49.0597	113
49.0617	113
49.0637	113
49.0657	113
49.0677	113
49.0697	113
49.0717	113
49.0737	113
49.0757	113
49.0777	113
49.0797	113
49.0817	113
49.0837	113
49.0857	113
49.0877	113
49.0897	113
49.0917	113
49.0937	113
49.0957	122
49.0977	121
49.0997	120
49.1017	120
49.1037	119
49.1057	118
49.1077	118
49.1097	118
49.1117	117
49.1137	117
49.1157	117
49.1177	116
49.1197	116
49.1218	116
49.1238	116
49.1258	116
49.1278	115
49.1298	115
49.1318	115
49.1338	115
49.1358	115
49.1378	115
49.1398	115
49.1418	115
49.1428	119
49.1448	119
49.1468	118
49.1488	118
49.1508	117
49.1528	117
49.1548	117
49.1568	116
49.1588	116
49.1608	116
49.1628	116
49.1648	116
49.1668	115
49.1688	115
49.1708	115
49.1728	115
49.1748	115
49.1768	115
49.1788	115
49.1808	115
49.1828	115
49.1848	115
49.1868	115
49.1888	115
49.1908	115
49.1928	115
49.1948	115
49.1969	115
49.1989	115
49.2009	115
49.2029	115
49.2049	115
49.2069	115
49.2099	115
49.2119	115
49.2139	114
49.2159	114
49.2179	114
49.2199	114
49.2219	114
49.2239	114
49.2259	114
49.2279	114
49.2299	114
49.2319	114
49.2339	114
49.2359	114
49.2379	114
49.2399	114
49.2419	114
49.2439	114
49.2459	114
49.2479	114
49.2499	114
49.2519	114
49.2539	114
49.2559	114
49.2569	121
49.2589	120
49.2609	119
49.2629	119
49.2649	118
49.2669	118
49.2689	118
49.271	117
49.273	117
49.275	117
49.277	117
49.279	117
49.281	117
49.283	116
49.285	116
49.287	116
49.289	116
49.291	116
49.293	116
49.295	116
49.297	116
49.299	116
49.301	116
49.303	116
49.305	116
49.307	116
49.309	116
49.311	116
49.313	116
49.315	116
49.317	116
49.319	116
49.321	116
49.324	114
49.326	114
49.328	114
49.33	114
49.332	114
49.334	114
49.336	114
49.338	114
49.34	114
49.342	114
49.344	114
49.3461	114
49.3481	114
49.3501	114
49.3521	114
49.3541	114
49.3561	114
49.3581	114
49.3601	114
49.3621	114
49.3641	114
49.3661	114
49.3681	114
49.3701	114
49.3711	122
49.3731	122
49.3751	121
49.3771	120
49.3791	120
49.3811	119
49.3831	119
49.3851	119
49.3871	118
49.3891	118
49.3911	118
49.3931	118
49.3951	118
49.3971	118
49.3991	117
49.4011	117
49.4031	117
49.4051	117
49.4071	117
49.4091	117
49.4111	117
49.4131	117
49.4151	117
49.4171	117
49.4191	117
49.4212	117
49.4232	117
49.4252	117
49.4272	116
49.4292	116
49.4312	116
49.4332	116
49.4352	116
49.4372	116
49.4392	114
49.4412	114
49.4432	114
49.4452	114
49.4472	114
49.4492	114
49.4512	114
49.4532	114
49.4552	114
49.4572	114
49.4592	114
49.4612	114
49.4632	114
49.4652	114
49.4672	114
49.4692	114
49.4712	114
49.4732	114
49.4752	114
49.4772	114
49.4792	114
49.4812	114
49.4832	114
49.4852	114
49.4872	116
49.4892	116
49.4912	116
49.4932	116
49.4952	116
49.4973	116
49.4993	116
49.5013	116
49.5033	116
49.5053	116
49.5073	116
49.5093	116
49.5113	116
49.5133	116
49.5153	116
49.5173	116
49.5193	116
49.5213	116
49.5233	116
49.5253	116
49.5273	116
49.5293	116
49.5313	116
49.5333	116
49.5353	116
49.5373	116
49.5393	116
49.5413	116
49.5433	116
49.5453	116
49.5473	116
49.5493	116
49.5513	116
49.5533	116
49.5553	115
49.5573	115
49.5593	115
49.5613	115
49.5633	115
49.5653	115
49.5673	115
49.5693	115
49.5714	115
49.5734	115
49.5754	115
49.5774	115
49.5794	115
49.5814	115
49.5834	115
49.5854	115
49.5874	115
49.5894	115
49.5914	115
49.5934	115
49.5954	115
49.5974	115
49.5994	115
49.6014	115
49.6034	116
49.6054	116
49.6074	116
49.6094	116
49.6114	116
49.6134	116
49.6154	116
49.6174	116
49.6194	116
49.6214	116
49.6234	116
49.6254	116
49.6274	116
49.6294	116
49.6314	116
49.6334	116
49.6354	116
49.6374	116
49.6394	116
49.6414	116
49.6434	116
49.6454	116
49.6475	116
49.6495	116
49.6515	116
49.6535	116
49.6555	116
49.6575	116
49.6595	116
49.6615	116
49.6635	116
49.6655	116
49.6675	116
49.6695	116
49.6715	115
49.6735	115
49.6755	115
49.6775	115
49.6795	115
49.6815	115
49.6835	115
49.6855	115
49.6875	115
49.6895	115
49.6915	115
49.6935	115
49.6955	115
49.6975	115
49.6995	115
49.7015	115
49.7035	115
49.7055	115
49.7075	115
49.7095	115
49.7115	115
49.7135	115
49.7155	115
49.7175	115
49.7195	116
49.7216	116
49.7236	116
49.7256	116
49.7276	116
49.7296	116
49.7316	116
49.7336	116
49.7356	116
49.7376	116
49.7396	116
49.7416	116
49.7436	116
49.7456	116
49.7476	116
49.7496	116
49.7516	116
49.7536	116
49.7556	116
49.7876	115
49.7896	115
49.7916	115
49.7936	115
49.7956	115
49.7977	115
49.7997	115
49.8017	115
49.8037	115
49.8057	115
49.8077	115
49.8097	115
49.8117	115
49.8137	115
49.8157	115
49.8177	115
49.8197	115
49.8217	115
49.8237	115
49.8257	115
49.8277	115
49.8297	115
49.8317	115
49.8337	115
49.9038	115
49.9058	115
49.9078	115
49.9098	115
49.9118	115
49.9138	115
49.9158	115
49.9178	115
49.9198	115
49.9218	115
49.9238	115
49.9258	115
49.9278	115
49.9298	115
49.9318	115
49.9338	115
49.9358	115
49.9378	115
49.9398	115
49.9418	115
49.9438	115
