1.10223	102
1.20737	102
1.21217	103
1.21698	104
1.22178	106
1.22659	108
1.31248	121
1.31728	119
1.32209	118
1.3269	117
1.3317	117
1.33651	116
1.34132	116
1.41759	126
1.4224	124
1.4272	122
1.43201	121
1.43682	120
1.44162	119
1.44643	119
1.45123	119
1.45604	119
1.46085	120
1.46565	120
1.5251	119
1.52991	118
1.53472	117
1.53952	116
1.54433	116
1.54914	116
1.55394	116
1.55875	117
1.56356	118
1.56836	118
1.57317	119
1.57798	120
1.58278	121
1.58759	122
1.59239	123
1.5972	124
1.63022	129
1.63502	127
1.63983	125
1.64464	123
1.64944	122
1.65425	121
1.65906	121
1.66386	121
1.66867	120
1.67347	121
1.67828	121
1.68309	122
1.68789	123
1.6927	123
1.69751	124
1.70231	125
1.70712	126
1.71193	127
1.71673	129
1.72154	130
1.72634	131
1.73115	132
1.73596	134
1.74076	135
1.74557	136
1.75038	134
1.75518	132
1.75999	131
1.7648	130
1.7696	130
1.77441	130
1.77922	130
1.78402	130
1.78883	130
1.79363	131
1.79844	131
1.80325	132
1.80805	133
1.81286	134
1.81767	135
1.82247	136
1.82728	137
1.83209	138
1.83689	140
1.8417	141
1.8465	142
1.85131	144
1.85612	145
1.86092	147
1.86573	148
1.87054	149
1.87534	151
1.88015	153
1.88496	154
1.88976	156
1.89457	157
1.89938	158
1.90418	160
1.90899	162
1.91379	163
1.9186	165
1.92341	166
1.92821	168
1.93302	170
1.93783	171
1.94263	173
1.94744	174
1.95225	176
1.95705	177
1.96186	179
1.96666	181
1.97147	182
1.97628	184
1.98108	185
1.98589	187
1.9907	189
1.9955	190
2.00031	192
2.00512	194
2.00992	195
2.01473	196
2.01954	198
2.02434	200
2.02915	201
2.03395	203
2.03876	205
2.04357	206
2.04699	208
2.05126	209
2.05403	210
2.05884	211
2.06161	212
2.06588	213
2.06865	213
2.07346	214
2.07623	214
2.0805	215
2.08327	215
2.08807	216
2.09084	216
2.09511	216
2.09788	216
2.10269	217
2.10546	217
2.10973	217
2.1125	217
2.11731	217
2.12008	218
2.12435	218
2.12712	218
2.13193	218
2.1347	218
2.13897	218
2.14174	218
2.14654	218
2.14931	219
2.15358	219
2.15635	219
2.16116	219
2.16393	219
2.1682	219
2.17097	219
2.17578	219
2.17855	219
2.18282	219
2.18559	219
2.1904	219
2.19317	219
2.19744	219
2.20021	219
2.20448	219
2.20928	219
2.21205	219
2.21482	219
2.21909	219
2.2239	219
2.22667	219
2.22944	219
2.23371	219
2.23852	219
2.24129	219
2.24406	219
2.24833	219
2.25314	219
2.25591	220
2.25868	220
2.26295	219
2.2664	219
2.27066	219
2.27411	219
2.27838	219
2.28101	219
2.28528	219
2.28873	219
2.293	219
2.29563	219
2.2999	219
2.30335	219
2.30762	219
2.31025	219
2.31452	219
2.31797	219
2.32224	219
2.32487	219
2.32914	219
2.33258	219
2.33685	219
2.33948	219
2.34375	219
2.3472	219
2.35147	219
2.3541	219
2.35837	219
2.36182	219
2.36609	219
2.36872	219
2.37299	219
2.37644	219
2.38071	219
2.38334	219
2.38761	219
2.39106	219
2.39532	219
2.39795	219
2.40222	219
2.40567	219
2.40994	219
2.41257	219
2.41684	219
2.42029	219
2.42456	219
2.42883	219
2.43146	219
2.43491	219
2.43918	219
2.44345	219
2.44608	219
2.44953	219
2.45379	219
2.45806	219
2.46069	219
2.46414	219
2.46841	219
2.47268	219
2.47531	219
2.47876	219
2.48303	219
2.48648	219
2.49075	219
2.4942	219
2.49847	219
2.5011	219
2.50537	219
2.50882	219
2.51308	219
2.51571	219
2.51998	219
2.52343	219
2.5277	219
2.53033	219
2.5346	219
2.53805	220
2.54232	220
2.54495	220
2.54922	220
2.55267	220
2.55694	220
2.55957	220
2.56384	220
2.56729	220
2.57155	220
2.57418	220
2.57845	220
2.5819	220
2.58617	220
2.5888	220
2.59307	220
2.59652	220
2.60079	220
2.60342	220
2.60769	220
2.61114	220
2.61541	220
2.61804	220
2.62231	220
2.62576	220
2.63002	220
2.63266	220
2.63692	220
2.64037	220
2.64464	220
2.64891	220
2.65154	220
2.65499	220
2.65926	220
2.66353	220
2.66616	220
2.66961	220
2.67388	220
2.67815	220
2.68078	220
2.68423	220
2.6885	220
2.69276	220
2.69539	220
2.69884	220
2.70311	220
2.70656	220
2.71083	220
2.71428	220
2.71855	220
2.72118	220
2.72545	220
2.7289	220
2.73317	220
2.7358	220
2.74007	220
2.74352	220
2.74778	220
2.75042	220
2.75468	220
2.75813	220
2.7624	220
2.76503	220
2.7693	220
2.77275	220
2.77702	220
2.77965	220
2.78392	220
2.78737	220
2.79164	220
2.79427	220
2.79854	220
2.80199	220
2.80626	220
2.80889	220
2.81315	220
2.8166	220
2.82087	220
2.8235	220
2.82777	220
2.83122	220
2.83549	220
2.83812	220
2.84239	220
2.84584	220
2.85011	220
2.85274	220
2.85701	220
2.86046	220
2.86473	220
2.86899	220
2.87162	220
2.87507	220
2.87934	220
2.88361	220
2.88624	220
2.88969	220
2.89396	220
2.89823	220
2.90086	220
2.90431	220
2.90858	220
2.91285	220
2.91548	220
2.91893	220
2.9232	220
2.92665	220
2.93091	220
2.93436	220
2.93863	220
2.94126	220
2.94553	220
2.94898	220
2.95325	220
2.95588	220
2.96015	220
2.9636	220
2.96787	220
2.9705	220
2.97477	220
2.97822	220
2.98249	220
2.98512	220
2.98938	220
2.99283	220
2.9971	220
2.99973	220
3.004	220
3.00745	220
3.01172	220
3.01435	220
3.01862	220
3.02207	220
3.02634	220
3.02897	220
3.03324	220
3.03669	220
3.04096	220
3.04359	220
3.04786	220
3.0513	220
3.05557	220
3.0582	220
3.06247	220
3.06592	220
3.07019	220
3.07282	220
3.07709	220
3.08054	220
3.08481	220
3.08908	220
3.09171	220
3.09516	220
3.09943	220
3.1037	220
3.10633	220
3.10978	220
3.11404	220
3.11831	220
3.12094	220
3.12439	220
3.12866	220
3.13293	220
3.13556	220
3.13901	220
3.14328	220
3.14673	220
3.151	220
3.15445	220
3.15872	220
3.16135	220
3.16562	220
3.16906	220
3.17333	220
3.17596	220
3.18023	220
3.18368	220
3.18795	220
3.19058	220
3.19485	220
3.1983	220
3.20257	220
3.2052	220
3.20947	220
3.21292	220
3.21719	220
3.21982	220
3.22409	220
3.22754	220
3.2318	220
3.23443	220
3.2387	220
3.24215	220
3.24642	220
3.24905	220
3.25332	220
3.25677	220
3.26104	220
3.26367	220
3.26794	220
3.27139	220
3.27566	220
3.27829	220
3.28256	220
3.28601	220
3.29027	220
3.2929	220
3.29717	220
3.30062	220
3.30489	220
3.30916	220
3.31179	220
3.31524	220
3.31951	220
3.32378	220
3.32641	220
3.32986	220
3.33413	220
3.3384	220
3.34103	220
3.34448	220
3.34874	220
3.35301	220
3.35564	220
3.35909	220
3.36336	220
3.36681	220
3.37108	220
3.37453	220
3.3788	220
3.38143	220
3.3857	220
3.38915	220
3.39342	220
3.39605	220
3.40032	220
3.40377	220
3.40803	220
3.41066	220
3.41493	220
3.41838	220
3.42265	220
3.42528	220
3.42955	220
3.433	220
3.43727	220
3.4399	220
3.44417	220
3.44762	220
3.45189	220
3.45452	220
3.45879	220
3.46224	220
3.4665	220
3.46914	220
3.4734	220
3.47685	220
3.48112	220
3.48375	220
3.48802	220
3.49147	220
3.49574	220
3.49837	220
3.50264	220
3.50609	220
3.51036	220
3.51299	220
3.51726	220
3.52071	220
3.52498	220
3.52924	220
3.53187	220
3.53532	220
3.53959	220
3.54386	220
3.54649	220
3.54994	220
3.55421	220
3.55848	220
3.56111	220
3.56456	220
3.56883	220
3.5731	220
3.57573	220
3.57918	220
3.58345	220
3.5869	220
3.59116	220
3.59461	220
3.59888	220
3.60151	220
3.60578	220
3.60923	220
3.6135	220
3.61613	220
3.6204	220
3.62385	220
3.62812	220
3.63075	220
3.63502	220
3.63847	220
3.64274	220
3.64537	220
3.64963	220
3.65308	220
3.65735	220
3.65998	220
3.66425	220
3.6677	220
3.67197	220
3.6746	220
3.67887	220
3.68232	220
3.68659	220
3.68922	220
3.69349	220
3.69694	220
3.70121	220
3.70384	220
3.7081	220
3.71155	220
3.71582	220
3.71845	220
3.72272	220
3.72617	220
3.73044	220
3.73307	220
3.73734	220
3.74079	220
3.74506	220
3.74933	220
3.75196	220
3.75541	220
3.75968	220
3.76394	220
3.76658	220
3.77002	220
3.77429	220
3.77856	220
3.78119	220
3.78464	220
3.78891	220
3.79318	220
3.79581	220
3.79926	220
3.80353	220
3.80698	220
3.81125	220
3.8147	220
3.81897	220
3.8216	220
3.82586	220
3.82931	220
3.83358	220
3.83621	220
3.84048	220
3.84393	220
3.8482	220
3.85083	220
3.8551	220
3.85855	220
3.86282	220
3.86545	220
3.86972	220
3.87317	220
3.87744	220
3.88007	220
3.88434	220
3.88778	220
3.89205	220
3.89468	220
3.89895	220
3.9024	220
3.90667	220
3.9093	220
3.91357	220
3.91702	220
3.92129	220
3.92392	220
3.92819	220
3.93164	220
3.93591	220
3.93854	220
3.94281	220
3.94626	220
3.95052	220
3.95315	220
3.95742	220
3.96087	220
3.96514	220
3.96941	220
3.97204	220
3.97549	220
3.97976	220
3.98403	220
3.98666	220
3.99011	220
3.99438	220
3.99865	220
4.00128	220
4.00473	220
4.00899	220
4.01326	220
4.01589	220
4.01934	220
4.02361	220
4.02706	220
4.03133	220
4.03478	220
4.03905	220
4.04168	220
4.04595	220
4.0494	220
4.05367	220
4.0563	220
4.06057	220
4.06402	220
4.06828	220
4.07091	220
4.07518	220
4.07863	220
4.0829	220
4.08553	220
4.0898	220
4.09325	220
4.09752	220
4.10015	220
4.10442	220
4.10787	220
4.11214	220
4.11477	220
4.11904	220
4.12249	220
4.12675	220
4.12938	220
4.13365	220
4.1371	220
4.14137	220
4.144	220
4.14827	220
4.15172	220
4.15599	220
4.15862	220
4.16289	220
4.16634	220
4.17061	220
4.17324	220
4.17751	220
4.18096	220
4.18522	220
4.18949	220
4.19212	220
4.19557	220
4.19984	220
4.20411	220
4.20674	220
4.21019	220
4.21446	220
4.21873	220
4.22136	220
4.22481	220
4.22908	220
4.23335	220
4.23598	220
4.23943	220
4.2437	220
4.24714	220
4.25141	220
4.25486	220
4.25913	220
4.26176	220
4.26603	220
4.26948	220
4.27375	220
4.27638	220
4.28065	220
4.2841	220
4.28837	220
4.291	220
4.29527	220
4.29872	220
4.30298	220
4.30562	220
4.30988	220
4.31333	220
4.3176	220
4.32023	220
4.3245	220
4.32795	220
4.33222	220
4.33485	220
4.33912	220
4.34257	220
4.34684	220
4.34947	220
4.35374	220
4.35719	220
4.36146	220
4.36409	220
4.36835	220
4.3718	220
4.37607	220
4.3787	220
4.38297	220
4.38642	220
4.39069	220
4.39332	220
4.39759	220
4.40104	220
4.40531	220
4.40958	220
4.41221	220
4.41566	220
4.41993	220
4.42419	220
4.42682	220
4.43027	220
4.43454	220
4.43881	220
4.44144	220
4.44489	220
4.44916	220
4.45343	220
4.45606	220
4.45951	220
4.46378	220
4.46723	220
4.4715	220
4.47495	220
4.47922	220
4.48185	220
4.48611	220
4.48956	220
4.49383	220
4.49646	220
4.50073	220
4.50418	220
4.50845	220
4.51108	220
4.51535	220
4.5188	220
4.52307	220
4.5257	220
4.52997	220
4.53342	220
4.53769	220
4.54032	220
4.54458	220
4.54803	220
4.5523	220
4.55493	220
4.5592	220
4.56265	220
4.56692	220
4.56955	220
4.57382	220
4.57727	220
4.58154	220
4.58417	220
4.58844	220
4.59189	220
4.59616	220
4.59879	220
4.60306	220
4.6065	220
4.61077	220
4.6134	220
4.61767	220
4.62112	220
4.62539	220
4.62966	220
4.63229	220
4.63574	220
4.64001	220
4.64428	220
4.64691	220
4.65036	220
4.65463	220
4.6589	220
4.66153	220
4.66498	220
4.66924	220
4.67351	220
4.67614	220
4.67959	220
4.68386	220
4.68731	220
4.69158	220
4.69503	220
4.6993	220
4.70193	220
4.7062	220
4.70965	220
4.71392	220
4.71655	220
4.72082	220
4.72426	220
4.72853	220
4.73116	220
4.73543	220
4.73888	220
4.74315	220
4.74578	220
4.75005	220
4.7535	220
4.75777	220
4.7604	220
4.76467	220
4.76812	220
4.77239	220
4.77502	220
4.77929	220
4.78274	220
4.787	220
4.78963	220
4.7939	220
4.79735	220
4.80162	220
4.80425	220
4.80852	220
4.81197	220
4.81624	220
4.81887	220
4.82314	220
4.82659	220
4.83086	220
4.83349	220
4.83776	220
4.84121	220
4.84547	220
4.84974	220
4.85237	220
4.85582	220
4.86009	220
4.86436	220
4.86699	220
4.87044	220
4.87471	220
4.87898	220
4.88161	220
4.88506	220
4.88933	220
4.8936	220
4.89623	220
4.89968	220
4.90394	220
4.90739	220
4.91166	220
4.91511	220
4.91938	220
4.92201	220
4.92628	220
4.92973	220
4.934	220
4.93663	220
4.9409	220
4.94435	220
4.94862	220
4.95125	220
4.95552	220
4.95897	220
4.96323	220
4.96586	220
4.97013	220
4.97358	220
4.97785	220
4.98048	220
4.98475	220
4.9882	220
4.99247	220
4.9951	220
4.99937	220
5.00282	220
5.00709	220
5.00972	220
5.01399	220
5.01744	220
5.0217	220
5.02434	220
5.0286	220
5.03205	220
5.03632	220
5.03895	220
5.04322	220
5.04667	220
5.05094	220
5.05357	220
5.05784	220
5.06129	220
5.06556	220
5.06983	220
5.07246	220
5.07591	220
5.08018	220
5.08444	220
5.08707	220
5.09052	220
5.09479	220
5.09906	220
5.10169	220
5.10514	220
5.10941	220
5.11368	220
5.11631	220
5.11976	220
5.12403	220
5.12748	220
5.13175	220
5.1352	220
5.13946	220
5.1421	220
5.14636	220
5.14981	220
5.15408	220
5.15671	220
5.16098	220
5.16443	220
5.1687	220
5.17133	220
5.1756	220
5.17905	220
5.18332	220
5.18595	220
5.19022	220
5.19367	220
5.19794	220
5.20057	220
5.20483	220
5.20828	220
5.21255	220
5.21518	220
5.21945	220
5.2229	220
5.22717	220
5.2298	220
5.23407	220
5.23752	220
5.24179	220
5.24442	220
5.24869	220
5.25214	220
5.25641	220
5.25904	220
5.2633	220
5.26675	220
5.27102	220
5.27365	220
5.27792	220
5.28137	220
5.28564	220
5.28991	220
5.29254	220
5.29599	220
5.30026	220
5.30453	220
5.30716	220
5.31061	220
5.31488	220
5.31914	220
5.32178	220
5.32522	220
5.32949	220
5.33376	220
5.33639	220
5.33984	220
5.34411	220
5.34756	220
5.35183	220
5.35528	220
5.35955	220
5.36218	220
5.36645	220
5.3699	220
5.37417	220
5.3768	220
5.38106	220
5.38451	220
5.38878	220
5.39141	220
5.39568	220
5.39913	220
5.4034	220
5.40603	220
5.4103	220
5.41375	220
5.41802	220
5.42065	220
5.42492	220
5.42837	220
5.43264	220
5.43527	220
5.43954	220
5.44298	220
5.44725	220
5.44988	220
5.45415	220
5.4576	220
5.46187	220
5.4645	220
5.46877	220
5.47222	220
5.47649	220
5.47912	220
5.48339	220
5.48684	220
5.49111	220
5.49374	220
5.49801	220
5.50146	220
5.50572	220
5.50999	220
5.51262	220
5.51607	220
5.52034	220
5.52461	220
5.52724	220
5.53069	220
5.53496	220
5.53923	220
5.54186	220
5.54531	220
5.54958	220
5.55385	220
5.55648	220
5.55993	220
5.56419	220
5.56764	220
5.57191	220
5.57536	220
5.57963	220
5.58226	220
5.58653	220
5.58998	220
5.59425	220
5.59688	220
5.60115	220
5.6046	220
5.60887	220
5.6115	220
5.61577	220
5.61922	220
5.62348	220
5.62611	220
5.63038	220
5.63383	220
5.6381	220
5.64073	220
5.645	220
5.64845	220
5.65272	220
5.65535	220
5.65962	220
5.66307	220
5.66734	220
5.66997	220
5.67424	220
5.67769	220
5.68195	220
5.68458	220
5.68885	220
5.6923	220
5.69657	220
5.6992	220
5.70347	220
5.70692	220
5.71119	220
5.71382	220
5.71809	220
5.72154	220
5.72581	220
5.73008	220
5.73271	220
5.73616	220
5.74042	220
5.74469	220
5.74732	220
5.75077	220
5.75504	220
5.75931	220
5.76194	220
5.76539	220
5.76966	220
5.77393	220
5.77656	220
5.78001	220
5.78428	220
5.78773	220
5.792	220
5.79545	220
5.79971	220
5.80234	220
5.80661	220
5.81006	220
5.81433	220
5.81696	220
5.82123	220
5.82468	220
5.82895	220
5.83158	220
5.83585	220
5.8393	220
5.84357	220
5.8462	220
5.85047	220
5.85392	220
5.85818	220
5.86082	220
5.86508	220
5.86853	220
5.8728	220
5.87543	220
5.8797	220
5.88315	220
5.88742	220
5.89005	220
5.89432	220
5.89777	220
5.90204	220
5.90467	220
5.90894	220
5.91239	220
5.91666	220
5.91929	220
5.92355	220
5.927	220
5.93127	220
5.9339	220
5.93817	220
5.94162	220
5.94589	220
5.95016	220
5.95279	220
5.95624	220
5.96051	220
5.96478	220
5.96741	220
5.97086	220
5.97513	220
5.97939	220
5.98202	220
5.98547	220
5.98974	220
5.99401	220
5.99664	220
6.00009	220
6.00436	220
6.00781	220
6.01208	220
6.01553	220
6.0198	220
6.02243	220
6.0267	220
6.03015	220
6.03442	220
6.03705	220
6.04131	220
6.04476	220
6.04903	220
6.05166	220
6.05593	220
6.05938	220
6.06365	220
6.06628	220
6.07055	220
6.074	220
6.07827	220
6.0809	220
6.08517	220
6.08862	220
6.09289	220
6.09552	220
6.09978	220
6.10323	220
6.1075	220
6.11013	220
6.1144	220
6.11785	220
6.12212	220
6.12475	220
6.12902	220
6.13247	220
6.13674	220
6.13937	220
6.14364	220
6.14709	220
6.15136	220
6.15399	220
6.15826	220
6.1617	220
6.16597	220
6.17024	220
6.17287	220
6.17632	220
6.18059	220
6.18486	220
6.18749	220
6.19094	220
6.19521	220
6.19948	220
6.20211	220
6.20556	220
6.20983	220
6.2141	220
6.21673	220
6.22018	220
6.22444	220
6.22789	220
6.23216	220
6.23561	220
6.23988	220
6.24251	220
6.24678	220
6.25023	220
6.2545	220
6.25713	220
6.2614	220
6.26485	220
6.26912	220
6.27175	220
6.27602	220
6.27946	220
6.28373	220
6.28636	220
6.29063	220
6.29408	220
6.29835	220
6.30098	220
6.30525	220
6.3087	220
6.31297	220
6.3156	220
6.31987	220
6.32332	220
6.32759	220
6.33022	220
6.33449	220
6.33794	220
6.3422	220
6.34483	220
6.3491	220
6.35255	220
6.35682	220
6.35945	220
6.36372	220
6.36717	220
6.37144	220
6.37407	220
6.37834	220
6.38179	220
6.38606	220
6.39033	220
6.39296	220
6.39641	220
6.40067	220
6.40494	220
6.40757	220
6.41102	220
6.41529	220
6.41956	220
6.42219	220
6.42564	220
6.42991	220
6.43418	220
6.43681	220
6.44026	220
6.44453	220
6.44798	220
6.45225	220
6.4557	220
6.45996	220
6.46259	220
6.46686	220
6.47031	220
6.47458	220
6.47721	220
6.48148	220
6.48493	220
6.4892	220
6.49183	220
6.4961	220
6.49955	220
6.50382	220
6.50645	220
6.51072	220
6.51417	220
6.51843	220
6.52106	220
6.52533	220
6.52878	220
6.53305	220
6.53568	220
6.53995	220
6.5434	220
6.54767	220
6.5503	220
6.55457	220
6.55802	220
6.56229	220
6.56492	220
6.56919	220
6.57264	220
6.5769	220
6.57954	220
6.5838	220
6.58725	220
6.59152	220
6.59415	220
6.59842	220
6.60187	220
6.60614	220
6.61041	220
6.61304	220
6.61649	220
6.62076	220
6.62503	220
6.62766	220
6.63111	220
6.63538	220
6.63964	220
6.64227	220
6.64572	220
6.64999	220
6.65426	220
6.65689	220
6.66034	220
6.66461	220
6.66806	220
6.67233	220
6.67578	220
6.68005	220
6.68268	220
6.68695	220
6.6904	220
6.69466	220
6.6973	220
6.70156	220
6.70501	220
6.70928	220
6.71191	220
6.71618	220
6.71963	220
6.7239	220
6.72653	220
6.7308	220
6.73425	220
6.73852	220
6.74115	220
6.74542	220
6.74887	220
6.75314	220
6.75577	220
6.76003	220
6.76348	220
6.76775	220
6.77038	220
6.77465	220
6.7781	220
6.78237	220
6.785	220
6.78927	220
6.79272	220
6.79699	220
6.79962	220
6.80389	220
6.80734	220
6.81161	220
6.81424	220
6.8185	220
6.82195	220
6.82622	220
6.83049	220
6.83312	220
6.83657	220
6.84084	220
6.84511	220
6.84774	220
6.85119	220
6.85546	220
6.85973	220
6.86236	220
6.86581	220
6.87008	220
6.87434	220
6.87698	220
6.88042	220
6.88469	220
6.88814	220
6.89241	220
6.89586	220
6.90013	220
6.90276	220
6.90703	220
6.91048	220
6.91475	220
6.91738	220
6.92165	220
6.9251	220
6.92937	220
6.932	220
6.93626	220
6.93971	220
6.94398	220
6.94661	220
6.95088	220
6.95433	220
6.9586	220
6.96123	220
6.9655	220
6.96895	220
6.97322	220
6.97585	220
6.98012	220
6.98357	220
6.98784	220
6.99047	220
6.99474	220
6.99818	220
7.00245	220
7.00508	220
7.00935	220
7.0128	220
7.01707	220
7.0197	220
7.02397	220
7.02742	220
7.03169	220
7.03432	220
7.03859	220
7.04204	220
7.04631	220
7.05058	220
7.05321	220
7.05666	220
7.06092	220
7.06519	220
7.06782	220
7.07127	220
7.07554	220
7.07981	220
7.08244	220
7.08589	220
7.09016	220
7.09443	220
7.09706	220
7.10051	220
7.10478	220
7.10823	220
7.1125	220
7.11594	220
7.12021	220
7.12284	220
7.12711	220
7.13056	220
7.13483	220
7.13746	220
7.14173	220
7.14518	220
7.14945	220
7.15208	220
7.15635	220
7.1598	220
7.16407	220
7.1667	220
7.17097	220
7.17442	220
7.17868	220
7.18131	220
7.18558	220
7.18903	220
7.1933	220
7.19593	220
7.2002	220
7.20365	220
7.20792	220
7.21055	220
7.21482	220
7.21827	220
7.22254	220
7.22517	220
7.22944	220
7.23289	220
7.23715	220
7.23978	220
7.24405	220
7.2475	220
7.25177	220
7.2544	220
7.25867	220
7.26212	220
7.26639	220
7.27066	220
7.27329	220
7.27674	220
7.28101	220
7.28528	220
7.28791	220
7.29136	220
7.29562	220
7.29989	220
7.30252	220
7.30597	220
7.31024	220
7.31451	220
7.31714	220
7.32059	220
7.32486	220
7.32831	220
7.33258	220
7.33603	220
7.3403	220
7.34293	220
7.3472	220
7.35065	220
7.35491	220
7.35754	220
7.36181	220
7.36526	220
7.36953	220
7.37216	220
7.37643	220
7.37988	220
7.38415	220
7.38678	220
7.39105	220
7.3945	220
7.39877	220
7.4014	220
7.40567	220
7.40912	220
7.41338	220
7.41602	220
7.42028	220
7.42373	220
7.428	220
7.43063	220
7.4349	220
7.43835	220
7.44262	220
7.44525	220
7.44952	220
7.45297	220
7.45724	220
7.45987	220
7.46414	220
7.46759	220
7.47186	220
7.47449	220
7.47875	220
7.4822	220
7.48647	220
7.49074	220
7.49337	220
7.49682	220
7.50109	220
7.50536	220
7.50799	220
7.51144	220
7.51571	220
7.51998	220
7.52261	220
7.52606	220
7.53033	220
7.53459	220
7.53722	220
7.54067	220
7.54494	220
7.54839	220
7.55266	220
7.55611	220
7.56038	220
7.56301	220
7.56728	220
7.57073	220
7.575	220
7.57763	220
7.5819	220
7.58535	220
7.58962	220
7.59225	220
7.59651	220
7.59996	220
7.60423	220
7.60686	220
7.61113	220
7.61458	220
7.61885	220
7.62148	220
7.62575	220
7.6292	220
7.63347	220
7.6361	220
7.64037	220
7.64382	220
7.64809	220
7.65072	220
7.65498	220
7.65843	220
7.6627	220
7.66533	220
7.6696	220
7.67305	220
7.67732	220
7.67995	220
7.68422	220
7.68767	220
7.69194	220
7.69457	220
7.69884	220
7.70229	220
7.70656	220
7.71082	220
7.71346	220
7.7169	220
7.72117	220
7.72544	220
7.72807	220
7.73152	220
7.73579	220
7.74006	220
7.74269	220
7.74614	220
7.75041	220
7.75468	220
7.75731	220
7.76076	220
7.76503	220
7.76848	220
7.77274	220
7.77619	220
7.78046	220
7.78309	220
7.78736	220
7.79081	220
7.79508	220
7.79771	220
7.80198	220
7.80543	220
7.8097	220
7.81233	220
7.8166	220
7.82005	220
7.82432	220
7.82695	220
7.83122	220
7.83466	220
7.83893	220
7.84156	220
7.84583	220
7.84928	220
7.85355	220
7.85618	220
7.86045	220
7.8639	220
7.86817	220
7.8708	220
7.87507	220
7.87852	220
7.88279	220
7.88542	220
7.88969	220
7.89314	220
7.8974	220
7.90003	220
7.9043	220
7.90775	220
7.91202	220
7.91465	220
7.91892	220
7.92237	220
7.92664	220
7.93091	220
7.93354	220
7.93699	220
7.94126	220
7.94553	220
7.94816	220
7.95161	220
7.95587	220
7.96014	220
7.96277	220
7.96622	220
7.97049	220
7.97476	220
7.97739	220
7.98084	220
7.98511	220
7.98856	220
7.99283	220
7.99628	220
8.00055	220
8.00318	220
8.00745	220
8.0109	220
8.01516	220
8.01779	220
8.02206	220
8.02551	220
8.02978	220
8.03241	220
8.03668	220
8.04013	220
8.0444	220
8.04703	220
8.0513	220
8.05475	220
8.05902	220
8.06165	220
8.06592	220
8.06937	220
8.07363	220
8.07626	220
8.08053	220
8.08398	220
8.08825	220
8.09088	220
8.09515	220
8.0986	220
8.10287	220
8.1055	220
8.10977	220
8.11322	220
8.11749	220
8.12012	220
8.12439	220
8.12784	220
8.1321	220
8.13474	220
8.139	220
8.14245	220
8.14672	220
8.15099	220
8.15362	220
8.15707	220
8.16134	220
8.16561	220
8.16824	220
8.17169	220
8.17596	220
8.18023	220
8.18286	220
8.18631	220
8.19058	220
8.19484	220
8.19747	220
8.20092	220
8.20519	220
8.20864	220
8.21291	220
8.21636	220
8.22063	220
8.22326	220
8.22753	220
8.23098	220
8.23525	220
8.23788	220
8.24215	220
8.2456	220
8.24986	220
8.2525	220
8.25676	220
8.26021	220
8.26448	220
8.26711	220
8.27138	220
8.27483	220
8.2791	220
8.28173	220
8.286	220
8.28945	220
8.29372	220
8.29635	220
8.30062	220
8.30407	220
8.30834	220
8.31097	220
8.31523	220
8.31868	220
8.32295	220
8.32558	220
8.32985	220
8.3333	220
8.33757	220
8.3402	220
8.34447	220
8.34792	220
8.35219	220
8.35482	220
8.35909	220
8.36254	220
8.36681	220
8.37107	220
8.3737	220
8.37715	220
8.38142	220
8.38569	220
8.38832	220
8.39177	220
8.39604	220
8.40031	220
8.40294	220
8.40639	220
8.41066	220
8.41493	220
8.41756	220
8.42101	220
8.42528	220
8.42873	220
8.43299	220
8.43644	220
8.44071	220
8.44334	220
8.44761	220
8.45106	220
8.45533	220
8.45796	220
8.46223	220
8.46568	220
8.46995	220
8.47258	220
8.47685	220
8.4803	220
8.48457	220
8.4872	220
8.49146	220
8.49491	220
8.49918	220
8.50181	220
8.50608	220
8.50953	220
8.5138	220
8.51643	220
8.5207	220
8.52415	220
8.52842	220
8.53105	220
8.53532	220
8.53877	220
8.54304	220
8.54567	220
8.54994	220
8.55338	220
8.55765	220
8.56028	220
8.56455	220
8.568	220
8.57227	220
8.5749	220
8.57917	220
8.58262	220
8.58689	220
8.59116	220
8.59379	220
8.59724	220
8.60151	220
8.60578	220
8.60841	220
8.61186	220
8.61612	220
8.62039	220
8.62302	220
8.62647	220
8.63074	220
8.63501	220
8.63764	220
8.64109	220
8.64536	220
8.64881	220
8.65308	220
8.65653	220
8.6608	220
8.66343	220
8.6677	220
8.67114	220
8.67541	220
8.67804	220
8.68231	220
8.68576	220
8.69003	220
8.69266	220
8.69693	220
8.70038	220
8.70465	220
8.70728	220
8.71155	220
8.715	220
8.71927	220
8.7219	220
8.72617	220
8.72962	220
8.73388	220
8.73651	220
8.74078	220
8.74423	220
8.7485	220
8.75113	220
8.7554	220
8.75885	220
8.76312	220
8.76575	220
8.77002	220
8.77347	220
8.77774	220
8.78037	220
8.78464	220
8.78809	220
8.79235	220
8.79498	220
8.79925	220
8.8027	220
8.80697	220
8.81124	220
8.81387	220
8.81732	220
8.82159	220
8.82586	220
8.82849	220
8.83194	220
8.83621	220
8.84048	220
8.84311	220
8.84656	220
8.85082	220
8.85509	220
8.85772	220
8.86117	220
8.86544	220
8.86889	220
8.87316	220
8.87661	220
8.88088	220
8.88351	220
8.88778	220
8.89123	220
8.8955	220
8.89813	220
8.9024	220
8.90585	220
8.91011	220
8.91274	220
8.91701	220
8.92046	220
8.92473	220
8.92736	220
8.93163	220
8.93508	220
8.93935	220
8.94198	220
8.94625	220
8.9497	220
8.95397	220
8.9566	220
8.96087	220
8.96432	220
8.96858	220
8.97122	220
8.97548	220
8.97893	220
8.9832	220
8.98583	220
8.9901	220
8.99355	220
8.99782	220
9.00045	220
9.00472	220
9.00817	220
9.01244	220
9.01507	220
9.01934	220
9.02279	220
9.02706	220
9.03132	220
9.03395	220
9.0374	220
9.04167	220
9.04594	220
9.04857	220
9.05202	220
9.05629	220
9.06056	220
9.06319	220
9.06664	220
9.07091	220
9.07518	220
9.07781	220
9.08126	220
9.08553	220
9.08898	220
9.09324	220
9.09669	220
9.10096	220
9.10359	220
9.10786	220
9.11131	220
9.11558	220
9.11821	220
9.12248	220
9.12593	220
9.1302	220
9.13283	220
9.1371	220
9.14055	220
9.14482	220
9.14745	220
9.15171	220
9.15516	220
9.15943	220
9.16206	220
9.16633	220
9.16978	220
9.17405	220
9.17668	220
9.18095	220
9.1844	220
9.18867	220
9.1913	220
9.19557	220
9.19902	220
9.20329	220
9.20592	220
9.21018	220
9.21363	220
9.2179	220
9.22053	220
9.2248	220
9.22825	220
9.23252	220
9.23515	220
9.23942	220
9.24287	220
9.24714	220
9.25141	220
9.25404	220
9.25749	220
9.26176	220
9.26602	220
9.26866	220
9.2721	220
9.27637	220
9.28064	220
9.28327	220
9.28672	220
9.29099	220
9.29526	220
9.29789	220
9.30134	220
9.30561	220
9.30906	220
9.31333	220
9.31678	220
9.32105	220
9.32368	220
9.32794	220
9.33139	220
9.33566	220
9.33829	220
9.34256	220
9.34601	220
9.35028	220
9.35291	220
9.35718	220
9.36063	220
9.3649	220
9.36753	220
9.3718	220
9.37525	220
9.37952	220
9.38215	220
9.38642	220
9.38986	220
9.39413	220
9.39676	220
9.40103	220
9.40448	220
9.40875	220
9.41138	220
9.41565	220
9.4191	220
9.42337	220
9.426	220
9.43027	220
9.43372	220
9.43799	220
9.44062	220
9.44489	220
9.44834	220
9.4526	220
9.45523	220
9.4595	220
9.46295	220
9.46722	220
9.47149	220
9.47412	220
9.47757	220
9.48184	220
9.48611	220
9.48874	220
9.49219	220
9.49646	220
9.50073	220
9.50336	220
9.50681	220
9.51107	220
9.51534	220
9.51797	220
9.52142	220
9.52569	220
9.52914	220
9.53341	220
9.53686	220
9.54113	220
9.54376	220
9.54803	220
9.55148	220
9.55575	220
9.55838	220
9.56265	220
9.5661	220
9.57036	220
9.57299	220
9.57726	220
9.58071	220
9.58498	220
9.58761	220
9.59188	220
9.59533	220
9.5996	220
9.60223	220
9.6065	220
9.60995	220
9.61422	220
9.61685	220
9.62112	220
9.62457	220
9.62883	220
9.63146	220
9.63573	220
9.63918	220
9.64345	220
9.64608	220
9.65035	220
9.6538	220
9.65807	220
9.6607	220
9.66497	220
9.66842	220
9.67269	220
9.67532	220
9.67959	220
9.68304	220
9.6873	220
9.69157	220
9.6942	220
9.69765	220
9.70192	220
9.70619	220
9.70882	220
9.71227	220
9.71654	220
9.72081	220
9.72344	220
9.72689	220
9.73116	220
9.73543	220
9.73806	220
9.74151	220
9.74578	220
9.74922	220
9.75349	220
9.75694	220
9.76121	220
9.76384	220
9.76811	220
9.77156	220
9.77583	220
9.77846	220
9.78273	220
9.78618	220
9.79045	220
9.79308	220
9.79735	220
9.8008	220
9.80506	220
9.8077	220
9.81196	220
9.81541	220
9.81968	220
9.82231	220
9.82658	220
9.83003	220
9.8343	220
9.83693	220
9.8412	220
9.84465	220
9.84892	220
9.85155	220
9.85582	220
9.85927	220
9.86354	220
9.86617	220
9.87043	220
9.87388	220
9.87815	220
9.88078	220
9.88505	220
9.8885	220
9.89277	220
9.8954	220
9.89967	220
9.90312	220
9.90739	220
9.91166	220
9.91429	220
9.91774	220
9.92201	220
9.92627	220
9.9289	220
9.93235	220
9.93662	220
9.94089	220
9.94352	220
9.94697	220
9.95124	220
9.95551	220
9.95814	220
9.96159	220
9.96586	220
9.96931	220
9.97358	220
9.97703	220
9.9813	220
9.98393	220
9.98819	220
9.99164	220
9.99591	220
9.99854	220
10.0028	220
10.0063	220
10.0105	220
10.0132	220
10.0174	220
10.0209	220
10.0251	220
10.0278	220
10.032	220
10.0355	220
10.0398	220
10.0424	220
10.0467	220
10.0501	220
10.0544	220
10.057	220
10.0613	220
10.0647	220
10.069	220
10.0716	220
10.0759	220
10.0793	220
10.0836	220
10.0862	220
10.0905	220
10.094	220
10.0982	220
10.1009	220
10.1051	220
10.1086	220
10.1129	220
10.1155	220
10.1198	220
10.1232	220
10.1275	220
10.1317	220
10.1344	220
10.1378	220
10.1421	220
10.1464	220
10.149	220
10.1524	220
10.1567	220
10.161	220
10.1636	220
10.1671	220
10.1713	220
10.1756	220
10.1782	220
10.1817	220
10.1859	220
10.1894	220
10.1937	220
10.1971	220
10.2014	220
10.204	220
10.2083	220
10.2117	220
10.216	220
10.2186	220
10.2229	220
10.2263	220
10.2306	220
10.2332	220
10.2375	220
10.241	220
10.2452	220
10.2479	220
10.2521	220
10.2556	220
10.2598	220
10.2625	220
10.2667	220
10.2702	220
10.2745	220
10.2771	220
10.2814	220
10.2848	220
10.2891	220
10.2917	220
10.296	220
10.2994	220
10.3037	220
10.3063	220
10.3106	220
10.3141	220
10.3183	220
10.3209	220
10.3252	220
10.3287	220
10.3329	220
10.3356	220
10.3398	220
10.3433	220
10.3476	220
10.3518	220
10.3545	220
10.3579	220
10.3622	220
10.3664	220
10.3691	220
10.3725	220
10.3768	220
10.3811	220
10.3837	220
10.3871	220
10.3914	220
10.3957	220
10.3983	220
10.4018	220
10.406	220
10.4095	220
10.4137	220
10.4172	220
10.4215	220
10.4241	220
10.4284	220
10.4318	220
10.4361	220
10.4387	220
10.443	220
10.4464	220
10.4507	220
10.4533	220
10.4576	220
10.461	220
10.4653	220
10.4679	220
10.4722	220
10.4757	220
10.4799	220
10.4826	220
10.4868	220
10.4903	220
10.4945	220
10.4972	220
10.5014	220
10.5049	220
10.5092	220
10.5118	220
10.5161	220
10.5195	220
10.5238	220
10.5264	220
10.5307	220
10.5341	220
10.5384	220
10.541	220
10.5453	220
10.5488	220
10.553	220
10.5557	220
10.5599	220
10.5634	220
10.5676	220
10.5719	220
10.5745	220
10.578	220
10.5823	220
10.5865	220
10.5892	220
10.5926	220
10.5969	220
10.6011	220
10.6038	220
10.6072	220
10.6115	220
10.6158	220
10.6184	220
10.6218	220
10.6261	220
10.6296	220
10.6338	220
10.6373	220
10.6415	220
10.6442	220
10.6484	220
10.6519	220
10.6562	220
10.6588	220
10.6631	220
10.6665	220
10.6708	220
10.6734	220
10.6777	220
10.6811	220
10.6854	220
10.688	220
10.6923	220
10.6957	220
10.7	220
10.7026	220
10.7069	220
10.7104	220
10.7146	220
10.7173	220
10.7215	220
10.725	220
10.7293	220
10.7319	220
10.7361	220
10.7396	220
10.7439	220
10.7465	220
10.7508	220
10.7542	220
10.7585	220
10.7611	220
10.7654	220
10.7688	220
10.7731	220
10.7757	220
10.78	220
10.7835	220
10.7877	220
10.792	220
10.7946	220
10.7981	220
10.8023	220
10.8066	220
10.8092	220
10.8127	220
10.817	220
10.8212	220
10.8239	220
10.8273	220
10.8316	220
10.8358	220
10.8385	220
10.8419	220
10.8462	220
10.8496	220
10.8539	220
10.8574	220
10.8616	220
10.8643	220
10.8685	220
10.872	220
10.8762	220
10.8789	220
10.8831	220
10.8866	220
10.8909	220
10.8935	220
10.8978	220
10.9012	220
10.9055	220
10.9081	220
10.9124	220
10.9158	220
10.9201	220
10.9227	220
10.927	220
10.9304	220
10.9347	220
10.9373	220
10.9416	220
10.9451	220
10.9493	220
10.952	220
10.9562	220
10.9597	220
10.964	220
10.9666	220
10.9709	220
10.9743	220
10.9786	220
10.9812	220
10.9855	220
10.9889	220
10.9932	220
10.9958	220
11.0001	220
11.0035	220
11.0078	220
11.0121	220
11.0147	220
11.0182	220
11.0224	220
11.0267	220
11.0293	220
11.0328	220
11.037	220
11.0413	220
11.0439	220
11.0474	220
11.0517	220
11.0559	220
11.0586	220
11.062	220
11.0663	220
11.0697	220
11.074	220
11.0774	220
11.0817	220
11.0843	220
11.0886	220
11.0921	220
11.0963	220
11.099	220
11.1032	220
11.1067	220
11.1109	220
11.1136	220
11.1178	220
11.1213	220
11.1256	220
11.1282	220
11.1325	220
11.1359	220
11.1402	220
11.1428	220
11.1471	220
11.1505	220
11.1548	220
11.1574	220
11.1617	220
11.1651	220
11.1694	220
11.172	220
11.1763	220
11.1798	220
11.184	220
11.1867	220
11.1909	220
11.1944	220
11.1987	220
11.2013	220
11.2056	220
11.209	220
11.2133	220
11.2159	220
11.2202	220
11.2236	220
11.2279	220
11.2322	220
11.2348	220
11.2382	220
11.2425	220
11.2468	220
11.2494	220
11.2529	220
11.2571	220
11.2614	220
11.264	220
11.2675	220
11.2717	220
11.276	220
11.2786	220
11.2821	220
11.2864	220
11.2898	220
11.2941	220
11.2975	220
11.3018	220
11.3044	220
11.3087	220
11.3121	220
11.3164	220
11.319	220
11.3233	220
11.3268	220
11.331	220
11.3337	220
11.3379	220
11.3414	220
11.3456	220
11.3483	220
11.3525	220
11.356	220
11.3603	220
11.3629	220
11.3672	220
11.3706	220
11.3749	220
11.3775	220
11.3818	220
11.3852	220
11.3895	220
11.3921	220
11.3964	220
11.3998	220
11.4041	220
11.4067	220
11.411	220
11.4145	220
11.4187	220
11.4214	220
11.4256	220
11.4291	220
11.4334	220
11.436	220
11.4403	220
11.4437	220
11.448	220
11.4522	220
11.4549	220
11.4583	220
11.4626	220
11.4669	220
11.4695	220
11.4729	220
11.4772	220
11.4815	220
11.4841	220
11.4876	220
11.4918	220
11.4961	220
11.4987	220
11.5022	220
11.5064	220
11.5099	220
11.5142	220
11.5176	220
11.5219	220
11.5245	220
11.5288	220
11.5322	220
11.5365	220
11.5391	220
11.5434	220
11.5468	220
11.5511	220
11.5537	220
11.558	220
11.5615	220
11.5657	220
11.5684	220
11.5726	220
11.5761	220
11.5803	220
11.583	220
11.5872	220
11.5907	220
11.595	220
11.5976	220
11.6019	220
11.6053	220
11.6096	220
11.6122	220
11.6165	220
11.6199	220
11.6242	220
11.6268	220
11.6311	220
11.6345	220
11.6388	220
11.6414	220
11.6457	220
11.6492	220
11.6534	220
11.6561	220
11.6603	220
11.6638	220
11.6681	220
11.6723	220
11.675	220
11.6784	220
11.6827	220
11.6869	220
11.6896	220
11.693	220
11.6973	220
11.7016	220
11.7042	220
11.7076	220
11.7119	220
11.7162	220
11.7188	220
11.7223	220
11.7265	220
11.73	220
11.7342	220
11.7377	220
11.742	220
11.7446	220
11.7489	220
11.7523	220
11.7566	220
11.7592	220
11.7635	220
11.7669	220
11.7712	220
11.7738	220
11.7781	220
11.7815	220
11.7858	220
11.7884	220
11.7927	220
11.7962	220
11.8004	220
11.8031	220
11.8073	220
11.8108	220
11.815	220
11.8177	220
11.8219	220
11.8254	220
11.8297	220
11.8323	220
11.8366	220
11.84	220
11.8443	220
11.8469	220
11.8512	220
11.8546	220
11.8589	220
11.8615	220
11.8658	220
11.8693	220
11.8735	220
11.8761	220
11.8804	220
11.8839	220
11.8881	220
11.8924	220
11.895	220
11.8985	220
11.9028	220
11.907	220
11.9097	220
11.9131	220
11.9174	220
11.9216	220
11.9243	220
11.9277	220
11.932	220
11.9363	220
11.9389	220
11.9423	220
11.9466	220
11.9501	220
11.9543	220
11.9578	220
11.962	220
11.9647	220
11.9689	220
11.9724	220
11.9767	220
11.9793	220
11.9836	220
11.987	220
11.9913	220
11.9939	220
11.9982	220
12.0016	220
12.0059	220
12.0085	220
12.0128	220
12.0162	220
12.0205	220
12.0231	220
12.0274	220
12.0309	220
12.0351	220
12.0378	220
12.042	220
12.0455	220
12.0497	220
12.0524	220
12.0566	220
12.0601	220
12.0644	220
12.067	220
12.0713	220
12.0747	220
12.079	220
12.0816	220
12.0859	220
12.0893	220
12.0936	220
12.0962	220
12.1005	220
12.104	220
12.1082	220
12.1125	220
12.1151	220
12.1186	220
12.1228	220
12.1271	220
12.1297	220
12.1332	220
12.1375	220
12.1417	220
12.1444	220
12.1478	220
12.1521	220
12.1563	220
12.159	220
12.1624	220
12.1667	220
12.1701	220
12.1744	220
12.1779	220
12.1821	220
12.1848	220
12.189	220
12.1925	220
12.1967	220
12.1994	220
12.2036	220
12.2071	220
12.2114	220
12.214	220
12.2183	220
12.2217	220
12.226	220
12.2286	220
12.2329	220
12.2363	220
12.2406	220
12.2432	220
12.2475	220
12.2509	220
12.2552	220
12.2578	220
12.2621	220
12.2656	220
12.2698	220
12.2725	220
12.2767	220
12.2802	220
12.2845	220
12.2871	220
12.2913	220
12.2948	220
12.2991	220
12.3017	220
12.306	220
12.3094	220
12.3137	220
12.3163	220
12.3206	220
12.324	220
12.3283	220
12.3326	220
12.3352	220
12.3387	220
12.3429	220
12.3472	220
12.3498	220
12.3533	220
12.3575	220
12.3618	220
12.3644	220
12.3679	220
12.3722	220
12.3764	220
12.3791	220
12.3825	220
12.3868	220
12.3902	220
12.3945	220
12.3979	220
12.4022	220
12.4048	220
12.4091	220
12.4126	220
12.4168	220
12.4195	220
12.4237	220
12.4272	220
12.4314	220
12.4341	220
12.4383	220
12.4418	220
12.4461	220
12.4487	220
12.453	220
12.4564	220
12.4607	220
12.4633	220
12.4676	220
12.471	220
12.4753	220
12.4779	220
12.4822	220
12.4856	220
12.4899	220
12.4925	220
12.4968	220
12.5003	220
12.5045	220
12.5072	220
12.5114	220
12.5149	220
12.5192	220
12.5218	220
12.5261	220
12.5295	220
12.5338	220
12.5364	220
12.5407	220
12.5441	220
12.5484	220
12.5527	220
12.5553	220
12.5587	220
12.563	220
12.5673	220
12.5699	220
12.5734	220
12.5776	220
12.5819	220
12.5845	220
12.588	220
12.5922	220
12.5965	220
12.5991	220
12.6026	220
12.6069	220
12.6103	220
12.6146	220
12.618	220
12.6223	220
12.6249	220
12.6292	220
12.6326	220
12.6369	220
12.6395	220
12.6438	220
12.6473	220
12.6515	220
12.6542	220
12.6584	220
12.6619	220
12.6661	220
12.6688	220
12.673	220
12.6765	220
12.6808	220
12.6834	220
12.6877	220
12.6911	220
12.6954	220
12.698	220
12.7023	220
12.7057	220
12.71	220
12.7126	220
12.7169	220
12.7203	220
12.7246	220
12.7272	220
12.7315	220
12.735	220
12.7392	220
12.7419	220
12.7461	220
12.7496	220
12.7539	220
12.7565	220
12.7608	220
12.7642	220
12.7685	220
12.7727	220
12.7754	220
12.7788	220
12.7831	220
12.7874	220
12.79	220
12.7934	220
12.7977	220
12.802	220
12.8046	220
12.8081	220
12.8123	220
12.8166	220
12.8192	220
12.8227	220
12.8269	220
12.8304	220
12.8347	220
12.8381	220
12.8424	220
12.845	220
12.8493	220
12.8527	220
12.857	220
12.8596	220
12.8639	220
12.8673	220
12.8716	220
12.8742	220
12.8785	220
12.882	220
12.8862	220
12.8889	220
12.8931	220
12.8966	220
12.9008	220
12.9035	220
12.9077	220
12.9112	220
12.9155	220
12.9181	220
12.9224	220
12.9258	220
12.9301	220
12.9327	220
12.937	220
12.9404	220
12.9447	220
12.9473	220
12.9516	220
12.955	220
12.9593	220
12.9619	220
12.9662	220
12.9697	220
12.9739	220
12.9766	220
12.9808	220
12.9843	220
12.9886	220
12.9928	220
12.9955	220
12.9989	220
13.0032	220
13.0074	220
13.0101	220
13.0135	220
13.0178	220
13.0221	220
13.0247	220
13.0281	220
13.0324	220
13.0367	220
13.0393	220
13.0428	220
13.047	220
13.0505	220
13.0547	220
13.0582	220
13.0625	220
13.0651	220
13.0694	220
13.0728	220
13.0771	220
13.0797	220
13.084	220
13.0874	220
13.0917	220
13.0943	220
13.0986	220
13.102	220
13.1063	220
13.1089	220
13.1132	220
13.1167	220
13.1209	220
13.1236	220
13.1278	220
13.1313	220
13.1355	220
13.1382	220
13.1424	220
13.1459	220
13.1502	220
13.1528	220
13.1571	220
13.1605	220
13.1648	220
13.1674	220
13.1717	220
13.1751	220
13.1794	220
13.182	220
13.1863	220
13.1897	220
13.194	220
13.1966	220
13.2009	220
13.2044	220
13.2086	220
13.2129	220
13.2155	220
13.219	220
13.2233	220
13.2275	220
13.2302	220
13.2336	220
13.2379	220
13.2421	220
13.2448	220
13.2482	220
13.2525	220
13.2568	220
13.2594	220
13.2628	220
13.2671	220
13.2706	220
13.2748	220
13.2783	220
13.2825	220
13.2852	220
13.2894	220
13.2929	220
13.2972	220
13.2998	220
13.3041	220
13.3075	220
13.3118	220
13.3144	220
13.3187	220
13.3221	220
13.3264	220
13.329	220
13.3333	220
13.3367	220
13.341	220
13.3436	220
13.3479	220
13.3514	220
13.3556	220
13.3583	220
13.3625	220
13.366	220
13.3702	220
13.3729	220
13.3771	220
13.3806	220
13.3849	220
13.3875	220
13.3918	220
13.3952	220
13.3995	220
13.4021	220
13.4064	220
13.4098	220
13.4141	220
13.4167	220
13.421	220
13.4245	220
13.4287	220
13.433	220
13.4356	220
13.4391	220
13.4433	220
13.4476	220
13.4502	220
13.4537	220
13.458	220
13.4622	220
13.4649	220
13.4683	220
13.4726	220
13.4768	220
13.4795	220
13.4829	220
13.4872	220
13.4906	220
13.4949	220
13.4984	220
13.5026	220
13.5053	220
13.5095	220
13.513	220
13.5172	220
13.5199	220
13.5241	220
13.5276	220
13.5319	220
13.5345	220
13.5388	220
13.5422	220
13.5465	220
13.5491	220
13.5534	220
13.5568	220
13.5611	220
13.5637	220
13.568	220
13.5714	220
13.5757	220
13.5783	220
13.5826	220
13.5861	220
13.5903	220
13.593	220
13.5972	220
13.6007	220
13.6049	220
13.6076	220
13.6118	220
13.6153	220
13.6196	220
13.6222	220
13.6265	220
13.6299	220
13.6342	220
13.6368	220
13.6411	220
13.6445	220
13.6488	220
13.6531	220
13.6557	220
13.6592	220
13.6634	220
13.6677	220
13.6703	220
13.6738	220
13.678	220
13.6823	220
13.6849	220
13.6884	220
13.6927	220
13.6969	220
13.6996	220
13.703	220
13.7073	220
13.7107	220
13.715	220
13.7184	220
13.7227	220
13.7253	220
13.7296	220
13.7331	220
13.7373	220
13.74	220
13.7442	220
13.7477	220
13.7519	220
13.7546	220
13.7588	220
13.7623	220
13.7666	220
13.7692	220
13.7735	220
13.7769	220
13.7812	220
13.7838	220
13.7881	220
13.7915	220
13.7958	220
13.7984	220
13.8027	220
13.8061	220
13.8104	220
13.813	220
13.8173	220
13.8208	220
13.825	220
13.8277	220
13.8319	220
13.8354	220
13.8397	220
13.8423	220
13.8465	220
13.85	220
13.8543	220
13.8569	220
13.8612	220
13.8646	220
13.8689	220
13.8732	220
13.8758	220
13.8792	220
13.8835	220
13.8878	220
13.8904	220
13.8939	220
13.8981	220
13.9024	220
13.905	220
13.9085	220
13.9127	220
13.917	220
13.9196	220
13.9231	220
13.9274	220
13.9308	220
13.9351	220
13.9385	220
13.9428	220
13.9454	220
13.9497	220
13.9531	220
13.9574	220
13.96	220
13.9643	220
13.9678	220
13.972	220
13.9747	220
13.9789	220
13.9824	220
13.9866	220
13.9893	220
13.9935	220
13.997	220
14.0013	220
14.0039	220
14.0082	220
14.0116	220
14.0159	220
14.0185	220
14.0228	220
14.0262	220
14.0305	220
14.0331	220
14.0374	220
14.0408	220
14.0451	220
14.0477	220
14.052	220
14.0555	220
14.0597	220
14.0624	220
14.0666	220
14.0701	220
14.0744	220
14.077	220
14.0813	220
14.0847	220
14.089	220
14.0932	220
14.0959	220
14.0993	220
14.1036	220
14.1079	220
14.1105	220
14.1139	220
14.1182	220
14.1225	220
14.1251	220
14.1286	220
14.1328	220
14.1371	220
14.1397	220
14.1432	220
14.1474	220
14.1509	220
14.1552	220
14.1586	220
14.1629	220
14.1655	220
14.1698	220
14.1732	220
14.1775	220
14.1801	220
14.1844	220
14.1878	220
14.1921	220
14.1947	220
14.199	220
14.2025	220
14.2067	220
14.2094	220
14.2136	220
14.2171	220
14.2213	220
14.224	220
14.2282	220
14.2317	220
14.236	220
14.2386	220
14.2429	220
14.2463	220
14.2506	220
14.2532	220
14.2575	220
14.2609	220
14.2652	220
14.2678	220
14.2721	220
14.2755	220
14.2798	220
14.2824	220
14.2867	220
14.2902	220
14.2944	220
14.2971	220
14.3013	220
14.3048	220
14.3091	220
14.3133	220
14.316	220
14.3194	220
14.3237	220
14.3279	220
14.3306	220
14.334	220
14.3383	220
14.3426	220
14.3452	220
14.3486	220
14.3529	220
14.3572	220
14.3598	220
14.3633	220
14.3675	220
14.371	220
14.3752	220
14.3787	220
14.383	220
14.3856	220
14.3899	220
14.3933	220
14.3976	220
14.4002	220
14.4045	220
14.4079	220
14.4122	220
14.4148	220
14.4191	220
14.4225	220
14.4268	220
14.4294	220
14.4337	220
14.4372	220
14.4414	220
14.4441	220
14.4483	220
14.4518	220
14.456	220
14.4587	220
14.4629	220
14.4664	220
14.4707	220
14.4733	220
14.4776	220
14.481	220
14.4853	220
14.4879	220
14.4922	220
14.4956	220
14.4999	220
14.5025	220
14.5068	220
14.5102	220
14.5145	220
14.5171	220
14.5214	220
14.5249	220
14.5291	220
14.5334	220
14.536	220
14.5395	220
14.5438	220
14.548	220
14.5507	220
14.5541	220
14.5584	220
14.5626	220
14.5653	220
14.5687	220
14.573	220
14.5773	220
14.5799	220
14.5833	220
14.5876	220
14.5911	220
14.5953	220
14.5988	220
14.603	220
14.6057	220
14.6099	220
14.6134	220
14.6177	220
14.6203	220
14.6246	220
14.628	220
14.6323	220
14.6349	220
14.6392	220
14.6426	220
14.6469	220
14.6495	220
14.6538	220
14.6572	220
14.6615	220
14.6641	220
14.6684	220
14.6719	220
14.6761	220
14.6788	220
14.683	220
14.6865	220
14.6907	220
14.6934	220
14.6976	220
14.7011	220
14.7054	220
14.708	220
14.7123	220
14.7157	220
14.72	220
14.7226	220
14.7269	220
14.7303	220
14.7346	220
14.7372	220
14.7415	220
14.7449	220
14.7492	220
14.7535	220
14.7561	220
14.7596	220
14.7638	220
14.7681	220
14.7707	220
14.7742	220
14.7785	220
14.7827	220
14.7854	220
14.7888	220
14.7931	220
14.7973	220
14.8	220
14.8034	220
14.8077	220
14.8111	220
14.8154	220
14.8189	220
14.8231	220
14.8258	220
14.83	220
14.8335	220
14.8377	220
14.8404	220
14.8446	220
14.8481	220
14.8524	220
14.855	220
14.8593	220
14.8627	220
14.867	220
14.8696	220
14.8739	220
14.8773	220
14.8816	220
14.8842	220
14.8885	220
14.8919	220
14.8962	220
14.8988	220
14.9031	220
14.9066	220
14.9108	220
14.9135	220
14.9177	220
14.9212	220
14.9254	220
14.9281	220
14.9323	220
14.9358	220
14.9401	220
14.9427	220
14.947	220
14.9504	220
14.9547	220
14.9573	220
14.9616	220
14.965	220
14.9693	220
14.9736	220
14.9762	220
14.9797	220
14.9839	220
14.9882	220
14.9908	220
14.9943	220
14.9985	220
15.0028	220
15.0054	220
15.0089	220
15.0132	220
15.0174	220
15.0201	220
15.0235	220
15.0278	220
15.0312	220
15.0355	220
15.0389	220
15.0432	220
15.0458	220
15.0501	220
15.0536	220
15.0578	220
15.0605	220
15.0647	220
15.0682	220
15.0724	220
15.0751	220
15.0793	220
15.0828	220
15.0871	220
15.0897	220
15.094	220
15.0974	220
15.1017	220
15.1043	220
15.1086	220
15.112	220
15.1163	220
15.1189	220
15.1232	220
15.1266	220
15.1309	220
15.1335	220
15.1378	220
15.1413	220
15.1455	220
15.1482	220
15.1524	220
15.1559	220
15.1601	220
15.1628	220
15.167	220
15.1705	220
15.1748	220
15.1774	220
15.1817	220
15.1851	220
15.1894	220
15.1937	220
15.1963	220
15.1997	220
15.204	220
15.2083	220
15.2109	220
15.2144	220
15.2186	220
15.2229	220
15.2255	220
15.229	220
15.2332	220
15.2375	220
15.2401	220
15.2436	220
15.2479	220
15.2513	220
15.2556	220
15.259	220
15.2633	220
15.2659	220
15.2702	220
15.2736	220
15.2779	220
15.2805	220
15.2848	220
15.2883	220
15.2925	220
15.2952	220
15.2994	220
15.3029	220
15.3071	220
15.3098	220
15.314	220
15.3175	220
15.3218	220
15.3244	220
15.3287	220
15.3321	220
15.3364	220
15.339	220
15.3433	220
15.3467	220
15.351	220
15.3536	220
15.3579	220
15.3613	220
15.3656	220
15.3682	220
15.3725	220
15.376	220
15.3802	220
15.3829	220
15.3871	220
15.3906	220
15.3949	220
15.3975	220
15.4017	220
15.4052	220
15.4095	220
15.4137	220
15.4164	220
15.4198	220
15.4241	220
15.4284	220
15.431	220
15.4344	220
15.4387	220
15.443	220
15.4456	220
15.4491	220
15.4533	220
15.4576	220
15.4602	220
15.4637	220
15.4679	220
15.4714	220
15.4757	220
15.4791	220
15.4834	220
15.486	220
15.4903	220
15.4937	220
15.498	220
15.5006	220
15.5049	220
15.5083	220
15.5126	220
15.5152	220
15.5195	220
15.523	220
15.5272	220
15.5299	220
15.5341	220
15.5376	220
15.5418	220
15.5445	220
15.5487	220
15.5522	220
15.5565	220
15.5591	220
15.5634	220
15.5668	220
15.5711	220
15.5737	220
15.578	220
15.5814	220
15.5857	220
15.5883	220
15.5926	220
15.596	220
15.6003	220
15.6029	220
15.6072	220
15.6107	220
15.6149	220
15.6176	220
15.6218	220
15.6253	220
15.6296	220
15.6338	220
15.6365	220
15.6399	220
15.6442	220
15.6484	220
15.6511	220
15.6545	220
15.6588	220
15.6631	220
15.6657	220
15.6691	220
15.6734	220
15.6777	220
15.6803	220
15.6838	220
15.688	220
15.6915	220
15.6957	220
15.6992	220
15.7035	220
15.7061	220
15.7104	220
15.7138	220
15.7181	220
15.7207	220
15.725	220
15.7284	220
15.7327	220
15.7353	220
15.7396	220
15.743	220
15.7473	220
15.7499	220
15.7542	220
15.7577	220
15.7619	220
15.7646	220
15.7688	220
15.7723	220
15.7765	220
15.7792	220
15.7834	220
15.7869	220
15.7912	220
15.7938	220
15.7981	220
15.8015	220
15.8058	220
15.8084	220
15.8127	220
15.8161	220
15.8204	220
15.823	220
15.8273	220
15.8307	220
15.835	220
15.8376	220
15.8419	220
15.8454	220
15.8496	220
15.8539	220
15.8565	220
15.86	220
15.8643	220
15.8685	220
15.8712	220
15.8746	220
15.8789	220
15.8831	220
15.8858	220
15.8892	220
15.8935	220
15.8978	220
15.9004	220
15.9038	220
15.9081	220
15.9116	220
15.9158	220
15.9193	220
15.9235	220
15.9262	220
15.9304	220
15.9339	220
15.9382	220
15.9408	220
15.9451	220
15.9485	220
15.9528	220
15.9554	220
15.9597	220
15.9631	220
15.9674	220
15.97	220
15.9743	220
15.9777	220
15.982	220
15.9846	220
15.9889	220
15.9924	220
15.9966	220
15.9993	220
16.0035	220
16.007	220
16.0112	220
16.0139	220
16.0181	220
16.0216	220
16.0259	220
16.0285	220
16.0328	220
16.0362	220
16.0405	220
16.0431	220
16.0474	220
16.0508	220
16.0551	220
16.0577	220
16.062	220
16.0654	220
16.0697	220
16.074	220
16.0766	220
16.0801	220
16.0843	220
16.0886	220
16.0912	220
16.0947	220
16.099	220
16.1032	220
16.1059	220
16.1093	220
16.1136	220
16.1178	220
16.1205	220
16.1239	220
16.1282	220
16.1316	220
16.1359	220
16.1394	220
16.1436	220
16.1463	220
16.1505	220
16.154	220
16.1582	220
16.1609	220
16.1651	220
16.1686	220
16.1729	220
16.1755	220
16.1798	220
16.1832	220
16.1875	220
16.1901	220
16.1944	220
16.1978	220
16.2021	220
16.2047	220
16.209	220
16.2124	220
16.2167	220
16.2193	220
16.2236	220
16.2271	220
16.2313	220
16.234	220
16.2382	220
16.2417	220
16.2459	220
16.2486	220
16.2528	220
16.2563	220
16.2606	220
16.2632	220
16.2675	220
16.2709	220
16.2752	220
16.2778	220
16.2821	220
16.2855	220
16.2898	220
16.2941	220
16.2967	220
16.3001	220
16.3044	220
16.3087	220
16.3113	220
16.3148	220
16.319	220
16.3233	220
16.3259	220
16.3294	220
16.3337	220
16.3379	220
16.3406	220
16.344	220
16.3483	220
16.3517	220
16.356	220
16.3594	220
16.3637	220
16.3663	220
16.3706	220
16.3741	220
16.3783	220
16.381	220
16.3852	220
16.3887	220
16.3929	220
16.3956	220
16.3998	220
16.4033	220
16.4076	220
16.4102	220
16.4145	220
16.4179	220
16.4222	220
16.4248	220
16.4291	220
16.4325	220
16.4368	220
16.4394	220
16.4437	220
16.4471	220
16.4514	220
16.454	220
16.4583	220
16.4618	220
16.466	220
16.4687	220
16.4729	220
16.4764	220
16.4806	220
16.4833	220
16.4875	220
16.491	220
16.4953	220
16.4979	220
16.5022	220
16.5056	220
16.5099	220
16.5142	220
16.5168	220
16.5202	220
16.5245	220
16.5288	220
16.5314	220
16.5349	220
16.5391	220
16.5434	220
16.546	220
16.5495	220
16.5537	220
16.558	220
16.5606	220
16.5641	220
16.5684	220
16.5718	220
16.5761	220
16.5795	220
16.5838	220
16.5864	220
16.5907	220
16.5941	220
16.5984	220
16.601	220
16.6053	220
16.6088	220
16.613	220
16.6157	220
16.6199	220
16.6234	220
16.6276	220
16.6303	220
16.6345	220
16.638	220
16.6423	220
16.6449	220
16.6492	220
16.6526	220
16.6569	220
16.6595	220
16.6638	220
16.6672	220
16.6715	220
16.6741	220
16.6784	220
16.6818	220
16.6861	220
16.6887	220
16.693	220
16.6965	220
16.7007	220
16.7034	220
16.7076	220
16.7111	220
16.7153	220
16.718	220
16.7222	220
16.7257	220
16.73	220
16.7342	220
16.7369	220
16.7403	220
16.7446	220
16.7489	220
16.7515	220
16.7549	220
16.7592	220
16.7635	220
16.7661	220
16.7696	220
16.7738	220
16.7781	220
16.7807	220
16.7842	220
16.7884	220
16.7919	220
16.7962	220
16.7996	220
16.8039	220
16.8065	220
16.8108	220
16.8142	220
16.8185	220
16.8211	220
16.8254	220
16.8288	220
16.8331	220
16.8357	220
16.84	220
16.8435	220
16.8477	220
16.8504	220
16.8546	220
16.8581	220
16.8623	220
16.865	220
16.8692	220
16.8727	220
16.877	220
16.8796	220
16.8839	220
16.8873	220
16.8916	220
16.8942	220
16.8985	220
16.9019	220
16.9062	220
16.9088	220
16.9131	220
16.9165	220
16.9208	220
16.9234	220
16.9277	220
16.9312	220
16.9354	220
16.9381	220
16.9423	220
16.9458	220
16.9501	220
16.9543	220
16.9569	220
16.9604	220
16.9647	220
16.9689	220
16.9716	220
16.975	220
16.9793	220
16.9836	220
16.9862	220
16.9896	220
16.9939	220
16.9982	220
17.0008	220
17.0043	220
17.0085	220
17.012	220
17.0162	220
17.0197	220
17.024	220
17.0266	220
17.0309	220
17.0343	220
17.0386	220
17.0412	220
17.0455	220
17.0489	220
17.0532	220
17.0558	220
17.0601	220
17.0635	220
17.0678	220
17.0704	220
17.0747	220
17.0782	220
17.0824	220
17.0851	220
17.0893	220
17.0928	220
17.097	220
17.0997	220
17.1039	220
17.1074	220
17.1117	220
17.1143	220
17.1186	220
17.122	220
17.1263	220
17.1289	220
17.1332	220
17.1366	220
17.1409	220
17.1435	220
17.1478	220
17.1512	220
17.1555	220
17.1581	220
17.1624	220
17.1659	220
17.1701	220
17.1744	220
17.177	220
17.1805	220
17.1848	220
17.189	220
17.1917	220
17.1951	220
17.1994	220
17.2036	220
17.2063	220
17.2097	220
17.214	220
17.2183	220
17.2209	220
17.2243	220
17.2286	220
17.2321	220
17.2363	220
17.2398	220
17.244	220
17.2467	220
17.2509	220
17.2544	220
17.2587	220
17.2613	220
17.2656	220
17.269	220
17.2733	220
17.2759	220
17.2802	220
17.2836	220
17.2879	220
17.2905	220
17.2948	220
17.2982	220
17.3025	220
17.3051	220
17.3094	220
17.3129	220
17.3171	220
17.3198	220
17.324	220
17.3275	220
17.3317	220
17.3344	220
17.3386	220
17.3421	220
17.3464	220
17.349	220
17.3533	220
17.3567	220
17.361	220
17.3636	220
17.3679	220
17.3713	220
17.3756	220
17.3782	220
17.3825	220
17.3859	220
17.3902	220
17.3945	220
17.3971	220
17.4006	220
17.4048	220
17.4091	220
17.4117	220
17.4152	220
17.4195	220
17.4237	220
17.4264	220
17.4298	220
17.4341	220
17.4383	220
17.441	220
17.4444	220
17.4487	220
17.4521	220
17.4564	220
17.4599	220
17.4641	220
17.4668	220
17.471	220
17.4745	220
17.4787	220
17.4814	220
17.4856	220
17.4891	220
17.4934	220
17.496	220
17.5003	220
17.5037	220
17.508	220
17.5106	220
17.5149	220
17.5183	220
17.5226	220
17.5252	220
17.5295	220
17.5329	220
17.5372	220
17.5398	220
17.5441	220
17.5476	220
17.5518	220
17.5545	220
17.5587	220
17.5622	220
17.5664	220
17.5691	220
17.5733	220
17.5768	220
17.5811	220
17.5837	220
17.588	220
17.5914	220
17.5957	220
17.5983	220
17.6026	220
17.606	220
17.6103	220
17.6146	220
17.6172	220
17.6206	220
17.6249	220
17.6292	220
17.6318	220
17.6353	220
17.6395	220
17.6438	220
17.6464	220
17.6499	220
17.6542	220
17.6584	220
17.6611	220
17.6645	220
17.6688	220
17.6722	220
17.6765	220
17.6799	220
17.6842	220
17.6868	220
17.6911	220
17.6946	220
17.6988	220
17.7015	220
17.7057	220
17.7092	220
17.7134	220
17.7161	220
17.7203	220
17.7238	220
17.7281	220
17.7307	220
17.735	220
17.7384	220
17.7427	220
17.7453	220
17.7496	220
17.753	220
17.7573	220
17.7599	220
17.7642	220
17.7676	220
17.7719	220
17.7745	220
17.7788	220
17.7823	220
17.7865	220
17.7892	220
17.7934	220
17.7969	220
17.8011	220
17.8038	220
17.808	220
17.8115	220
17.8158	220
17.8184	220
17.8227	220
17.8261	220
17.8304	220
17.8347	220
17.8373	220
17.8407	220
17.845	220
17.8493	220
17.8519	220
17.8553	220
17.8596	220
17.8639	220
17.8665	220
17.87	220
17.8742	220
17.8785	220
17.8811	220
17.8846	220
17.8889	220
17.8923	220
17.8966	220
17.9	220
17.9043	220
17.9069	220
17.9112	220
17.9146	220
17.9189	220
17.9215	220
17.9258	220
17.9293	220
17.9335	220
17.9362	220
17.9404	220
17.9439	220
17.9481	220
17.9508	220
17.955	220
17.9585	220
17.9628	220
17.9654	220
17.9697	220
17.9731	220
17.9774	220
17.98	220
17.9843	220
17.9877	220
17.992	220
17.9946	220
17.9989	220
18.0023	220
18.0066	220
18.0092	220
18.0135	220
18.017	220
18.0212	220
18.0239	220
18.0281	220
18.0316	220
18.0358	220
18.0385	220
18.0427	220
18.0462	220
18.0505	220
18.0547	220
18.0574	220
18.0608	220
18.0651	220
18.0694	220
18.072	220
18.0754	220
18.0797	220
18.084	220
18.0866	220
18.0901	220
18.0943	220
18.0986	220
18.1012	220
18.1047	220
18.1089	220
18.1124	220
18.1167	220
18.1201	220
18.1244	220
18.127	220
18.1313	220
18.1347	220
18.139	220
18.1416	220
18.1459	220
18.1493	220
18.1536	220
18.1562	220
18.1605	220
18.164	220
18.1682	220
18.1709	220
18.1751	220
18.1786	220
18.1828	220
18.1855	220
18.1897	220
18.1932	220
18.1975	220
18.2001	220
18.2044	220
18.2078	220
18.2121	220
18.2147	220
18.219	220
18.2224	220
18.2267	220
18.2293	220
18.2336	220
18.237	220
18.2413	220
18.2439	220
18.2482	220
18.2517	220
18.2559	220
18.2586	220
18.2628	220
18.2663	220
18.2705	220
18.2748	220
18.2774	220
18.2809	220
18.2852	220
18.2894	220
18.2921	220
18.2955	220
18.2998	220
18.3041	220
18.3067	220
18.3101	220
18.3144	220
18.3187	220
18.3213	220
18.3248	220
18.329	220
18.3325	220
18.3367	220
18.3402	220
18.3445	220
18.3471	220
18.3514	220
18.3548	220
18.3591	220
18.3617	220
18.366	220
18.3694	220
18.3737	220
18.3763	220
18.3806	220
18.384	220
18.3883	220
18.3909	220
18.3952	220
18.3987	220
18.4029	220
18.4056	220
18.4098	220
18.4133	220
18.4175	220
18.4202	220
18.4244	220
18.4279	220
18.4322	220
18.4348	220
18.4391	220
18.4425	220
18.4468	220
18.4494	220
18.4537	220
18.4571	220
18.4614	220
18.464	220
18.4683	220
18.4717	220
18.476	220
18.4786	220
18.4829	220
18.4864	220
18.4906	220
18.4949	220
18.4975	220
18.501	220
18.5053	220
18.5095	220
18.5121	220
18.5156	220
18.5199	220
18.5241	220
18.5268	220
18.5302	220
18.5345	220
18.5388	220
18.5414	220
18.5448	220
18.5491	220
18.5526	220
18.5568	220
18.5603	220
18.5645	220
18.5672	220
18.5714	220
18.5749	220
18.5792	220
18.5818	220
18.5861	220
18.5895	220
18.5938	220
18.5964	220
18.6007	220
18.6041	220
18.6084	220
18.611	220
18.6153	220
18.6187	220
18.623	220
18.6256	220
18.6299	220
18.6334	220
18.6376	220
18.6403	220
18.6445	220
18.648	220
18.6522	220
18.6549	220
18.6591	220
18.6626	220
18.6669	220
18.6695	220
18.6738	220
18.6772	220
18.6815	220
18.6841	220
18.6884	220
18.6918	220
18.6961	220
18.6987	220
18.703	220
18.7064	220
18.7107	220
18.715	220
18.7176	220
18.7211	220
18.7253	220
18.7296	220
18.7322	220
18.7357	220
18.74	220
18.7442	220
18.7469	220
18.7503	220
18.7546	220
18.7588	220
18.7615	220
18.7649	220
18.7692	220
18.7726	220
18.7769	220
18.7804	220
18.7846	220
18.7873	220
18.7915	220
18.795	220
18.7992	220
18.8019	220
18.8061	220
18.8096	220
18.8139	220
18.8165	220
18.8208	220
18.8242	220
18.8285	220
18.8311	220
18.8354	220
18.8388	220
18.8431	220
18.8457	220
18.85	220
18.8534	220
18.8577	220
18.8603	220
18.8646	220
18.8681	220
18.8723	220
18.875	220
18.8792	220
18.8827	220
18.8869	220
18.8896	220
18.8938	220
18.8973	220
18.9016	220
18.9042	220
18.9085	220
18.9119	220
18.9162	220
18.9188	220
18.9231	220
18.9265	220
18.9308	220
18.9351	220
18.9377	220
18.9411	220
18.9454	220
18.9497	220
18.9523	220
18.9558	220
18.96	220
18.9643	220
18.9669	220
18.9704	220
18.9747	220
18.9789	220
18.9816	220
18.985	220
18.9893	220
18.9927	220
18.997	220
19.0004	220
19.0047	220
19.0073	220
19.0116	220
19.0151	220
19.0193	220
19.022	220
19.0262	220
19.0297	220
19.0339	220
19.0366	220
19.0408	220
19.0443	220
19.0486	220
19.0512	220
19.0555	220
19.0589	220
19.0632	220
19.0658	220
19.0701	220
19.0735	220
19.0778	220
19.0804	220
19.0847	220
19.0881	220
19.0924	220
19.095	220
19.0993	220
19.1028	220
19.107	220
19.1097	220
19.1139	220
19.1174	220
19.1216	220
19.1243	220
19.1285	220
19.132	220
19.1363	220
19.1389	220
19.1432	220
19.1466	220
19.1509	220
19.1552	220
19.1578	220
19.1612	220
19.1655	220
19.1698	220
19.1724	220
19.1758	220
19.1801	220
19.1844	220
19.187	220
19.1905	220
19.1947	220
19.199	220
19.2016	220
19.2051	220
19.2094	220
19.2128	220
19.2171	220
19.2205	220
19.2248	220
19.2274	220
19.2317	220
19.2351	220
19.2394	220
19.242	220
19.2463	220
19.2498	220
19.254	220
19.2567	220
19.2609	220
19.2644	220
19.2686	220
19.2713	220
19.2755	220
19.279	220
19.2833	220
19.2859	220
19.2902	220
19.2936	220
19.2979	220
19.3005	220
19.3048	220
19.3082	220
19.3125	220
19.3151	220
19.3194	220
19.3228	220
19.3271	220
19.3297	220
19.334	220
19.3375	220
19.3417	220
19.3444	220
19.3486	220
19.3521	220
19.3563	220
19.359	220
19.3632	220
19.3667	220
19.371	220
19.3752	220
19.3779	220
19.3813	220
19.3856	220
19.3899	220
19.3925	220
19.3959	220
19.4002	220
19.4045	220
19.4071	220
19.4105	220
19.4148	220
19.4191	220
19.4217	220
19.4252	220
19.4294	220
19.4329	220
19.4372	220
19.4406	220
19.4449	220
19.4475	220
19.4518	220
19.4552	220
19.4595	220
19.4621	220
19.4664	220
19.4698	220
19.4741	220
19.4767	220
19.481	220
19.4845	220
19.4887	220
19.4914	220
19.4956	220
19.4991	220
19.5033	220
19.506	220
19.5102	220
19.5137	220
19.518	220
19.5206	220
19.5249	220
19.5283	220
19.5326	220
19.5352	220
19.5395	220
19.5429	220
19.5472	220
19.5498	220
19.5541	220
19.5575	220
19.5618	220
19.5644	220
19.5687	220
19.5722	220
19.5764	220
19.5791	220
19.5833	220
19.5868	220
19.591	220
19.5953	220
19.5979	220
19.6014	220
19.6057	220
19.6099	220
19.6126	220
19.616	220
19.6203	220
19.6246	220
19.6272	220
19.6306	220
19.6349	220
19.6392	220
19.6418	220
19.6453	220
19.6495	220
19.653	220
19.6572	220
19.6607	220
19.665	220
19.6676	220
19.6719	220
19.6753	220
19.6796	220
19.6822	220
19.6865	220
19.6899	220
19.6942	220
19.6968	220
19.7011	220
19.7045	220
19.7088	220
19.7114	220
19.7157	220
19.7192	220
19.7234	220
19.7261	220
19.7303	220
19.7338	220
19.738	220
19.7407	220
19.7449	220
19.7484	220
19.7527	220
19.7553	220
19.7596	220
19.763	220
19.7673	220
19.7699	220
19.7742	220
19.7776	220
19.7819	220
19.7845	220
19.7888	220
19.7922	220
19.7965	220
19.7991	220
19.8034	220
19.8069	220
19.8111	220
19.8154	220
19.818	220
19.8215	220
19.8257	220
19.83	220
19.8326	220
19.8361	220
19.8404	220
19.8446	220
19.8473	220
19.8507	220
19.855	220
19.8593	220
19.8619	220
19.8653	220
19.8696	220
19.8731	220
19.8773	220
19.8808	220
19.885	220
19.8877	220
19.8919	220
19.8954	220
19.8997	220
19.9023	220
19.9066	220
19.91	220
19.9143	220
19.9169	220
19.9212	220
19.9246	220
19.9289	220
19.9315	220
19.9358	220
19.9392	220
19.9435	220
19.9461	220
19.9504	220
19.9539	220
19.9581	220
19.9608	220
19.965	220
19.9685	220
19.9727	220
19.9754	220
19.9796	220
19.9831	220
19.9874	220
19.99	220
19.9943	220
19.9977	220
20.002	220
20.0046	220
20.0089	220
20.0123	220
20.0166	220
20.0192	220
20.0235	220
20.0269	220
20.0312	220
20.0355	220
20.0381	220
20.0416	220
20.0458	220
20.0501	220
20.0527	220
20.0562	220
20.0605	220
20.0647	220
20.0673	220
20.0708	220
20.0751	220
20.0793	220
20.082	220
20.0854	220
20.0897	220
20.0931	220
20.0974	220
20.1009	220
20.1051	220
20.1078	220
20.112	220
20.1155	220
20.1197	220
20.1224	220
20.1266	220
20.1301	220
20.1344	220
20.137	220
20.1413	220
20.1447	220
20.149	220
20.1516	220
20.1559	220
20.1593	220
20.1636	220
20.1662	220
20.1705	220
20.1739	220
20.1782	220
20.1808	220
20.1851	220
20.1886	220
20.1928	220
20.1955	220
20.1997	220
20.2032	220
20.2074	220
20.2101	220
20.2143	220
20.2178	220
20.2221	220
20.2247	220
20.229	220
20.2324	220
20.2367	220
20.2393	220
20.2436	220
20.247	220
20.2513	220
20.2556	220
20.2582	220
20.2616	220
20.2659	220
20.2702	220
20.2728	220
20.2763	220
20.2805	220
20.2848	220
20.2874	220
20.2909	220
20.2952	220
20.2994	220
20.3021	220
20.3055	220
20.3098	220
20.3132	220
20.3175	220
20.3209	220
20.3252	220
20.3278	220
20.3321	220
20.3356	220
20.3398	220
20.3425	220
20.3467	220
20.3502	220
20.3544	220
20.3571	220
20.3613	220
20.3648	220
20.3691	220
20.3717	220
20.376	220
20.3794	220
20.3837	220
20.3863	220
20.3906	220
20.394	220
20.3983	220
20.4009	220
20.4052	220
20.4086	220
20.4129	220
20.4155	220
20.4198	220
20.4233	220
20.4275	220
20.4302	220
20.4344	220
20.4379	220
20.4421	220
20.4448	220
20.449	220
20.4525	220
20.4568	220
20.4594	220
20.4637	220
20.4671	220
20.4714	220
20.4757	220
20.4783	220
20.4817	220
20.486	220
20.4903	220
20.4929	220
20.4963	220
20.5006	220
20.5049	220
20.5075	220
20.511	220
20.5152	220
20.5195	220
20.5221	220
20.5256	220
20.5299	220
20.5333	220
20.5376	220
20.541	220
20.5453	220
20.5479	220
20.5522	220
20.5556	220
20.5599	220
20.5625	220
20.5668	220
20.5703	220
20.5745	220
20.5772	220
20.5814	220
20.5849	220
20.5891	220
20.5918	220
20.596	220
20.5995	220
20.6038	220
20.6064	220
20.6107	220
20.6141	220
20.6184	220
20.621	220
20.6253	220
20.6287	220
20.633	220
20.6356	220
20.6399	220
20.6433	220
20.6476	220
20.6502	220
20.6545	220
20.658	220
20.6622	220
20.6649	220
20.6691	220
20.6726	220
20.6768	220
20.6795	220
20.6837	220
20.6872	220
20.6915	220
20.6957	220
20.6984	220
20.7018	220
20.7061	220
20.7104	220
20.713	220
20.7164	220
20.7207	220
20.725	220
20.7276	220
20.731	220
20.7353	220
20.7396	220
20.7422	220
20.7457	220
20.7499	220
20.7534	220
20.7577	220
20.7611	220
20.7654	220
20.768	220
20.7723	220
20.7757	220
20.78	220
20.7826	220
20.7869	220
20.7903	220
20.7946	220
20.7972	220
20.8015	220
20.805	220
20.8092	220
20.8119	220
20.8161	220
20.8196	220
20.8238	220
20.8265	220
20.8307	220
20.8342	220
20.8385	220
20.8411	220
20.8454	220
20.8488	220
20.8531	220
20.8557	220
20.86	220
20.8634	220
20.8677	220
20.8703	220
20.8746	220
20.878	220
20.8823	220
20.8849	220
20.8892	220
20.8927	220
20.8969	220
20.8996	220
20.9038	220
20.9073	220
20.9115	220
20.9158	220
20.9184	220
20.9219	220
20.9262	220
20.9304	220
20.9331	220
20.9365	220
20.9408	220
20.9451	220
20.9477	220
20.9511	220
20.9554	220
20.9597	220
20.9623	220
20.9657	220
20.97	220
20.9735	220
20.9777	220
20.9812	220
20.9855	220
20.9881	220
20.9924	220
20.9958	220
21.0001	220
21.0027	220
21.007	220
21.0104	220
21.0147	220
21.0173	220
21.0216	220
21.025	220
21.0293	220
21.0319	220
21.0362	220
21.0397	220
21.0439	220
21.0466	220
21.0508	220
21.0543	220
21.0585	220
21.0612	220
21.0654	220
21.0689	220
21.0732	220
21.0758	220
21.0801	220
21.0835	220
21.0878	220
21.0904	220
21.0947	220
21.0981	220
21.1024	220
21.105	220
21.1093	220
21.1127	220
21.117	220
21.1196	220
21.1239	220
21.1274	220
21.1316	220
21.1359	220
21.1385	220
21.142	220
21.1462	220
21.1505	220
21.1531	220
21.1566	220
21.1609	220
21.1651	220
21.1678	220
21.1712	220
21.1755	220
21.1798	220
21.1824	220
21.1858	220
21.1901	220
21.1936	220
21.1978	220
21.2013	220
21.2055	220
21.2082	220
21.2124	220
21.2159	220
21.2202	220
21.2228	220
21.2271	220
21.2305	220
21.2348	220
21.2374	220
21.2417	220
21.2451	220
21.2494	220
21.252	220
21.2563	220
21.2597	220
21.264	220
21.2666	220
21.2709	220
21.2744	220
21.2786	220
21.2813	220
21.2855	220
21.289	220
21.2932	220
21.2959	220
21.3001	220
21.3036	220
21.3079	220
21.3105	220
21.3148	220
21.3182	220
21.3225	220
21.3251	220
21.3294	220
21.3328	220
21.3371	220
21.3397	220
21.344	220
21.3474	220
21.3517	220
21.356	220
21.3586	220
21.3621	220
21.3663	220
21.3706	220
21.3732	220
21.3767	220
21.3809	220
21.3852	220
21.3878	220
21.3913	220
21.3956	220
21.3998	220
21.4025	220
21.4059	220
21.4102	220
21.4136	220
21.4179	220
21.4214	220
21.4256	220
21.4283	220
21.4325	220
21.436	220
21.4402	220
21.4429	220
21.4471	220
21.4506	220
21.4549	220
21.4575	220
21.4618	220
21.4652	220
21.4695	220
21.4721	220
21.4764	220
21.4798	220
21.4841	220
21.4867	220
21.491	220
21.4944	220
21.4987	220
21.5013	220
21.5056	220
21.5091	220
21.5133	220
21.516	220
21.5202	220
21.5237	220
21.5279	220
21.5306	220
21.5348	220
21.5383	220
21.5426	220
21.5452	220
21.5495	220
21.5529	220
21.5572	220
21.5598	220
21.5641	220
21.5675	220
21.5718	220
21.5761	220
21.5787	220
21.5821	220
21.5864	220
21.5907	220
21.5933	220
21.5968	220
21.601	220
21.6053	220
21.6079	220
21.6114	220
21.6157	220
21.6199	220
21.6225	220
21.626	220
21.6303	220
21.6337	220
21.638	220
21.6414	220
21.6457	220
21.6483	220
21.6526	220
21.6561	220
21.6603	220
21.663	220
21.6672	220
21.6707	220
21.6749	220
21.6776	220
21.6818	220
21.6853	220
21.6896	220
21.6922	220
21.6965	220
21.6999	220
21.7042	220
21.7068	220
21.7111	220
21.7145	220
21.7188	220
21.7214	220
21.7257	220
21.7291	220
21.7334	220
21.736	220
21.7403	220
21.7438	220
21.748	220
21.7507	220
21.7549	220
21.7584	220
21.7626	220
21.7653	220
21.7695	220
21.773	220
21.7773	220
21.7799	220
21.7842	220
21.7876	220
21.7919	220
21.7961	220
21.7988	220
21.8022	220
21.8065	220
21.8108	220
21.8134	220
21.8168	220
21.8211	220
21.8254	220
21.828	220
21.8315	220
21.8357	220
21.84	220
21.8426	220
21.8461	220
21.8504	220
21.8538	220
21.8581	220
21.8615	220
21.8658	220
21.8684	220
21.8727	220
21.8761	220
21.8804	220
21.883	220
21.8873	220
21.8908	220
21.895	220
21.8977	220
21.9019	220
21.9054	220
21.9096	220
21.9123	220
21.9165	220
21.92	220
21.9243	220
21.9269	220
21.9312	220
21.9346	220
21.9389	220
21.9415	220
21.9458	220
21.9492	220
21.9535	220
21.9561	220
21.9604	220
21.9638	220
21.9681	220
21.9707	220
21.975	220
21.9785	220
21.9827	220
21.9854	220
21.9896	220
21.9931	220
21.9973	220
22	220
22.0042	220
22.0077	220
22.012	220
22.0162	220
22.0189	220
22.0223	220
22.0266	220
22.0309	220
22.0335	220
22.0369	220
22.0412	220
22.0455	220
22.0481	220
22.0515	220
22.0558	220
22.0601	220
22.0627	220
22.0662	220
22.0704	220
22.0739	220
22.0782	220
22.0816	220
22.0859	220
22.0885	220
22.0928	220
22.0962	220
22.1005	220
22.1031	220
22.1074	220
22.1108	220
22.1151	220
22.1177	220
22.122	220
22.1255	220
22.1297	220
22.1324	220
22.1366	220
22.1401	220
22.1443	220
22.147	220
22.1512	220
22.1547	220
22.159	220
22.1616	220
22.1659	220
22.1693	220
22.1736	220
22.1762	220
22.1805	220
22.1839	220
22.1882	220
22.1908	220
22.1951	220
22.1985	220
22.2028	220
22.2054	220
22.2097	220
22.2132	220
22.2174	220
22.2201	220
22.2243	220
22.2278	220
22.232	220
22.2363	220
22.2389	220
22.2424	220
22.2467	220
22.2509	220
22.2536	220
22.257	220
22.2613	220
22.2656	220
22.2682	220
22.2716	220
22.2759	220
22.2802	220
22.2828	220
22.2862	220
22.2905	220
22.294	220
22.2982	220
22.3017	220
22.306	220
22.3086	220
22.3129	220
22.3163	220
22.3206	220
22.3232	220
22.3275	220
22.3309	220
22.3352	220
22.3378	220
22.3421	220
22.3455	220
22.3498	220
22.3524	220
22.3567	220
22.3602	220
22.3644	220
22.3671	220
22.3713	220
22.3748	220
22.379	220
22.3817	220
22.3859	220
22.3894	220
22.3937	220
22.3963	220
22.4006	220
22.404	220
22.4083	220
22.4109	220
22.4152	220
22.4186	220
22.4229	220
22.4255	220
22.4298	220
22.4332	220
22.4375	220
22.4401	220
22.4444	220
22.4479	220
22.4521	220
22.4564	220
22.459	220
22.4625	220
22.4667	220
22.471	220
22.4736	220
22.4771	220
22.4814	220
22.4856	220
22.4883	220
22.4917	220
22.496	220
22.5003	220
22.5029	220
22.5063	220
22.5106	220
22.5141	220
22.5183	220
22.5218	220
22.526	220
22.5287	220
22.5329	220
22.5364	220
22.5407	220
22.5433	220
22.5476	220
22.551	220
22.5553	220
22.5579	220
22.5622	220
22.5656	220
22.5699	220
22.5725	220
22.5768	220
22.5802	220
22.5845	220
22.5871	220
22.5914	220
22.5949	220
22.5991	220
22.6018	220
22.606	220
22.6095	220
22.6137	220
22.6164	220
22.6206	220
22.6241	220
22.6284	220
22.631	220
22.6353	220
22.6387	220
22.643	220
22.6456	220
22.6499	220
22.6533	220
22.6576	220
22.6602	220
22.6645	220
22.6679	220
22.6722	220
22.6765	220
22.6791	220
22.6826	220
22.6868	220
22.6911	220
22.6937	220
22.6972	220
22.7014	220
22.7057	220
22.7083	220
22.7118	220
22.7161	220
22.7203	220
22.723	220
22.7264	220
22.7307	220
22.7341	220
22.7384	220
22.7419	220
22.7461	220
22.7488	220
22.753	220
22.7565	220
22.7607	220
22.7634	220
22.7676	220
22.7711	220
22.7754	220
22.778	220
22.7823	220
22.7857	220
22.79	220
22.7926	220
22.7969	220
22.8003	220
22.8046	220
22.8072	220
22.8115	220
22.8149	220
22.8192	220
22.8218	220
22.8261	220
22.8296	220
22.8338	220
22.8365	220
22.8407	220
22.8442	220
22.8484	220
22.8511	220
22.8553	220
22.8588	220
22.8631	220
22.8657	220
22.87	220
22.8734	220
22.8777	220
22.8803	220
22.8846	220
22.888	220
22.8923	220
22.8966	220
22.8992	220
22.9026	220
22.9069	220
22.9112	220
22.9138	220
22.9173	220
22.9215	220
22.9258	220
22.9284	220
22.9319	220
22.9361	220
22.9404	220
22.943	220
22.9465	220
22.9508	220
22.9542	220
22.9585	220
22.9619	220
22.9662	220
22.9688	220
22.9731	220
22.9766	220
22.9808	220
22.9835	220
22.9877	220
22.9912	220
22.9954	220
22.9981	220
23.0023	220
23.0058	220
23.0101	220
23.0127	220
23.017	220
23.0204	220
23.0247	220
23.0273	220
23.0316	220
23.035	220
23.0393	220
23.0419	220
23.0462	220
23.0496	220
23.0539	220
23.0565	220
23.0608	220
23.0643	220
23.0685	220
23.0712	220
23.0754	220
23.0789	220
23.0831	220
23.0858	220
23.09	220
23.0935	220
23.0978	220
23.1004	220
23.1047	220
23.1081	220
23.1124	220
23.1166	220
23.1193	220
23.1227	220
23.127	220
23.1313	220
23.1339	220
23.1373	220
23.1416	220
23.1459	220
23.1485	220
23.152	220
23.1562	220
23.1605	220
23.1631	220
23.1666	220
23.1709	220
23.1743	220
23.1786	220
23.182	220
23.1863	220
23.1889	220
23.1932	220
23.1966	220
23.2009	220
23.2035	220
23.2078	220
23.2113	220
23.2155	220
23.2182	220
23.2224	220
23.2259	220
23.2301	220
23.2328	220
23.237	220
23.2405	220
23.2448	220
23.2474	220
23.2517	220
23.2551	220
23.2594	220
23.262	220
23.2663	220
23.2697	220
23.274	220
23.2766	220
23.2809	220
23.2843	220
23.2886	220
23.2912	220
23.2955	220
23.299	220
23.3032	220
23.3059	220
23.3101	220
23.3136	220
23.3178	220
23.3205	220
23.3247	220
23.3282	220
23.3325	220
23.3367	220
23.3394	220
23.3428	220
23.3471	220
23.3513	220
23.354	220
23.3574	220
23.3617	220
23.366	220
23.3686	220
23.372	220
23.3763	220
23.3806	220
23.3832	220
23.3867	220
23.3909	220
23.3944	220
23.3987	220
23.4021	220
23.4064	220
23.409	220
23.4133	220
23.4167	220
23.421	220
23.4236	220
23.4279	220
23.4313	220
23.4356	220
23.4382	220
23.4425	220
23.446	220
23.4502	220
23.4529	220
23.4571	220
23.4606	220
23.4648	220
23.4675	220
23.4717	220
23.4752	220
23.4795	220
23.4821	220
23.4864	220
23.4898	220
23.4941	220
23.4967	220
23.501	220
23.5044	220
23.5087	220
23.5113	220
23.5156	220
23.519	220
23.5233	220
23.5259	220
23.5302	220
23.5337	220
23.5379	220
23.5406	220
23.5448	220
23.5483	220
23.5525	220
23.5568	220
23.5594	220
23.5629	220
23.5672	220
23.5714	220
23.5741	220
23.5775	220
23.5818	220
23.5861	220
23.5887	220
23.5921	220
23.5964	220
23.6007	220
23.6033	220
23.6067	220
23.611	220
23.6145	220
23.6187	220
23.6222	220
23.6265	220
23.6291	220
23.6334	220
23.6368	220
23.6411	220
23.6437	220
23.648	220
23.6514	220
23.6557	220
23.6583	220
23.6626	220
23.666	220
23.6703	220
23.6729	220
23.6772	220
23.6807	220
23.6849	220
23.6876	220
23.6918	220
23.6953	220
23.6995	220
23.7022	220
23.7064	220
23.7099	220
23.7142	220
23.7168	220
23.7211	220
23.7245	220
23.7288	220
23.7314	220
23.7357	220
23.7391	220
23.7434	220
23.746	220
23.7503	220
23.7537	220
23.758	220
23.7606	220
23.7649	220
23.7684	220
23.7726	220
23.7769	220
23.7795	220
23.783	220
23.7872	220
23.7915	220
23.7941	220
23.7976	220
23.8019	220
23.8061	220
23.8088	220
23.8122	220
23.8165	220
23.8208	220
23.8234	220
23.8268	220
23.8311	220
23.8345	220
23.8388	220
23.8423	220
23.8465	220
23.8492	220
23.8534	220
23.8569	220
23.8612	220
23.8638	220
23.8681	220
23.8715	220
23.8758	220
23.8784	220
23.8827	220
23.8861	220
23.8904	220
23.893	220
23.8973	220
23.9007	220
23.905	220
23.9076	220
23.9119	220
23.9154	220
23.9196	220
23.9223	220
23.9265	220
23.93	220
23.9342	220
23.9369	220
23.9411	220
23.9446	220
23.9489	220
23.9515	220
23.9558	220
23.9592	220
23.9635	220
23.9661	220
23.9704	220
23.9738	220
23.9781	220
23.9807	220
23.985	220
23.9884	220
23.9927	220
23.997	220
23.9996	220
24.0031	220
24.0073	220
24.0116	220
24.0142	220
24.0177	220
24.0219	220
24.0262	220
24.0288	220
24.0323	220
24.0366	220
24.0408	220
24.0435	220
24.0469	220
24.0512	220
24.0546	220
24.0589	220
24.0624	220
24.0666	220
24.0693	220
24.0735	220
24.077	220
24.0812	220
24.0839	220
24.0881	220
24.0916	220
24.0959	220
24.0985	220
24.1028	220
24.1062	220
24.1105	220
24.1131	220
24.1174	220
24.1208	220
24.1251	220
24.1277	220
24.132	220
24.1354	220
24.1397	220
24.1423	220
24.1466	220
24.1501	220
24.1543	220
24.157	220
24.1612	220
24.1647	220
24.1689	220
24.1716	220
24.1758	220
24.1793	220
24.1836	220
24.1862	220
24.1905	220
24.1939	220
24.1982	220
24.2008	220
24.2051	220
24.2085	220
24.2128	220
24.2171	220
24.2197	220
24.2231	220
24.2274	220
24.2317	220
24.2343	220
24.2378	220
24.242	220
24.2463	220
24.2489	220
24.2524	220
24.2566	220
24.2609	220
24.2635	220
24.267	220
24.2713	220
24.2747	220
24.279	220
24.2824	220
24.2867	220
24.2893	220
24.2936	220
24.2971	220
24.3013	220
24.304	220
24.3082	220
24.3117	220
24.3159	220
24.3186	220
24.3228	220
24.3263	220
24.3306	220
24.3332	220
24.3375	220
24.3409	220
24.3452	220
24.3478	220
24.3521	220
24.3555	220
24.3598	220
24.3624	220
24.3667	220
24.3701	220
24.3744	220
24.377	220
24.3813	220
24.3848	220
24.389	220
24.3917	220
24.3959	220
24.3994	220
24.4036	220
24.4063	220
24.4105	220
24.414	220
24.4183	220
24.4209	220
24.4252	220
24.4286	220
24.4329	220
24.4371	220
24.4398	220
24.4432	220
24.4475	220
24.4518	220
24.4544	220
24.4578	220
24.4621	220
24.4664	220
24.469	220
24.4725	220
24.4767	220
24.481	220
24.4836	220
24.4871	220
24.4913	220
24.4948	220
24.4991	220
24.5025	220
24.5068	220
24.5094	220
24.5137	220
24.5171	220
24.5214	220
24.524	220
24.5283	220
24.5318	220
24.536	220
24.5387	220
24.5429	220
24.5464	220
24.5506	220
24.5533	220
24.5575	220
24.561	220
24.5653	220
24.5679	220
24.5722	220
24.5756	220
24.5799	220
24.5825	220
24.5868	220
24.5902	220
24.5945	220
24.5971	220
24.6014	220
24.6048	220
24.6091	220
24.6117	220
24.616	220
24.6195	220
24.6237	220
24.6264	220
24.6306	220
24.6341	220
24.6383	220
24.641	220
24.6452	220
24.6487	220
24.653	220
24.6572	220
24.6599	220
24.6633	220
24.6676	220
24.6718	220
24.6745	220
24.6779	220
24.6822	220
24.6865	220
24.6891	220
24.6925	220
24.6968	220
24.7011	220
24.7037	220
24.7072	220
24.7114	220
24.7149	220
24.7192	220
24.7226	220
24.7269	220
24.7295	220
24.7338	220
24.7372	220
24.7415	220
24.7441	220
24.7484	220
24.7518	220
24.7561	220
24.7587	220
24.763	220
24.7665	220
24.7707	220
24.7734	220
24.7776	220
24.7811	220
24.7853	220
24.788	220
24.7922	220
24.7957	220
24.8	220
24.8026	220
24.8069	220
24.8103	220
24.8146	220
24.8172	220
24.8215	220
24.8249	220
24.8292	220
24.8318	220
24.8361	220
24.8395	220
24.8438	220
24.8464	220
24.8507	220
24.8542	220
24.8584	220
24.8611	220
24.8653	220
24.8688	220
24.873	220
24.8773	220
24.8799	220
24.8834	220
24.8877	220
24.8919	220
24.8946	220
24.898	220
24.9023	220
24.9065	220
24.9092	220
24.9126	220
24.9169	220
24.9212	220
24.9238	220
24.9272	220
24.9315	220
24.935	220
24.9392	220
24.9427	220
24.947	220
24.9496	220
24.9539	220
24.9573	220
24.9616	220
24.9642	220
24.9685	220
24.9719	220
24.9762	220
24.9788	220
24.9831	220
24.9865	220
24.9908	220
24.9934	220
24.9977	220
25.0012	220
25.0054	220
25.0081	220
25.0123	220
25.0158	220
25.02	220
25.0227	220
25.0269	220
25.0304	220
25.0347	220
25.0373	220
25.0416	220
25.045	220
25.0493	220
25.0519	220
25.0562	220
25.0596	220
25.0639	220
25.0665	220
25.0708	220
25.0742	220
25.0785	220
25.0811	220
25.0854	220
25.0889	220
25.0931	220
25.0974	220
25.1	220
25.1035	220
25.1077	220
25.112	220
25.1146	220
25.1181	220
25.1224	220
25.1266	220
25.1293	220
25.1327	220
25.137	220
25.1413	220
25.1439	220
25.1473	220
25.1516	220
25.155	220
25.1593	220
25.1628	220
25.167	220
25.1697	220
25.1739	220
25.1774	220
25.1817	220
25.1843	220
25.1886	220
25.192	220
25.1963	220
25.1989	220
25.2032	220
25.2066	220
25.2109	220
25.2135	220
25.2178	220
25.2212	220
25.2255	220
25.2281	220
25.2324	220
25.2359	220
25.2401	220
25.2428	220
25.247	220
25.2505	220
25.2547	220
25.2574	220
25.2616	220
25.2651	220
25.2694	220
25.272	220
25.2763	220
25.2797	220
25.284	220
25.2866	220
25.2909	220
25.2943	220
25.2986	220
25.3012	220
25.3055	220
25.3089	220
25.3132	220
25.3175	220
25.3201	220
25.3236	220
25.3278	220
25.3321	220
25.3347	220
25.3382	220
25.3424	220
25.3467	220
25.3493	220
25.3528	220
25.3571	220
25.3613	220
25.364	220
25.3674	220
25.3717	220
25.3751	220
25.3794	220
25.3829	220
25.3871	220
25.3897	220
25.394	220
25.3975	220
25.4017	220
25.4044	220
25.4086	220
25.4121	220
25.4164	220
25.419	220
25.4233	220
25.4267	220
25.431	220
25.4336	220
25.4379	220
25.4413	220
25.4456	220
25.4482	220
25.4525	220
25.4559	220
25.4602	220
25.4628	220
25.4671	220
25.4706	220
25.4748	220
25.4775	220
25.4817	220
25.4852	220
25.4894	220
25.4921	220
25.4963	220
25.4998	220
25.5041	220
25.5067	220
25.511	220
25.5144	220
25.5187	220
25.5213	220
25.5256	220
25.529	220
25.5333	220
25.5376	220
25.5402	220
25.5436	220
25.5479	220
25.5522	220
25.5548	220
25.5583	220
25.5625	220
25.5668	220
25.5694	220
25.5729	220
25.5771	220
25.5814	220
25.584	220
25.5875	220
25.5918	220
25.5952	220
25.5995	220
25.6029	220
25.6072	220
25.6098	220
25.6141	220
25.6176	220
25.6218	220
25.6245	220
25.6287	220
25.6322	220
25.6364	220
25.6391	220
25.6433	220
25.6468	220
25.6511	220
25.6537	220
25.658	220
25.6614	220
25.6657	220
25.6683	220
25.6726	220
25.676	220
25.6803	220
25.6829	220
25.6872	220
25.6906	220
25.6949	220
25.6975	220
25.7018	220
25.7053	220
25.7095	220
25.7122	220
25.7164	220
25.7199	220
25.7241	220
25.7268	220
25.731	220
25.7345	220
25.7388	220
25.7414	220
25.7457	220
25.7491	220
25.7534	220
25.7576	220
25.7603	220
25.7637	220
25.768	220
25.7723	220
25.7749	220
25.7783	220
25.7826	220
25.7869	220
25.7895	220
25.793	220
25.7972	220
25.8015	220
25.8041	220
25.8076	220
25.8118	220
25.8153	220
25.8196	220
25.823	220
25.8273	220
25.8299	220
25.8342	220
25.8376	220
25.8419	220
25.8445	220
25.8488	220
25.8523	220
25.8565	220
25.8592	220
25.8634	220
25.8669	220
25.8711	220
25.8738	220
25.878	220
25.8815	220
25.8858	220
25.8884	220
25.8927	220
25.8961	220
25.9004	220
25.903	220
25.9073	220
25.9107	220
25.915	220
25.9176	220
25.9219	220
25.9253	220
25.9296	220
25.9322	220
25.9365	220
25.94	220
25.9442	220
25.9469	220
25.9511	220
25.9546	220
25.9588	220
25.9615	220
25.9657	220
25.9692	220
25.9735	220
25.9777	220
25.9804	220
25.9838	220
25.9881	220
25.9923	220
25.995	220
25.9984	220
26.0027	220
26.007	220
26.0096	220
26.013	220
26.0173	220
26.0216	220
26.0242	220
26.0277	220
26.0319	220
26.0354	220
26.0397	220
26.0431	220
26.0474	220
26.05	220
26.0543	220
26.0577	220
26.062	220
26.0646	220
26.0689	220
26.0723	220
26.0766	220
26.0792	220
26.0835	220
26.087	220
26.0912	220
26.0939	220
26.0981	220
26.1016	220
26.1058	220
26.1085	220
26.1127	220
26.1162	220
26.1205	220
26.1231	220
26.1274	220
26.1308	220
26.1351	220
26.1377	220
26.142	220
26.1454	220
26.1497	220
26.1523	220
26.1566	220
26.16	220
26.1643	220
26.1669	220
26.1712	220
26.1747	220
26.1789	220
26.1816	220
26.1858	220
26.1893	220
26.1935	220
26.1978	220
26.2004	220
26.2039	220
26.2082	220
26.2124	220
26.2151	220
26.2185	220
26.2228	220
26.227	220
26.2297	220
26.2331	220
26.2374	220
26.2417	220
26.2443	220
26.2477	220
26.252	220
26.2555	220
26.2597	220
26.2632	220
26.2675	220
26.2701	220
26.2744	220
26.2778	220
26.2821	220
26.2847	220
26.289	220
26.2924	220
26.2967	220
26.2993	220
26.3036	220
26.307	220
26.3113	220
26.3139	220
26.3182	220
26.3217	220
26.3259	220
26.3286	220
26.3328	220
26.3363	220
26.3405	220
26.3432	220
26.3474	220
26.3509	220
26.3552	220
26.3578	220
26.3621	220
26.3655	220
26.3698	220
26.3724	220
26.3767	220
26.3801	220
26.3844	220
26.387	220
26.3913	220
26.3947	220
26.399	220
26.4016	220
26.4059	220
26.4094	220
26.4136	220
26.4179	220
26.4205	220
26.424	220
26.4282	220
26.4325	220
26.4351	220
26.4386	220
26.4429	220
26.4471	220
26.4498	220
26.4532	220
26.4575	220
26.4617	220
26.4644	220
26.4678	220
26.4721	220
26.4755	220
26.4798	220
26.4833	220
26.4875	220
26.4902	220
26.4944	220
26.4979	220
26.5022	220
26.5048	220
26.5091	220
26.5125	220
26.5168	220
26.5194	220
26.5237	220
26.5271	220
26.5314	220
26.534	220
26.5383	220
26.5417	220
26.546	220
26.5486	220
26.5529	220
26.5564	220
26.5606	220
26.5633	220
26.5675	220
26.571	220
26.5752	220
26.5779	220
26.5821	220
26.5856	220
26.5899	220
26.5925	220
26.5968	220
26.6002	220
26.6045	220
26.6071	220
26.6114	220
26.6148	220
26.6191	220
26.6217	220
26.626	220
26.6294	220
26.6337	220
26.638	220
26.6406	220
26.6441	220
26.6483	220
26.6526	220
26.6552	220
26.6587	220
26.6629	220
26.6672	220
26.6698	220
26.6733	220
26.6776	220
26.6818	220
26.6845	220
26.6879	220
26.6922	220
26.6956	220
26.6999	220
26.7033	220
26.7076	220
26.7102	220
26.7145	220
26.718	220
26.7222	220
26.7249	220
26.7291	220
26.7326	220
26.7369	220
26.7395	220
26.7438	220
26.7472	220
26.7515	220
26.7541	220
26.7584	220
26.7618	220
26.7661	220
26.7687	220
26.773	220
26.7764	220
26.7807	220
26.7833	220
26.7876	220
26.7911	220
26.7953	220
26.798	220
26.8022	220
26.8057	220
26.8099	220
26.8126	220
26.8168	220
26.8203	220
26.8246	220
26.8272	220
26.8315	220
26.8349	220
26.8392	220
26.8418	220
26.8461	220
26.8495	220
26.8538	220
26.8581	220
26.8607	220
26.8641	220
26.8684	220
26.8727	220
26.8753	220
26.8788	220
26.883	220
26.8873	220
26.8899	220
26.8934	220
26.8976	220
26.9019	220
26.9045	220
26.908	220
26.9123	220
26.9157	220
26.92	220
26.9234	220
26.9277	220
26.9303	220
26.9346	220
26.9381	220
26.9423	220
26.9449	220
26.9492	220
26.9527	220
26.9569	220
26.9596	220
26.9638	220
26.9673	220
26.9716	220
26.9742	220
26.9785	220
26.9819	220
26.9862	220
26.9888	220
26.9931	220
26.9965	220
27.0008	220
27.0034	220
27.0077	220
27.0111	220
27.0154	220
27.018	220
27.0223	220
27.0258	220
27.03	220
27.0327	220
27.0369	220
27.0404	220
27.0446	220
27.0473	220
27.0515	220
27.055	220
27.0593	220
27.0619	220
27.0662	220
27.0696	220
27.0739	220
27.0781	220
27.0808	220
27.0842	220
27.0885	220
27.0928	220
27.0954	220
27.0988	220
27.1031	220
27.1074	220
27.11	220
27.1135	220
27.1177	220
27.122	220
27.1246	220
27.1281	220
27.1323	220
27.1358	220
27.1401	220
27.1435	220
27.1478	220
27.1504	220
27.1547	220
27.1581	220
27.1624	220
27.165	220
27.1693	220
27.1728	220
27.177	220
27.1797	220
27.1839	220
27.1874	220
27.1916	220
27.1943	220
27.1985	220
27.202	220
27.2063	220
27.2089	220
27.2132	220
27.2166	220
27.2209	220
27.2235	220
27.2278	220
27.2312	220
27.2355	220
27.2381	220
27.2424	220
27.2458	220
27.2501	220
27.2527	220
27.257	220
27.2605	220
27.2647	220
27.2674	220
27.2716	220
27.2751	220
27.2793	220
27.282	220
27.2862	220
27.2897	220
27.294	220
27.2982	220
27.3009	220
27.3043	220
27.3086	220
27.3128	220
27.3155	220
27.3189	220
27.3232	220
27.3275	220
27.3301	220
27.3335	220
27.3378	220
27.3421	220
27.3447	220
27.3482	220
27.3524	220
27.3559	220
27.3601	220
27.3636	220
27.3679	220
27.3705	220
27.3748	220
27.3782	220
27.3825	220
27.3851	220
27.3894	220
27.3928	220
27.3971	220
27.3997	220
27.404	220
27.4075	220
27.4117	220
27.4144	220
27.4186	220
27.4221	220
27.4263	220
27.429	220
27.4332	220
27.4367	220
27.441	220
27.4436	220
27.4479	220
27.4513	220
27.4556	220
27.4582	220
27.4625	220
27.4659	220
27.4702	220
27.4728	220
27.4771	220
27.4805	220
27.4848	220
27.4874	220
27.4917	220
27.4952	220
27.4994	220
27.5021	220
27.5063	220
27.5098	220
27.514	220
27.5183	220
27.5209	220
27.5244	220
27.5287	220
27.5329	220
27.5356	220
27.539	220
27.5433	220
27.5475	220
27.5502	220
27.5536	220
27.5579	220
27.5622	220
27.5648	220
27.5682	220
27.5725	220
27.576	220
27.5802	220
27.5837	220
27.588	220
27.5906	220
27.5949	220
27.5983	220
27.6026	220
27.6052	220
27.6095	220
27.6129	220
27.6172	220
27.6198	220
27.6241	220
27.6275	220
27.6318	220
27.6344	220
27.6387	220
27.6422	220
27.6464	220
27.6491	220
27.6533	220
27.6568	220
27.661	220
27.6637	220
27.6679	220
27.6714	220
27.6757	220
27.6783	220
27.6826	220
27.686	220
27.6903	220
27.6929	220
27.6972	220
27.7006	220
27.7049	220
27.7075	220
27.7118	220
27.7152	220
27.7195	220
27.7221	220
27.7264	220
27.7299	220
27.7341	220
27.7384	220
27.741	220
27.7445	220
27.7487	220
27.753	220
27.7556	220
27.7591	220
27.7634	220
27.7676	220
27.7703	220
27.7737	220
27.778	220
27.7822	220
27.7849	220
27.7883	220
27.7926	220
27.796	220
27.8003	220
27.8038	220
27.808	220
27.8107	220
27.8149	220
27.8184	220
27.8227	220
27.8253	220
27.8296	220
27.833	220
27.8373	220
27.8399	220
27.8442	220
27.8476	220
27.8519	220
27.8545	220
27.8588	220
27.8622	220
27.8665	220
27.8691	220
27.8734	220
27.8769	220
27.8811	220
27.8838	220
27.888	220
27.8915	220
27.8957	220
27.8984	220
27.9026	220
27.9061	220
27.9104	220
27.913	220
27.9173	220
27.9207	220
27.925	220
27.9276	220
27.9319	220
27.9353	220
27.9396	220
27.9422	220
27.9465	220
27.9499	220
27.9542	220
27.9585	220
27.9611	220
27.9646	220
27.9688	220
27.9731	220
27.9757	220
27.9792	220
27.9834	220
27.9877	220
27.9903	220
27.9938	220
27.9981	220
28.0023	220
28.005	220
28.0084	220
28.0127	220
28.0161	220
28.0204	220
28.0238	220
28.0281	220
28.0307	220
28.035	220
28.0385	220
28.0427	220
28.0454	220
28.0496	220
28.0531	220
28.0574	220
28.06	220
28.0643	220
28.0677	220
28.072	220
28.0746	220
28.0789	220
28.0823	220
28.0866	220
28.0892	220
28.0935	220
28.0969	220
28.1012	220
28.1038	220
28.1081	220
28.1116	220
28.1158	220
28.1185	220
28.1227	220
28.1262	220
28.1304	220
28.1331	220
28.1373	220
28.1408	220
28.1451	220
28.1477	220
28.152	220
28.1554	220
28.1597	220
28.1623	220
28.1666	220
28.17	220
28.1743	220
28.1786	220
28.1812	220
28.1846	220
28.1889	220
28.1932	220
28.1958	220
28.1993	220
28.2035	220
28.2078	220
28.2104	220
28.2139	220
28.2181	220
28.2224	220
28.225	220
28.2285	220
28.2328	220
28.2362	220
28.2405	220
28.2439	220
28.2482	220
28.2508	220
28.2551	220
28.2585	220
28.2628	220
28.2654	220
28.2697	220
28.2732	220
28.2774	220
28.2801	220
28.2843	220
28.2878	220
28.2921	220
28.2947	220
28.299	220
28.3024	220
28.3067	220
28.3093	220
28.3136	220
28.317	220
28.3213	220
28.3239	220
28.3282	220
28.3316	220
28.3359	220
28.3385	220
28.3428	220
28.3463	220
28.3505	220
28.3532	220
28.3574	220
28.3609	220
28.3651	220
28.3678	220
28.372	220
28.3755	220
28.3798	220
28.3824	220
28.3867	220
28.3901	220
28.3944	220
28.3986	220
28.4013	220
28.4047	220
28.409	220
28.4133	220
28.4159	220
28.4193	220
28.4236	220
28.4279	220
28.4305	220
28.434	220
28.4382	220
28.4425	220
28.4451	220
28.4486	220
28.4528	220
28.4563	220
28.4606	220
28.464	220
28.4683	220
28.4709	220
28.4752	220
28.4786	220
28.4829	220
28.4855	220
28.4898	220
28.4933	220
28.4975	220
28.5001	220
28.5044	220
28.5079	220
28.5121	220
28.5148	220
28.519	220
28.5225	220
28.5268	220
28.5294	220
28.5337	220
28.5371	220
28.5414	220
28.544	220
28.5483	220
28.5517	220
28.556	220
28.5586	220
28.5629	220
28.5663	220
28.5706	220
28.5732	220
28.5775	220
28.581	220
28.5852	220
28.5879	220
28.5921	220
28.5956	220
28.5998	220
28.6025	220
28.6067	220
28.6102	220
28.6145	220
28.6187	220
28.6214	220
28.6248	220
28.6291	220
28.6333	220
28.636	220
28.6394	220
28.6437	220
28.648	220
28.6506	220
28.654	220
28.6583	220
28.6626	220
28.6652	220
28.6687	220
28.6729	220
28.6764	220
28.6806	220
28.6841	220
28.6884	220
28.691	220
28.6953	220
28.6987	220
28.703	220
28.7056	220
28.7099	220
28.7133	220
28.7176	220
28.7202	220
28.7245	220
28.728	220
28.7322	220
28.7349	220
28.7391	220
28.7426	220
28.7468	220
28.7495	220
28.7537	220
28.7572	220
28.7615	220
28.7641	220
28.7684	220
28.7718	220
28.7761	220
28.7787	220
28.783	220
28.7864	220
28.7907	220
28.7933	220
28.7976	220
28.801	220
28.8053	220
28.8079	220
28.8122	220
28.8157	220
28.8199	220
28.8226	220
28.8268	220
28.8303	220
28.8345	220
28.8388	220
28.8414	220
28.8449	220
28.8492	220
28.8534	220
28.8561	220
28.8595	220
28.8638	220
28.868	220
28.8707	220
28.8741	220
28.8784	220
28.8827	220
28.8853	220
28.8887	220
28.893	220
28.8965	220
28.9007	220
28.9042	220
28.9085	220
28.9111	220
28.9153	220
28.9188	220
28.9231	220
28.9257	220
28.93	220
28.9334	220
28.9377	220
28.9403	220
28.9446	220
28.948	220
28.9523	220
28.9549	220
28.9592	220
28.9627	220
28.9669	220
28.9696	220
28.9738	220
28.9773	220
28.9815	220
28.9842	220
28.9884	220
28.9919	220
28.9962	220
28.9988	220
29.0031	220
29.0065	220
29.0108	220
29.0134	220
29.0177	220
29.0211	220
29.0254	220
29.028	220
29.0323	220
29.0357	220
29.04	220
29.0426	220
29.0469	220
29.0504	220
29.0546	220
29.0589	220
29.0615	220
29.065	220
29.0692	220
29.0735	220
29.0761	220
29.0796	220
29.0839	220
29.0881	220
29.0908	220
29.0942	220
29.0985	220
29.1027	220
29.1054	220
29.1088	220
29.1131	220
29.1165	220
29.1208	220
29.1243	220
29.1285	220
29.1312	220
29.1354	220
29.1389	220
29.1432	220
29.1458	220
29.1501	220
29.1535	220
29.1578	220
29.1604	220
29.1647	220
29.1681	220
29.1724	220
29.175	220
29.1793	220
29.1827	220
29.187	220
29.1896	220
29.1939	220
29.1974	220
29.2016	220
29.2043	220
29.2085	220
29.212	220
29.2162	220
29.2189	220
29.2231	220
29.2266	220
29.2309	220
29.2335	220
29.2378	220
29.2412	220
29.2455	220
29.2481	220
29.2524	220
29.2558	220
29.2601	220
29.2627	220
29.267	220
29.2704	220
29.2747	220
29.279	220
29.2816	220
29.2851	220
29.2893	220
29.2936	220
29.2962	220
29.2997	220
29.3039	220
29.3082	220
29.3108	220
29.3143	220
29.3186	220
29.3228	220
29.3255	220
29.3289	220
29.3332	220
29.3366	220
29.3409	220
29.3443	220
29.3486	220
29.3512	220
29.3555	220
29.359	220
29.3632	220
29.3659	220
29.3701	220
29.3736	220
29.3779	220
29.3805	220
29.3848	220
29.3882	220
29.3925	220
29.3951	220
29.3994	220
29.4028	220
29.4071	220
29.4097	220
29.414	220
29.4174	220
29.4217	220
29.4243	220
29.4286	220
29.4321	220
29.4363	220
29.439	220
29.4432	220
29.4467	220
29.4509	220
29.4536	220
29.4578	220
29.4613	220
29.4656	220
29.4682	220
29.4725	220
29.4759	220
29.4802	220
29.4828	220
29.4871	220
29.4905	220
29.4948	220
29.4991	220
29.5017	220
29.5051	220
29.5094	220
29.5137	220
29.5163	220
29.5198	220
29.524	220
29.5283	220
29.5309	220
29.5344	220
29.5386	220
29.5429	220
29.5455	220
29.549	220
29.5533	220
29.5567	220
29.561	220
29.5644	220
29.5687	220
29.5713	220
29.5756	220
29.579	220
29.5833	220
29.5859	220
29.5902	220
29.5937	220
29.5979	220
29.6006	220
29.6048	220
29.6083	220
29.6126	220
29.6152	220
29.6195	220
29.6229	220
29.6272	220
29.6298	220
29.6341	220
29.6375	220
29.6418	220
29.6444	220
29.6487	220
29.6521	220
29.6564	220
29.659	220
29.6633	220
29.6668	220
29.671	220
29.6737	220
29.6779	220
29.6814	220
29.6856	220
29.6883	220
29.6925	220
29.696	220
29.7003	220
29.7029	220
29.7072	220
29.7106	220
29.7149	220
29.7191	220
29.7218	220
29.7252	220
29.7295	220
29.7338	220
29.7364	220
29.7398	220
29.7441	220
29.7484	220
29.751	220
29.7545	220
29.7587	220
29.763	220
29.7656	220
29.7691	220
29.7733	220
29.7768	220
29.7811	220
29.7845	220
29.7888	220
29.7914	220
29.7957	220
29.7991	220
29.8034	220
29.806	220
29.8103	220
29.8137	220
29.818	220
29.8206	220
29.8249	220
29.8284	220
29.8326	220
29.8353	220
29.8395	220
29.843	220
29.8473	220
29.8499	220
29.8542	220
29.8576	220
29.8619	220
29.8645	220
29.8688	220
29.8722	220
29.8765	220
29.8791	220
29.8834	220
29.8868	220
29.8911	220
29.8937	220
29.898	220
29.9015	220
29.9057	220
29.9084	220
29.9126	220
29.9161	220
29.9203	220
29.923	220
29.9272	220
29.9307	220
29.935	220
29.9392	220
29.9419	220
29.9453	220
29.9496	220
29.9538	220
29.9565	220
29.9599	220
29.9642	220
29.9685	220
29.9711	220
29.9745	220
29.9788	220
29.9831	220
29.9857	220
29.9892	220
29.9934	220
29.9969	220
30.0011	220
30.0046	220
30.0089	220
30.0115	220
30.0158	220
30.0192	220
30.0235	220
30.0261	220
30.0304	220
30.0338	220
30.0381	220
30.0407	220
30.045	220
30.0485	220
30.0527	220
30.0553	220
30.0596	220
30.0631	220
30.0673	220
30.07	220
30.0742	220
30.0777	220
30.082	220
30.0846	220
30.0889	220
30.0923	220
30.0966	220
30.0992	220
30.1035	220
30.1069	220
30.1112	220
30.1138	220
30.1181	220
30.1215	220
30.1258	220
30.1284	220
30.1327	220
30.1362	220
30.1404	220
30.1431	220
30.1473	220
30.1508	220
30.155	220
30.1593	220
30.1619	220
30.1654	220
30.1697	220
30.1739	220
30.1766	220
30.18	220
30.1843	220
30.1885	220
30.1912	220
30.1946	220
30.1989	220
30.2032	220
30.2058	220
30.2092	220
30.2135	220
30.217	220
30.2212	220
30.2247	220
30.2289	220
30.2316	220
30.2358	220
30.2393	220
30.2436	220
30.2462	220
30.2505	220
30.2539	220
30.2582	220
30.2608	220
30.2651	220
30.2685	220
30.2728	220
30.2754	220
30.2797	220
30.2832	220
30.2874	220
30.2901	220
30.2943	220
30.2978	220
30.302	220
30.3047	220
30.3089	220
30.3124	220
30.3167	220
30.3193	220
30.3236	220
30.327	220
30.3313	220
30.3339	220
30.3382	220
30.3416	220
30.3459	220
30.3485	220
30.3528	220
30.3562	220
30.3605	220
30.3631	220
30.3674	220
30.3709	220
30.3751	220
30.3794	220
30.382	220
30.3855	220
30.3897	220
30.394	220
30.3966	220
30.4001	220
30.4044	220
30.4086	220
30.4113	220
30.4147	220
30.419	220
30.4232	220
30.4259	220
30.4293	220
30.4336	220
30.437	220
30.4413	220
30.4448	220
30.449	220
30.4517	220
30.4559	220
30.4594	220
30.4637	220
30.4663	220
30.4705	220
30.474	220
30.4783	220
30.4809	220
30.4852	220
30.4886	220
30.4929	220
30.4955	220
30.4998	220
30.5032	220
30.5075	220
30.5101	220
30.5144	220
30.5179	220
30.5221	220
30.5248	220
30.529	220
30.5325	220
30.5367	220
30.5394	220
30.5436	220
30.5471	220
30.5514	220
30.554	220
30.5583	220
30.5617	220
30.566	220
30.5686	220
30.5729	220
30.5763	220
30.5806	220
30.5832	220
30.5875	220
30.5909	220
30.5952	220
30.5995	220
30.6021	220
30.6056	220
30.6098	220
30.6141	220
30.6167	220
30.6202	220
30.6244	220
30.6287	220
30.6313	220
30.6348	220
30.6391	220
30.6433	220
30.646	220
30.6494	220
30.6537	220
30.6571	220
30.6614	220
30.6648	220
30.6691	220
30.6717	220
30.676	220
30.6795	220
30.6837	220
30.6864	220
30.6906	220
30.6941	220
30.6984	220
30.701	220
30.7053	220
30.7087	220
30.713	220
30.7156	220
30.7199	220
30.7233	220
30.7276	220
30.7302	220
30.7345	220
30.7379	220
30.7422	220
30.7448	220
30.7491	220
30.7526	220
30.7568	220
30.7595	220
30.7637	220
30.7672	220
30.7714	220
30.7741	220
30.7783	220
30.7818	220
30.7861	220
30.7887	220
30.793	220
30.7964	220
30.8007	220
30.8033	220
30.8076	220
30.811	220
30.8153	220
30.8196	220
30.8222	220
30.8256	220
30.8299	220
30.8342	220
30.8368	220
30.8403	220
30.8445	220
30.8488	220
30.8514	220
30.8549	220
30.8591	220
30.8634	220
30.866	220
30.8695	220
30.8738	220
30.8772	220
30.8815	220
30.8849	220
30.8892	220
30.8918	220
30.8961	220
30.8995	220
30.9038	220
30.9064	220
30.9107	220
30.9142	220
30.9184	220
30.9211	220
30.9253	220
30.9288	220
30.9331	220
30.9357	220
30.94	220
30.9434	220
30.9477	220
30.9503	220
30.9546	220
30.958	220
30.9623	220
30.9649	220
30.9692	220
30.9726	220
30.9769	220
30.9795	220
30.9838	220
30.9873	220
30.9915	220
30.9942	220
30.9984	220
31.0019	220
31.0061	220
31.0088	220
31.013	220
31.0165	220
31.0208	220
31.0234	220
31.0277	220
31.0311	220
31.0354	220
31.0396	220
31.0423	220
31.0457	220
31.05	220
31.0543	220
31.0569	220
31.0603	220
31.0646	220
31.0689	220
31.0715	220
31.075	220
31.0792	220
31.0835	220
31.0861	220
31.0896	220
31.0938	220
31.0973	220
31.1016	220
31.105	220
31.1093	220
31.1119	220
31.1162	220
31.1196	220
31.1239	220
31.1265	220
31.1308	220
31.1342	220
31.1385	220
31.1411	220
31.1454	220
31.1489	220
31.1531	220
31.1558	220
31.16	220
31.1635	220
31.1678	220
31.1704	220
31.1747	220
31.1781	220
31.1824	220
31.185	220
31.1893	220
31.1927	220
31.197	220
31.1996	220
31.2039	220
31.2073	220
31.2116	220
31.2142	220
31.2185	220
31.222	220
31.2262	220
31.2289	220
31.2331	220
31.2366	220
31.2408	220
31.2435	220
31.2477	220
31.2512	220
31.2555	220
31.2597	220
31.2624	220
31.2658	220
31.2701	220
31.2743	220
31.277	220
31.2804	220
31.2847	220
31.289	220
31.2916	220
31.295	220
31.2993	220
31.3036	220
31.3062	220
31.3097	220
31.3139	220
31.3174	220
31.3216	220
31.3251	220
31.3294	220
31.332	220
31.3363	220
31.3397	220
31.344	220
31.3466	220
31.3509	220
31.3543	220
31.3586	220
31.3612	220
31.3655	220
31.3689	220
31.3732	220
31.3758	220
31.3801	220
31.3836	220
31.3878	220
31.3905	220
31.3947	220
31.3982	220
31.4025	220
31.4051	220
31.4094	220
31.4128	220
31.4171	220
31.4197	220
31.424	220
31.4274	220
31.4317	220
31.4343	220
31.4386	220
31.442	220
31.4463	220
31.4489	220
31.4532	220
31.4567	220
31.4609	220
31.4636	220
31.4678	220
31.4713	220
31.4755	220
31.4798	220
31.4824	220
31.4859	220
31.4902	220
31.4944	220
31.4971	220
31.5005	220
31.5048	220
31.509	220
31.5117	220
31.5151	220
31.5194	220
31.5237	220
31.5263	220
31.5297	220
31.534	220
31.5375	220
31.5417	220
31.5452	220
31.5494	220
31.5521	220
31.5563	220
31.5598	220
31.5641	220
31.5667	220
31.571	220
31.5744	220
31.5787	220
31.5813	220
31.5856	220
31.589	220
31.5933	220
31.5959	220
31.6002	220
31.6037	220
31.6079	220
31.6105	220
31.6148	220
31.6183	220
31.6225	220
31.6252	220
31.6294	220
31.6329	220
31.6372	220
31.6398	220
31.6441	220
31.6475	220
31.6518	220
31.6544	220
31.6587	220
31.6621	220
31.6664	220
31.669	220
31.6733	220
31.6767	220
31.681	220
31.6836	220
31.6879	220
31.6914	220
31.6956	220
31.6999	220
31.7025	220
31.706	220
31.7102	220
31.7145	220
31.7171	220
31.7206	220
31.7249	220
31.7291	220
31.7318	220
31.7352	220
31.7395	220
31.7437	220
31.7464	220
31.7498	220
31.7541	220
31.7575	220
31.7618	220
31.7653	220
31.7695	220
31.7722	220
31.7764	220
31.7799	220
31.7841	220
31.7868	220
31.791	220
31.7945	220
31.7988	220
31.8014	220
31.8057	220
31.8091	220
31.8134	220
31.816	220
31.8203	220
31.8237	220
31.828	220
31.8306	220
31.8349	220
31.8384	220
31.8426	220
31.8453	220
31.8495	220
31.853	220
31.8572	220
31.8599	220
31.8641	220
31.8676	220
31.8719	220
31.8745	220
31.8788	220
31.8822	220
31.8865	220
31.8891	220
31.8934	220
31.8968	220
31.9011	220
31.9037	220
31.908	220
31.9114	220
31.9157	220
31.92	220
31.9226	220
31.9261	220
31.9303	220
31.9346	220
31.9372	220
31.9407	220
31.9449	220
31.9492	220
31.9518	220
31.9553	220
31.9596	220
31.9638	220
31.9665	220
31.9699	220
31.9742	220
31.9776	220
31.9819	220
31.9853	220
31.9896	220
31.9922	220
31.9965	220
32	220
32.0042	220
32.0069	220
32.0111	220
32.0146	220
32.0189	220
32.0215	220
32.0257	220
32.0292	220
32.0335	220
32.0361	220
32.0404	220
32.0438	220
32.0481	220
32.0507	220
32.055	220
32.0584	220
32.0627	220
32.0653	220
32.0696	220
32.0731	220
32.0773	220
32.08	220
32.0842	220
32.0877	220
32.0919	220
32.0946	220
32.0988	220
32.1023	220
32.1066	220
32.1092	220
32.1135	220
32.1169	220
32.1212	220
32.1238	220
32.1281	220
32.1315	220
32.1358	220
32.1401	220
32.1427	220
32.1461	220
32.1504	220
32.1547	220
32.1573	220
32.1608	220
32.165	220
32.1693	220
32.1719	220
32.1754	220
32.1796	220
32.1839	220
32.1865	220
32.19	220
32.1943	220
32.1977	220
32.202	220
32.2054	220
32.2097	220
32.2123	220
32.2166	220
32.22	220
32.2243	220
32.2269	220
32.2312	220
32.2347	220
32.2389	220
32.2416	220
32.2458	220
32.2493	220
32.2536	220
32.2562	220
32.2605	220
32.2639	220
32.2682	220
32.2708	220
32.2751	220
32.2785	220
32.2828	220
32.2854	220
32.2897	220
32.2931	220
32.2974	220
32.3	220
32.3043	220
32.3078	220
32.312	220
32.3147	220
32.3189	220
32.3224	220
32.3266	220
32.3293	220
32.3335	220
32.337	220
32.3413	220
32.3439	220
32.3482	220
32.3516	220
32.3559	220
32.3601	220
32.3628	220
32.3662	220
32.3705	220
32.3748	220
32.3774	220
32.3808	220
32.3851	220
32.3894	220
32.392	220
32.3955	220
32.3997	220
32.404	220
32.4066	220
32.4101	220
32.4143	220
32.4178	220
32.4221	220
32.4255	220
32.4298	220
32.4324	220
32.4367	220
32.4401	220
32.4444	220
32.447	220
32.4513	220
32.4547	220
32.459	220
32.4616	220
32.4659	220
32.4694	220
32.4736	220
32.4763	220
32.4805	220
32.484	220
32.4883	220
32.4909	220
32.4952	220
32.4986	220
32.5029	220
32.5055	220
32.5098	220
32.5132	220
32.5175	220
32.5201	220
32.5244	220
32.5278	220
32.5321	220
32.5347	220
32.539	220
32.5425	220
32.5467	220
32.5494	220
32.5536	220
32.5571	220
32.5613	220
32.564	220
32.5682	220
32.5717	220
32.576	220
32.5802	220
32.5829	220
32.5863	220
32.5906	220
32.5948	220
32.5975	220
32.6009	220
32.6052	220
32.6095	220
32.6121	220
32.6155	220
32.6198	220
32.6241	220
32.6267	220
32.6302	220
32.6344	220
32.6379	220
32.6421	220
32.6456	220
32.6499	220
32.6525	220
32.6568	220
32.6602	220
32.6645	220
32.6671	220
32.6714	220
32.6748	220
32.6791	220
32.6817	220
32.686	220
32.6894	220
32.6937	220
32.6963	220
32.7006	220
32.7041	220
32.7083	220
32.711	220
32.7152	220
32.7187	220
32.723	220
32.7256	220
32.7299	220
32.7333	220
32.7376	220
32.7402	220
32.7445	220
32.7479	220
32.7522	220
32.7548	220
32.7591	220
32.7625	220
32.7668	220
32.7694	220
32.7737	220
32.7772	220
32.7814	220
32.7841	220
32.7883	220
32.7918	220
32.796	220
32.8003	220
32.8029	220
32.8064	220
32.8107	220
32.8149	220
32.8176	220
32.821	220
32.8253	220
32.8295	220
32.8322	220
32.8356	220
32.8399	220
32.8442	220
32.8468	220
32.8502	220
32.8545	220
32.858	220
32.8622	220
32.8657	220
32.8699	220
32.8726	220
32.8768	220
32.8803	220
32.8846	220
32.8872	220
32.8915	220
32.8949	220
32.8992	220
32.9018	220
32.9061	220
32.9095	220
32.9138	220
32.9164	220
32.9207	220
32.9241	220
32.9284	220
32.931	220
32.9353	220
32.9388	220
32.943	220
32.9457	220
32.9499	220
32.9534	220
32.9577	220
32.9603	220
32.9646	220
32.968	220
32.9723	220
32.9749	220
32.9792	220
32.9826	220
32.9869	220
32.9895	220
32.9938	220
32.9972	220
33.0015	220
33.0041	220
33.0084	220
33.0119	220
33.0161	220
33.0204	220
33.023	220
33.0265	220
33.0307	220
33.035	220
33.0376	220
33.0411	220
33.0454	220
33.0496	220
33.0523	220
33.0557	220
33.06	220
33.0642	220
33.0669	220
33.0703	220
33.0746	220
33.078	220
33.0823	220
33.0858	220
33.09	220
33.0927	220
33.0969	220
33.1004	220
33.1046	220
33.1073	220
33.1115	220
33.115	220
33.1193	220
33.1219	220
33.1262	220
33.1296	220
33.1339	220
33.1365	220
33.1408	220
33.1442	220
33.1485	220
33.1511	220
33.1554	220
33.1589	220
33.1631	220
33.1657	220
33.17	220
33.1735	220
33.1777	220
33.1804	220
33.1846	220
33.1881	220
33.1924	220
33.195	220
33.1993	220
33.2027	220
33.207	220
33.2096	220
33.2139	220
33.2173	220
33.2216	220
33.2242	220
33.2285	220
33.2319	220
33.2362	220
33.2405	220
33.2431	220
33.2466	220
33.2508	220
33.2551	220
33.2577	220
33.2612	220
33.2654	220
33.2697	220
33.2723	220
33.2758	220
33.2801	220
33.2843	220
33.287	220
33.2904	220
33.2947	220
33.2981	220
33.3024	220
33.3058	220
33.3101	220
33.3127	220
33.317	220
33.3205	220
33.3247	220
33.3274	220
33.3316	220
33.3351	220
33.3393	220
33.342	220
33.3462	220
33.3497	220
33.354	220
33.3566	220
33.3609	220
33.3643	220
33.3686	220
33.3712	220
33.3755	220
33.3789	220
33.3832	220
33.3858	220
33.3901	220
33.3936	220
33.3978	220
33.4005	220
33.4047	220
33.4082	220
33.4124	220
33.4151	220
33.4193	220
33.4228	220
33.4271	220
33.4297	220
33.434	220
33.4374	220
33.4417	220
33.4443	220
33.4486	220
33.452	220
33.4563	220
33.4606	220
33.4632	220
33.4666	220
33.4709	220
33.4752	220
33.4778	220
33.4813	220
33.4855	220
33.4898	220
33.4924	220
33.4959	220
33.5001	220
33.5044	220
33.507	220
33.5105	220
33.5148	220
33.5182	220
33.5225	220
33.5259	220
33.5302	220
33.5328	220
33.5371	220
33.5405	220
33.5448	220
33.5474	220
33.5517	220
33.5552	220
33.5594	220
33.5621	220
33.5663	220
33.5698	220
33.5741	220
33.5767	220
33.5809	220
33.5844	220
33.5887	220
33.5913	220
33.5956	220
33.599	220
33.6033	220
33.6059	220
33.6102	220
33.6136	220
33.6179	220
33.6205	220
33.6248	220
33.6283	220
33.6325	220
33.6352	220
33.6394	220
33.6429	220
33.6471	220
33.6498	220
33.654	220
33.6575	220
33.6618	220
33.6644	220
33.6687	220
33.6721	220
33.6764	220
33.6806	220
33.6833	220
33.6867	220
33.691	220
33.6953	220
33.6979	220
33.7013	220
33.7056	220
33.7099	220
33.7125	220
33.716	220
33.7202	220
33.7245	220
33.7271	220
33.7306	220
33.7348	220
33.7383	220
33.7426	220
33.746	220
33.7503	220
33.7529	220
33.7572	220
33.7606	220
33.7649	220
33.7675	220
33.7718	220
33.7752	220
33.7795	220
33.7821	220
33.7864	220
33.7899	220
33.7941	220
33.7968	220
33.801	220
33.8045	220
33.8088	220
33.8114	220
33.8157	220
33.8191	220
33.8234	220
33.826	220
33.8303	220
33.8337	220
33.838	220
33.8406	220
33.8449	220
33.8483	220
33.8526	220
33.8552	220
33.8595	220
33.863	220
33.8672	220
33.8699	220
33.8741	220
33.8776	220
33.8818	220
33.8845	220
33.8887	220
33.8922	220
33.8965	220
33.9007	220
33.9034	220
33.9068	220
33.9111	220
33.9153	220
33.918	220
33.9214	220
33.9257	220
33.93	220
33.9326	220
33.936	220
33.9403	220
33.9446	220
33.9472	220
33.9507	220
33.9549	220
33.9584	220
33.9626	220
33.9661	220
33.9704	220
33.973	220
33.9773	220
33.9807	220
33.985	220
33.9876	220
33.9919	220
33.9953	220
33.9996	220
34.0022	220
34.0065	220
34.0099	220
34.0142	220
34.0168	220
34.0211	220
34.0246	220
34.0288	220
34.0315	220
34.0357	220
34.0392	220
34.0435	220
34.0461	220
34.0504	220
34.0538	220
34.0581	220
34.0607	220
34.065	220
34.0684	220
34.0727	220
34.0753	220
34.0796	220
34.083	220
34.0873	220
34.0899	220
34.0942	220
34.0977	220
34.1019	220
34.1046	220
34.1088	220
34.1123	220
34.1165	220
34.1208	220
34.1234	220
34.1269	220
34.1312	220
34.1354	220
34.1381	220
34.1415	220
34.1458	220
34.15	220
34.1527	220
34.1561	220
34.1604	220
34.1647	220
34.1673	220
34.1707	220
34.175	220
34.1785	220
34.1827	220
34.1862	220
34.1904	220
34.1931	220
34.1973	220
34.2008	220
34.2051	220
34.2077	220
34.212	220
34.2154	220
34.2197	220
34.2223	220
34.2266	220
34.23	220
34.2343	220
34.2369	220
34.2412	220
34.2446	220
34.2489	220
34.2515	220
34.2558	220
34.2593	220
34.2635	220
34.2662	220
34.2704	220
34.2739	220
34.2782	220
34.2808	220
34.2851	220
34.2885	220
34.2928	220
34.2954	220
34.2997	220
34.3031	220
34.3074	220
34.31	220
34.3143	220
34.3177	220
34.322	220
34.3246	220
34.3289	220
34.3324	220
34.3366	220
34.3409	220
34.3435	220
34.347	220
34.3512	220
34.3555	220
34.3581	220
34.3616	220
34.3659	220
34.3701	220
34.3728	220
34.3762	220
34.3805	220
34.3847	220
34.3874	220
34.3908	220
34.3951	220
34.3985	220
34.4028	220
34.4063	220
34.4105	220
34.4132	220
34.4174	220
34.4209	220
34.4251	220
34.4278	220
34.432	220
34.4355	220
34.4398	220
34.4424	220
34.4467	220
34.4501	220
34.4544	220
34.457	220
34.4613	220
34.4647	220
34.469	220
34.4716	220
34.4759	220
34.4793	220
34.4836	220
34.4862	220
34.4905	220
34.494	220
34.4982	220
34.5009	220
34.5051	220
34.5086	220
34.5129	220
34.5155	220
34.5198	220
34.5232	220
34.5275	220
34.5301	220
34.5344	220
34.5378	220
34.5421	220
34.5447	220
34.549	220
34.5524	220
34.5567	220
34.561	220
34.5636	220
34.5671	220
34.5713	220
34.5756	220
34.5782	220
34.5817	220
34.5859	220
34.5902	220
34.5928	220
34.5963	220
34.6006	220
34.6048	220
34.6075	220
34.6109	220
34.6152	220
34.6186	220
34.6229	220
34.6263	220
34.6306	220
34.6332	220
34.6375	220
34.641	220
34.6452	220
34.6479	220
34.6521	220
34.6556	220
34.6598	220
34.6625	220
34.6667	220
34.6702	220
34.6745	220
34.6771	220
34.6814	220
34.6848	220
34.6891	220
34.6917	220
34.696	220
34.6994	220
34.7037	220
34.7063	220
34.7106	220
34.7141	220
34.7183	220
34.7209	220
34.7252	220
34.7287	220
34.7329	220
34.7356	220
34.7398	220
34.7433	220
34.7476	220
34.7502	220
34.7545	220
34.7579	220
34.7622	220
34.7648	220
34.7691	220
34.7725	220
34.7768	220
34.7811	220
34.7837	220
34.7871	220
34.7914	220
34.7957	220
34.7983	220
34.8018	220
34.806	220
34.8103	220
34.8129	220
34.8164	220
34.8206	220
34.8249	220
34.8275	220
34.831	220
34.8353	220
34.8387	220
34.843	220
34.8464	220
34.8507	220
34.8533	220
34.8576	220
34.861	220
34.8653	220
34.8679	220
34.8722	220
34.8757	220
34.8799	220
34.8826	220
34.8868	220
34.8903	220
34.8945	220
34.8972	220
34.9014	220
34.9049	220
34.9092	220
34.9118	220
34.9161	220
34.9195	220
34.9238	220
34.9264	220
34.9307	220
34.9341	220
34.9384	220
34.941	220
34.9453	220
34.9488	220
34.953	220
34.9557	220
34.9599	220
34.9634	220
34.9676	220
34.9703	220
34.9745	220
34.978	220
34.9823	220
34.9849	220
34.9892	220
34.9926	220
34.9969	220
35.0011	220
35.0038	220
35.0072	220
35.0115	220
35.0158	220
35.0184	220
35.0218	220
35.0261	220
35.0304	220
35.033	220
35.0365	220
35.0407	220
35.045	220
35.0476	220
35.0511	220
35.0553	220
35.0588	220
35.0631	220
35.0665	220
35.0708	220
35.0734	220
35.0777	220
35.0811	220
35.0854	220
35.088	220
35.0923	220
35.0957	220
35.1	220
35.1026	220
35.1069	220
35.1104	220
35.1146	220
35.1173	220
35.1215	220
35.125	220
35.1293	220
35.1319	220
35.1361	220
35.1396	220
35.1439	220
35.1465	220
35.1508	220
35.1542	220
35.1585	220
35.1611	220
35.1654	220
35.1688	220
35.1731	220
35.1757	220
35.18	220
35.1835	220
35.1877	220
35.1904	220
35.1946	220
35.1981	220
35.2023	220
35.205	220
35.2092	220
35.2127	220
35.217	220
35.2212	220
35.2239	220
35.2273	220
35.2316	220
35.2358	220
35.2385	220
35.2419	220
35.2462	220
35.2505	220
35.2531	220
35.2565	220
35.2608	220
35.2651	220
35.2677	220
35.2712	220
35.2754	220
35.2789	220
35.2831	220
35.2866	220
35.2909	220
35.2935	220
35.2978	220
35.3012	220
35.3055	220
35.3081	220
35.3124	220
35.3158	220
35.3201	220
35.3227	220
35.327	220
35.3304	220
35.3347	220
35.3373	220
35.3416	220
35.3451	220
35.3493	220
35.352	220
35.3562	220
35.3597	220
35.364	220
35.3666	220
35.3709	220
35.3743	220
35.3786	220
35.3812	220
35.3855	220
35.3889	220
35.3932	220
35.3958	220
35.4001	220
35.4035	220
35.4078	220
35.4104	220
35.4147	220
35.4182	220
35.4224	220
35.4251	220
35.4293	220
35.4328	220
35.437	220
35.4413	220
35.4439	220
35.4474	220
35.4517	220
35.4559	220
35.4586	220
35.462	220
35.4663	220
35.4705	220
35.4732	220
35.4766	220
35.4809	220
35.4852	220
35.4878	220
35.4912	220
35.4955	220
35.499	220
35.5032	220
35.5067	220
35.5109	220
35.5136	220
35.5178	220
35.5213	220
35.5256	220
35.5282	220
35.5325	220
35.5359	220
35.5402	220
35.5428	220
35.5471	220
35.5505	220
35.5548	220
35.5574	220
35.5617	220
35.5651	220
35.5694	220
35.572	220
35.5763	220
35.5798	220
35.584	220
35.5867	220
35.5909	220
35.5944	220
35.5987	220
35.6013	220
35.6056	220
35.609	220
35.6133	220
35.6159	220
35.6202	220
35.6236	220
35.6279	220
35.6305	220
35.6348	220
35.6382	220
35.6425	220
35.6451	220
35.6494	220
35.6529	220
35.6571	220
35.6614	220
35.664	220
35.6675	220
35.6717	220
35.676	220
35.6786	220
35.6821	220
35.6864	220
35.6906	220
35.6933	220
35.6967	220
35.701	220
35.7052	220
35.7079	220
35.7113	220
35.7156	220
35.719	220
35.7233	220
35.7268	220
35.731	220
35.7337	220
35.7379	220
35.7414	220
35.7456	220
35.7483	220
35.7525	220
35.756	220
35.7603	220
35.7629	220
35.7672	220
35.7706	220
35.7749	220
35.7775	220
35.7818	220
35.7852	220
35.7895	220
35.7921	220
35.7964	220
35.7998	220
35.8041	220
35.8067	220
35.811	220
35.8145	220
35.8187	220
35.8214	220
35.8256	220
35.8291	220
35.8334	220
35.836	220
35.8403	220
35.8437	220
35.848	220
35.8506	220
35.8549	220
35.8583	220
35.8626	220
35.8652	220
35.8695	220
35.8729	220
35.8772	220
35.8815	220
35.8841	220
35.8876	220
35.8918	220
35.8961	220
35.8987	220
35.9022	220
35.9064	220
35.9107	220
35.9133	220
35.9168	220
35.9211	220
35.9253	220
35.928	220
35.9314	220
35.9357	220
35.9391	220
35.9434	220
35.9468	220
35.9511	220
35.9537	220
35.958	220
35.9615	220
35.9657	220
35.9684	220
35.9726	220
35.9761	220
35.9803	220
35.983	220
35.9872	220
35.9907	220
35.995	220
35.9976	220
36.0019	220
36.0053	220
36.0096	220
36.0122	220
36.0165	220
36.0199	220
36.0242	220
36.0268	220
36.0311	220
36.0345	220
36.0388	220
36.0414	220
36.0457	220
36.0492	220
36.0534	220
36.0561	220
36.0603	220
36.0638	220
36.0681	220
36.0707	220
36.075	220
36.0784	220
36.0827	220
36.0853	220
36.0896	220
36.093	220
36.0973	220
36.1016	220
36.1042	220
36.1076	220
36.1119	220
36.1162	220
36.1188	220
36.1223	220
36.1265	220
36.1308	220
36.1334	220
36.1369	220
36.1411	220
36.1454	220
36.148	220
36.1515	220
36.1558	220
36.1592	220
36.1635	220
36.1669	220
36.1712	220
36.1738	220
36.1781	220
36.1815	220
36.1858	220
36.1884	220
36.1927	220
36.1962	220
36.2004	220
36.2031	220
36.2073	220
36.2108	220
36.215	220
36.2177	220
36.2219	220
36.2254	220
36.2297	220
36.2323	220
36.2366	220
36.24	220
36.2443	220
36.2469	220
36.2512	220
36.2546	220
36.2589	220
36.2615	220
36.2658	220
36.2693	220
36.2735	220
36.2761	220
36.2804	220
36.2839	220
36.2881	220
36.2908	220
36.295	220
36.2985	220
36.3028	220
36.3054	220
36.3097	220
36.3131	220
36.3174	220
36.3216	220
36.3243	220
36.3277	220
36.332	220
36.3363	220
36.3389	220
36.3423	220
36.3466	220
36.3509	220
36.3535	220
36.357	220
36.3612	220
36.3655	220
36.3681	220
36.3716	220
36.3758	220
36.3793	220
36.3836	220
36.387	220
36.3913	220
36.3939	220
36.3982	220
36.4016	220
36.4059	220
36.4085	220
36.4128	220
36.4162	220
36.4205	220
36.4231	220
36.4274	220
36.4309	220
36.4351	220
36.4378	220
36.442	220
36.4455	220
36.4497	220
36.4524	220
36.4566	220
36.4601	220
36.4644	220
36.467	220
36.4713	220
36.4747	220
36.479	220
36.4816	220
36.4859	220
36.4893	220
36.4936	220
36.4962	220
36.5005	220
36.504	220
36.5082	220
36.5109	220
36.5151	220
36.5186	220
36.5228	220
36.5255	220
36.5297	220
36.5332	220
36.5375	220
36.5417	220
36.5444	220
36.5478	220
36.5521	220
36.5563	220
36.559	220
36.5624	220
36.5667	220
36.571	220
36.5736	220
36.577	220
36.5813	220
36.5856	220
36.5882	220
36.5917	220
36.5959	220
36.5994	220
36.6036	220
36.6071	220
36.6114	220
36.614	220
36.6183	220
36.6217	220
36.626	220
36.6286	220
36.6329	220
36.6363	220
36.6406	220
36.6432	220
36.6475	220
36.6509	220
36.6552	220
36.6578	220
36.6621	220
36.6656	220
36.6698	220
36.6725	220
36.6767	220
36.6802	220
36.6845	220
36.6871	220
36.6913	220
36.6948	220
36.6991	220
36.7017	220
36.706	220
36.7094	220
36.7137	220
36.7163	220
36.7206	220
36.724	220
36.7283	220
36.7309	220
36.7352	220
36.7387	220
36.7429	220
36.7456	220
36.7498	220
36.7533	220
36.7575	220
36.7618	220
36.7644	220
36.7679	220
36.7722	220
36.7764	220
36.7791	220
36.7825	220
36.7868	220
36.791	220
36.7937	220
36.7971	220
36.8014	220
36.8057	220
36.8083	220
36.8117	220
36.816	220
36.8195	220
36.8237	220
36.8272	220
36.8314	220
36.8341	220
36.8383	220
36.8418	220
36.8461	220
36.8487	220
36.853	220
36.8564	220
36.8607	220
36.8633	220
36.8676	220
36.871	220
36.8753	220
36.8779	220
36.8822	220
36.8856	220
36.8899	220
36.8925	220
36.8968	220
36.9003	220
36.9045	220
36.9072	220
36.9114	220
36.9149	220
36.9192	220
36.9218	220
36.9261	220
36.9295	220
36.9338	220
36.9364	220
36.9407	220
36.9441	220
36.9484	220
36.951	220
36.9553	220
36.9587	220
36.963	220
36.9656	220
36.9699	220
36.9734	220
36.9776	220
36.9819	220
36.9845	220
36.988	220
36.9922	220
36.9965	220
36.9991	220
37.0026	220
37.0069	220
37.0111	220
37.0138	220
37.0172	220
37.0215	220
37.0257	220
37.0284	220
37.0318	220
37.0361	220
37.0395	220
37.0438	220
37.0473	220
37.0515	220
37.0542	220
37.0584	220
37.0619	220
37.0661	220
37.0688	220
37.073	220
37.0765	220
37.0808	220
37.0834	220
37.0877	220
37.0911	220
37.0954	220
37.098	220
37.1023	220
37.1057	220
37.11	220
37.1126	220
37.1169	220
37.1203	220
37.1246	220
37.1272	220
37.1315	220
37.135	220
37.1392	220
37.1419	220
37.1461	220
37.1496	220
37.1539	220
37.1565	220
37.1608	220
37.1642	220
37.1685	220
37.1711	220
37.1754	220
37.1788	220
37.1831	220
37.1857	220
37.19	220
37.1934	220
37.1977	220
37.202	220
37.2046	220
37.2081	220
37.2123	220
37.2166	220
37.2192	220
37.2227	220
37.2269	220
37.2312	220
37.2338	220
37.2373	220
37.2416	220
37.2458	220
37.2485	220
37.2519	220
37.2562	220
37.2596	220
37.2639	220
37.2673	220
37.2716	220
37.2742	220
37.2785	220
37.282	220
37.2862	220
37.2889	220
37.2931	220
37.2966	220
37.3008	220
37.3035	220
37.3077	220
37.3112	220
37.3155	220
37.3181	220
37.3224	220
37.3258	220
37.3301	220
37.3327	220
37.337	220
37.3404	220
37.3447	220
37.3473	220
37.3516	220
37.355	220
37.3593	220
37.3619	220
37.3662	220
37.3697	220
37.3739	220
37.3766	220
37.3808	220
37.3843	220
37.3886	220
37.3912	220
37.3955	220
37.3989	220
37.4032	220
37.4058	220
37.4101	220
37.4135	220
37.4178	220
37.4221	220
37.4247	220
37.4281	220
37.4324	220
37.4367	220
37.4393	220
37.4428	220
37.447	220
37.4513	220
37.4539	220
37.4574	220
37.4616	220
37.4659	220
37.4685	220
37.472	220
37.4763	220
37.4797	220
37.484	220
37.4874	220
37.4917	220
37.4943	220
37.4986	220
37.502	220
37.5063	220
37.5089	220
37.5132	220
37.5167	220
37.5209	220
37.5236	220
37.5278	220
37.5313	220
37.5355	220
37.5382	220
37.5424	220
37.5459	220
37.5502	220
37.5528	220
37.5571	220
37.5605	220
37.5648	220
37.5674	220
37.5717	220
37.5751	220
37.5794	220
37.582	220
37.5863	220
37.5897	220
37.594	220
37.5966	220
37.6009	220
37.6044	220
37.6086	220
37.6113	220
37.6155	220
37.619	220
37.6233	220
37.6259	220
37.6302	220
37.6336	220
37.6379	220
37.6421	220
37.6448	220
37.6482	220
37.6525	220
37.6568	220
37.6594	220
37.6628	220
37.6671	220
37.6714	220
37.674	220
37.6775	220
37.6817	220
37.686	220
37.6886	220
37.6921	220
37.6963	220
37.6998	220
37.7041	220
37.7075	220
37.7118	220
37.7144	220
37.7187	220
37.7221	220
37.7264	220
37.729	220
37.7333	220
37.7367	220
37.741	220
37.7436	220
37.7479	220
37.7514	220
37.7556	220
37.7583	220
37.7625	220
37.766	220
37.7702	220
37.7729	220
37.7771	220
37.7806	220
37.7849	220
37.7875	220
37.7918	220
37.7952	220
37.7995	220
37.8021	220
37.8064	220
37.8098	220
37.8141	220
37.8167	220
37.821	220
37.8245	220
37.8287	220
37.8313	220
37.8356	220
37.8391	220
37.8433	220
37.846	220
37.8502	220
37.8537	220
37.858	220
37.8622	220
37.8649	220
37.8683	220
37.8726	220
37.8768	220
37.8795	220
37.8829	220
37.8872	220
37.8915	220
37.8941	220
37.8975	220
37.9018	220
37.9061	220
37.9087	220
37.9122	220
37.9164	220
37.9199	220
37.9241	220
37.9276	220
37.9319	220
37.9345	220
37.9388	220
37.9422	220
37.9465	220
37.9491	220
37.9534	220
37.9568	220
37.9611	220
37.9637	220
37.968	220
37.9714	220
37.9757	220
37.9783	220
37.9826	220
37.9861	220
37.9903	220
37.993	220
37.9972	220
38.0007	220
38.0049	220
38.0076	220
38.0118	220
38.0153	220
38.0196	220
38.0222	220
38.0265	220
38.0299	220
38.0342	220
38.0368	220
38.0411	220
38.0445	220
38.0488	220
38.0514	220
38.0557	220
38.0592	220
38.0634	220
38.0661	220
38.0703	220
38.0738	220
38.078	220
38.0823	220
38.0849	220
38.0884	220
38.0927	220
38.0969	220
38.0996	220
38.103	220
38.1073	220
38.1115	220
38.1142	220
38.1176	220
38.1219	220
38.1262	220
38.1288	220
38.1322	220
38.1365	220
38.14	220
38.1442	220
38.1477	220
38.1519	220
38.1546	220
38.1588	220
38.1623	220
38.1666	220
38.1692	220
38.1735	220
38.1769	220
38.1812	220
38.1838	220
38.1881	220
38.1915	220
38.1958	220
38.1984	220
38.2027	220
38.2061	220
38.2104	220
38.213	220
38.2173	220
38.2208	220
38.225	220
38.2277	220
38.2319	220
38.2354	220
38.2397	220
38.2423	220
38.2465	220
38.25	220
38.2543	220
38.2569	220
38.2612	220
38.2646	220
38.2689	220
38.2715	220
38.2758	220
38.2792	220
38.2835	220
38.2861	220
38.2904	220
38.2939	220
38.2981	220
38.3024	220
38.305	220
38.3085	220
38.3127	220
38.317	220
38.3196	220
38.3231	220
38.3274	220
38.3316	220
38.3343	220
38.3377	220
38.342	220
38.3462	220
38.3489	220
38.3523	220
38.3566	220
38.36	220
38.3643	220
38.3678	220
38.372	220
38.3747	220
38.3789	220
38.3824	220
38.3866	220
38.3893	220
38.3935	220
38.397	220
38.4013	220
38.4039	220
38.4082	220
38.4116	220
38.4159	220
38.4185	220
38.4228	220
38.4262	220
38.4305	220
38.4331	220
38.4374	220
38.4408	220
38.4451	220
38.4477	220
38.452	220
38.4555	220
38.4597	220
38.4624	220
38.4666	220
38.4701	220
38.4744	220
38.477	220
38.4813	220
38.4847	220
38.489	220
38.4916	220
38.4959	220
38.4993	220
38.5036	220
38.5062	220
38.5105	220
38.5139	220
38.5182	220
38.5225	220
38.5251	220
38.5286	220
38.5328	220
38.5371	220
38.5397	220
38.5432	220
38.5474	220
38.5517	220
38.5543	220
38.5578	220
38.5621	220
38.5663	220
38.569	220
38.5724	220
38.5767	220
38.5801	220
38.5844	220
38.5878	220
38.5921	220
38.5947	220
38.599	220
38.6025	220
38.6067	220
38.6094	220
38.6136	220
38.6171	220
38.6213	220
38.624	220
38.6282	220
38.6317	220
38.636	220
38.6386	220
38.6429	220
38.6463	220
38.6506	220
38.6532	220
38.6575	220
38.6609	220
38.6652	220
38.6678	220
38.6721	220
38.6755	220
38.6798	220
38.6824	220
38.6867	220
38.6902	220
38.6944	220
38.6971	220
38.7013	220
38.7048	220
38.7091	220
38.7117	220
38.716	220
38.7194	220
38.7237	220
38.7263	220
38.7306	220
38.734	220
38.7383	220
38.7426	220
38.7452	220
38.7486	220
38.7529	220
38.7572	220
38.7598	220
38.7633	220
38.7675	220
38.7718	220
38.7744	220
38.7779	220
38.7821	220
38.7864	220
38.789	220
38.7925	220
38.7968	220
38.8002	220
38.8045	220
38.8079	220
38.8122	220
38.8148	220
38.8191	220
38.8225	220
38.8268	220
38.8294	220
38.8337	220
38.8372	220
38.8414	220
38.8441	220
38.8483	220
38.8518	220
38.856	220
38.8587	220
38.8629	220
38.8664	220
38.8707	220
38.8733	220
38.8776	220
38.881	220
38.8853	220
38.8879	220
38.8922	220
38.8956	220
38.8999	220
38.9025	220
38.9068	220
38.9102	220
38.9145	220
38.9171	220
38.9214	220
38.9249	220
38.9291	220
38.9318	220
38.936	220
38.9395	220
38.9438	220
38.9464	220
38.9507	220
38.9541	220
38.9584	220
38.9626	220
38.9653	220
38.9687	220
38.973	220
38.9773	220
38.9799	220
38.9833	220
38.9876	220
38.9919	220
38.9945	220
38.998	220
39.0022	220
39.0065	220
39.0091	220
39.0126	220
39.0168	220
39.0203	220
39.0246	220
39.028	220
39.0323	220
39.0349	220
39.0392	220
39.0426	220
39.0469	220
39.0495	220
39.0538	220
39.0572	220
39.0615	220
39.0641	220
39.0684	220
39.0719	220
39.0761	220
39.0788	220
39.083	220
39.0865	220
39.0907	220
39.0934	220
39.0976	220
39.1011	220
39.1054	220
39.108	220
39.1123	220
39.1157	220
39.12	220
39.1226	220
39.1269	220
39.1303	220
39.1346	220
39.1372	220
39.1415	220
39.1449	220
39.1492	220
39.1518	220
39.1561	220
39.1596	220
39.1638	220
39.1665	220
39.1707	220
39.1742	220
39.1785	220
39.1827	220
39.1854	220
39.1888	220
39.1931	220
39.1973	220
39.2	220
39.2034	220
39.2077	220
39.212	220
39.2146	220
39.218	220
39.2223	220
39.2266	220
39.2292	220
39.2327	220
39.2369	220
39.2404	220
39.2446	220
39.2481	220
39.2524	220
39.255	220
39.2593	220
39.2627	220
39.267	220
39.2696	220
39.2739	220
39.2773	220
39.2816	220
39.2842	220
39.2885	220
39.2919	220
39.2962	220
39.2988	220
39.3031	220
39.3066	220
39.3108	220
39.3135	220
39.3177	220
39.3212	220
39.3254	220
39.3281	220
39.3323	220
39.3358	220
39.3401	220
39.3427	220
39.347	220
39.3504	220
39.3547	220
39.3573	220
39.3616	220
39.365	220
39.3693	220
39.3719	220
39.3762	220
39.3797	220
39.3839	220
39.3865	220
39.3908	220
39.3943	220
39.3985	220
39.4028	220
39.4054	220
39.4089	220
39.4132	220
39.4174	220
39.4201	220
39.4235	220
39.4278	220
39.432	220
39.4347	220
39.4381	220
39.4424	220
39.4467	220
39.4493	220
39.4527	220
39.457	220
39.4605	220
39.4647	220
39.4682	220
39.4724	220
39.4751	220
39.4793	220
39.4828	220
39.4871	220
39.4897	220
39.494	220
39.4974	220
39.5017	220
39.5043	220
39.5086	220
39.512	220
39.5163	220
39.5189	220
39.5232	220
39.5266	220
39.5309	220
39.5335	220
39.5378	220
39.5413	220
39.5455	220
39.5482	220
39.5524	220
39.5559	220
39.5601	220
39.5628	220
39.567	220
39.5705	220
39.5748	220
39.5774	220
39.5817	220
39.5851	220
39.5894	220
39.592	220
39.5963	220
39.5997	220
39.604	220
39.6066	220
39.6109	220
39.6144	220
39.6186	220
39.6229	220
39.6255	220
39.629	220
39.6332	220
39.6375	220
39.6401	220
39.6436	220
39.6479	220
39.6521	220
39.6548	220
39.6582	220
39.6625	220
39.6667	220
39.6694	220
39.6728	220
39.6771	220
39.6805	220
39.6848	220
39.6883	220
39.6925	220
39.6952	220
39.6994	220
39.7029	220
39.7071	220
39.7098	220
39.714	220
39.7175	220
39.7218	220
39.7244	220
39.7287	220
39.7321	220
39.7364	220
39.739	220
39.7433	220
39.7467	220
39.751	220
39.7536	220
39.7579	220
39.7613	220
39.7656	220
39.7682	220
39.7725	220
39.776	220
39.7802	220
39.7829	220
39.7871	220
39.7906	220
39.7949	220
39.7975	220
39.8017	220
39.8052	220
39.8095	220
39.8121	220
39.8164	220
39.8198	220
39.8241	220
39.8267	220
39.831	220
39.8344	220
39.8387	220
39.843	220
39.8456	220
39.8491	220
39.8533	220
39.8576	220
39.8602	220
39.8637	220
39.8679	220
39.8722	220
39.8748	220
39.8783	220
39.8826	220
39.8868	220
39.8895	220
39.8929	220
39.8972	220
39.9006	220
39.9049	220
39.9083	220
39.9126	220
39.9152	220
39.9195	220
39.923	220
39.9272	220
39.9299	220
39.9341	220
39.9376	220
39.9418	220
39.9445	220
39.9487	220
39.9522	220
39.9565	220
39.9591	220
39.9634	220
39.9668	220
39.9711	220
39.9737	220
39.978	220
39.9814	220
39.9857	220
39.9883	220
39.9926	220
39.996	220
40.0003	220
40.0029	220
40.0072	220
40.0107	220
40.0149	220
40.0176	220
40.0218	220
40.0253	220
40.0296	220
40.0322	220
40.0365	220
40.0399	220
40.0442	220
40.0468	220
40.0511	220
40.0545	220
40.0588	220
40.0631	220
40.0657	220
40.0691	220
40.0734	220
40.0777	220
40.0803	220
40.0838	220
40.088	220
40.0923	220
40.0949	220
40.0984	220
40.1026	220
40.1069	220
40.1095	220
40.113	220
40.1173	220
40.1207	220
40.125	220
40.1284	220
40.1327	220
40.1353	220
40.1396	220
40.143	220
40.1473	220
40.1499	220
40.1542	220
40.1577	220
40.1619	220
40.1646	220
40.1688	220
40.1723	220
40.1765	220
40.1792	220
40.1834	220
40.1869	220
40.1912	220
40.1938	220
40.1981	220
40.2015	220
40.2058	220
40.2084	220
40.2127	220
40.2161	220
40.2204	220
40.223	220
40.2273	220
40.2307	220
40.235	220
40.2376	220
40.2419	220
40.2454	220
40.2496	220
40.2523	220
40.2565	220
40.26	220
40.2643	220
40.2669	220
40.2712	220
40.2746	220
40.2789	220
40.2831	220
40.2858	220
40.2892	220
40.2935	220
40.2978	220
40.3004	220
40.3038	220
40.3081	220
40.3124	220
40.315	220
40.3185	220
40.3227	220
40.327	220
40.3296	220
40.3331	220
40.3373	220
40.3408	220
40.3451	220
40.3485	220
40.3528	220
40.3554	220
40.3597	220
40.3631	220
40.3674	220
40.37	220
40.3743	220
40.3777	220
40.382	220
40.3846	220
40.3889	220
40.3924	220
40.3966	220
40.3993	220
40.4035	220
40.407	220
40.4112	220
40.4139	220
40.4181	220
40.4216	220
40.4259	220
40.4285	220
40.4328	220
40.4362	220
40.4405	220
40.4431	220
40.4474	220
40.4508	220
40.4551	220
40.4577	220
40.462	220
40.4654	220
40.4697	220
40.4723	220
40.4766	220
40.4801	220
40.4843	220
40.487	220
40.4912	220
40.4947	220
40.499	220
40.5032	220
40.5059	220
40.5093	220
40.5136	220
40.5178	220
40.5205	220
40.5239	220
40.5282	220
40.5325	220
40.5351	220
40.5385	220
40.5428	220
40.5471	220
40.5497	220
40.5532	220
40.5574	220
40.5609	220
40.5651	220
40.5686	220
40.5729	220
40.5755	220
40.5798	220
40.5832	220
40.5875	220
40.5901	220
40.5944	220
40.5978	220
40.6021	220
40.6047	220
40.609	220
40.6124	220
40.6167	220
40.6193	220
40.6236	220
40.6271	220
40.6313	220
40.634	220
40.6382	220
40.6417	220
40.6459	220
40.6486	220
40.6528	220
40.6563	220
40.6606	220
40.6632	220
40.6675	220
40.6709	220
40.6752	220
40.6778	220
40.6821	220
40.6855	220
40.6898	220
40.6924	220
40.6967	220
40.7001	220
40.7044	220
40.707	220
40.7113	220
40.7148	220
40.719	220
40.7233	220
40.7259	220
40.7294	220
40.7337	220
40.7379	220
40.7406	220
40.744	220
40.7483	220
40.7525	220
40.7552	220
40.7586	220
40.7629	220
40.7672	220
40.7698	220
40.7732	220
40.7775	220
40.781	220
40.7852	220
40.7887	220
40.7929	220
40.7956	220
40.7998	220
40.8033	220
40.8076	220
40.8102	220
40.8145	220
40.8179	220
40.8222	220
40.8248	220
40.8291	220
40.8325	220
40.8368	220
40.8394	220
40.8437	220
40.8471	220
40.8514	220
40.854	220
40.8583	220
40.8618	220
40.866	220
40.8687	220
40.8729	220
40.8764	220
40.8806	220
40.8833	220
40.8875	220
40.891	220
40.8953	220
40.8979	220
40.9022	220
40.9056	220
40.9099	220
40.9125	220
40.9168	220
40.9202	220
40.9245	220
40.9271	220
40.9314	220
40.9349	220
40.9391	220
40.9434	220
40.946	220
40.9495	220
40.9537	220
40.958	220
40.9606	220
40.9641	220
40.9684	220
40.9726	220
40.9753	220
40.9787	220
40.983	220
40.9872	220
40.9899	220
40.9933	220
40.9976	220
41.001	220
41.0053	220
41.0088	220
41.013	220
41.0157	220
41.0199	220
41.0234	220
41.0276	220
41.0303	220
41.0345	220
41.038	220
41.0423	220
41.0449	220
41.0492	220
41.0526	220
41.0569	220
41.0595	220
41.0638	220
41.0672	220
41.0715	220
41.0741	220
41.0784	220
41.0818	220
41.0861	220
41.0887	220
41.093	220
41.0965	220
41.1007	220
41.1034	220
41.1076	220
41.1111	220
41.1153	220
41.118	220
41.1222	220
41.1257	220
41.13	220
41.1326	220
41.1369	220
41.1403	220
41.1446	220
41.1472	220
41.1515	220
41.1549	220
41.1592	220
41.1635	220
41.1661	220
41.1696	220
41.1738	220
41.1781	220
41.1807	220
41.1842	220
41.1884	220
41.1927	220
41.1953	220
41.1988	220
41.2031	220
41.2073	220
41.21	220
41.2134	220
41.2177	220
41.2211	220
41.2254	220
41.2288	220
41.2331	220
41.2357	220
41.24	220
41.2435	220
41.2477	220
41.2504	220
41.2546	220
41.2581	220
41.2623	220
41.265	220
41.2692	220
41.2727	220
41.277	220
41.2796	220
41.2839	220
41.2873	220
41.2916	220
41.2942	220
41.2985	220
41.3019	220
41.3062	220
41.3088	220
41.3131	220
41.3165	220
41.3208	220
41.3234	220
41.3277	220
41.3312	220
41.3354	220
41.3381	220
41.3423	220
41.3458	220
41.3501	220
41.3527	220
41.3569	220
41.3604	220
41.3647	220
41.3673	220
41.3716	220
41.375	220
41.3793	220
41.3836	220
41.3862	220
41.3896	220
41.3939	220
41.3982	220
41.4008	220
41.4043	220
41.4085	220
41.4128	220
41.4154	220
41.4189	220
41.4231	220
41.4274	220
41.43	220
41.4335	220
41.4378	220
41.4412	220
41.4455	220
41.4489	220
41.4532	220
41.4558	220
41.4601	220
41.4635	220
41.4678	220
41.4704	220
41.4747	220
41.4782	220
41.4824	220
41.4851	220
41.4893	220
41.4928	220
41.497	220
41.4997	220
41.5039	220
41.5074	220
41.5117	220
41.5143	220
41.5186	220
41.522	220
41.5263	220
41.5289	220
41.5332	220
41.5366	220
41.5409	220
41.5435	220
41.5478	220
41.5512	220
41.5555	220
41.5581	220
41.5624	220
41.5659	220
41.5701	220
41.5728	220
41.577	220
41.5805	220
41.5848	220
41.5874	220
41.5917	220
41.5951	220
41.5994	220
41.6036	220
41.6063	220
41.6097	220
41.614	220
41.6183	220
41.6209	220
41.6243	220
41.6286	220
41.6329	220
41.6355	220
41.639	220
41.6432	220
41.6475	220
41.6501	220
41.6536	220
41.6578	220
41.6613	220
41.6656	220
41.669	220
41.6733	220
41.6759	220
41.6802	220
41.6836	220
41.6879	220
41.6905	220
41.6948	220
41.6982	220
41.7025	220
41.7051	220
41.7094	220
41.7129	220
41.7171	220
41.7198	220
41.724	220
41.7275	220
41.7317	220
41.7344	220
41.7386	220
41.7421	220
41.7464	220
41.749	220
41.7533	220
41.7567	220
41.761	220
41.7636	220
41.7679	220
41.7713	220
41.7756	220
41.7782	220
41.7825	220
41.7859	220
41.7902	220
41.7928	220
41.7971	220
41.8006	220
41.8048	220
41.8075	220
41.8117	220
41.8152	220
41.8195	220
41.8237	220
41.8264	220
41.8298	220
41.8341	220
41.8383	220
41.841	220
41.8444	220
41.8487	220
41.853	220
41.8556	220
41.859	220
41.8633	220
41.8676	220
41.8702	220
41.8737	220
41.8779	220
41.8814	220
41.8856	220
41.8891	220
41.8934	220
41.896	220
41.9003	220
41.9037	220
41.908	220
41.9106	220
41.9149	220
41.9183	220
41.9226	220
41.9252	220
41.9295	220
41.9329	220
41.9372	220
41.9398	220
41.9441	220
41.9476	220
41.9518	220
41.9545	220
41.9587	220
41.9622	220
41.9664	220
41.9691	220
41.9733	220
41.9768	220
41.9811	220
41.9837	220
41.988	220
41.9914	220
41.9957	220
41.9983	220
42.0026	220
42.006	220
42.0103	220
42.0129	220
42.0172	220
42.0206	220
42.0249	220
42.0275	220
42.0318	220
42.0353	220
42.0395	220
42.0438	220
42.0464	220
42.0499	220
42.0542	220
42.0584	220
42.0611	220
42.0645	220
42.0688	220
42.073	220
42.0757	220
42.0791	220
42.0834	220
42.0877	220
42.0903	220
42.0937	220
42.098	220
42.1015	220
42.1057	220
42.1092	220
42.1134	220
42.1161	220
42.1203	220
42.1238	220
42.1281	220
42.1307	220
42.135	220
42.1384	220
42.1427	220
42.1453	220
42.1496	220
42.153	220
42.1573	220
42.1599	220
42.1642	220
42.1676	220
42.1719	220
42.1745	220
42.1788	220
42.1823	220
42.1865	220
42.1892	220
42.1934	220
42.1969	220
42.2011	220
42.2038	220
42.208	220
42.2115	220
42.2158	220
42.2184	220
42.2227	220
42.2261	220
42.2304	220
42.233	220
42.2373	220
42.2407	220
42.245	220
42.2476	220
42.2519	220
42.2553	220
42.2596	220
42.2639	220
42.2665	220
42.27	220
42.2742	220
42.2785	220
42.2811	220
42.2846	220
42.2889	220
42.2931	220
42.2958	220
42.2992	220
42.3035	220
42.3077	220
42.3104	220
42.3138	220
42.3181	220
42.3215	220
42.3258	220
42.3293	220
42.3335	220
42.3362	220
42.3404	220
42.3439	220
42.3481	220
42.3508	220
42.355	220
42.3585	220
42.3628	220
42.3654	220
42.3697	220
42.3731	220
42.3774	220
42.38	220
42.3843	220
42.3877	220
42.392	220
42.3946	220
42.3989	220
42.4023	220
42.4066	220
42.4092	220
42.4135	220
42.417	220
42.4212	220
42.4239	220
42.4281	220
42.4316	220
42.4358	220
42.4385	220
42.4427	220
42.4462	220
42.4505	220
42.4531	220
42.4574	220
42.4608	220
42.4651	220
42.4677	220
42.472	220
42.4754	220
42.4797	220
42.484	220
42.4866	220
42.4901	220
42.4943	220
42.4986	220
42.5012	220
42.5047	220
42.5089	220
42.5132	220
42.5158	220
42.5193	220
42.5236	220
42.5278	220
42.5305	220
42.5339	220
42.5382	220
42.5416	220
42.5459	220
42.5493	220
42.5536	220
42.5562	220
42.5605	220
42.564	220
42.5682	220
42.5709	220
42.5751	220
42.5786	220
42.5828	220
42.5855	220
42.5897	220
42.5932	220
42.5975	220
42.6001	220
42.6044	220
42.6078	220
42.6121	220
42.6147	220
42.619	220
42.6224	220
42.6267	220
42.6293	220
42.6336	220
42.637	220
42.6413	220
42.6439	220
42.6482	220
42.6517	220
42.6559	220
42.6586	220
42.6628	220
42.6663	220
42.6705	220
42.6732	220
42.6774	220
42.6809	220
42.6852	220
42.6878	220
42.6921	220
42.6955	220
42.6998	220
42.7041	220
42.7067	220
42.7101	220
42.7144	220
42.7187	220
42.7213	220
42.7248	220
42.729	220
42.7333	220
42.7359	220
42.7394	220
42.7436	220
42.7479	220
42.7505	220
42.754	220
42.7583	220
42.7617	220
42.766	220
42.7694	220
42.7737	220
42.7763	220
42.7806	220
42.784	220
42.7883	220
42.7909	220
42.7952	220
42.7987	220
42.8029	220
42.8056	220
42.8098	220
42.8133	220
42.8175	220
42.8202	220
42.8244	220
42.8279	220
42.8322	220
42.8348	220
42.8391	220
42.8425	220
42.8468	220
42.8494	220
42.8537	220
42.8571	220
42.8614	220
42.864	220
42.8683	220
42.8717	220
42.876	220
42.8786	220
42.8829	220
42.8864	220
42.8906	220
42.8933	220
42.8975	220
42.901	220
42.9053	220
42.9079	220
42.9121	220
42.9156	220
42.9199	220
42.9241	220
42.9268	220
42.9302	220
42.9345	220
42.9388	220
42.9414	220
42.9448	220
42.9491	220
42.9534	220
42.956	220
42.9595	220
42.9637	220
42.968	220
42.9706	220
42.9741	220
42.9783	220
42.9818	220
42.9861	220
42.9895	220
42.9938	220
42.9964	220
43.0007	220
43.0041	220
43.0084	220
43.011	220
43.0153	220
43.0187	220
43.023	220
43.0256	220
43.0299	220
43.0334	220
43.0376	220
43.0403	220
43.0445	220
43.048	220
43.0522	220
43.0549	220
43.0591	220
43.0626	220
43.0669	220
43.0695	220
43.0738	220
43.0772	220
43.0815	220
43.0841	220
43.0884	220
43.0918	220
43.0961	220
43.0987	220
43.103	220
43.1064	220
43.1107	220
43.1133	220
43.1176	220
43.1211	220
43.1253	220
43.128	220
43.1322	220
43.1357	220
43.14	220
43.1442	220
43.1469	220
43.1503	220
43.1546	220
43.1588	220
43.1615	220
43.1649	220
43.1692	220
43.1735	220
43.1761	220
43.1795	220
43.1838	220
43.1881	220
43.1907	220
43.1942	220
43.1984	220
43.2019	220
43.2061	220
43.2096	220
43.2139	220
43.2165	220
43.2208	220
43.2242	220
43.2285	220
43.2311	220
43.2354	220
43.2388	220
43.2431	220
43.2457	220
43.25	220
43.2534	220
43.2577	220
43.2603	220
43.2646	220
43.2681	220
43.2723	220
43.275	220
43.2792	220
43.2827	220
43.2869	220
43.2896	220
43.2938	220
43.2973	220
43.3016	220
43.3042	220
43.3085	220
43.3119	220
43.3162	220
43.3188	220
43.3231	220
43.3265	220
43.3308	220
43.3334	220
43.3377	220
43.3411	220
43.3454	220
43.348	220
43.3523	220
43.3558	220
43.36	220
43.3643	220
43.3669	220
43.3704	220
43.3747	220
43.3789	220
43.3816	220
43.385	220
43.3893	220
43.3935	220
43.3962	220
43.3996	220
43.4039	220
43.4082	220
43.4108	220
43.4142	220
43.4185	220
43.422	220
43.4262	220
43.4297	220
43.4339	220
43.4366	220
43.4408	220
43.4443	220
43.4486	220
43.4512	220
43.4555	220
43.4589	220
43.4632	220
43.4658	220
43.4701	220
43.4735	220
43.4778	220
43.4804	220
43.4847	220
43.4881	220
43.4924	220
43.495	220
43.4993	220
43.5028	220
43.507	220
43.5097	220
43.5139	220
43.5174	220
43.5216	220
43.5243	220
43.5285	220
43.532	220
43.5363	220
43.5389	220
43.5432	220
43.5466	220
43.5509	220
43.5535	220
43.5578	220
43.5612	220
43.5655	220
43.5681	220
43.5724	220
43.5758	220
43.5801	220
43.5844	220
43.587	220
43.5905	220
43.5947	220
43.599	220
43.6016	220
43.6051	220
43.6094	220
43.6136	220
43.6163	220
43.6197	220
43.624	220
43.6282	220
43.6309	220
43.6343	220
43.6386	220
43.642	220
43.6463	220
43.6498	220
43.654	220
43.6567	220
43.6609	220
43.6644	220
43.6686	220
43.6713	220
43.6755	220
43.679	220
43.6833	220
43.6859	220
43.6902	220
43.6936	220
43.6979	220
43.7005	220
43.7048	220
43.7082	220
43.7125	220
43.7151	220
43.7194	220
43.7228	220
43.7271	220
43.7297	220
43.734	220
43.7375	220
43.7417	220
43.7444	220
43.7486	220
43.7521	220
43.7563	220
43.759	220
43.7632	220
43.7667	220
43.771	220
43.7736	220
43.7779	220
43.7813	220
43.7856	220
43.7882	220
43.7925	220
43.7959	220
43.8002	220
43.8045	220
43.8071	220
43.8105	220
43.8148	220
43.8191	220
43.8217	220
43.8252	220
43.8294	220
43.8337	220
43.8363	220
43.8398	220
43.8441	220
43.8483	220
43.851	220
43.8544	220
43.8587	220
43.8621	220
43.8664	220
43.8698	220
43.8741	220
43.8767	220
43.881	220
43.8845	220
43.8887	220
43.8914	220
43.8956	220
43.8991	220
43.9033	220
43.906	220
43.9102	220
43.9137	220
43.918	220
43.9206	220
43.9249	220
43.9283	220
43.9326	220
43.9352	220
43.9395	220
43.9429	220
43.9472	220
43.9498	220
43.9541	220
43.9575	220
43.9618	220
43.9644	220
43.9687	220
43.9722	220
43.9764	220
43.9791	220
43.9833	220
43.9868	220
43.991	220
43.9937	220
43.9979	220
44.0014	220
44.0057	220
44.0083	220
44.0126	220
44.016	220
44.0203	220
44.0246	220
44.0272	220
44.0306	220
44.0349	220
44.0392	220
44.0418	220
44.0453	220
44.0495	220
44.0538	220
44.0564	220
44.0599	220
44.0641	220
44.0684	220
44.071	220
44.0745	220
44.0788	220
44.0822	220
44.0865	220
44.0899	220
44.0942	220
44.0968	220
44.1011	220
44.1045	220
44.1088	220
44.1114	220
44.1157	220
44.1192	220
44.1234	220
44.1261	220
44.1303	220
44.1338	220
44.138	220
44.1407	220
44.1449	220
44.1484	220
44.1527	220
44.1553	220
44.1596	220
44.163	220
44.1673	220
44.1699	220
44.1742	220
44.1776	220
44.1819	220
44.1845	220
44.1888	220
44.1922	220
44.1965	220
44.1991	220
44.2034	220
44.2069	220
44.2111	220
44.2138	220
44.218	220
44.2215	220
44.2257	220
44.2284	220
44.2326	220
44.2361	220
44.2404	220
44.2446	220
44.2473	220
44.2507	220
44.255	220
44.2593	220
44.2619	220
44.2653	220
44.2696	220
44.2739	220
44.2765	220
44.28	220
44.2842	220
44.2885	220
44.2911	220
44.2946	220
44.2988	220
44.3023	220
44.3066	220
44.31	220
44.3143	220
44.3169	220
44.3212	220
44.3246	220
44.3289	220
44.3315	220
44.3358	220
44.3392	220
44.3435	220
44.3461	220
44.3504	220
44.3539	220
44.3581	220
44.3608	220
44.365	220
44.3685	220
44.3727	220
44.3754	220
44.3796	220
44.3831	220
44.3874	220
44.39	220
44.3943	220
44.3977	220
44.402	220
44.4046	220
44.4089	220
44.4123	220
44.4166	220
44.4192	220
44.4235	220
44.4269	220
44.4312	220
44.4338	220
44.4381	220
44.4416	220
44.4458	220
44.4485	220
44.4527	220
44.4562	220
44.4605	220
44.4647	220
44.4673	220
44.4708	220
44.4751	220
44.4793	220
44.482	220
44.4854	220
44.4897	220
44.494	220
44.4966	220
44.5	220
44.5043	220
44.5086	220
44.5112	220
44.5147	220
44.5189	220
44.5224	220
44.5266	220
44.5301	220
44.5344	220
44.537	220
44.5413	220
44.5447	220
44.549	220
44.5516	220
44.5559	220
44.5593	220
44.5636	220
44.5662	220
44.5705	220
44.5739	220
44.5782	220
44.5808	220
44.5851	220
44.5886	220
44.5928	220
44.5955	220
44.5997	220
44.6032	220
44.6074	220
44.6101	220
44.6143	220
44.6178	220
44.6221	220
44.6247	220
44.629	220
44.6324	220
44.6367	220
44.6393	220
44.6436	220
44.647	220
44.6513	220
44.6539	220
44.6582	220
44.6616	220
44.6659	220
44.6685	220
44.6728	220
44.6763	220
44.6805	220
44.6848	220
44.6874	220
44.6909	220
44.6952	220
44.6994	220
44.7021	220
44.7055	220
44.7098	220
44.714	220
44.7167	220
44.7201	220
44.7244	220
44.7287	220
44.7313	220
44.7347	220
44.739	220
44.7425	220
44.7467	220
44.7502	220
44.7544	220
44.7571	220
44.7613	220
44.7648	220
44.7691	220
44.7717	220
44.776	220
44.7794	220
44.7837	220
44.7863	220
44.7906	220
44.794	220
44.7983	220
44.8009	220
44.8052	220
44.8086	220
44.8129	220
44.8155	220
44.8198	220
44.8233	220
44.8275	220
44.8302	220
44.8344	220
44.8379	220
44.8421	220
44.8448	220
44.849	220
44.8525	220
44.8568	220
44.8594	220
44.8637	220
44.8671	220
44.8714	220
44.874	220
44.8783	220
44.8817	220
44.886	220
44.8886	220
44.8929	220
44.8963	220
44.9006	220
44.9049	220
44.9075	220
44.911	220
44.9152	220
44.9195	220
44.9221	220
44.9256	220
44.9299	220
44.9341	220
44.9368	220
44.9402	220
44.9445	220
44.9487	220
44.9514	220
44.9548	220
44.9591	220
44.9625	220
44.9668	220
44.9703	220
44.9745	220
44.9772	220
44.9814	220
44.9849	220
44.9891	220
44.9918	220
44.996	220
44.9995	220
45.0038	220
45.0064	220
45.0107	220
45.0141	220
45.0184	220
45.021	220
45.0253	220
45.0287	220
45.033	220
45.0356	220
45.0399	220
45.0433	220
45.0476	220
45.0502	220
45.0545	220
45.058	220
45.0622	220
45.0649	220
45.0691	220
45.0726	220
45.0768	220
45.0795	220
45.0837	220
45.0872	220
45.0915	220
45.0941	220
45.0984	220
45.1018	220
45.1061	220
45.1087	220
45.113	220
45.1164	220
45.1207	220
45.125	220
45.1276	220
45.131	220
45.1353	220
45.1396	220
45.1422	220
45.1457	220
45.1499	220
45.1542	220
45.1568	220
45.1603	220
45.1646	220
45.1688	220
45.1715	220
45.1749	220
45.1792	220
45.1826	220
45.1869	220
45.1903	220
45.1946	220
45.1972	220
45.2015	220
45.205	220
45.2092	220
45.2119	220
45.2161	220
45.2196	220
45.2238	220
45.2265	220
45.2307	220
45.2342	220
45.2385	220
45.2411	220
45.2454	220
45.2488	220
45.2531	220
45.2557	220
45.26	220
45.2634	220
45.2677	220
45.2703	220
45.2746	220
45.278	220
45.2823	220
45.2849	220
45.2892	220
45.2927	220
45.2969	220
45.2996	220
45.3038	220
45.3073	220
45.3115	220
45.3142	220
45.3184	220
45.3219	220
45.3262	220
45.3288	220
45.3331	220
45.3365	220
45.3408	220
45.3451	220
45.3477	220
45.3511	220
45.3554	220
45.3597	220
45.3623	220
45.3657	220
45.37	220
45.3743	220
45.3769	220
45.3804	220
45.3846	220
45.3889	220
45.3915	220
45.395	220
45.3993	220
45.4027	220
45.407	220
45.4104	220
45.4147	220
45.4173	220
45.4216	220
45.425	220
45.4293	220
45.4319	220
45.4362	220
45.4397	220
45.4439	220
45.4466	220
45.4508	220
45.4543	220
45.4585	220
45.4612	220
45.4654	220
45.4689	220
45.4732	220
45.4758	220
45.4801	220
45.4835	220
45.4878	220
45.4904	220
45.4947	220
45.4981	220
45.5024	220
45.505	220
45.5093	220
45.5127	220
45.517	220
45.5196	220
45.5239	220
45.5274	220
45.5316	220
45.5343	220
45.5385	220
45.542	220
45.5462	220
45.5489	220
45.5531	220
45.5566	220
45.5609	220
45.5651	220
45.5678	220
45.5712	220
45.5755	220
45.5798	220
45.5824	220
45.5858	220
45.5901	220
45.5944	220
45.597	220
45.6005	220
45.6047	220
45.609	220
45.6116	220
45.6151	220
45.6193	220
45.6228	220
45.6271	220
45.6305	220
45.6348	220
45.6374	220
45.6417	220
45.6451	220
45.6494	220
45.652	220
45.6563	220
45.6597	220
45.664	220
45.6666	220
45.6709	220
45.6744	220
45.6786	220
45.6813	220
45.6855	220
45.689	220
45.6932	220
45.6959	220
45.7001	220
45.7036	220
45.7079	220
45.7105	220
45.7148	220
45.7182	220
45.7225	220
45.7251	220
45.7294	220
45.7328	220
45.7371	220
45.7397	220
45.744	220
45.7474	220
45.7517	220
45.7543	220
45.7586	220
45.7621	220
45.7663	220
45.769	220
45.7732	220
45.7767	220
45.7809	220
45.7852	220
45.7878	220
45.7913	220
45.7956	220
45.7998	220
45.8025	220
45.8059	220
45.8102	220
45.8145	220
45.8171	220
45.8205	220
45.8248	220
45.8291	220
45.8317	220
45.8352	220
45.8394	220
45.8429	220
45.8471	220
45.8506	220
45.8549	220
45.8575	220
45.8618	220
45.8652	220
45.8695	220
45.8721	220
45.8764	220
45.8798	220
45.8841	220
45.8867	220
45.891	220
45.8944	220
45.8987	220
45.9013	220
45.9056	220
45.9091	220
45.9133	220
45.916	220
45.9202	220
45.9237	220
45.9279	220
45.9306	220
45.9348	220
45.9383	220
45.9426	220
45.9452	220
45.9495	220
45.9529	220
45.9572	220
45.9598	220
45.9641	220
45.9675	220
45.9718	220
45.9744	220
45.9787	220
45.9821	220
45.9864	220
45.989	220
45.9933	220
45.9968	220
46.001	220
46.0053	220
46.0079	220
46.0114	220
46.0157	220
46.0199	220
46.0225	220
46.026	220
46.0303	220
46.0345	220
46.0372	220
46.0406	220
46.0449	220
46.0492	220
46.0518	220
46.0552	220
46.0595	220
46.063	220
46.0672	220
46.0707	220
46.0749	220
46.0776	220
46.0818	220
46.0853	220
46.0896	220
46.0922	220
46.0965	220
46.0999	220
46.1042	220
46.1068	220
46.1111	220
46.1145	220
46.1188	220
46.1214	220
46.1257	220
46.1291	220
46.1334	220
46.136	220
46.1403	220
46.1438	220
46.148	220
46.1507	220
46.1549	220
46.1584	220
46.1626	220
46.1653	220
46.1695	220
46.173	220
46.1773	220
46.1799	220
46.1842	220
46.1876	220
46.1919	220
46.1945	220
46.1988	220
46.2022	220
46.2065	220
46.2091	220
46.2134	220
46.2168	220
46.2211	220
46.2254	220
46.228	220
46.2315	220
46.2357	220
46.24	220
46.2426	220
46.2461	220
46.2504	220
46.2546	220
46.2573	220
46.2607	220
46.265	220
46.2692	220
46.2719	220
46.2753	220
46.2796	220
46.283	220
46.2873	220
46.2908	220
46.295	220
46.2977	220
46.3019	220
46.3054	220
46.3096	220
46.3123	220
46.3165	220
46.32	220
46.3243	220
46.3269	220
46.3312	220
46.3346	220
46.3389	220
46.3415	220
46.3458	220
46.3492	220
46.3535	220
46.3561	220
46.3604	220
46.3638	220
46.3681	220
46.3707	220
46.375	220
46.3785	220
46.3827	220
46.3854	220
46.3896	220
46.3931	220
46.3973	220
46.4	220
46.4042	220
46.4077	220
46.412	220
46.4146	220
46.4189	220
46.4223	220
46.4266	220
46.4292	220
46.4335	220
46.4369	220
46.4412	220
46.4455	220
46.4481	220
46.4515	220
46.4558	220
46.4601	220
46.4627	220
46.4662	220
46.4704	220
46.4747	220
46.4773	220
46.4808	220
46.4851	220
46.4893	220
46.492	220
46.4954	220
46.4997	220
46.5031	220
46.5074	220
46.5108	220
46.5151	220
46.5177	220
46.522	220
46.5255	220
46.5297	220
46.5324	220
46.5366	220
46.5401	220
46.5443	220
46.547	220
46.5512	220
46.5547	220
46.559	220
46.5616	220
46.5659	220
46.5693	220
46.5736	220
46.5762	220
46.5805	220
46.5839	220
46.5882	220
46.5908	220
46.5951	220
46.5985	220
46.6028	220
46.6054	220
46.6097	220
46.6132	220
46.6174	220
46.6201	220
46.6243	220
46.6278	220
46.632	220
46.6347	220
46.6389	220
46.6424	220
46.6467	220
46.6493	220
46.6536	220
46.657	220
46.6613	220
46.6656	220
46.6682	220
46.6716	220
46.6759	220
46.6802	220
46.6828	220
46.6862	220
46.6905	220
46.6948	220
46.6974	220
46.7009	220
46.7051	220
46.7094	220
46.712	220
46.7155	220
46.7198	220
46.7232	220
46.7275	220
46.7309	220
46.7352	220
46.7378	220
46.7421	220
46.7455	220
46.7498	220
46.7524	220
46.7567	220
46.7602	220
46.7644	220
46.7671	220
46.7713	220
46.7748	220
46.779	220
46.7817	220
46.7859	220
46.7894	220
46.7937	220
46.7963	220
46.8006	220
46.804	220
46.8083	220
46.8109	220
46.8152	220
46.8186	220
46.8229	220
46.8255	220
46.8298	220
46.8332	220
46.8375	220
46.8401	220
46.8444	220
46.8479	220
46.8521	220
46.8548	220
46.859	220
46.8625	220
46.8667	220
46.8694	220
46.8736	220
46.8771	220
46.8814	220
46.8856	220
46.8883	220
46.8917	220
46.896	220
46.9003	220
46.9029	220
46.9063	220
46.9106	220
46.9149	220
46.9175	220
46.9209	220
46.9252	220
46.9295	220
46.9321	220
46.9356	220
46.9398	220
46.9433	220
46.9476	220
46.951	220
46.9553	220
46.9579	220
46.9622	220
46.9656	220
46.9699	220
46.9725	220
46.9768	220
46.9802	220
46.9845	220
46.9871	220
46.9914	220
46.9949	220
46.9991	220
47.0018	220
47.006	220
47.0095	220
47.0137	220
47.0164	220
47.0206	220
47.0241	220
47.0284	220
47.031	220
47.0353	220
47.0387	220
47.043	220
47.0456	220
47.0499	220
47.0533	220
47.0576	220
47.0602	220
47.0645	220
47.0679	220
47.0722	220
47.0748	220
47.0791	220
47.0826	220
47.0868	220
47.0895	220
47.0937	220
47.0972	220
47.1014	220
47.1057	220
47.1083	220
47.1118	220
47.1161	220
47.1203	220
47.123	220
47.1264	220
47.1307	220
47.135	220
47.1376	220
47.141	220
47.1453	220
47.1496	220
47.1522	220
47.1557	220
47.1599	220
47.1634	220
47.1676	220
47.1711	220
47.1754	220
47.178	220
47.1823	220
47.1857	220
47.19	220
47.1926	220
47.1969	220
47.2003	220
47.2046	220
47.2072	220
47.2115	220
47.2149	220
47.2192	220
47.2218	220
47.2261	220
47.2296	220
47.2338	220
47.2365	220
47.2407	220
47.2442	220
47.2484	220
47.2511	220
47.2553	220
47.2588	220
47.2631	220
47.2657	220
47.27	220
47.2734	220
47.2777	220
47.2803	220
47.2846	220
47.288	220
47.2923	220
47.2949	220
47.2992	220
47.3026	220
47.3069	220
47.3095	220
47.3138	220
47.3173	220
47.3215	220
47.3258	220
47.3284	220
47.3319	220
47.3361	220
47.3404	220
47.343	220
47.3465	220
47.3508	220
47.355	220
47.3577	220
47.3611	220
47.3654	220
47.3697	220
47.3723	220
47.3757	220
47.38	220
47.3835	220
47.3877	220
47.3912	220
47.3954	220
47.3981	220
47.4023	220
47.4058	220
47.4101	220
47.4127	220
47.417	220
47.4204	220
47.4247	220
47.4273	220
47.4316	220
47.435	220
47.4393	220
47.4419	220
47.4462	220
47.4496	220
47.4539	220
47.4565	220
47.4608	220
47.4643	220
47.4685	220
47.4712	220
47.4754	220
47.4789	220
47.4831	220
47.4858	220
47.49	220
47.4935	220
47.4978	220
47.5004	220
47.5047	220
47.5081	220
47.5124	220
47.515	220
47.5193	220
47.5227	220
47.527	220
47.5296	220
47.5339	220
47.5373	220
47.5416	220
47.5459	220
47.5485	220
47.552	220
47.5562	220
47.5605	220
47.5631	220
47.5666	220
47.5709	220
47.5751	220
47.5777	220
47.5812	220
47.5855	220
47.5897	220
47.5924	220
47.5958	220
47.6001	220
47.6035	220
47.6078	220
47.6113	220
47.6155	220
47.6182	220
47.6224	220
47.6259	220
47.6301	220
47.6328	220
47.637	220
47.6405	220
47.6448	220
47.6474	220
47.6517	220
47.6551	220
47.6594	220
47.662	220
47.6663	220
47.6697	220
47.674	220
47.6766	220
47.6809	220
47.6843	220
47.6886	220
47.6912	220
47.6955	220
47.699	220
47.7032	220
47.7059	220
47.7101	220
47.7136	220
47.7178	220
47.7205	220
47.7247	220
47.7282	220
47.7325	220
47.7351	220
47.7394	220
47.7428	220
47.7471	220
47.7497	220
47.754	220
47.7574	220
47.7617	220
47.766	220
47.7686	220
47.772	220
47.7763	220
47.7806	220
47.7832	220
47.7867	220
47.7909	220
47.7952	220
47.7978	220
47.8013	220
47.8056	220
47.8098	220
47.8125	220
47.8159	220
47.8202	220
47.8236	220
47.8279	220
47.8313	220
47.8356	220
47.8382	220
47.8425	220
47.846	220
47.8502	220
47.8529	220
47.8571	220
47.8606	220
47.8648	220
47.8675	220
47.8717	220
47.8752	220
47.8795	220
47.8821	220
47.8864	220
47.8898	220
47.8941	220
47.8967	220
47.901	220
47.9044	220
47.9087	220
47.9113	220
47.9156	220
47.919	220
47.9233	220
47.9259	220
47.9302	220
47.9337	220
47.9379	220
47.9406	220
47.9448	220
47.9483	220
47.9525	220
47.9552	220
47.9594	220
47.9629	220
47.9672	220
47.9698	220
47.9741	220
47.9775	220
47.9818	220
47.9861	220
47.9887	220
47.9921	220
47.9964	220
48.0007	220
48.0033	220
48.0067	220
48.011	220
48.0153	220
48.0179	220
48.0214	220
48.0256	220
48.0299	220
48.0325	220
48.036	220
48.0403	220
48.0437	220
48.048	220
48.0514	220
48.0557	220
48.0583	220
48.0626	220
48.066	220
48.0703	220
48.0729	220
48.0772	220
48.0807	220
48.0849	220
48.0876	220
48.0918	220
48.0953	220
48.0995	220
48.1022	220
48.1064	220
48.1099	220
48.1142	220
48.1168	220
48.1211	220
48.1245	220
48.1288	220
48.1314	220
48.1357	220
48.1391	220
48.1434	220
48.146	220
48.1503	220
48.1537	220
48.158	220
48.1606	220
48.1649	220
48.1684	220
48.1726	220
48.1753	220
48.1795	220
48.183	220
48.1872	220
48.1899	220
48.1941	220
48.1976	220
48.2019	220
48.2061	220
48.2088	220
48.2122	220
48.2165	220
48.2208	220
48.2234	220
48.2268	220
48.2311	220
48.2354	220
48.238	220
48.2414	220
48.2457	220
48.25	220
48.2526	220
48.2561	220
48.2603	220
48.2638	220
48.2681	220
48.2715	220
48.2758	220
48.2784	220
48.2827	220
48.2861	220
48.2904	220
48.293	220
48.2973	220
48.3007	220
48.305	220
48.3076	220
48.3119	220
48.3154	220
48.3196	220
48.3223	220
48.3265	220
48.33	220
48.3342	220
48.3369	220
48.3411	220
48.3446	220
48.3489	220
48.3515	220
48.3558	220
48.3592	220
48.3635	220
48.3661	220
48.3704	220
48.3738	220
48.3781	220
48.3807	220
48.385	220
48.3884	220
48.3927	220
48.3953	220
48.3996	220
48.4031	220
48.4073	220
48.41	220
48.4142	220
48.4177	220
48.4219	220
48.4262	220
48.4288	220
48.4323	220
48.4366	220
48.4408	220
48.4435	220
48.4469	220
48.4512	220
48.4555	220
48.4581	220
48.4615	220
48.4658	220
48.4701	220
48.4727	220
48.4761	220
48.4804	220
48.4839	220
48.4881	220
48.4916	220
48.4959	220
48.4985	220
48.5028	220
48.5062	220
48.5105	220
48.5131	220
48.5174	220
48.5208	220
48.5251	220
48.5277	220
48.532	220
48.5354	220
48.5397	220
48.5423	220
48.5466	220
48.5501	220
48.5543	220
48.557	220
48.5612	220
48.5647	220
48.5689	220
48.5716	220
48.5758	220
48.5793	220
48.5836	220
48.5862	220
48.5905	220
48.5939	220
48.5982	220
48.6008	220
48.6051	220
48.6085	220
48.6128	220
48.6154	220
48.6197	220
48.6231	220
48.6274	220
48.63	220
48.6343	220
48.6378	220
48.642	220
48.6463	220
48.6489	220
48.6524	220
48.6566	220
48.6609	220
48.6635	220
48.667	220
48.6713	220
48.6755	220
48.6782	220
48.6816	220
48.6859	220
48.6902	220
48.6928	220
48.6962	220
48.7005	220
48.704	220
48.7082	220
48.7117	220
48.7159	220
48.7186	220
48.7228	220
48.7263	220
48.7306	220
48.7332	220
48.7375	220
48.7409	220
48.7452	220
48.7478	220
48.7521	220
48.7555	220
48.7598	220
48.7624	220
48.7667	220
48.7701	220
48.7744	220
48.777	220
48.7813	220
48.7848	220
48.789	220
48.7917	220
48.7959	220
48.7994	220
48.8036	220
48.8063	220
48.8105	220
48.814	220
48.8183	220
48.8209	220
48.8252	220
48.8286	220
48.8329	220
48.8355	220
48.8398	220
48.8432	220
48.8475	220
48.8501	220
48.8544	220
48.8578	220
48.8621	220
48.8664	220
48.869	220
48.8725	220
48.8767	220
48.881	220
48.8836	220
48.8871	220
48.8913	220
48.8956	220
48.8982	220
48.9017	220
48.906	220
48.9102	220
48.9129	220
48.9163	220
48.9206	220
48.924	220
48.9283	220
48.9318	220
48.936	220
48.9387	220
48.9429	220
48.9464	220
48.9506	220
48.9533	220
48.9575	220
48.961	220
48.9653	220
48.9679	220
48.9722	220
48.9756	220
48.9799	220
48.9825	220
48.9868	220
48.9902	220
48.9945	220
48.9971	220
49.0014	220
49.0048	220
49.0091	220
49.0117	220
49.016	220
49.0195	220
49.0237	220
49.0264	220
49.0306	220
49.0341	220
49.0383	220
49.041	220
49.0452	220
49.0487	220
49.053	220
49.0556	220
49.0599	220
49.0633	220
49.0676	220
49.0702	220
49.0745	220
49.0779	220
49.0822	220
49.0865	220
49.0891	220
49.0925	220
49.0968	220
49.1011	220
49.1037	220
49.1072	220
49.1114	220
49.1157	220
49.1183	220
49.1218	220
49.1261	220
49.1303	220
49.1329	220
49.1364	220
49.1407	220
49.1441	220
49.1484	220
49.1518	220
49.1561	220
49.1587	220
49.163	220
49.1665	220
49.1707	220
49.1734	220
49.1776	220
49.1811	220
49.1853	220
49.188	220
49.1922	220
49.1957	220
49.2	220
49.2026	220
49.2069	220
49.2103	220
49.2146	220
49.2172	220
49.2215	220
49.2249	220
49.2292	220
49.2318	220
49.2361	220
49.2395	220
49.2438	220
49.2464	220
49.2507	220
49.2542	220
49.2584	220
49.2611	220
49.2653	220
49.2688	220
49.273	220
49.2757	220
49.2799	220
49.2834	220
49.2877	220
49.2903	220
49.2946	220
49.298	220
49.3023	220
49.3065	220
49.3092	220
49.3126	220
49.3169	220
49.3212	220
49.3238	220
49.3272	220
49.3315	220
49.3358	220
49.3384	220
49.3419	220
49.3461	220
49.3504	220
49.353	220
49.3565	220
49.3608	220
49.3642	220
49.3685	220
49.3719	220
49.3762	220
49.3788	220
49.3831	220
49.3865	220
49.3908	220
49.3934	220
49.3977	220
49.4012	220
49.4054	220
49.4081	220
49.4123	220
49.4158	220
49.42	220
49.4227	220
49.4269	220
49.4304	220
49.4347	220
49.4373	220
49.4416	220
49.445	220
49.4493	220
49.4519	220
49.4562	220
49.4596	220
49.4639	220
49.4665	220
49.4708	220
49.4742	220
49.4785	220
49.4811	220
49.4854	220
49.4889	220
49.4931	220
49.4958	220
49.5	220
49.5035	220
49.5077	220
49.5104	220
49.5146	220
49.5181	220
49.5224	220
49.5266	220
49.5293	220
49.5327	220
49.537	220
49.5413	220
49.5439	220
49.5473	220
49.5516	220
49.5559	220
49.5585	220
49.5619	220
49.5662	220
49.5705	220
49.5731	220
49.5766	220
49.5808	220
49.5843	220
49.5886	220
49.592	220
49.5963	220
49.5989	220
49.6032	220
49.6066	220
49.6109	220
49.6135	220
49.6178	220
49.6212	220
49.6255	220
49.6281	220
49.6324	220
49.6359	220
49.6401	220
49.6428	220
49.647	220
49.6505	220
49.6547	220
49.6574	220
49.6616	220
49.6651	220
49.6694	220
49.672	220
49.6763	220
49.6797	220
49.684	220
49.6866	220
49.6909	220
49.6943	220
49.6986	220
49.7012	220
49.7055	220
49.7089	220
49.7132	220
49.7158	220
49.7201	220
49.7236	220
49.7278	220
49.7305	220
49.7347	220
49.7382	220
49.7424	220
49.7467	220
49.7493	220
49.7528	220
49.7571	220
49.7613	220
49.764	220
49.7674	220
49.7717	220
49.776	220
49.7786	220
49.782	220
49.7863	220
49.7906	220
49.7932	220
49.7966	220
49.8009	220
49.8044	220
49.8086	220
49.8121	220
49.8164	220
49.819	220
49.8233	220
49.8267	220
49.831	220
49.8336	220
49.8379	220
49.8413	220
49.8456	220
49.8482	220
49.8525	220
49.8559	220
49.8602	220
49.8628	220
49.8671	220
49.8706	220
49.8748	220
49.8775	220
49.8817	220
49.8852	220
49.8894	220
49.8921	220
49.8963	220
49.8998	220
49.9041	220
49.9067	220
49.911	220
49.9144	220
49.9187	220
49.9213	220
49.9256	220
49.929	220
49.9333	220
49.9359	220
49.9402	220
49.9436	220
49.9479	220
49.9505	220
49.9548	220
49.9583	220
49.9625	220
49.9668	220
49.9694	220
49.9729	220
49.9771	220
49.9814	220
49.984	220
49.9875	220
49.9918	220
49.996	220
49.9987	220
