1.1009	32
1.10251	33
1.10411	33
1.10571	34
1.10731	34
1.10891	35
1.11052	35
1.11212	36
1.11372	36
1.11532	37
1.11693	37
1.11853	38
1.12013	39
1.12173	39
1.12333	39
1.12494	40
1.12654	41
1.12814	41
1.12974	42
1.13134	42
1.13295	43
1.13455	43
1.13615	44
1.13775	44
1.13935	45
1.14096	45
1.14256	46
1.14416	47
1.14576	47
1.14737	47
1.14897	48
1.15057	49
1.15217	49
1.15377	50
1.15538	50
1.15698	51
1.15858	51
1.16018	52
1.16178	52
1.16339	53
1.16499	53
1.16659	54
1.16819	55
1.1698	55
1.1714	55
1.173	56
1.1746	57
1.1762	57
1.17781	58
1.17941	58
1.18101	59
1.18261	59
1.18421	60
1.18582	60
1.18742	61
1.18902	62
1.19062	62
1.19223	63
1.19383	63
1.19543	64
1.19703	64
1.19863	65
1.20024	65
1.20184	66
1.20344	66
1.20504	67
1.20664	67
1.20825	68
1.20985	68
1.21099	69
1.21241	69
1.21334	70
1.21494	70
1.21586	70
1.21729	71
1.21821	71
1.21981	71
1.22074	71
1.22216	71
1.22308	72
1.22468	72
1.22561	72
1.22703	72
1.22795	72
1.22956	72
1.23048	72
1.2319	72
1.23283	72
1.23443	72
1.23535	72
1.23678	72
1.2377	72
1.2393	72
1.24023	73
1.24165	73
1.24257	73
1.24417	73
1.2451	73
1.24652	73
1.24744	73
1.24905	73
1.24997	73
1.25139	73
1.25232	73
1.25392	73
1.25484	73
1.25627	73
1.25719	73
1.25879	73
1.25972	73
1.26114	73
1.26206	73
1.26349	73
1.26509	73
1.26601	73
1.26693	73
1.26836	73
1.26996	73
1.27088	73
1.27181	73
1.27323	73
1.27483	73
1.27576	73
1.27668	73
1.2781	73
1.2797	73
1.38315	67
1.38475	63
1.38635	59
1.38795	56
1.38956	54
1.39116	52
1.39276	50
1.39436	49
1.39597	48
1.39757	48
1.39917	48
1.40077	48
1.40237	48
1.40398	48
1.40558	49
1.40718	49
1.40878	50
1.41038	51
1.41199	52
1.41359	53
1.41519	54
1.41679	55
1.4184	53
1.42	51
1.4216	49
1.4232	47
1.4248	45
1.42641	44
1.42801	43
1.42961	42
1.43121	41
1.43281	40
1.43442	40
1.43602	39
1.43762	38
1.43922	38
1.44082	38
1.44243	37
1.44403	37
1.44563	37
1.44723	37
1.44884	36
1.45044	36
1.45204	36
1.45364	36
1.45524	36
1.45685	36
1.45845	35
1.46005	35
1.46165	35
1.46325	35
1.46486	35
1.46646	35
1.46806	35
1.46966	35
1.47127	35
1.47287	35
1.47447	35
1.47607	35
1.47767	35
1.47928	35
1.48088	35
1.48248	35
1.48408	35
1.48568	35
1.48729	35
1.48889	35
1.49049	35
1.49209	35
1.4937	35
1.4953	36
1.4969	36
1.4985	36
1.5001	36
1.50171	36
1.50331	36
1.50491	36
1.50651	36
1.50811	36
1.50972	36
1.51132	36
1.51292	36
1.51452	36
1.51613	36
1.51773	36
1.51933	36
1.52093	36
1.52253	36
1.52414	36
1.52574	36
1.52734	36
1.52894	36
1.53054	36
1.53215	36
1.53375	36
1.53535	36
1.53695	36
1.53856	36
1.54016	36
1.54176	36
1.54336	36
1.54496	36
1.54657	36
1.54817	36
1.54977	36
1.55137	36
1.55297	36
1.55458	36
1.55618	36
1.55778	36
1.55938	36
1.56099	36
1.56259	36
1.56419	36
1.56579	36
1.56739	36
1.569	36
1.5706	36
1.5722	36
1.5738	36
1.5754	36
1.57701	36
1.57861	36
1.58021	36
1.58181	36
1.58341	36
1.58502	36
1.58662	36
1.58822	36
1.58982	36
1.59143	36
1.59303	36
1.59463	36
1.59623	36
1.59783	36
1.59944	36
1.60104	36
1.60264	36
1.60424	36
1.60584	36
1.60745	36
1.60905	36
1.61065	36
1.61225	36
1.61386	36
1.61546	36
1.61706	36
1.61866	36
1.62026	36
1.62187	36
1.62347	36
1.62507	36
1.62667	36
1.62827	36
1.62988	36
1.63148	36
1.63308	36
1.63468	36
1.63629	36
1.63789	36
1.63949	36
1.64109	37
1.64269	37
1.6443	37
1.6459	37
1.6475	37
1.6491	37
1.6507	37
1.65231	37
1.65391	37
1.65551	37
1.65711	38
1.65872	38
1.66032	38
1.66192	38
1.66352	38
1.66512	38
1.66673	38
1.66833	38
1.66993	38
1.67153	38
1.67313	38
1.67474	38
1.67634	38
1.67794	38
1.67954	38
1.68115	38
1.68275	38
1.68435	38
1.68595	38
1.68755	38
1.68916	38
1.69076	38
1.69236	38
1.69396	38
1.69556	38
1.69717	38
1.69877	38
1.70037	38
1.70197	38
1.70357	38
1.70518	38
1.70678	38
1.70838	38
1.70998	38
1.71159	38
1.71319	38
1.71479	38
1.71639	38
1.71799	38
1.7196	38
1.7212	38
1.7228	38
1.7244	38
1.726	38
1.72761	38
1.72921	38
1.73081	38
1.73241	38
1.73402	38
1.73562	38
1.73722	38
1.73882	38
1.74042	38
1.74203	38
1.74363	38
1.74523	38
1.74683	38
1.74843	38
1.75004	38
1.75164	38
1.75324	38
1.75484	38
1.75645	38
1.75805	38
1.75965	38
1.76125	38
1.76285	38
1.76446	38
1.76606	38
1.76766	38
1.76926	38
1.77086	38
1.77247	38
1.77407	38
1.77567	38
1.77727	38
1.77888	38
1.78048	38
1.78208	38
1.78368	38
1.78528	38
1.78689	38
1.78849	38
1.79009	38
1.79169	38
1.79329	38
1.7949	38
1.7965	38
1.7981	38
1.7997	38
1.80131	38
1.80291	39
1.80451	39
1.80611	39
1.80771	39
1.80932	39
1.81092	39
1.81252	39
1.81412	39
1.81572	39
1.81733	39
1.81893	39
1.82053	39
1.82213	39
1.82374	39
1.82534	39
1.82694	39
1.82854	39
1.83014	39
1.83175	39
1.83335	39
1.83495	39
1.83655	39
1.83815	39
1.83976	39
1.84136	39
1.84296	39
1.84456	39
1.84616	39
1.84777	39
1.84937	39
1.85097	39
1.85257	39
1.85418	39
1.85578	39
1.85738	39
1.85898	39
1.86058	39
1.86219	39
1.86379	39
1.86539	39
1.86699	39
1.86859	39
1.8702	39
1.8718	39
1.8734	39
1.875	40
1.87661	40
1.87821	40
1.87981	40
1.88141	40
1.88301	40
1.88462	40
1.88622	40
1.88782	40
1.88942	40
1.89102	40
1.89263	40
1.89423	40
1.89583	40
1.89743	40
1.89904	40
1.90064	40
1.90224	40
1.90384	40
1.90544	40
1.90705	40
1.90865	40
1.91025	40
1.91185	40
1.91345	40
1.91506	40
1.91666	40
1.91826	40
1.91986	40
1.92147	40
1.92307	40
1.92467	40
1.92627	40
1.92787	40
1.92948	40
1.93108	40
1.93268	40
1.93428	40
1.93588	40
1.93749	40
1.93909	40
1.94069	40
1.94229	40
1.9439	40
1.9455	40
1.9471	40
1.9487	40
1.9503	40
1.95191	40
1.95351	40
1.95511	40
1.95671	40
1.95831	40
1.95992	40
1.96152	40
1.96312	40
1.96472	40
1.96632	40
1.96793	40
1.96953	40
1.97113	40
1.97273	40
1.97434	41
1.97594	41
1.97754	41
1.97914	41
1.98074	41
1.98235	41
1.98395	41
1.98555	41
1.98715	41
1.98875	41
1.99036	41
1.99196	41
1.99356	41
1.99516	41
1.99677	41
1.99837	41
1.99997	41
2.00157	41
2.00317	41
2.00478	41
2.00638	41
2.00798	41
2.00958	41
2.01118	41
2.01279	41
2.01439	41
2.01599	41
2.01759	41
2.0192	41
2.0208	41
2.0224	41
2.024	41
2.0256	41
2.02721	41
2.02881	41
2.03041	41
2.03201	41
2.03361	41
2.03522	41
2.03682	41
2.03842	41
2.04002	41
2.04163	41
2.04323	41
2.04483	41
2.04643	41
2.04803	41
2.04964	41
2.05124	41
2.05284	41
2.05444	41
2.05604	41
2.05765	41
2.05925	41
2.06085	41
2.06245	41
2.06406	41
2.06566	41
2.06726	41
2.06886	41
2.07046	41
2.07207	41
2.07367	41
2.07527	41
2.07687	41
2.07847	41
2.08008	41
2.08168	41
2.08328	41
2.08488	41
2.08648	41
2.08809	41
2.08969	41
2.09129	41
2.09289	41
2.0945	41
2.0961	41
2.0977	41
2.0993	41
2.1009	41
2.10251	41
2.10411	41
2.10571	41
2.10731	41
2.10891	41
2.11052	41
2.11212	41
2.11372	41
2.11532	41
2.11693	41
2.11853	41
2.12013	41
2.12173	41
2.12333	41
2.12494	41
2.12654	41
2.12814	41
2.12974	41
2.13134	41
2.13295	41
2.13455	41
2.13615	42
2.13775	42
2.13936	42
2.14096	42
2.14256	42
2.14416	42
2.14576	42
2.14737	42
2.14897	42
2.15057	42
2.15217	42
2.15377	42
2.15538	42
2.15698	42
2.15858	42
2.16018	43
2.16179	43
2.16339	43
2.16499	43
2.16659	43
2.16819	43
2.1698	43
2.1714	43
2.173	43
2.1746	43
2.1762	43
2.17781	43
2.17941	43
2.18101	43
2.18261	43
2.18422	43
2.18582	43
2.18742	43
2.18902	43
2.19062	43
2.19223	43
2.19383	43
2.19543	43
2.19703	43
2.19863	43
2.20024	43
2.20184	43
2.20344	43
2.20504	43
2.20665	43
2.20825	43
2.20985	43
2.21145	43
2.21305	43
2.21466	43
2.21626	43
2.21786	43
2.21946	43
2.22106	43
2.22267	43
2.22427	43
2.22587	43
2.22747	43
2.22907	43
2.23068	43
2.23228	43
2.23388	43
2.23548	43
2.23709	43
2.23869	43
2.24029	43
2.24189	43
2.24349	43
2.2451	43
2.2467	43
2.2483	43
2.2499	43
2.2515	43
2.25311	43
2.25471	43
2.25631	43
2.25791	43
2.25952	43
2.26112	43
2.26272	43
2.26432	43
2.26592	43
2.26753	43
2.26913	43
2.27073	43
2.27233	43
2.27393	43
2.27554	43
2.27714	43
2.27874	43
2.28034	43
2.28195	43
2.28355	43
2.28515	43
2.28675	43
2.28835	43
2.28996	43
2.29156	43
2.29316	43
2.29476	43
2.29636	43
2.29797	43
2.29957	43
2.30117	43
2.30277	43
2.30438	43
2.30598	43
2.30758	43
2.30918	43
2.31078	43
2.31239	43
2.31399	43
2.31559	43
2.31719	43
2.31879	44
2.3204	44
2.322	44
2.3236	44
2.3252	44
2.32681	44
2.32841	44
2.33001	44
2.33161	44
2.33321	44
2.33482	44
2.33642	44
2.33802	44
2.33962	44
2.34122	44
2.34283	44
2.34443	44
2.34603	44
2.34763	44
2.34923	44
2.35084	44
2.35244	44
2.35404	44
2.35564	44
2.35725	44
2.35885	44
2.36045	44
2.36205	44
2.36365	44
2.36526	44
2.36686	44
2.36846	44
2.37006	44
2.37166	44
2.37327	44
2.37487	44
2.37647	44
2.37807	44
2.37968	44
2.38128	44
2.38288	44
2.38448	44
2.38608	44
2.38769	44
2.38929	44
2.39089	44
2.39249	44
2.39409	44
2.3957	44
2.3973	44
2.3989	44
2.4005	44
2.40211	44
2.40371	44
2.40531	44
2.40691	44
2.40851	44
2.41012	44
2.41172	44
2.41332	44
2.41492	44
2.41652	44
2.41813	44
2.41973	44
2.42133	44
2.42293	44
2.42454	44
2.42614	44
2.42774	44
2.42934	44
2.43094	44
2.43255	44
2.43415	44
2.43575	44
2.43735	44
2.43895	44
2.44056	44
2.44216	44
2.44376	44
2.44536	44
2.44697	44
2.44857	44
2.45017	44
2.45177	44
2.45337	44
2.45498	44
2.45658	44
2.45818	44
2.45978	44
2.46138	44
2.46299	44
2.46459	44
2.46619	44
2.46779	44
2.4694	44
2.471	44
2.4726	44
2.4742	44
2.4758	44
2.47741	44
2.47901	44
2.48061	44
2.48221	44
2.48381	44
2.48542	44
2.48702	44
2.48862	44
2.49022	44
2.49182	44
2.49343	44
2.49503	44
2.49663	45
2.49823	45
2.49984	45
2.50144	45
2.50304	45
2.50464	45
2.50624	45
2.50785	45
2.50945	46
2.51105	46
2.51265	46
2.51425	46
2.51586	46
2.51746	46
2.51906	46
2.52066	46
2.52227	46
2.52387	46
2.52547	46
2.52707	46
2.52867	46
2.53028	46
2.53188	46
2.53348	46
2.53508	46
2.53668	46
2.53829	46
2.53989	46
2.54149	46
2.54309	46
2.5447	46
2.5463	46
2.5479	46
2.5495	46
2.5511	46
2.55271	46
2.55431	46
2.55591	46
2.55751	46
2.55911	46
2.56072	46
2.56232	46
2.56392	46
2.56552	46
2.56713	46
2.56873	46
2.57033	46
2.57193	46
2.57353	46
2.57514	46
2.57674	46
2.57834	46
2.57994	46
2.58154	46
2.58315	46
2.58475	46
2.58635	46
2.58795	46
2.58956	46
2.59116	46
2.59276	46
2.59436	46
2.59596	46
2.59757	46
2.59917	46
2.60077	46
2.60237	46
2.60397	46
2.60558	46
2.60718	46
2.60878	46
2.61038	46
2.61198	46
2.61359	46
2.61519	46
2.61679	46
2.61839	46
2.62	46
2.6216	46
2.6232	46
2.6248	46
2.6264	46
2.62801	46
2.62961	46
2.63121	46
2.63281	46
2.63441	46
2.63602	46
2.63762	46
2.63922	46
2.64082	46
2.64243	46
2.64403	46
2.64563	46
2.64723	46
2.64883	46
2.65044	46
2.65204	46
2.65364	46
2.65524	46
2.65684	46
2.65845	46
2.66005	46
2.66165	46
2.66325	46
2.66486	46
2.66646	46
2.66806	46
2.66966	46
2.67126	46
2.67287	46
2.67447	46
2.67607	46
2.67767	46
2.67927	46
2.68088	46
2.68248	46
2.68408	46
2.68568	46
2.68729	46
2.68889	46
2.69049	46
2.69209	47
2.69369	47
2.6953	47
2.6969	47
2.6985	47
2.7001	47
2.7017	47
2.70331	47
2.70491	47
2.70651	47
2.70811	47
2.70972	47
2.71132	47
2.71292	47
2.71452	47
2.71612	47
2.71773	47
2.71933	47
2.72093	47
2.72253	47
2.72413	47
2.72574	47
2.72734	47
2.72894	47
2.73054	47
2.73214	47
2.73375	47
2.73535	47
2.73695	47
2.73855	47
2.74016	47
2.74176	47
2.74336	47
2.74496	47
2.74656	47
2.74817	47
2.74977	47
2.75137	47
2.75297	47
2.75457	47
2.75618	47
2.75778	47
2.75938	47
2.76098	47
2.76259	47
2.76419	47
2.76579	47
2.76739	47
2.76899	47
2.7706	47
2.7722	47
2.7738	47
2.7754	47
2.777	48
2.77861	48
2.78021	48
2.78181	48
2.78341	48
2.78502	48
2.78662	48
2.78822	48
2.78982	48
2.79142	48
2.79303	48
2.79463	48
2.79623	48
2.79783	48
2.79943	48
2.80104	48
2.80264	48
2.80424	48
2.80584	48
2.80745	48
2.80905	48
2.81065	48
2.81225	48
2.81385	48
2.81546	48
2.81706	48
2.81866	48
2.82026	48
2.82186	48
2.82347	48
2.82507	48
2.82667	48
2.82827	48
2.82988	48
2.83148	48
2.83308	48
2.83468	48
2.83628	48
2.83789	48
2.83949	48
2.84109	48
2.84269	48
2.84429	48
2.8459	48
2.8475	48
2.8491	48
2.8507	48
2.85231	48
2.85391	48
2.85551	48
2.85711	48
2.85871	48
2.86032	48
2.86192	48
2.86352	48
2.86512	48
2.86672	48
2.86833	48
2.86993	48
2.87153	48
2.87313	48
2.87473	48
2.87634	48
2.87794	48
2.87954	48
2.88114	48
2.88275	48
2.88435	48
2.88595	48
2.88755	48
2.88915	48
2.89076	48
2.89236	48
2.89396	48
2.89556	48
2.89716	49
2.89877	49
2.90037	49
2.90197	49
2.90357	49
2.90518	49
2.90678	49
2.90838	49
2.90998	49
2.91158	49
2.91319	49
2.91479	49
2.91639	49
2.91799	49
2.91959	49
2.9212	49
2.9228	49
2.9244	49
2.926	49
2.92761	49
2.92921	49
2.93081	49
2.93241	49
2.93401	49
2.93562	49
2.93722	49
2.93882	49
2.94042	49
2.94202	49
2.94363	49
2.94523	49
2.94683	49
2.94843	49
2.95004	49
2.95164	49
2.95324	49
2.95484	49
2.95644	49
2.95805	49
2.95965	49
2.96125	49
2.96285	49
2.96445	49
2.96606	49
2.96766	49
2.96926	49
2.97086	49
2.97247	49
2.97407	49
2.97567	49
2.97727	49
2.97887	49
2.98048	49
2.98208	49
2.98368	49
2.98528	49
2.98688	49
2.98849	49
2.99009	49
2.99169	49
2.99329	49
2.99489	49
2.9965	49
2.9981	49
2.9997	49
3.0013	49
3.00291	49
3.00451	49
3.00611	49
3.00771	49
3.00931	49
3.01092	49
3.01252	49
3.01412	49
3.01572	49
3.01732	49
3.01893	49
3.02053	49
3.02213	49
3.02373	49
3.02534	49
3.02694	49
3.02854	49
3.03014	49
3.03174	49
3.03335	49
3.03495	49
3.03655	49
3.03815	49
3.03975	49
3.04136	49
3.04296	49
3.04456	49
3.04616	49
3.04777	49
3.04937	49
3.05097	49
3.05257	49
3.05417	49
3.05578	49
3.05738	49
3.05898	49
3.06058	49
3.06218	49
3.06379	49
3.06539	49
3.06699	49
3.06859	49
3.0702	49
3.0718	49
3.0734	49
3.075	49
3.0766	49
3.07821	49
3.07981	49
3.08141	49
3.08301	49
3.08461	49
3.08622	49
3.08782	49
3.08942	49
3.09102	50
3.09263	50
3.09423	50
3.09583	50
3.09743	50
3.09903	50
3.10064	50
3.10224	50
3.10384	50
3.10544	50
3.10704	51
3.10865	51
3.11025	51
3.11185	51
3.11345	51
3.11506	51
3.11666	51
3.11826	51
3.11986	51
3.12146	51
3.12307	51
3.12467	51
3.12627	51
3.12787	51
3.12947	51
3.13108	51
3.13268	51
3.13428	51
3.13588	51
3.13748	51
3.13909	51
3.14069	51
3.14229	51
3.14389	51
3.1455	51
3.1471	51
3.1487	51
3.1503	51
3.1519	51
3.15351	51
3.15511	51
3.15671	51
3.15831	51
3.15991	51
3.16152	51
3.16312	51
3.16472	51
3.16632	51
3.16793	51
3.16953	51
3.17113	51
3.17273	51
3.17433	51
3.17594	51
3.17754	51
3.17914	51
3.18074	51
3.18234	51
3.18395	51
3.18555	51
3.18715	51
3.18875	51
3.19036	51
3.19196	51
3.19356	51
3.19516	51
3.19676	51
3.19837	51
3.19997	51
3.20157	51
3.20317	51
3.20477	51
3.20638	51
3.20798	51
3.20958	51
3.21118	51
3.21279	51
3.21439	51
3.21599	51
3.21759	51
3.21919	51
3.2208	51
3.2224	51
3.224	51
3.2256	51
3.2272	51
3.22881	51
3.23041	51
3.23201	51
3.23361	51
3.23522	51
3.23682	51
3.23842	51
3.24002	51
3.24162	51
3.24323	51
3.24483	51
3.24643	51
3.24803	51
3.24963	51
3.25124	51
3.25284	51
3.25444	51
3.25604	51
3.25764	51
3.25925	51
3.26085	51
3.26245	51
3.26405	51
3.26566	51
3.26726	51
3.26886	51
3.27046	51
3.27206	51
3.27367	51
3.27527	51
3.27687	51
3.27847	51
3.28007	51
3.28168	51
3.28328	51
3.28488	51
3.28648	51
3.28809	51
3.28969	51
3.29129	51
3.29289	51
3.29449	51
3.2961	51
3.2977	51
3.2993	51
3.3009	51
3.3025	51
3.30411	51
3.30571	51
3.30731	52
3.30891	52
3.31052	52
3.31212	52
3.31372	52
3.31532	52
3.31692	52
3.31853	52
3.32013	52
3.32173	52
3.32333	52
3.32493	52
3.32654	52
3.32814	52
3.32974	52
3.33134	52
3.33295	52
3.33455	52
3.33615	52
3.33775	52
3.33935	52
3.34096	52
3.34256	52
3.34416	52
3.34576	52
3.34736	52
3.34897	52
3.35057	52
3.35217	52
3.35377	52
3.35538	52
3.35698	52
3.35858	52
3.36018	52
3.36178	52
3.36339	52
3.36499	52
3.36659	52
3.36819	52
3.36979	52
3.3714	52
3.373	52
3.3746	52
3.3762	52
3.3778	52
3.37941	52
3.38101	52
3.38261	52
3.38421	52
3.38582	52
3.38742	52
3.38902	52
3.39062	52
3.39222	52
3.39383	52
3.39543	52
3.39703	52
3.39863	52
3.45631	52
3.45791	51
3.45951	51
3.46112	50
3.46272	49
3.46432	47
3.46592	46
3.46752	45
3.46913	44
3.47073	42
3.4719	41
3.47911	39
3.48071	37
3.48231	36
3.48392	35
3.48552	35
3.48712	34
3.48872	34
3.49032	34
3.49193	34
3.49353	33
3.49513	33
3.49673	33
3.49834	33
3.49994	33
3.50154	33
3.50314	33
3.50474	32
3.50635	31
3.50795	30
3.50955	29
3.51115	29
3.51275	28
3.51436	28
3.51596	28
3.51756	27
3.51916	27
3.52077	27
3.52237	27
3.52397	26
3.52557	26
3.52717	26
3.52878	26
3.53038	26
3.53198	26
3.53358	26
3.53518	26
3.53679	26
3.53839	26
3.53999	26
3.54159	26
3.54319	26
3.5448	26
3.5464	26
3.548	26
3.5496	26
3.55121	26
3.55281	26
3.55441	26
3.55601	27
3.55761	27
3.55922	27
3.56082	27
3.56242	27
3.56402	27
3.56562	27
3.56723	27
3.56883	27
3.57043	27
3.57203	27
3.57364	27
3.57524	27
3.57684	27
3.57844	27
3.58004	27
3.58165	27
3.58325	27
3.58485	27
3.58645	27
3.58805	27
3.58966	27
3.59126	27
3.59286	27
3.59446	27
3.59607	27
3.59767	27
3.59927	27
3.60087	27
3.60247	27
3.60408	27
3.60568	27
3.60728	27
3.60888	27
3.61048	27
3.61209	27
3.61369	27
3.61529	27
3.61689	27
3.6185	27
3.6201	27
3.6217	27
3.6233	27
3.6249	27
3.62651	27
3.62811	27
3.62971	27
3.63131	27
3.63291	27
3.63452	27
3.63612	27
3.63772	27
3.63932	27
3.64093	27
3.64253	27
3.64413	27
3.64573	27
3.64733	27
3.64894	27
3.65054	27
3.65214	27
3.65374	27
3.65534	27
3.65695	27
3.65855	28
3.66015	28
3.66175	28
3.66335	28
3.66496	28
3.66656	28
3.66816	28
3.66976	28
3.67137	28
3.67297	28
3.67457	28
3.67617	28
3.67777	28
3.67938	28
3.68098	28
3.68258	28
3.68418	28
3.68578	28
3.68739	28
3.68899	28
3.69059	28
3.69219	28
3.6938	28
3.6954	28
3.697	28
3.6986	28
3.7002	28
3.70181	28
3.70341	28
3.70501	28
3.70661	28
3.70821	28
3.70982	28
3.71142	28
3.71302	28
3.71462	28
3.71623	28
3.71783	28
3.71943	28
3.72103	28
3.72263	28
3.72424	28
3.72584	28
3.72744	28
3.72904	28
3.73064	28
3.73225	28
3.73385	28
3.73545	28
3.73705	28
3.73866	28
3.74026	28
3.74186	28
3.74346	28
3.74506	28
3.74667	28
3.74827	28
3.74987	28
3.75147	28
3.75307	28
3.75468	28
3.75628	28
3.75788	28
3.75948	28
3.76109	28
3.76269	28
3.76429	28
3.76589	28
3.76749	28
3.7691	29
3.7707	29
3.7723	29
3.7739	29
3.7755	29
3.77711	29
3.77871	29
3.78031	29
3.78191	29
3.78352	29
3.78512	30
3.78672	30
3.78832	30
3.78992	30
3.79153	30
3.79313	30
3.79473	30
3.79633	30
3.79793	30
3.79954	30
3.80114	30
3.80274	30
3.80434	30
3.80594	30
3.80755	30
3.80915	30
3.81075	30
3.81235	30
3.81396	30
3.81556	30
3.81716	30
3.81876	30
3.82036	30
3.82197	30
3.82357	30
3.82517	30
3.82677	30
3.82837	30
3.82998	30
3.83158	30
3.83318	30
3.83478	30
3.83639	30
3.83799	30
3.83959	30
3.84119	30
3.84279	30
3.8444	30
3.846	30
3.8476	30
3.8492	30
3.8508	30
3.85241	30
3.85401	30
3.85561	30
3.85721	30
3.85882	30
3.86042	30
3.86202	30
3.86362	30
3.86522	30
3.86683	30
3.86843	30
3.87003	30
3.87163	30
3.87323	30
3.87484	30
3.87644	30
3.87804	30
3.87964	30
3.88125	30
3.88285	30
3.88445	30
3.88605	30
3.88765	30
3.88926	30
3.89086	30
3.89246	30
3.89406	30
3.89566	30
3.89727	30
3.89887	31
3.90047	31
3.90207	31
3.90368	31
3.90528	31
3.90688	31
3.90848	31
3.91008	31
3.91169	31
3.91329	31
3.91489	31
3.91649	31
3.91809	31
3.9197	31
3.9213	31
3.9229	31
3.9245	31
3.9261	31
3.92771	31
3.92931	31
3.93091	31
3.93251	31
3.93412	31
3.93572	31
3.93732	31
3.93892	31
3.94052	31
3.94213	31
3.94373	31
3.94533	31
3.94693	31
3.94853	31
3.95014	31
3.95174	31
3.95334	31
3.95494	31
3.95655	31
3.95815	31
3.95975	31
3.96135	31
3.96295	31
3.96456	31
3.96616	31
3.96776	31
3.96936	31
3.97096	31
3.97257	31
3.97417	31
3.97577	31
3.97737	31
3.97898	31
3.98058	31
3.98218	31
3.98378	31
3.98538	31
3.98699	31
3.98859	31
3.99019	31
3.99179	31
3.99339	31
3.995	31
3.9966	31
3.9982	31
3.9998	31
4.00141	31
4.00301	32
4.00461	32
4.00621	32
4.00781	32
4.00942	32
4.01102	32
4.01262	32
4.01422	32
4.01582	32
4.01743	32
4.01903	32
4.02063	32
4.02223	32
4.02384	32
4.02544	32
4.02704	32
4.02864	32
4.03024	32
4.03185	32
4.03345	33
4.03505	33
4.03665	33
4.03825	33
4.03986	33
4.04146	33
4.04306	33
4.04466	33
4.04627	33
4.04787	33
4.04947	33
4.05107	33
4.05267	33
4.05428	33
4.05588	33
4.05748	33
4.05908	33
4.06068	33
4.06229	33
4.06389	33
4.06549	33
4.06709	33
4.06869	33
4.0703	33
4.0719	33
4.0735	33
4.0751	33
4.07671	33
4.07831	33
4.07991	33
4.08151	33
4.08311	33
4.08472	33
4.08632	33
4.08792	33
4.08952	33
4.09112	33
4.09273	33
4.09433	33
4.09593	33
4.09753	33
4.09914	33
4.10074	33
4.10234	33
4.10394	33
4.10554	33
4.10715	33
4.10875	33
4.11035	33
4.11195	33
4.11355	33
4.11516	33
4.11676	33
4.11836	33
4.11996	33
4.12157	33
4.12317	33
4.12477	33
4.12637	33
4.12797	33
4.12958	33
4.13118	33
4.13278	33
4.13438	33
4.13598	33
4.13759	33
4.13919	33
4.14079	33
4.14239	33
4.144	33
4.1456	33
4.1472	33
4.1488	33
4.1504	33
4.15201	33
4.15361	33
4.15521	33
4.15681	33
4.15841	33
4.16002	33
4.16162	33
4.16322	34
4.16482	34
4.16643	34
4.16803	34
4.16963	34
4.17123	34
4.17283	34
4.17444	34
4.17604	34
4.17764	34
4.17924	35
4.18084	35
4.18245	35
4.18405	35
4.18565	35
4.18725	35
4.18885	35
4.19046	35
4.19206	35
4.19366	35
4.19526	35
4.19687	35
4.19847	35
4.20007	35
4.20167	35
4.20327	35
4.20488	35
4.20648	35
4.20808	35
4.20968	35
4.21128	35
4.21289	35
4.21449	35
4.21609	35
4.21769	35
4.2193	35
4.2209	35
4.2225	35
4.2241	35
4.2257	35
4.22731	35
4.22891	35
4.23051	35
4.23211	35
4.23371	35
4.23532	35
4.23692	35
4.23852	35
4.24012	35
4.24173	35
4.24333	35
4.24493	35
4.24653	35
4.24813	35
4.24974	35
4.25134	35
4.25294	35
4.25454	35
4.25614	35
4.25775	35
4.25935	35
4.26095	35
4.26255	35
4.26416	35
4.26576	35
4.26736	35
4.26896	35
4.27056	35
4.27217	35
4.27377	35
4.27537	35
4.27697	35
4.27857	35
4.28018	35
4.28178	35
4.28338	35
4.28498	35
4.28659	35
4.28819	35
4.28979	35
4.29139	35
4.29299	35
4.2946	35
4.2962	35
4.2978	35
4.2994	35
4.301	35
4.30261	35
4.30421	35
4.30581	35
4.30741	35
4.30901	35
4.31062	35
4.31222	35
4.31382	35
4.31542	36
4.31703	36
4.31863	36
4.32023	36
4.32183	36
4.32343	36
4.32504	36
4.32664	36
4.32824	36
4.32984	36
4.33144	36
4.33305	36
4.33465	36
4.33625	36
4.33785	36
4.33946	36
4.34106	36
4.34266	36
4.34426	36
4.34586	36
4.34747	36
4.34907	36
4.35067	36
4.35227	36
4.35387	36
4.35548	36
4.35708	36
4.35868	36
4.36028	36
4.36189	36
4.36349	36
4.36509	36
4.36669	36
4.36829	36
4.3699	36
4.3715	36
4.3731	36
4.3747	36
4.3763	36
4.37791	36
4.37951	36
4.38111	36
4.38271	36
4.38432	36
4.38592	36
4.38752	36
4.38912	36
4.39072	36
4.39233	36
4.39393	36
4.39553	36
4.39713	36
4.39873	36
4.40034	36
4.40194	36
4.40354	36
4.40514	36
4.40675	36
4.40835	36
4.40995	36
4.41155	36
4.41315	36
4.41476	36
4.41636	36
4.41796	36
4.41956	36
4.42116	36
4.42277	36
4.42437	36
4.42597	36
4.42757	36
4.42918	36
4.43078	36
4.43238	36
4.43398	36
4.43558	36
4.43719	36
4.43879	36
4.44039	36
4.44199	36
4.44359	36
4.4452	36
4.4468	36
4.4484	36
4.45	36
4.4516	36
4.45321	36
4.45481	36
4.45641	36
4.45801	36
4.45962	37
4.46122	37
4.46282	37
4.46442	37
4.46602	37
4.46763	37
4.46923	37
4.47083	37
4.47243	38
4.47403	38
4.47564	38
4.47724	38
4.47884	38
4.48044	38
4.48205	38
4.48365	38
4.48525	38
4.48685	38
4.48845	38
4.49006	38
4.49166	38
4.49326	38
4.49486	38
4.49646	38
4.49807	38
4.49967	38
4.50127	38
4.50287	38
4.50448	38
4.50608	38
4.50768	38
4.50928	38
4.51088	38
4.51249	38
4.51409	38
4.51569	38
4.51729	38
4.51889	38
4.5205	38
4.5221	38
4.5237	38
4.5253	38
4.52691	38
4.52851	38
4.53011	38
4.53171	38
4.53331	38
4.53492	38
4.53652	38
4.53812	38
4.53972	38
4.54132	38
4.54293	38
4.54453	38
4.54613	38
4.54773	38
4.54934	38
4.55094	38
4.55254	38
4.55414	38
4.55574	38
4.55735	38
4.55895	38
4.56055	38
4.56215	38
4.56375	38
4.56536	38
4.56696	38
4.56856	38
4.57016	38
4.57176	38
4.57337	38
4.57497	38
4.57657	38
4.57817	38
4.57978	38
4.58138	38
4.58298	38
4.58458	38
4.58618	38
4.58779	38
4.58939	38
4.59099	38
4.59259	38
4.59419	38
4.5958	38
4.5974	38
4.599	38
4.6006	38
4.60221	38
4.60381	38
4.60541	38
4.60701	38
4.60861	38
4.61022	38
4.61182	38
4.61342	38
4.61502	38
4.61662	38
4.61823	38
4.61983	38
4.62143	39
4.62303	39
4.62464	39
4.62624	39
4.62784	39
4.62944	39
4.63104	39
4.63265	39
4.63425	39
4.63585	39
4.63745	39
4.63905	39
4.64066	39
4.64226	39
4.64386	39
4.64546	39
4.64707	39
4.64867	39
4.65027	39
4.65187	39
4.65347	39
4.65508	39
4.65668	39
4.65828	39
4.65988	39
4.66148	39
4.66309	39
4.66469	39
4.66629	39
4.66789	39
4.6695	39
4.6711	39
4.6727	39
4.6743	39
4.6759	39
4.67751	39
4.67911	39
4.68071	39
4.68231	39
4.68391	39
4.68552	39
4.68712	39
4.68872	39
4.69032	39
4.69193	39
4.69353	39
4.69513	39
4.69673	39
4.69833	39
4.69994	39
4.70154	39
4.70314	39
4.70474	39
4.70634	39
4.70795	39
4.70955	39
4.71115	39
4.71275	39
4.71435	39
4.71596	39
4.71756	39
4.71916	39
4.72076	39
4.72237	39
4.72397	39
4.72557	39
4.72717	39
4.72877	39
4.73038	39
4.73198	39
4.73358	39
4.73518	39
4.73678	39
4.73839	39
4.73999	39
4.74159	39
4.74319	39
4.7448	39
4.7464	39
4.748	39
4.7496	39
4.7512	39
4.75281	39
4.75441	39
4.75601	40
4.75761	40
4.75921	40
4.76082	40
4.76242	40
4.76402	40
4.76562	40
4.76723	40
4.76883	40
4.77043	40
4.77203	40
4.77363	40
4.77524	40
4.77684	40
4.77844	40
4.78004	40
4.78164	40
4.78325	40
4.78485	40
4.78645	40
4.78805	40
4.78966	40
4.79126	41
4.79286	41
4.79446	41
4.79606	41
4.79767	41
4.79927	41
4.80087	41
4.80247	41
4.80407	41
4.80568	41
4.80728	41
4.80888	41
4.81048	41
4.81209	41
4.81369	41
4.81529	41
4.81689	41
4.81849	41
4.8201	41
4.8217	41
4.8233	41
4.8249	41
4.8265	41
4.82811	41
4.82971	41
4.83131	41
4.83291	41
4.83451	41
4.83612	41
4.83772	41
4.83932	41
4.84092	41
4.84253	41
4.84413	41
4.84573	41
4.84733	41
4.84893	41
4.85054	41
4.85214	41
4.85374	41
4.85534	41
4.85694	41
4.85855	41
4.86015	41
4.86175	41
4.86335	41
4.86496	41
4.86656	41
4.86816	41
4.86976	41
4.87136	41
4.87297	41
4.87457	41
4.87617	41
4.87777	41
4.87937	41
4.88098	41
4.88258	41
4.88418	41
4.88578	41
4.88739	41
4.88899	41
4.89059	41
4.89219	41
4.89379	41
4.8954	41
4.897	41
4.8986	41
4.9002	41
4.9018	41
4.90341	41
4.90501	41
4.90661	41
4.90821	41
4.90982	41
4.91142	41
4.91302	41
4.91462	41
4.91622	41
4.91783	41
4.91943	41
4.92103	41
4.92263	41
4.92423	41
4.92584	41
4.92744	41
4.92904	41
4.93064	41
4.93225	41
4.93385	41
4.93545	41
4.93705	41
4.93865	41
4.94026	41
4.94186	41
4.94346	41
4.94506	41
4.94666	41
4.94827	41
4.94987	41
4.95147	41
4.95307	41
4.95467	42
4.95628	42
4.95788	42
4.95948	42
4.96108	42
4.96269	42
4.96429	42
4.96589	42
4.96749	42
4.96909	42
4.9707	42
4.9723	42
4.9739	42
4.9755	42
4.9771	43
4.97871	43
4.98031	43
4.98191	43
4.98351	43
4.98512	43
4.98672	43
4.98832	43
4.98992	43
4.99152	43
4.99313	43
4.99473	43
4.99633	43
4.99793	43
4.99953	43
5.00114	43
5.00274	43
5.00434	43
5.00594	43
5.00755	43
5.00915	43
5.01075	43
5.01235	43
5.01395	43
5.01556	43
5.01716	43
5.01876	43
5.02036	43
5.02196	43
5.02357	43
5.02517	43
5.02677	43
5.02837	43
5.02998	43
5.03158	43
5.03318	43
5.03478	43
5.03638	43
5.03799	43
5.03959	43
5.04119	43
5.04279	43
5.04439	43
5.046	43
5.0476	43
5.0492	43
5.0508	43
5.05241	43
5.05401	43
5.05561	43
5.05721	43
5.05881	43
5.06042	43
5.06202	43
5.06362	43
5.06522	43
5.06682	43
5.06843	43
5.07003	43
5.07163	43
5.07323	43
5.07484	43
5.07644	43
5.07804	43
5.07964	43
5.08124	43
5.08285	43
5.08445	43
5.08605	43
5.08765	43
5.08925	43
5.09086	43
5.09246	43
5.09406	43
5.09566	43
5.09726	43
5.09887	43
5.10047	43
5.10207	43
5.10367	43
5.10528	43
5.10688	43
5.10848	43
5.11008	43
5.11168	43
5.11329	43
5.11489	43
5.11649	43
5.11809	43
5.11969	43
5.1213	43
5.1229	43
5.1245	43
5.1261	43
5.12771	43
5.12931	43
5.13091	43
5.13251	43
5.13411	43
5.13572	43
5.13732	43
5.13892	43
5.14052	44
5.14212	44
5.14373	44
5.14533	44
5.14693	44
5.14853	44
5.15014	44
5.15174	44
5.15334	44
5.15494	44
5.15654	44
5.15815	44
5.15975	44
5.16135	44
5.16295	44
5.16455	44
5.16616	44
5.16776	44
5.16936	44
5.17096	44
5.17257	44
5.17417	44
5.17577	44
5.17737	44
5.17897	44
5.18058	44
5.18218	44
5.18378	44
5.18538	44
5.18698	44
5.18859	44
5.19019	44
5.19179	44
5.19339	44
5.195	44
5.1966	44
5.1982	44
5.1998	44
5.2014	44
5.20301	44
5.20461	44
5.20621	44
5.20781	44
5.20941	44
5.21102	44
5.21262	44
5.21422	44
5.21582	44
5.21742	44
5.21903	44
5.22063	44
5.22223	44
5.22383	44
5.22544	44
5.22704	44
5.22864	44
5.23024	44
5.23184	44
5.23345	44
5.23505	44
5.23665	44
5.23825	44
5.23985	44
5.24146	44
5.24306	44
5.24466	44
5.24626	44
5.24787	44
5.24947	44
5.25107	44
5.25267	44
5.25427	44
5.25588	44
5.25748	44
5.25908	44
5.26068	44
5.26228	44
5.26389	44
5.26549	44
5.26709	44
5.26869	44
5.2703	44
5.2719	44
5.2735	44
5.2751	44
5.2767	44
5.27831	44
5.27991	44
5.28151	44
5.28311	44
5.28471	44
5.28632	44
5.28792	44
5.28952	44
5.29112	44
5.29273	44
5.29433	44
5.29593	44
5.29753	44
5.29913	44
5.30074	44
5.30234	44
5.30394	44
5.30554	44
5.30714	44
5.30875	44
5.31035	44
5.31195	44
5.31355	44
5.31516	44
5.31676	44
5.31836	45
5.31996	45
5.32156	45
5.32317	45
5.32477	45
5.32637	45
5.32797	45
5.32957	45
5.33118	46
5.33278	46
5.33438	46
5.33598	46
5.33759	46
5.33919	46
5.34079	46
5.34239	46
5.34399	46
5.3456	46
5.3472	46
5.3488	46
5.3504	46
5.352	46
5.35361	46
5.35521	46
5.35681	46
5.35841	46
5.36001	46
5.36162	46
5.36322	46
5.36482	46
5.36642	46
5.36803	46
5.36963	46
5.37123	46
5.37283	46
5.37443	46
5.37604	46
5.37764	46
5.37924	46
5.38084	46
5.38244	46
5.38405	46
5.38565	46
5.38725	46
5.38885	46
5.39046	46
5.39206	46
5.39366	46
5.39526	46
5.39686	46
5.39847	46
5.40007	46
5.40167	46
5.40327	46
5.40487	46
5.40648	46
5.40808	46
5.40968	46
5.41128	46
5.41289	46
5.41449	46
5.41609	46
5.41769	46
5.41929	46
5.4209	46
5.4225	46
5.4241	46
5.4257	46
5.4273	46
5.42891	46
5.43051	46
5.43211	46
5.43371	46
5.43532	46
5.43692	46
5.43852	46
5.44012	46
5.44172	46
5.44333	46
5.44493	46
5.44653	46
5.44813	46
5.44973	46
5.45134	46
5.45294	46
5.45454	46
5.45614	46
5.45775	46
5.45935	46
5.46095	46
5.46255	46
5.46415	46
5.46576	46
5.46736	46
5.46896	46
5.47056	46
5.47216	46
5.47377	46
5.47537	46
5.47697	46
5.47857	46
5.48017	46
5.48178	46
5.48338	46
5.48498	46
5.48658	46
5.48819	46
5.48979	46
5.49139	46
5.49299	46
5.49459	46
5.4962	46
5.4978	46
5.4994	46
5.501	46
5.5026	46
5.50421	46
5.50581	46
5.50741	46
5.50901	46
5.51062	47
5.51222	47
5.51382	47
5.51542	47
5.51702	47
5.51863	47
5.52023	47
5.52183	47
5.52343	47
5.52503	47
5.52664	47
5.52824	47
5.52984	47
5.53144	47
5.53305	48
5.53465	48
5.53625	48
5.53785	48
5.53945	48
5.54106	48
5.54266	48
5.54426	48
5.54586	48
5.54746	48
5.54907	48
5.55067	48
5.55227	48
5.55387	48
5.55548	48
5.55708	48
5.55868	48
5.56028	48
5.56188	48
5.56349	48
5.56509	48
5.56669	48
5.56829	48
5.56989	48
5.5715	48
5.5731	48
5.5747	48
5.5763	48
5.57791	48
5.57951	48
5.58111	48
5.58271	48
5.58431	48
5.58592	48
5.58752	48
5.58912	48
5.59072	48
5.59232	48
5.59393	48
5.59553	48
5.59713	48
5.59873	48
5.60033	48
5.60194	48
5.60354	48
5.60514	48
5.60674	48
5.60835	48
5.60995	48
5.61155	48
5.61315	48
5.61475	48
5.61636	48
5.61796	48
5.61956	48
5.62116	48
5.62276	48
5.62437	48
5.62597	48
5.62757	48
5.62917	48
5.63078	48
5.63238	48
5.63398	48
5.63558	48
5.63718	48
5.63879	48
5.64039	48
5.64199	48
5.64359	48
5.64519	48
5.6468	48
5.6484	48
5.65	48
5.6516	48
5.65321	48
5.65481	48
5.65641	48
5.65801	48
5.65961	48
5.66122	48
5.66282	48
5.66442	48
5.66602	48
5.66762	48
5.66923	48
5.67083	48
5.67243	48
5.67403	48
5.67564	48
5.67724	48
5.67884	48
5.68044	48
5.68204	48
5.68365	48
5.68525	48
5.68685	48
5.68845	48
5.69005	48
5.69166	48
5.69326	48
5.69486	48
5.69646	48
5.69807	48
5.69967	48
5.70127	48
5.70287	48
5.70447	48
5.70608	48
5.70768	48
5.70928	48
5.71088	48
5.71248	48
5.71409	48
5.71569	48
5.71729	49
5.71889	49
5.7205	49
5.7221	49
5.7237	49
5.7253	49
5.7269	49
5.72851	49
5.73011	49
5.73171	49
5.73331	49
5.73491	49
5.73652	49
5.73812	49
5.73972	49
5.74132	49
5.74292	49
5.74453	49
5.74613	49
5.74773	49
5.74933	49
5.75094	49
5.75254	49
5.75414	49
5.75574	49
5.75734	49
5.75895	49
5.76055	49
5.76215	49
5.76375	49
5.76535	49
5.76696	49
5.76856	49
5.77016	49
5.77176	49
5.77337	49
5.77497	49
5.77657	49
5.77817	49
5.77977	49
5.78138	49
5.78298	49
5.78458	49
5.78618	49
5.78778	49
5.78939	49
5.79099	49
5.79259	49
5.79419	49
5.7958	49
5.7974	49
5.799	49
5.8006	49
5.8022	49
5.80381	49
5.80541	49
5.80701	49
5.80861	49
5.81021	49
5.81182	49
5.81342	49
5.81502	49
5.81662	49
5.81823	49
5.81983	49
5.82143	49
5.82303	49
5.82463	49
5.82624	49
5.82784	49
5.82944	49
5.83104	49
5.83264	49
5.83425	49
5.83585	49
5.83745	49
5.83905	49
5.84066	49
5.84226	49
5.84386	49
5.84546	49
5.84706	49
5.84867	49
5.85027	49
5.85187	49
5.85347	49
5.85507	49
5.85668	49
5.85828	49
5.85988	49
5.86148	49
5.86308	49
5.86469	49
5.86629	49
5.86789	49
5.86949	49
5.8711	49
5.8727	49
5.8743	49
5.8759	49
5.8775	49
5.87911	49
5.88071	49
5.88231	49
5.88391	49
5.88551	49
5.88712	49
5.88872	49
5.89032	49
5.89192	49
5.89353	49
5.89513	49
5.89673	49
5.89833	49
5.89993	49
5.90154	49
5.90314	49
5.90474	49
5.90634	49
5.90794	49
5.90955	49
5.91115	50
5.91275	50
5.91435	50
5.91596	50
5.91756	50
5.91916	50
5.92076	50
5.92236	50
5.92397	50
5.92557	50
5.92717	50
5.92877	50
5.93037	50
5.93198	50
5.93358	50
5.93518	51
5.93678	51
5.93839	51
5.93999	51
5.94159	51
5.94319	51
5.94479	51
5.9464	51
5.948	51
5.9496	51
5.9512	51
5.9528	51
5.95441	51
5.95601	51
5.95761	51
5.95921	51
5.96082	51
5.96242	51
5.96402	51
5.96562	51
5.96722	51
5.96883	51
5.97043	51
5.97203	51
5.97363	51
5.97523	51
5.97684	51
5.97844	51
5.98004	51
5.98164	51
5.98325	51
5.98485	51
5.98645	51
5.98805	51
5.98965	51
5.99126	51
5.99286	51
5.99446	51
5.99606	51
5.99766	51
5.99927	51
6.00087	51
6.00247	51
6.00407	51
6.00567	51
6.00728	51
6.00888	51
6.01048	51
6.01208	51
6.01369	51
6.01529	51
6.01689	51
6.01849	51
6.02009	51
6.0217	51
6.0233	51
6.0249	51
6.0265	51
6.0281	51
6.02971	51
6.03131	51
6.03291	51
6.03451	51
6.03612	51
6.03772	51
6.03932	51
6.04092	51
6.04252	51
6.04413	51
6.04573	51
6.04733	51
6.04893	51
6.05053	51
6.05214	51
6.05374	51
6.05534	51
6.05694	51
6.05855	51
6.06015	51
6.06175	51
6.06335	51
6.06495	51
6.06656	51
6.06816	51
6.06976	51
6.07136	51
6.07296	51
6.07457	51
6.07617	51
6.07777	51
6.07937	51
6.08098	51
6.08258	51
6.08418	51
6.08578	51
6.08738	51
6.08899	51
6.09059	51
6.09219	51
6.09379	51
6.09539	51
6.097	51
6.0986	51
6.1002	51
6.1018	51
6.10341	51
6.10501	51
6.10661	51
6.10821	51
6.10981	51
6.11142	51
6.11302	51
6.11462	51
6.11622	51
6.11782	51
6.11943	51
6.12103	51
6.12263	51
6.12423	51
6.12583	52
6.12744	52
6.12904	52
6.13064	52
6.13224	52
6.13385	52
6.13545	52
6.13705	52
6.13865	52
6.14025	52
6.14186	52
6.14346	52
6.14506	52
6.14666	52
6.14826	52
6.14987	52
6.15147	52
6.15307	52
6.15467	52
6.15628	52
6.15788	52
6.15948	52
6.16108	52
6.16268	52
6.16429	52
6.16589	52
6.16749	52
6.16909	52
6.17069	52
6.1723	52
6.1739	52
6.1755	52
6.1771	52
6.17871	52
6.18031	52
6.18191	52
6.18351	52
6.18511	52
6.18672	52
6.18832	52
6.18992	52
6.19152	52
6.19312	52
6.19473	52
6.19633	52
6.19793	52
6.19953	52
6.20114	52
6.20274	52
6.20434	52
6.20594	52
6.20754	52
6.20915	52
6.21075	52
6.21235	52
6.21395	52
6.21555	52
6.21716	52
6.21876	52
6.27644	52
6.27804	51
6.27964	51
6.28124	50
6.28284	49
6.28445	47
6.28605	46
6.28765	45
6.28925	44
6.29085	42
6.29186	41
6.29906	39
6.30067	37
6.30227	36
6.30387	35
6.30547	35
6.30708	34
6.30868	34
6.31028	34
6.31188	33
6.31348	33
6.31509	33
6.31669	33
6.31829	33
6.31989	33
6.32149	32
6.3231	32
6.3247	31
6.3263	31
6.3279	30
6.32951	29
6.33111	29
6.33271	28
6.33431	28
6.33591	28
6.33752	27
6.33912	27
6.34072	27
6.34232	27
6.34392	26
6.34553	26
6.34713	26
6.34873	26
6.35033	26
6.35194	26
6.35354	26
6.35514	26
6.35674	26
6.35834	26
6.35995	26
6.36155	26
6.36315	26
6.36475	26
6.36635	26
6.36796	26
6.36956	26
6.37116	26
6.37276	26
6.37437	26
6.37597	26
6.37757	26
6.37917	27
6.38077	27
6.38238	27
6.38398	27
6.38558	27
6.38718	27
6.38878	27
6.39039	27
6.39199	27
6.39359	27
6.39519	27
6.3968	27
6.3984	27
6.4	27
6.4016	27
6.4032	27
6.40481	27
6.40641	27
6.40801	27
6.40961	27
6.41121	27
6.41282	27
6.41442	27
6.41602	27
6.41762	27
6.41922	27
6.42083	27
6.42243	27
6.42403	27
6.42563	27
6.42724	27
6.42884	27
6.43044	27
6.43204	27
6.43364	27
6.43525	27
6.43685	27
6.43845	27
6.44005	27
6.44165	27
6.44326	27
6.44486	27
6.44646	27
6.44806	27
6.44967	27
6.45127	27
6.45287	27
6.45447	27
6.45607	27
6.45768	27
6.45928	27
6.46088	27
6.46248	27
6.46408	27
6.46569	27
6.46729	27
6.46889	27
6.47049	27
6.4721	27
6.4737	27
6.4753	28
6.4769	28
6.4785	28
6.48011	28
6.48171	28
6.48331	28
6.48491	28
6.48651	28
6.48812	28
6.48972	28
6.49132	28
6.49292	28
6.49453	28
6.49613	28
6.49773	28
6.49933	28
6.50093	28
6.50254	28
6.50414	28
6.50574	28
6.50734	28
6.50894	28
6.51055	28
6.51215	28
6.51375	28
6.51535	28
6.51696	28
6.51856	28
6.52016	28
6.52176	28
6.52336	28
6.52497	28
6.52657	28
6.52817	28
6.52977	28
6.53137	28
6.53298	28
6.53458	28
6.53618	28
6.53778	28
6.53938	28
6.54099	28
6.54259	28
6.54419	28
6.54579	28
6.5474	28
6.549	28
6.5506	28
6.5522	28
6.5538	28
6.55541	28
6.55701	28
6.55861	28
6.56021	28
6.56181	28
6.56342	28
6.56502	28
6.56662	28
6.56822	28
6.56983	28
6.57143	28
6.57303	28
6.57463	28
6.57623	28
6.57784	28
6.57944	28
6.58104	28
6.58264	28
6.58424	28
6.58585	28
6.58745	29
6.58905	29
6.59065	29
6.59226	29
6.59386	29
6.59546	29
6.59706	29
6.59866	29
6.60027	29
6.60187	29
6.60347	29
6.60507	30
6.60667	30
6.60828	30
6.60988	30
6.61148	30
6.61308	30
6.61469	30
6.61629	30
6.61789	30
6.61949	30
6.62109	30
6.6227	30
6.6243	30
6.6259	30
6.6275	30
6.6291	30
6.63071	30
6.63231	30
6.63391	30
6.63551	30
6.63712	30
6.63872	30
6.64032	30
6.64192	30
6.64352	30
6.64513	30
6.64673	30
6.64833	30
6.64993	30
6.65153	30
6.65314	30
6.65474	30
6.65634	30
6.65794	30
6.65955	30
6.66115	30
6.66275	30
6.66435	30
6.66595	30
6.66756	30
6.66916	30
6.67076	30
6.67236	30
6.67396	30
6.67557	30
6.67717	30
6.67877	30
6.68037	30
6.68197	30
6.68358	30
6.68518	30
6.68678	30
6.68838	30
6.68999	30
6.69159	30
6.69319	30
6.69479	30
6.69639	30
6.698	30
6.6996	30
6.7012	30
6.7028	30
6.7044	30
6.70601	30
6.70761	30
6.70921	30
6.71081	30
6.71242	30
6.71402	30
6.71562	31
6.71722	31
6.71882	31
6.72043	31
6.72203	31
6.72363	31
6.72523	31
6.72683	31
6.72844	31
6.73004	31
6.73164	31
6.73324	31
6.73485	31
6.73645	31
6.73805	31
6.73965	31
6.74125	31
6.74286	31
6.74446	31
6.74606	31
6.74766	31
6.74926	31
6.75087	31
6.75247	31
6.75407	31
6.75567	31
6.75728	31
6.75888	31
6.76048	31
6.76208	31
6.76368	31
6.76529	31
6.76689	31
6.76849	31
6.77009	31
6.77169	31
6.7733	31
6.7749	31
6.7765	31
6.7781	31
6.77971	31
6.78131	31
6.78291	31
6.78451	31
6.78611	31
6.78772	31
6.78932	31
6.79092	31
6.79252	31
6.79412	31
6.79573	31
6.79733	31
6.79893	31
6.80053	31
6.80213	31
6.80374	31
6.80534	31
6.80694	31
6.80854	31
6.81015	31
6.81175	31
6.81335	31
6.81495	31
6.81655	31
6.81816	31
6.81976	31
6.82136	31
6.82296	31
6.82456	31
6.82617	31
6.82777	31
6.82937	31
6.83097	31
6.83258	31
6.83418	31
6.83578	31
6.83738	31
6.83898	31
6.84059	31
6.84219	31
6.84379	32
6.84539	32
6.84699	32
6.8486	32
6.8502	32
6.8518	32
6.8534	32
6.85501	33
6.85661	33
6.85821	33
6.85981	33
6.86141	33
6.86302	33
6.86462	33
6.86622	33
6.86782	33
6.86942	33
6.87103	33
6.87263	33
6.87423	33
6.87583	33
6.87744	33
6.87904	33
6.88064	33
6.88224	33
6.88384	33
6.88545	33
6.88705	33
6.88865	33
6.89025	33
6.89185	33
6.89346	33
6.89506	33
6.89666	33
6.89826	33
6.89987	33
6.90147	33
6.90307	33
6.90467	33
6.90627	33
6.90788	33
6.90948	33
6.91108	33
6.91268	33
6.91428	33
6.91589	33
6.91749	33
6.91909	33
6.92069	33
6.92229	33
6.9239	33
6.9255	33
6.9271	33
6.9287	33
6.93031	33
6.93191	33
6.93351	33
6.93511	33
6.93671	33
6.93832	33
6.93992	33
6.94152	33
6.94312	33
6.94472	33
6.94633	33
6.94793	33
6.94953	33
6.95113	33
6.95274	33
6.95434	33
6.95594	33
6.95754	33
6.95914	33
6.96075	33
6.96235	33
6.96395	33
6.96555	33
6.96715	33
6.96876	33
6.97036	33
6.97196	33
6.97356	33
6.97517	33
6.97677	33
6.97837	33
6.97997	33
6.98157	33
6.98318	34
6.98478	34
6.98638	34
6.98798	34
6.98958	34
6.99119	34
6.99279	34
6.99439	34
6.99599	34
6.9976	34
6.9992	34
7.0008	34
7.0024	34
7.004	35
7.00561	35
7.00721	35
7.00881	35
7.01041	35
7.01201	35
7.01362	35
7.01522	35
7.01682	35
7.01842	35
7.02003	35
7.02163	35
7.02323	35
7.02483	35
7.02643	35
7.02804	35
7.02964	35
7.03124	35
7.03284	35
7.03444	35
7.03605	35
7.03765	35
7.03925	35
7.04085	35
7.04246	35
7.04406	35
7.04566	35
7.04726	35
7.04886	35
7.05047	35
7.05207	35
7.05367	35
7.05527	35
7.05687	35
7.05848	35
7.06008	35
7.06168	35
7.06328	35
7.06488	35
7.06649	35
7.06809	35
7.06969	35
7.07129	35
7.0729	35
7.0745	35
7.0761	35
7.0777	35
7.0793	35
7.08091	35
7.08251	35
7.08411	35
7.08571	35
7.08731	35
7.08892	35
7.09052	35
7.09212	35
7.09372	35
7.09533	35
7.09693	35
7.09853	35
7.10013	35
7.10173	35
7.10334	35
7.10494	35
7.10654	35
7.10814	35
7.10974	35
7.11135	35
7.11295	35
7.11455	35
7.11615	35
7.11776	35
7.11936	35
7.12096	35
7.12256	35
7.12416	35
7.12577	35
7.12737	35
7.12897	35
7.13057	35
7.13217	35
7.13378	36
7.13538	36
7.13698	36
7.13858	36
7.14019	36
7.14179	36
7.14339	36
7.14499	36
7.14659	36
7.1482	36
7.1498	36
7.1514	36
7.153	36
7.1546	36
7.15621	36
7.15781	36
7.15941	36
7.16101	36
7.16262	36
7.16422	36
7.16582	36
7.16742	36
7.16902	36
7.17063	36
7.17223	36
7.17383	36
7.17543	36
7.17703	36
7.17864	36
7.18024	36
7.18184	36
7.18344	36
7.18504	36
7.18665	36
7.18825	36
7.18985	36
7.19145	36
7.19306	36
7.19466	36
7.19626	36
7.19786	36
7.19946	36
7.20107	36
7.20267	36
7.20427	36
7.20587	36
7.20747	36
7.20908	36
7.21068	36
7.21228	36
7.21388	36
7.21549	36
7.21709	36
7.21869	36
7.22029	36
7.22189	36
7.2235	36
7.2251	36
7.2267	36
7.2283	36
7.2299	36
7.23151	36
7.23311	36
7.23471	36
7.23631	36
7.23792	36
7.23952	36
7.24112	36
7.24272	36
7.24432	36
7.24593	36
7.24753	36
7.24913	36
7.25073	36
7.25233	36
7.25394	36
7.25554	36
7.25714	36
7.25874	36
7.26035	36
7.26195	36
7.26355	36
7.26515	36
7.26675	36
7.26836	36
7.26996	36
7.27156	36
7.27316	36
7.27476	36
7.27637	36
7.27797	36
7.27957	37
7.28117	37
7.28278	37
7.28438	37
7.28598	37
7.28758	37
7.28918	37
7.29079	37
7.29239	38
7.29399	38
7.29559	38
7.29719	38
7.2988	38
7.3004	38
7.302	38
7.3036	38
7.30521	38
7.30681	38
7.30841	38
7.31001	38
7.31161	38
7.31322	38
7.31482	38
7.31642	38
7.31802	38
7.31962	38
7.32123	38
7.32283	38
7.32443	38
7.32603	38
7.32763	38
7.32924	38
7.33084	38
7.33244	38
7.33404	38
7.33565	38
7.33725	38
7.33885	38
7.34045	38
7.34205	38
7.34366	38
7.34526	38
7.34686	38
7.34846	38
7.35006	38
7.35167	38
7.35327	38
7.35487	38
7.35647	38
7.35808	38
7.35968	38
7.36128	38
7.36288	38
7.36448	38
7.36609	38
7.36769	38
7.36929	38
7.37089	38
7.37249	38
7.3741	38
7.3757	38
7.3773	38
7.3789	38
7.38051	38
7.38211	38
7.38371	38
7.38531	38
7.38691	38
7.38852	38
7.39012	38
7.39172	38
7.39332	38
7.39492	38
7.39653	38
7.39813	38
7.39973	38
7.40133	38
7.40294	38
7.40454	38
7.40614	38
7.40774	38
7.40934	38
7.41095	38
7.41255	38
7.41415	38
7.41575	38
7.41735	38
7.41896	38
7.42056	38
7.42216	38
7.42376	38
7.42537	38
7.42697	38
7.42857	38
7.43017	38
7.43177	38
7.43338	38
7.43498	38
7.43658	38
7.43818	38
7.43978	38
7.44139	39
7.44299	39
7.44459	39
7.44619	39
7.44779	39
7.4494	39
7.451	39
7.4526	39
7.4542	39
7.45581	39
7.45741	39
7.45901	39
7.46061	39
7.46221	39
7.46382	39
7.46542	39
7.46702	40
7.46862	40
7.47022	40
7.47183	40
7.47343	40
7.47503	40
7.47663	40
7.47824	40
7.47984	40
7.48144	40
7.48304	40
7.48464	40
7.48625	40
7.48785	40
7.48945	40
7.49105	40
7.49265	40
7.49426	40
7.49586	40
7.49746	40
7.49906	40
7.50067	40
7.50227	40
7.50387	40
7.50547	40
7.50707	40
7.50868	40
7.51028	40
7.51188	40
7.51348	40
7.51508	40
7.51669	40
7.51829	40
7.51989	40
7.52149	40
7.5231	40
7.5247	40
7.5263	40
7.5279	40
7.5295	40
7.53111	40
7.53271	40
7.53431	40
7.53591	40
7.53751	40
7.53912	40
7.54072	40
7.54232	40
7.54392	40
7.54553	40
7.54713	40
7.54873	40
7.55033	40
7.55193	40
7.55354	40
7.55514	40
7.55674	40
7.55834	40
7.55994	40
7.56155	40
7.56315	40
7.56475	40
7.56635	40
7.56796	40
7.56956	40
7.57116	40
7.57276	40
7.57436	40
7.57597	40
7.57757	40
7.57917	40
7.58077	40
7.58237	40
7.58398	40
7.58558	40
7.58718	40
7.58878	40
7.59038	40
7.59199	40
7.59359	40
7.59519	40
7.59679	40
7.5984	40
7.6	40
7.6016	40
7.6032	40
7.6048	40
7.60641	40
7.60801	40
7.60961	41
7.61121	41
7.61281	41
7.61442	41
7.61602	41
7.61762	41
7.61922	41
7.62083	41
7.62243	41
7.62403	41
7.62563	41
7.62723	41
7.62884	41
7.63044	41
7.63204	41
7.63364	41
7.63524	41
7.63685	41
7.63845	41
7.64005	41
7.64165	41
7.64326	41
7.64486	41
7.64646	41
7.64806	41
7.64966	41
7.65127	41
7.65287	41
7.65447	41
7.65607	41
7.65767	41
7.65928	41
7.66088	41
7.66248	41
7.66408	41
7.66569	41
7.66729	41
7.66889	41
7.67049	41
7.67209	41
7.6737	41
7.6753	41
7.6769	41
7.6785	41
7.6801	41
7.68171	41
7.68331	41
7.68491	41
7.68651	41
7.68812	41
7.68972	41
7.69132	41
7.69292	41
7.69452	41
7.69613	41
7.69773	41
7.69933	41
7.70093	41
7.70253	41
7.70414	41
7.70574	41
7.70734	41
7.70894	41
7.71054	41
7.71215	41
7.71375	41
7.71535	41
7.71695	41
7.71856	41
7.72016	41
7.72176	41
7.72336	41
7.72496	41
7.72657	41
7.72817	41
7.72977	41
7.73137	41
7.73297	41
7.73458	41
7.73618	41
7.73778	41
7.73938	41
7.74099	41
7.74259	41
7.74419	41
7.74579	41
7.74739	41
7.749	41
7.7506	41
7.7522	41
7.7538	41
7.7554	41
7.75701	41
7.75861	41
7.76021	41
7.76181	41
7.76342	41
7.76502	41
7.76662	41
7.76822	41
7.76982	41
7.77143	41
7.77303	42
7.77463	42
7.77623	42
7.77783	42
7.77944	42
7.78104	42
7.78264	42
7.78424	42
7.78585	42
7.78745	42
7.78905	43
7.79065	43
7.79225	43
7.79386	43
7.79546	43
7.79706	43
7.79866	43
7.80026	43
7.80187	43
7.80347	43
7.80507	43
7.80667	43
7.80828	43
7.80988	43
7.81148	43
7.81308	43
7.81468	43
7.81629	43
7.81789	43
7.81949	43
7.82109	43
7.82269	43
7.8243	43
7.8259	43
7.8275	43
7.8291	43
7.8307	43
7.83231	43
7.83391	43
7.83551	43
7.83711	43
7.83872	43
7.84032	43
7.84192	43
7.84352	43
7.84512	43
7.84673	43
7.84833	43
7.84993	43
7.85153	43
7.85313	43
7.85474	43
7.85634	43
7.85794	43
7.85954	43
7.86115	43
7.86275	43
7.86435	43
7.86595	43
7.86755	43
7.86916	43
7.87076	43
7.87236	43
7.87396	43
7.87556	43
7.87717	43
7.87877	43
7.88037	43
7.88197	43
7.88358	43
7.88518	43
7.88678	43
7.88838	43
7.88998	43
7.89159	43
7.89319	43
7.89479	43
7.89639	43
7.89799	43
7.8996	43
7.9012	43
7.9028	43
7.9044	43
7.90601	43
7.90761	43
7.90921	43
7.91081	43
7.91241	43
7.91402	43
7.91562	43
7.91722	43
7.91882	43
7.92042	43
7.92203	43
7.92363	43
7.92523	43
7.92683	43
7.92844	43
7.93004	43
7.93164	43
7.93324	43
7.93484	43
7.93645	43
7.93805	43
7.93965	43
7.94125	43
7.94285	43
7.94446	43
7.94606	43
7.94766	43
7.94926	43
7.95087	43
7.95247	43
7.95407	43
7.95567	43
7.95727	44
7.95888	44
7.96048	44
7.96208	44
7.96368	44
7.96528	44
7.96689	44
7.96849	44
7.97009	44
7.97169	44
7.97329	44
7.9749	44
7.9765	44
7.9781	44
7.9797	44
7.98131	44
7.98291	44
7.98451	44
7.98611	44
7.98771	44
7.98932	44
7.99092	44
7.99252	44
7.99412	44
7.99572	44
7.99733	44
7.99893	44
8.00053	44
8.00213	44
8.00374	44
8.00534	44
8.00694	44
8.00854	44
8.01014	44
8.01175	44
8.01335	44
8.01495	44
8.01655	44
8.01815	44
8.01976	44
8.02136	44
8.02296	44
8.02456	44
8.02617	44
8.02777	44
8.02937	44
8.03097	44
8.03257	44
8.03418	44
8.03578	44
8.03738	44
8.03898	44
8.04058	44
8.04219	44
8.04379	44
8.04539	44
8.04699	44
8.0486	44
8.0502	44
8.0518	44
8.0534	44
8.055	44
8.05661	44
8.05821	44
8.05981	44
8.06141	44
8.06301	44
8.06462	44
8.06622	44
8.06782	44
8.06942	44
8.07103	44
8.07263	44
8.07423	44
8.07583	44
8.07743	44
8.07904	44
8.08064	44
8.08224	44
8.08384	44
8.08544	44
8.08705	44
8.08865	44
8.09025	44
8.09185	44
8.09345	44
8.09506	44
8.09666	44
8.09826	44
8.09986	44
8.10147	44
8.10307	44
8.10467	44
8.10627	44
8.10787	44
8.10948	44
8.11108	44
8.11268	44
8.11428	44
8.11588	44
8.11749	44
8.11909	44
8.12069	44
8.12229	44
8.1239	44
8.1255	44
8.1271	44
8.1287	44
8.1303	44
8.13191	44
8.13351	44
8.13511	45
8.13671	45
8.13831	45
8.13992	45
8.14152	45
8.14312	45
8.14472	45
8.14633	45
8.14793	45
8.14953	45
8.15113	46
8.15273	46
8.15434	46
8.15594	46
8.15754	46
8.15914	46
8.16074	46
8.16235	46
8.16395	46
8.16555	46
8.16715	46
8.16876	46
8.17036	46
8.17196	46
8.17356	46
8.17516	46
8.17677	46
8.17837	46
8.17997	46
8.18157	46
8.18317	46
8.18478	46
8.18638	46
8.18798	46
8.18958	46
8.19119	46
8.19279	46
8.19439	46
8.19599	46
8.19759	46
8.1992	46
8.2008	46
8.2024	46
8.204	46
8.2056	46
8.20721	46
8.20881	46
8.21041	46
8.21201	46
8.21362	46
8.21522	46
8.21682	46
8.21842	46
8.22002	46
8.22163	46
8.22323	46
8.22483	46
8.22643	46
8.22803	46
8.22964	46
8.23124	46
8.23284	46
8.23444	46
8.23604	46
8.23765	46
8.23925	46
8.24085	46
8.24245	46
8.24406	46
8.24566	46
8.24726	46
8.24886	46
8.25046	46
8.25207	46
8.25367	46
8.25527	46
8.25687	46
8.25847	46
8.26008	46
8.26168	46
8.26328	46
8.26488	46
8.26649	46
8.26809	46
8.26969	46
8.27129	46
8.27289	46
8.2745	46
8.2761	46
8.2777	46
8.2793	46
8.2809	46
8.28251	46
8.28411	46
8.28571	46
8.28731	46
8.28892	46
8.29052	46
8.29212	46
8.29372	46
8.29532	46
8.29693	46
8.29853	46
8.30013	46
8.30173	46
8.30333	46
8.30494	46
8.30654	46
8.30814	46
8.30974	46
8.31135	46
8.31295	46
8.31455	46
8.31615	46
8.31775	46
8.31936	46
8.32096	46
8.32256	46
8.32416	46
8.32576	46
8.32737	46
8.32897	46
8.33057	47
8.33217	47
8.33378	47
8.33538	47
8.33698	47
8.33858	47
8.34018	47
8.34179	47
8.34339	47
8.34499	47
8.34659	47
8.34819	47
8.3498	47
8.3514	47
8.353	47
8.3546	47
8.3562	47
8.35781	47
8.35941	47
8.36101	48
8.36261	48
8.36422	48
8.36582	48
8.36742	48
8.36902	48
8.37062	48
8.37223	48
8.37383	48
8.37543	48
8.37703	48
8.37863	48
8.38024	48
8.38184	48
8.38344	48
8.38504	48
8.38665	48
8.38825	48
8.38985	48
8.39145	48
8.39305	48
8.39466	48
8.39626	48
8.39786	48
8.39946	48
8.40106	48
8.40267	48
8.40427	48
8.40587	48
8.40747	48
8.40908	48
8.41068	48
8.41228	48
8.41388	48
8.41548	48
8.41709	48
8.41869	48
8.42029	48
8.42189	48
8.42349	48
8.4251	48
8.4267	48
8.4283	48
8.4299	48
8.43151	48
8.43311	48
8.43471	48
8.43631	48
8.43791	48
8.43952	48
8.44112	48
8.44272	48
8.44432	48
8.44592	48
8.44753	48
8.44913	48
8.45073	48
8.45233	48
8.45394	48
8.45554	48
8.45714	48
8.45874	48
8.46034	48
8.46195	48
8.46355	48
8.46515	48
8.46675	48
8.46835	48
8.46996	48
8.47156	48
8.47316	48
8.47476	48
8.47636	48
8.47797	48
8.47957	48
8.48117	48
8.48277	48
8.48438	48
8.48598	48
8.48758	48
8.48918	48
8.49078	48
8.49239	48
8.49399	48
8.49559	48
8.49719	48
8.49879	48
8.5004	48
8.502	48
8.5036	48
8.5052	48
8.50681	48
8.50841	48
8.51001	48
8.51161	48
8.51321	48
8.51482	48
8.51642	48
8.51802	48
8.51962	48
8.52122	48
8.52283	48
8.52443	48
8.52603	48
8.52763	48
8.52924	48
8.53084	48
8.53244	49
8.53404	49
8.53564	49
8.53725	49
8.53885	49
8.54045	49
8.54205	49
8.54365	49
8.54526	49
8.54686	49
8.54846	49
8.55006	49
8.55167	49
8.55327	49
8.55487	49
8.55647	49
8.55807	49
8.55968	49
8.56128	49
8.56288	49
8.56448	49
8.56608	49
8.56769	49
8.56929	49
8.57089	49
8.57249	49
8.5741	49
8.5757	49
8.5773	49
8.5789	49
8.5805	49
8.58211	49
8.58371	49
8.58531	49
8.58691	49
8.58851	49
8.59012	49
8.59172	49
8.59332	49
8.59492	49
8.59653	49
8.59813	49
8.59973	49
8.60133	49
8.60293	49
8.60454	49
8.60614	49
8.60774	49
8.60934	49
8.61094	49
8.61255	49
8.61415	49
8.61575	49
8.61735	49
8.61895	49
8.62056	49
8.62216	49
8.62376	49
8.62536	49
8.62697	49
8.62857	49
8.63017	49
8.63177	49
8.63337	49
8.63498	49
8.63658	49
8.63818	49
8.63978	49
8.64138	49
8.64299	49
8.64459	49
8.64619	49
8.64779	49
8.6494	49
8.651	49
8.6526	49
8.6542	49
8.6558	49
8.65741	49
8.65901	49
8.66061	49
8.66221	49
8.66381	49
8.66542	49
8.66702	49
8.66862	49
8.67022	49
8.67183	49
8.67343	49
8.67503	49
8.67663	49
8.67823	49
8.67984	49
8.68144	49
8.68304	49
8.68464	49
8.68624	49
8.68785	49
8.68945	49
8.69105	49
8.69265	49
8.69426	49
8.69586	49
8.69746	49
8.69906	49
8.70066	49
8.70227	49
8.70387	49
8.70547	49
8.70707	49
8.70867	49
8.71028	49
8.71188	49
8.71348	49
8.71508	49
8.71669	49
8.71829	49
8.71989	49
8.72149	49
8.72309	49
8.7247	49
8.7263	49
8.7279	49
8.7295	49
8.7311	50
8.73271	50
8.73431	50
8.73591	50
8.73751	50
8.73911	50
8.74072	50
8.74232	50
8.74392	50
8.74552	50
8.74713	50
8.74873	50
8.75033	50
8.75193	50
8.75353	50
8.75514	51
8.75674	51
8.75834	51
8.75994	51
8.76154	51
8.76315	51
8.76475	51
8.76635	51
8.76795	51
8.76956	51
8.77116	51
8.77276	51
8.77436	51
8.77596	51
8.77757	51
8.77917	51
8.78077	51
8.78237	51
8.78397	51
8.78558	51
8.78718	51
8.78878	51
8.79038	51
8.79199	51
8.79359	51
8.79519	51
8.79679	51
8.79839	51
8.8	51
8.8016	51
8.8032	51
8.8048	51
8.8064	51
8.80801	51
8.80961	51
8.81121	51
8.81281	51
8.81442	51
8.81602	51
8.81762	51
8.81922	51
8.82082	51
8.82243	51
8.82403	51
8.82563	51
8.82723	51
8.82883	51
8.83044	51
8.83204	51
8.83364	51
8.83524	51
8.83685	51
8.83845	51
8.84005	51
8.84165	51
8.84325	51
8.84486	51
8.84646	51
8.84806	51
8.84966	51
8.85126	51
8.85287	51
8.85447	51
8.85607	51
8.85767	51
8.85928	51
8.86088	51
8.86248	51
8.86408	51
8.86568	51
8.86729	51
8.86889	51
8.87049	51
8.87209	51
8.87369	51
8.8753	51
8.8769	51
8.8785	51
8.8801	51
8.8817	51
8.88331	51
8.88491	51
8.88651	51
8.88811	51
8.88972	51
8.89132	51
8.89292	51
8.89452	51
8.89612	51
8.89773	51
8.89933	51
8.90093	51
8.90253	51
8.90413	51
8.90574	51
8.90734	51
8.90894	51
8.91054	51
8.91215	51
8.91375	51
8.91535	51
8.91695	51
8.91855	51
8.92016	51
8.92176	51
8.92336	51
8.92496	51
8.92656	51
8.92817	51
8.92977	51
8.93137	51
8.93297	51
8.93458	51
8.93618	51
8.93778	51
8.93938	51
8.94098	51
8.94259	51
8.94419	51
8.94579	52
8.94739	52
8.94899	52
8.9506	52
8.9522	52
8.9538	52
8.9554	52
8.95701	52
8.95861	52
8.96021	52
8.96181	52
8.96341	52
8.96502	52
8.96662	52
8.96822	52
8.96982	52
8.97142	52
8.97303	52
8.97463	52
8.97623	52
8.97783	52
8.97944	52
8.98104	52
8.98264	52
8.98424	52
8.98584	52
8.98745	52
8.98905	52
8.99065	52
8.99225	52
8.99385	52
8.99546	52
8.99706	52
8.99866	52
9.00026	52
9.00186	52
9.00347	52
9.00507	52
9.00667	52
9.00827	52
9.00988	52
9.01148	52
9.01308	52
9.01468	52
9.01628	52
9.01789	52
9.01949	52
9.02109	52
9.02269	52
9.02429	52
9.0259	52
9.0275	52
9.0291	52
9.0307	52
9.03231	52
9.03391	52
9.03551	52
9.03711	52
9.09479	52
9.09639	51
9.09799	50
9.0996	49
9.1012	48
9.1028	47
9.1044	46
9.106	45
9.10761	44
9.10921	42
9.11039	41
9.1176	39
9.1192	37
9.1208	36
9.1224	36
9.12401	35
9.12561	35
9.12721	34
9.12881	34
9.13041	34
9.13202	34
9.13362	33
9.13522	33
9.13682	33
9.13842	33
9.14003	33
9.14163	33
9.14323	32
9.14483	31
9.14644	30
9.14804	30
9.14964	29
9.15124	29
9.15284	28
9.15445	28
9.15605	27
9.15765	27
9.15925	27
9.16085	27
9.16246	26
9.16406	26
9.16566	26
9.16726	26
9.16887	26
9.17047	26
9.17207	26
9.17367	26
9.17527	26
9.17688	26
9.17848	26
9.18008	26
9.18168	26
9.18328	26
9.18489	26
9.18649	26
9.18809	26
9.18969	26
9.1913	26
9.1929	26
9.1945	26
9.1961	27
9.1977	27
9.19931	27
9.20091	27
9.20251	27
9.20411	27
9.20571	27
9.20732	27
9.20892	27
9.21052	27
9.21212	27
9.21373	27
9.21533	27
9.21693	27
9.21853	27
9.22013	27
9.22174	27
9.22334	27
9.22494	27
9.22654	27
9.22814	27
9.22975	27
9.23135	27
9.23295	27
9.23455	27
9.23616	27
9.23776	27
9.23936	27
9.24096	27
9.24256	27
9.24417	27
9.24577	27
9.24737	27
9.24897	27
9.25057	27
9.25218	27
9.25378	27
9.25538	27
9.25698	27
9.25859	27
9.26019	27
9.26179	27
9.26339	27
9.26499	27
9.2666	27
9.2682	27
9.2698	27
9.2714	27
9.273	27
9.27461	27
9.27621	27
9.27781	27
9.27941	27
9.28101	27
9.28262	27
9.28422	27
9.28582	27
9.28742	27
9.28903	27
9.29063	27
9.29223	27
9.29383	28
9.29543	28
9.29704	28
9.29864	28
9.30024	28
9.30184	28
9.30344	28
9.30505	28
9.30665	28
9.30825	28
9.30985	28
9.31146	28
9.31306	28
9.31466	28
9.31626	28
9.31786	28
9.31947	28
9.32107	28
9.32267	28
9.32427	28
9.32587	28
9.32748	28
9.32908	28
9.33068	28
9.33228	28
9.33389	28
9.33549	28
9.33709	28
9.33869	28
9.34029	28
9.3419	28
9.3435	28
9.3451	28
9.3467	28
9.3483	28
9.34991	28
9.35151	28
9.35311	28
9.35471	28
9.35632	28
9.35792	28
9.35952	28
9.36112	28
9.36272	28
9.36433	28
9.36593	28
9.36753	28
9.36913	28
9.37073	28
9.37234	28
9.37394	28
9.37554	28
9.37714	28
9.37875	28
9.38035	28
9.38195	28
9.38355	28
9.38515	28
9.38676	28
9.38836	28
9.38996	28
9.39156	28
9.39316	28
9.39477	28
9.39637	28
9.39797	28
9.39957	28
9.40117	28
9.40278	28
9.40438	28
9.40598	28
9.40758	28
9.40919	29
9.41079	29
9.41239	29
9.41399	29
9.41559	29
9.4172	29
9.4188	29
9.4204	29
9.422	30
9.4236	30
9.42521	30
9.42681	30
9.42841	30
9.43001	30
9.43162	30
9.43322	30
9.43482	30
9.43642	30
9.43802	30
9.43963	30
9.44123	30
9.44283	30
9.44443	30
9.44603	30
9.44764	30
9.44924	30
9.45084	30
9.45244	30
9.45405	30
9.45565	30
9.45725	30
9.45885	30
9.46045	30
9.46206	30
9.46366	30
9.46526	30
9.46686	30
9.46846	30
9.47007	30
9.47167	30
9.47327	30
9.47487	30
9.47648	30
9.47808	30
9.47968	30
9.48128	30
9.48288	30
9.48449	30
9.48609	30
9.48769	30
9.48929	30
9.49089	30
9.4925	30
9.4941	30
9.4957	30
9.4973	30
9.49891	30
9.50051	30
9.50211	30
9.50371	30
9.50531	30
9.50692	30
9.50852	30
9.51012	30
9.51172	30
9.51332	30
9.51493	30
9.51653	30
9.51813	30
9.51973	30
9.52134	30
9.52294	30
9.52454	30
9.52614	30
9.52774	30
9.52935	30
9.53095	30
9.53255	30
9.53415	30
9.53575	30
9.53736	31
9.53896	31
9.54056	31
9.54216	31
9.54376	31
9.54537	31
9.54697	31
9.54857	31
9.55017	31
9.55178	31
9.55338	31
9.55498	31
9.55658	31
9.55818	31
9.55979	31
9.56139	31
9.56299	31
9.56459	31
9.56619	31
9.5678	31
9.5694	31
9.571	32
9.5726	32
9.57421	32
9.57581	32
9.57741	32
9.57901	32
9.58061	32
9.58222	32
9.58382	32
9.58542	32
9.58702	32
9.58862	32
9.59023	32
9.59183	32
9.59343	32
9.59503	32
9.59664	32
9.59824	32
9.59984	32
9.60144	32
9.60304	32
9.60465	32
9.60625	32
9.60785	32
9.60945	32
9.61105	32
9.61266	32
9.61426	32
9.61586	32
9.61746	32
9.61907	32
9.62067	32
9.62227	32
9.62387	32
9.62547	32
9.62708	32
9.62868	32
9.63028	32
9.63188	32
9.63348	32
9.63509	32
9.63669	32
9.63829	32
9.63989	32
9.6415	32
9.6431	32
9.6447	32
9.6463	32
9.6479	32
9.64951	32
9.65111	32
9.65271	32
9.65431	32
9.65591	32
9.65752	32
9.65912	32
9.66072	32
9.66232	32
9.66392	32
9.66553	32
9.66713	32
9.66873	32
9.67033	32
9.67194	32
9.67354	32
9.67514	33
9.67674	33
9.67834	33
9.67995	33
9.68155	33
9.68315	33
9.68475	33
9.68635	33
9.68796	33
9.68956	33
9.69116	33
9.69276	33
9.69437	33
9.69597	33
9.69757	33
9.69917	33
9.70077	33
9.70238	33
9.70398	33
9.70558	33
9.70718	33
9.70878	33
9.71039	33
9.71199	33
9.71359	33
9.71519	33
9.7168	33
9.7184	33
9.72	33
9.7216	33
9.7232	33
9.72481	33
9.72641	33
9.72801	33
9.72961	33
9.73121	33
9.73282	33
9.73442	33
9.73602	33
9.73762	33
9.73923	33
9.74083	33
9.74243	33
9.74403	33
9.74563	33
9.74724	33
9.74884	33
9.75044	33
9.75204	33
9.75364	33
9.75525	33
9.75685	33
9.75845	33
9.76005	33
9.76166	33
9.76326	33
9.76486	33
9.76646	33
9.76806	33
9.76967	33
9.77127	33
9.77287	33
9.77447	33
9.77607	33
9.77768	33
9.77928	33
9.78088	33
9.78248	33
9.78408	33
9.78569	33
9.78729	33
9.78889	33
9.79049	33
9.7921	33
9.7937	33
9.7953	33
9.7969	33
9.7985	33
9.80011	33
9.80171	33
9.80331	33
9.80491	34
9.80651	34
9.80812	34
9.80972	34
9.81132	34
9.81292	34
9.81453	34
9.81613	34
9.81773	34
9.81933	34
9.82093	34
9.82254	34
9.82414	35
9.82574	35
9.82734	35
9.82894	35
9.83055	35
9.83215	35
9.83375	35
9.83535	35
9.83696	35
9.83856	35
9.84016	35
9.84176	35
9.84336	35
9.84497	35
9.84657	35
9.84817	35
9.84977	35
9.85137	35
9.85298	35
9.85458	35
9.85618	35
9.85778	35
9.85939	35
9.86099	35
9.86259	35
9.86419	35
9.86579	35
9.8674	35
9.869	35
9.8706	35
9.8722	35
9.8738	35
9.87541	35
9.87701	35
9.87861	35
9.88021	35
9.88182	35
9.88342	35
9.88502	35
9.88662	35
9.88822	35
9.88983	35
9.89143	35
9.89303	35
9.89463	35
9.89623	35
9.89784	35
9.89944	35
9.90104	35
9.90264	35
9.90425	35
9.90585	35
9.90745	35
9.90905	35
9.91065	35
9.91226	35
9.91386	35
9.91546	35
9.91706	35
9.91866	35
9.92027	35
9.92187	35
9.92347	35
9.92507	35
9.92667	35
9.92828	35
9.92988	35
9.93148	35
9.93308	35
9.93469	35
9.93629	35
9.93789	35
9.93949	35
9.94109	35
9.9427	35
9.9443	35
9.9459	35
9.9475	35
9.9491	35
9.95071	35
9.95231	35
9.95391	35
9.95551	36
9.95712	36
9.95872	36
9.96032	36
9.96192	36
9.96352	36
9.96513	36
9.96673	36
9.96833	36
9.96993	36
9.97153	36
9.97314	36
9.97474	36
9.97634	36
9.97794	36
9.97955	36
9.98115	36
9.98275	36
9.98435	36
9.98595	36
9.98756	36
9.98916	36
9.99076	36
9.99236	36
9.99396	36
9.99557	36
9.99717	36
9.99877	36
10.0004	36
10.002	36
10.0036	36
10.0052	36
10.0068	36
10.0084	36
10.01	36
10.0116	36
10.0132	36
10.0148	36
10.0164	36
10.018	36
10.0196	36
10.0212	36
10.0228	36
10.0244	36
10.026	36
10.0276	36
10.0292	36
10.0308	36
10.0324	36
10.034	36
10.0356	36
10.0372	36
10.0388	36
10.0404	36
10.042	36
10.0436	36
10.0452	36
10.0468	36
10.0484	36
10.05	36
10.0516	36
10.0532	36
10.0548	36
10.0564	36
10.058	36
10.0597	36
10.0613	36
10.0629	36
10.0645	36
10.0661	36
10.0677	36
10.0693	36
10.0709	36
10.0725	36
10.0741	36
10.0757	36
10.0773	36
10.0789	36
10.0805	36
10.0821	36
10.0837	36
10.0853	36
10.0869	36
10.0885	36
10.0901	36
10.0917	36
10.0933	36
10.0949	36
10.0965	36
10.0981	37
10.0997	37
10.1013	37
10.1029	37
10.1045	37
10.1061	37
10.1077	37
10.1093	37
10.1109	37
10.1125	37
10.1141	38
10.1157	38
10.1173	38
10.1189	38
10.1205	38
10.1221	38
10.1237	38
10.1253	38
10.1269	38
10.1285	38
10.1301	38
10.1317	38
10.1334	38
10.135	38
10.1366	38
10.1382	38
10.1398	38
10.1414	38
10.143	38
10.1446	38
10.1462	38
10.1478	38
10.1494	38
10.151	38
10.1526	38
10.1542	38
10.1558	38
10.1574	38
10.159	38
10.1606	38
10.1622	38
10.1638	38
10.1654	38
10.167	38
10.1686	38
10.1702	38
10.1718	38
10.1734	38
10.175	38
10.1766	38
10.1782	38
10.1798	38
10.1814	38
10.183	38
10.1846	38
10.1862	38
10.1878	38
10.1894	38
10.191	38
10.1926	38
10.1942	38
10.1958	38
10.1974	38
10.199	38
10.2006	38
10.2022	38
10.2038	38
10.2054	38
10.207	38
10.2087	38
10.2103	38
10.2119	38
10.2135	38
10.2151	38
10.2167	38
10.2183	38
10.2199	38
10.2215	38
10.2231	38
10.2247	38
10.2263	38
10.2279	38
10.2295	38
10.2311	38
10.2327	38
10.2343	38
10.2359	38
10.2375	38
10.2391	38
10.2407	38
10.2423	38
10.2439	38
10.2455	38
10.2471	38
10.2487	38
10.2503	38
10.2519	38
10.2535	38
10.2551	38
10.2567	38
10.2583	38
10.2599	38
10.2615	39
10.2631	39
10.2647	39
10.2663	39
10.2679	39
10.2695	39
10.2711	39
10.2727	39
10.2743	39
10.2759	39
10.2775	39
10.2791	39
10.2807	39
10.2823	39
10.284	39
10.2856	39
10.2872	39
10.2888	39
10.2904	39
10.292	39
10.2936	39
10.2952	39
10.2968	39
10.2984	39
10.3	39
10.3016	39
10.3032	39
10.3048	39
10.3064	39
10.308	39
10.3096	39
10.3112	39
10.3128	39
10.3144	39
10.316	39
10.3176	39
10.3192	39
10.3208	39
10.3224	39
10.324	40
10.3256	40
10.3272	40
10.3288	40
10.3304	40
10.332	40
10.3336	40
10.3352	40
10.3368	40
10.3384	40
10.34	40
10.3416	40
10.3432	40
10.3448	40
10.3464	40
10.348	40
10.3496	40
10.3512	40
10.3528	40
10.3544	40
10.356	40
10.3576	40
10.3593	40
10.3609	40
10.3625	40
10.3641	40
10.3657	40
10.3673	40
10.3689	40
10.3705	40
10.3721	40
10.3737	40
10.3753	40
10.3769	40
10.3785	40
10.3801	40
10.3817	40
10.3833	40
10.3849	40
10.3865	40
10.3881	40
10.3897	40
10.3913	40
10.3929	40
10.3945	40
10.3961	40
10.3977	40
10.3993	40
10.4009	40
10.4025	40
10.4041	40
10.4057	40
10.4073	40
10.4089	40
10.4105	40
10.4121	40
10.4137	40
10.4153	40
10.4169	40
10.4185	40
10.4201	40
10.4217	40
10.4233	40
10.4249	40
10.4265	40
10.4281	40
10.4297	40
10.4313	40
10.4329	40
10.4346	41
10.4362	41
10.4378	41
10.4394	41
10.441	41
10.4426	41
10.4442	41
10.4458	41
10.4474	41
10.449	41
10.4506	41
10.4522	41
10.4538	41
10.4554	41
10.457	41
10.4586	41
10.4602	41
10.4618	41
10.4634	41
10.465	41
10.4666	41
10.4682	41
10.4698	41
10.4714	41
10.473	41
10.4746	41
10.4762	41
10.4778	41
10.4794	41
10.481	41
10.4826	41
10.4842	41
10.4858	41
10.4874	41
10.489	41
10.4906	41
10.4922	41
10.4938	41
10.4954	41
10.497	41
10.4986	41
10.5002	41
10.5018	41
10.5034	41
10.505	41
10.5066	41
10.5082	41
10.5099	41
10.5115	41
10.5131	41
10.5147	41
10.5163	41
10.5179	41
10.5195	41
10.5211	41
10.5227	41
10.5243	41
10.5259	41
10.5275	41
10.5291	41
10.5307	41
10.5323	41
10.5339	41
10.5355	41
10.5371	41
10.5387	41
10.5403	41
10.5419	41
10.5435	41
10.5451	41
10.5467	41
10.5483	41
10.5499	41
10.5515	41
10.5531	41
10.5547	41
10.5563	41
10.5579	41
10.5595	41
10.5611	41
10.5627	41
10.5643	41
10.5659	41
10.5675	41
10.5691	41
10.5707	41
10.5723	41
10.5739	41
10.5755	41
10.5771	41
10.5787	41
10.5803	41
10.5819	41
10.5835	41
10.5852	41
10.5868	41
10.5884	41
10.59	41
10.5916	41
10.5932	42
10.5948	42
10.5964	42
10.598	42
10.5996	42
10.6012	42
10.6028	42
10.6044	42
10.606	42
10.6076	42
10.6092	42
10.6108	42
10.6124	42
10.614	42
10.6156	42
10.6172	43
10.6188	43
10.6204	43
10.622	43
10.6236	43
10.6252	43
10.6268	43
10.6284	43
10.63	43
10.6316	43
10.6332	43
10.6348	43
10.6364	43
10.638	43
10.6396	43
10.6412	43
10.6428	43
10.6444	43
10.646	43
10.6476	43
10.6492	43
10.6508	43
10.6524	43
10.654	43
10.6556	43
10.6572	43
10.6589	43
10.6605	43
10.6621	43
10.6637	43
10.6653	43
10.6669	43
10.6685	43
10.6701	43
10.6717	43
10.6733	43
10.6749	43
10.6765	43
10.6781	43
10.6797	43
10.6813	43
10.6829	43
10.6845	43
10.6861	43
10.6877	43
10.6893	43
10.6909	43
10.6925	43
10.6941	43
10.6957	43
10.6973	43
10.6989	43
10.7005	43
10.7021	43
10.7037	43
10.7053	43
10.7069	43
10.7085	43
10.7101	43
10.7117	43
10.7133	43
10.7149	43
10.7165	43
10.7181	43
10.7197	43
10.7213	43
10.7229	43
10.7245	43
10.7261	43
10.7277	43
10.7293	43
10.7309	43
10.7325	43
10.7342	43
10.7358	43
10.7374	43
10.739	43
10.7406	43
10.7422	43
10.7438	43
10.7454	43
10.747	43
10.7486	43
10.7502	43
10.7518	43
10.7534	43
10.755	43
10.7566	43
10.7582	43
10.7598	43
10.7614	43
10.763	43
10.7646	43
10.7662	43
10.7678	43
10.7694	43
10.771	43
10.7726	43
10.7742	43
10.7758	43
10.7774	44
10.779	44
10.7806	44
10.7822	44
10.7838	44
10.7854	44
10.787	44
10.7886	44
10.7902	44
10.7918	44
10.7934	44
10.795	44
10.7966	44
10.7982	44
10.7998	44
10.8014	44
10.803	44
10.8046	44
10.8062	44
10.8078	44
10.8095	44
10.8111	44
10.8127	44
10.8143	44
10.8159	44
10.8175	44
10.8191	44
10.8207	44
10.8223	44
10.8239	44
10.8255	44
10.8271	44
10.8287	44
10.8303	44
10.8319	44
10.8335	44
10.8351	44
10.8367	44
10.8383	44
10.8399	44
10.8415	44
10.8431	44
10.8447	44
10.8463	44
10.8479	44
10.8495	44
10.8511	44
10.8527	44
10.8543	44
10.8559	44
10.8575	44
10.8591	44
10.8607	44
10.8623	44
10.8639	44
10.8655	44
10.8671	44
10.8687	44
10.8703	44
10.8719	44
10.8735	44
10.8751	44
10.8767	44
10.8783	44
10.8799	44
10.8815	44
10.8831	44
10.8848	44
10.8864	44
10.888	44
10.8896	44
10.8912	44
10.8928	44
10.8944	44
10.896	44
10.8976	44
10.8992	44
10.9008	44
10.9024	44
10.904	44
10.9056	44
10.9072	44
10.9088	44
10.9104	44
10.912	44
10.9136	44
10.9152	44
10.9168	44
10.9184	44
10.92	44
10.9216	44
10.9232	44
10.9248	44
10.9264	44
10.928	44
10.9296	44
10.9312	44
10.9328	44
10.9344	44
10.936	44
10.9376	44
10.9392	44
10.9408	44
10.9424	44
10.944	44
10.9456	44
10.9472	44
10.9488	44
10.9504	44
10.952	44
10.9536	44
10.9552	45
10.9568	45
10.9584	45
10.9601	45
10.9617	45
10.9633	45
10.9649	45
10.9665	46
10.9681	46
10.9697	46
10.9713	46
10.9729	46
10.9745	46
10.9761	46
10.9777	46
10.9793	46
10.9809	46
10.9825	46
10.9841	46
10.9857	46
10.9873	46
10.9889	46
10.9905	46
10.9921	46
10.9937	46
10.9953	46
10.9969	46
10.9985	46
11.0001	46
11.0017	46
11.0033	46
11.0049	46
11.0065	46
11.0081	46
11.0097	46
11.0113	46
11.0129	46
11.0145	46
11.0161	46
11.0177	46
11.0193	46
11.0209	46
11.0225	46
11.0241	46
11.0257	46
11.0273	46
11.0289	46
11.0305	46
11.0321	46
11.0337	46
11.0354	46
11.037	46
11.0386	46
11.0402	46
11.0418	46
11.0434	46
11.045	46
11.0466	46
11.0482	46
11.0498	46
11.0514	46
11.053	46
11.0546	46
11.0562	46
11.0578	46
11.0594	46
11.061	46
11.0626	46
11.0642	46
11.0658	46
11.0674	46
11.069	46
11.0706	46
11.0722	46
11.0738	46
11.0754	46
11.077	46
11.0786	46
11.0802	46
11.0818	46
11.0834	46
11.085	46
11.0866	46
11.0882	46
11.0898	46
11.0914	46
11.093	46
11.0946	46
11.0962	46
11.0978	46
11.0994	46
11.101	46
11.1026	46
11.1042	46
11.1058	46
11.1074	46
11.109	46
11.1107	46
11.1123	46
11.1139	46
11.1155	46
11.1171	46
11.1187	46
11.1203	46
11.1219	46
11.1235	46
11.1251	46
11.1267	46
11.1283	46
11.1299	46
11.1315	46
11.1331	46
11.1347	46
11.1363	46
11.1379	46
11.1395	46
11.1411	46
11.1427	46
11.1443	46
11.1459	46
11.1475	46
11.1491	46
11.1507	47
11.1523	47
11.1539	47
11.1555	47
11.1571	47
11.1587	47
11.1603	47
11.1619	47
11.1635	47
11.1651	47
11.1667	47
11.1683	47
11.1699	47
11.1715	47
11.1731	47
11.1747	47
11.1763	47
11.1779	47
11.1795	47
11.1811	47
11.1827	47
11.1844	47
11.186	47
11.1876	47
11.1892	47
11.1908	47
11.1924	47
11.194	47
11.1956	47
11.1972	47
11.1988	47
11.2004	47
11.202	47
11.2036	47
11.2052	47
11.2068	47
11.2084	47
11.21	47
11.2116	47
11.2132	47
11.2148	47
11.2164	47
11.218	47
11.2196	47
11.2212	47
11.2228	47
11.2244	47
11.226	48
11.2276	48
11.2292	48
11.2308	48
11.2324	48
11.234	48
11.2356	48
11.2372	48
11.2388	48
11.2404	48
11.242	48
11.2436	48
11.2452	48
11.2468	48
11.2484	48
11.25	48
11.2516	48
11.2532	48
11.2548	48
11.2564	48
11.258	48
11.2597	48
11.2613	48
11.2629	48
11.2645	48
11.2661	48
11.2677	48
11.2693	48
11.2709	48
11.2725	48
11.2741	48
11.2757	48
11.2773	48
11.2789	48
11.2805	48
11.2821	48
11.2837	48
11.2853	48
11.2869	48
11.2885	48
11.2901	48
11.2917	48
11.2933	48
11.2949	48
11.2965	48
11.2981	48
11.2997	48
11.3013	48
11.3029	48
11.3045	48
11.3061	48
11.3077	48
11.3093	48
11.3109	48
11.3125	48
11.3141	48
11.3157	48
11.3173	48
11.3189	48
11.3205	48
11.3221	48
11.3237	48
11.3253	48
11.3269	48
11.3285	48
11.3301	48
11.3317	48
11.3333	48
11.335	48
11.3366	48
11.3382	48
11.3398	48
11.3414	48
11.343	48
11.3446	48
11.3462	48
11.3478	48
11.3494	48
11.351	48
11.3526	48
11.3542	49
11.3558	49
11.3574	49
11.359	49
11.3606	49
11.3622	49
11.3638	49
11.3654	49
11.367	49
11.3686	49
11.3702	49
11.3718	49
11.3734	49
11.375	49
11.3766	49
11.3782	49
11.3798	49
11.3814	49
11.383	49
11.3846	49
11.3862	49
11.3878	49
11.3894	49
11.391	49
11.3926	49
11.3942	49
11.3958	49
11.3974	49
11.399	49
11.4006	49
11.4022	49
11.4038	49
11.4054	49
11.407	49
11.4086	49
11.4103	49
11.4119	49
11.4135	49
11.4151	49
11.4167	49
11.4183	49
11.4199	49
11.4215	49
11.4231	49
11.4247	49
11.4263	49
11.4279	49
11.4295	49
11.4311	49
11.4327	49
11.4343	49
11.4359	49
11.4375	49
11.4391	49
11.4407	49
11.4423	49
11.4439	49
11.4455	49
11.4471	49
11.4487	49
11.4503	49
11.4519	49
11.4535	49
11.4551	49
11.4567	49
11.4583	49
11.4599	49
11.4615	49
11.4631	49
11.4647	49
11.4663	49
11.4679	49
11.4695	49
11.4711	49
11.4727	49
11.4743	49
11.4759	49
11.4775	49
11.4791	49
11.4807	49
11.4823	49
11.4839	49
11.4856	49
11.4872	49
11.4888	49
11.4904	49
11.492	49
11.4936	49
11.4952	49
11.4968	49
11.4984	49
11.5	49
11.5016	49
11.5032	49
11.5048	49
11.5064	49
11.508	49
11.5096	49
11.5112	49
11.5128	49
11.5144	49
11.516	49
11.5176	49
11.5192	49
11.5208	49
11.5224	49
11.524	49
11.5256	49
11.5272	49
11.5288	49
11.5304	49
11.532	49
11.5336	49
11.5352	49
11.5368	49
11.5384	49
11.54	49
11.5416	49
11.5432	49
11.5448	49
11.5464	49
11.548	50
11.5496	50
11.5512	50
11.5528	50
11.5544	50
11.556	50
11.5576	50
11.5592	50
11.5609	50
11.5625	50
11.5641	51
11.5657	51
11.5673	51
11.5689	51
11.5705	51
11.5721	51
11.5737	51
11.5753	51
11.5769	51
11.5785	51
11.5801	51
11.5817	51
11.5833	51
11.5849	51
11.5865	51
11.5881	51
11.5897	51
11.5913	51
11.5929	51
11.5945	51
11.5961	51
11.5977	51
11.5993	51
11.6009	51
11.6025	51
11.6041	51
11.6057	51
11.6073	51
11.6089	51
11.6105	51
11.6121	51
11.6137	51
11.6153	51
11.6169	51
11.6185	51
11.6201	51
11.6217	51
11.6233	51
11.6249	51
11.6265	51
11.6281	51
11.6297	51
11.6313	51
11.6329	51
11.6345	51
11.6362	51
11.6378	51
11.6394	51
11.641	51
11.6426	51
11.6442	51
11.6458	51
11.6474	51
11.649	51
11.6506	51
11.6522	51
11.6538	51
11.6554	51
11.657	51
11.6586	51
11.6602	51
11.6618	51
11.6634	51
11.665	51
11.6666	51
11.6682	51
11.6698	51
11.6714	51
11.673	51
11.6746	51
11.6762	51
11.6778	51
11.6794	51
11.681	51
11.6826	51
11.6842	51
11.6858	51
11.6874	51
11.689	51
11.6906	51
11.6922	51
11.6938	51
11.6954	51
11.697	51
11.6986	51
11.7002	51
11.7018	51
11.7034	51
11.705	51
11.7066	51
11.7082	51
11.7099	51
11.7115	51
11.7131	51
11.7147	51
11.7163	51
11.7179	51
11.7195	51
11.7211	51
11.7227	51
11.7243	51
11.7259	51
11.7275	51
11.7291	51
11.7307	51
11.7323	51
11.7339	51
11.7355	51
11.7371	51
11.7387	51
11.7403	51
11.7419	51
11.7435	51
11.7451	51
11.7467	51
11.7483	51
11.7499	51
11.7515	51
11.7531	51
11.7547	51
11.7563	51
11.7579	51
11.7595	51
11.7611	51
11.7627	51
11.7643	51
11.7659	51
11.7675	52
11.7691	52
11.7707	52
11.7723	52
11.7739	52
11.7755	52
11.7771	52
11.7787	52
11.7803	52
11.7819	52
11.7835	52
11.7852	52
11.7868	52
11.7884	52
11.79	52
11.7916	52
11.7932	52
11.7948	52
11.7964	52
11.798	52
11.7996	52
11.8012	52
11.8028	52
11.8044	52
11.806	52
11.8076	52
11.8092	52
11.8108	52
11.8124	52
11.814	52
11.8156	52
11.8172	52
11.8188	52
11.8204	52
11.822	52
11.8236	52
11.8252	52
11.8268	52
11.8284	52
11.83	52
11.8316	52
11.8332	52
11.8348	52
11.8364	52
11.838	52
11.8396	52
11.8412	52
11.8428	52
11.8444	52
11.846	52
11.8476	52
11.8492	52
11.8508	52
11.8524	52
11.854	52
11.8556	52
11.8572	52
11.9149	52
11.9165	51
11.9181	50
11.9197	49
11.9213	48
11.9229	47
11.9245	46
11.9261	45
11.9277	43
11.9293	42
11.9303	41
11.9376	39
11.9392	37
11.9408	36
11.9424	36
11.944	35
11.9456	34
11.9472	34
11.9488	34
11.9504	34
11.952	33
11.9536	33
11.9552	33
11.9568	33
11.9584	33
11.96	32
11.9616	32
11.9632	32
11.9648	31
11.9664	30
11.968	29
11.9696	29
11.9712	28
11.9728	28
11.9744	28
11.976	27
11.9776	27
11.9792	27
11.9808	27
11.9824	26
11.984	26
11.9856	26
11.9872	26
11.9888	26
11.9904	26
11.992	26
11.9936	26
11.9952	26
11.9968	26
11.9984	26
12	26
12.0016	26
12.0032	26
12.0048	26
12.0064	26
12.008	26
12.0096	26
12.0113	26
12.0129	26
12.0145	26
12.0161	27
12.0177	27
12.0193	27
12.0209	27
12.0225	27
12.0241	27
12.0257	27
12.0273	27
12.0289	27
12.0305	27
12.0321	27
12.0337	27
12.0353	27
12.0369	27
12.0385	27
12.0401	27
12.0417	27
12.0433	27
12.0449	27
12.0465	27
12.0481	27
12.0497	27
12.0513	27
12.0529	27
12.0545	27
12.0561	27
12.0577	27
12.0593	27
12.0609	27
12.0625	27
12.0641	27
12.0657	27
12.0673	27
12.0689	27
12.0705	27
12.0721	27
12.0737	27
12.0753	27
12.0769	27
12.0785	27
12.0801	27
12.0817	27
12.0833	27
12.0849	27
12.0866	27
12.0882	27
12.0898	27
12.0914	27
12.093	27
12.0946	27
12.0962	27
12.0978	27
12.0994	27
12.101	27
12.1026	27
12.1042	27
12.1058	27
12.1074	27
12.109	27
12.1106	27
12.1122	27
12.1138	27
12.1154	28
12.117	28
12.1186	28
12.1202	28
12.1218	28
12.1234	28
12.125	28
12.1266	28
12.1282	28
12.1298	28
12.1314	28
12.133	28
12.1346	28
12.1362	28
12.1378	28
12.1394	28
12.141	28
12.1426	28
12.1442	28
12.1458	28
12.1474	28
12.149	28
12.1506	28
12.1522	28
12.1538	28
12.1554	28
12.157	28
12.1586	28
12.1602	28
12.1619	28
12.1635	28
12.1651	28
12.1667	28
12.1683	28
12.1699	28
12.1715	28
12.1731	28
12.1747	28
12.1763	28
12.1779	28
12.1795	28
12.1811	28
12.1827	28
12.1843	28
12.1859	28
12.1875	28
12.1891	28
12.1907	28
12.1923	28
12.1939	28
12.1955	28
12.1971	28
12.1987	28
12.2003	28
12.2019	28
12.2035	28
12.2051	28
12.2067	28
12.2083	28
12.2099	28
12.2115	28
12.2131	28
12.2147	28
12.2163	28
12.2179	28
12.2195	28
12.2211	28
12.2227	28
12.2243	28
12.2259	28
12.2275	28
12.2291	29
12.2307	29
12.2323	29
12.2339	29
12.2355	29
12.2372	29
12.2388	29
12.2404	29
12.242	29
12.2436	29
12.2452	30
12.2468	30
12.2484	30
12.25	30
12.2516	30
12.2532	30
12.2548	30
12.2564	30
12.258	30
12.2596	30
12.2612	30
12.2628	30
12.2644	30
12.266	30
12.2676	30
12.2692	30
12.2708	30
12.2724	30
12.274	30
12.2756	30
12.2772	30
12.2788	30
12.2804	30
12.282	30
12.2836	30
12.2852	30
12.2868	30
12.2884	30
12.29	30
12.2916	30
12.2932	30
12.2948	30
12.2964	30
12.298	30
12.2996	30
12.3012	30
12.3028	30
12.3044	30
12.306	30
12.3076	30
12.3092	30
12.3108	30
12.3125	30
12.3141	30
12.3157	30
12.3173	30
12.3189	30
12.3205	30
12.3221	30
12.3237	30
12.3253	30
12.3269	30
12.3285	30
12.3301	30
12.3317	30
12.3333	30
12.3349	30
12.3365	30
12.3381	30
12.3397	30
12.3413	30
12.3429	30
12.3445	30
12.3461	30
12.3477	30
12.3493	30
12.3509	30
12.3525	30
12.3541	30
12.3557	30
12.3573	31
12.3589	31
12.3605	31
12.3621	31
12.3637	31
12.3653	31
12.3669	31
12.3685	31
12.3701	31
12.3717	31
12.3733	31
12.3749	31
12.3765	31
12.3781	31
12.3797	31
12.3813	31
12.3829	31
12.3845	31
12.3862	31
12.3878	31
12.3894	31
12.391	31
12.3926	31
12.3942	31
12.3958	31
12.3974	31
12.399	31
12.4006	31
12.4022	31
12.4038	31
12.4054	31
12.407	31
12.4086	31
12.4102	31
12.4118	31
12.4134	31
12.415	31
12.4166	31
12.4182	31
12.4198	31
12.4214	31
12.423	31
12.4246	31
12.4262	31
12.4278	31
12.4294	31
12.431	32
12.4326	32
12.4342	32
12.4358	32
12.4374	32
12.439	32
12.4406	32
12.4422	32
12.4438	32
12.4454	32
12.447	32
12.4486	32
12.4502	32
12.4518	32
12.4534	32
12.455	32
12.4566	32
12.4582	32
12.4598	32
12.4615	32
12.4631	32
12.4647	32
12.4663	32
12.4679	32
12.4695	32
12.4711	32
12.4727	32
12.4743	32
12.4759	32
12.4775	32
12.4791	32
12.4807	32
12.4823	32
12.4839	32
12.4855	32
12.4871	32
12.4887	32
12.4903	32
12.4919	32
12.4935	32
12.4951	33
12.4967	33
12.4983	33
12.4999	33
12.5015	33
12.5031	33
12.5047	33
12.5063	33
12.5079	33
12.5095	33
12.5111	33
12.5127	33
12.5143	33
12.5159	33
12.5175	33
12.5191	33
12.5207	33
12.5223	33
12.5239	33
12.5255	33
12.5271	33
12.5287	33
12.5303	33
12.5319	33
12.5335	33
12.5351	33
12.5368	33
12.5384	33
12.54	33
12.5416	33
12.5432	33
12.5448	33
12.5464	33
12.548	33
12.5496	33
12.5512	33
12.5528	33
12.5544	33
12.556	33
12.5576	33
12.5592	33
12.5608	33
12.5624	33
12.564	33
12.5656	33
12.5672	33
12.5688	33
12.5704	33
12.572	33
12.5736	33
12.5752	33
12.5768	33
12.5784	33
12.58	33
12.5816	33
12.5832	33
12.5848	33
12.5864	33
12.588	33
12.5896	33
12.5912	33
12.5928	33
12.5944	33
12.596	33
12.5976	33
12.5992	33
12.6008	33
12.6024	33
12.604	33
12.6056	33
12.6072	33
12.6088	33
12.6104	33
12.6121	33
12.6137	33
12.6153	33
12.6169	33
12.6185	33
12.6201	33
12.6217	33
12.6233	34
12.6249	34
12.6265	34
12.6281	34
12.6297	34
12.6313	34
12.6329	34
12.6345	34
12.6361	34
12.6377	34
12.6393	34
12.6409	34
12.6425	34
12.6441	35
12.6457	35
12.6473	35
12.6489	35
12.6505	35
12.6521	35
12.6537	35
12.6553	35
12.6569	35
12.6585	35
12.6601	35
12.6617	35
12.6633	35
12.6649	35
12.6665	35
12.6681	35
12.6697	35
12.6713	35
12.6729	35
12.6745	35
12.6761	35
12.6777	35
12.6793	35
12.6809	35
12.6825	35
12.6841	35
12.6857	35
12.6874	35
12.689	35
12.6906	35
12.6922	35
12.6938	35
12.6954	35
12.697	35
12.6986	35
12.7002	35
12.7018	35
12.7034	35
12.705	35
12.7066	35
12.7082	35
12.7098	35
12.7114	35
12.713	35
12.7146	35
12.7162	35
12.7178	35
12.7194	35
12.721	35
12.7226	35
12.7242	35
12.7258	35
12.7274	35
12.729	35
12.7306	35
12.7322	35
12.7338	35
12.7354	35
12.737	35
12.7386	35
12.7402	35
12.7418	35
12.7434	35
12.745	35
12.7466	35
12.7482	35
12.7498	35
12.7514	35
12.753	35
12.7546	35
12.7562	35
12.7578	35
12.7594	35
12.761	35
12.7627	35
12.7643	35
12.7659	35
12.7675	35
12.7691	35
12.7707	35
12.7723	35
12.7739	35
12.7755	36
12.7771	36
12.7787	36
12.7803	36
12.7819	36
12.7835	36
12.7851	36
12.7867	36
12.7883	36
12.7899	36
12.7915	36
12.7931	36
12.7947	36
12.7963	36
12.7979	36
12.7995	36
12.8011	36
12.8027	36
12.8043	36
12.8059	36
12.8075	36
12.8091	36
12.8107	36
12.8123	36
12.8139	36
12.8155	36
12.8171	36
12.8187	36
12.8203	36
12.8219	36
12.8235	36
12.8251	36
12.8267	36
12.8283	36
12.8299	36
12.8315	36
12.8331	36
12.8347	36
12.8363	36
12.838	36
12.8396	36
12.8412	36
12.8428	36
12.8444	36
12.846	36
12.8476	36
12.8492	36
12.8508	36
12.8524	36
12.854	36
12.8556	36
12.8572	36
12.8588	36
12.8604	36
12.862	36
12.8636	36
12.8652	36
12.8668	36
12.8684	36
12.87	36
12.8716	36
12.8732	36
12.8748	36
12.8764	36
12.878	36
12.8796	36
12.8812	36
12.8828	36
12.8844	36
12.886	36
12.8876	36
12.8892	36
12.8908	36
12.8924	36
12.894	36
12.8956	36
12.8972	36
12.8988	36
12.9004	36
12.902	36
12.9036	36
12.9052	36
12.9068	36
12.9084	36
12.91	36
12.9117	36
12.9133	36
12.9149	36
12.9165	36
12.9181	37
12.9197	37
12.9213	37
12.9229	37
12.9245	37
12.9261	37
12.9277	37
12.9293	37
12.9309	37
12.9325	37
12.9341	38
12.9357	38
12.9373	38
12.9389	38
12.9405	38
12.9421	38
12.9437	38
12.9453	38
12.9469	38
12.9485	38
12.9501	38
12.9517	38
12.9533	38
12.9549	38
12.9565	38
12.9581	38
12.9597	38
12.9613	38
12.9629	38
12.9645	38
12.9661	38
12.9677	38
12.9693	38
12.9709	38
12.9725	38
12.9741	38
12.9757	38
12.9773	38
12.9789	38
12.9805	38
12.9821	38
12.9837	38
12.9853	38
12.987	38
12.9886	38
12.9902	38
12.9918	38
12.9934	38
12.995	38
12.9966	38
12.9982	38
12.9998	38
13.0014	38
13.003	38
13.0046	38
13.0062	38
13.0078	38
13.0094	38
13.011	38
13.0126	38
13.0142	38
13.0158	38
13.0174	38
13.019	38
13.0206	38
13.0222	38
13.0238	38
13.0254	38
13.027	38
13.0286	38
13.0302	38
13.0318	38
13.0334	38
13.035	38
13.0366	38
13.0382	38
13.0398	38
13.0414	38
13.043	38
13.0446	38
13.0462	38
13.0478	38
13.0494	38
13.051	38
13.0526	38
13.0542	38
13.0558	38
13.0574	38
13.059	38
13.0606	38
13.0623	38
13.0639	38
13.0655	38
13.0671	38
13.0687	38
13.0703	38
13.0719	38
13.0735	38
13.0751	38
13.0767	38
13.0783	38
13.0799	38
13.0815	39
13.0831	39
13.0847	39
13.0863	39
13.0879	39
13.0895	39
13.0911	39
13.0927	39
13.0943	39
13.0959	39
13.0975	39
13.0991	39
13.1007	39
13.1023	39
13.1039	39
13.1055	39
13.1071	39
13.1087	39
13.1103	39
13.1119	39
13.1135	39
13.1151	39
13.1167	39
13.1183	39
13.1199	39
13.1215	39
13.1231	39
13.1247	39
13.1263	39
13.1279	39
13.1295	39
13.1311	39
13.1327	39
13.1343	39
13.1359	39
13.1376	39
13.1392	39
13.1408	39
13.1424	39
13.144	39
13.1456	39
13.1472	39
13.1488	39
13.1504	39
13.152	39
13.1536	39
13.1552	39
13.1568	39
13.1584	39
13.16	39
13.1616	39
13.1632	39
13.1648	39
13.1664	39
13.168	39
13.1696	39
13.1712	39
13.1728	39
13.1744	39
13.176	40
13.1776	40
13.1792	40
13.1808	40
13.1824	40
13.184	40
13.1856	40
13.1872	40
13.1888	40
13.1904	40
13.192	40
13.1936	40
13.1952	40
13.1968	40
13.1984	40
13.2	40
13.2016	40
13.2032	40
13.2048	40
13.2064	40
13.208	40
13.2096	40
13.2112	40
13.2129	40
13.2145	40
13.2161	40
13.2177	40
13.2193	40
13.2209	40
13.2225	40
13.2241	40
13.2257	40
13.2273	40
13.2289	40
13.2305	40
13.2321	40
13.2337	40
13.2353	40
13.2369	40
13.2385	40
13.2401	40
13.2417	40
13.2433	40
13.2449	40
13.2465	40
13.2481	40
13.2497	40
13.2513	40
13.2529	40
13.2545	41
13.2561	41
13.2577	41
13.2593	41
13.2609	41
13.2625	41
13.2641	41
13.2657	41
13.2673	41
13.2689	41
13.2705	41
13.2721	41
13.2737	41
13.2753	41
13.2769	41
13.2785	41
13.2801	41
13.2817	41
13.2833	41
13.2849	41
13.2865	41
13.2882	41
13.2898	41
13.2914	41
13.293	41
13.2946	41
13.2962	41
13.2978	41
13.2994	41
13.301	41
13.3026	41
13.3042	41
13.3058	41
13.3074	41
13.309	41
13.3106	41
13.3122	41
13.3138	41
13.3154	41
13.317	41
13.3186	41
13.3202	41
13.3218	41
13.3234	41
13.325	41
13.3266	41
13.3282	41
13.3298	41
13.3314	41
13.333	41
13.3346	41
13.3362	41
13.3378	41
13.3394	41
13.341	41
13.3426	41
13.3442	41
13.3458	41
13.3474	41
13.349	41
13.3506	41
13.3522	41
13.3538	41
13.3554	41
13.357	41
13.3586	41
13.3602	41
13.3618	41
13.3635	41
13.3651	41
13.3667	41
13.3683	41
13.3699	41
13.3715	41
13.3731	41
13.3747	41
13.3763	41
13.3779	41
13.3795	41
13.3811	41
13.3827	41
13.3843	41
13.3859	41
13.3875	41
13.3891	41
13.3907	41
13.3923	41
13.3939	41
13.3955	41
13.3971	41
13.3987	41
13.4003	41
13.4019	41
13.4035	41
13.4051	41
13.4067	41
13.4083	41
13.4099	41
13.4115	41
13.4131	42
13.4147	42
13.4163	42
13.4179	42
13.4195	42
13.4211	42
13.4227	42
13.4243	42
13.4259	42
13.4275	42
13.4291	42
13.4307	42
13.4323	42
13.4339	42
13.4355	42
13.4371	43
13.4388	43
13.4404	43
13.442	43
13.4436	43
13.4452	43
13.4468	43
13.4484	43
13.45	43
13.4516	43
13.4532	43
13.4548	43
13.4564	43
13.458	43
13.4596	43
13.4612	43
13.4628	43
13.4644	43
13.466	43
13.4676	43
13.4692	43
13.4708	43
13.4724	43
13.474	43
13.4756	43
13.4772	43
13.4788	43
13.4804	43
13.482	43
13.4836	43
13.4852	43
13.4868	43
13.4884	43
13.49	43
13.4916	43
13.4932	43
13.4948	43
13.4964	43
13.498	43
13.4996	43
13.5012	43
13.5028	43
13.5044	43
13.506	43
13.5076	43
13.5092	43
13.5108	43
13.5125	43
13.5141	43
13.5157	43
13.5173	43
13.5189	43
13.5205	43
13.5221	43
13.5237	43
13.5253	43
13.5269	43
13.5285	43
13.5301	43
13.5317	43
13.5333	43
13.5349	43
13.5365	43
13.5381	43
13.5397	43
13.5413	43
13.5429	43
13.5445	43
13.5461	43
13.5477	43
13.5493	43
13.5509	43
13.5525	43
13.5541	43
13.5557	43
13.5573	43
13.5589	43
13.5605	43
13.5621	43
13.5637	43
13.5653	43
13.5669	43
13.5685	43
13.5701	43
13.5717	43
13.5733	43
13.5749	43
13.5765	43
13.5781	43
13.5797	43
13.5813	43
13.5829	43
13.5845	43
13.5861	43
13.5878	43
13.5894	43
13.591	43
13.5926	43
13.5942	43
13.5958	43
13.5974	44
13.599	44
13.6006	44
13.6022	44
13.6038	44
13.6054	44
13.607	44
13.6086	44
13.6102	44
13.6118	44
13.6134	44
13.615	44
13.6166	44
13.6182	44
13.6198	44
13.6214	44
13.623	44
13.6246	44
13.6262	44
13.6278	44
13.6294	44
13.631	44
13.6326	44
13.6342	44
13.6358	44
13.6374	44
13.639	44
13.6406	44
13.6422	44
13.6438	44
13.6454	44
13.647	44
13.6486	44
13.6502	44
13.6518	44
13.6534	44
13.655	44
13.6566	44
13.6582	44
13.6598	44
13.6614	44
13.6631	44
13.6647	44
13.6663	44
13.6679	44
13.6695	44
13.6711	44
13.6727	44
13.6743	44
13.6759	44
13.6775	44
13.6791	44
13.6807	44
13.6823	44
13.6839	44
13.6855	44
13.6871	44
13.6887	44
13.6903	44
13.6919	44
13.6935	44
13.6951	44
13.6967	44
13.6983	44
13.6999	44
13.7015	44
13.7031	44
13.7047	44
13.7063	44
13.7079	44
13.7095	44
13.7111	44
13.7127	44
13.7143	44
13.7159	44
13.7175	44
13.7191	44
13.7207	44
13.7223	44
13.7239	44
13.7255	44
13.7271	44
13.7287	44
13.7303	44
13.7319	44
13.7335	44
13.7351	44
13.7367	44
13.7384	44
13.74	44
13.7416	44
13.7432	44
13.7448	44
13.7464	44
13.748	44
13.7496	44
13.7512	44
13.7528	44
13.7544	44
13.756	44
13.7576	44
13.7592	44
13.7608	44
13.7624	44
13.764	44
13.7656	44
13.7672	44
13.7688	44
13.7704	44
13.772	44
13.7736	44
13.7752	45
13.7768	45
13.7784	45
13.78	45
13.7816	45
13.7832	45
13.7848	45
13.7864	45
13.788	46
13.7896	46
13.7912	46
13.7928	46
13.7944	46
13.796	46
13.7976	46
13.7992	46
13.8008	46
13.8024	46
13.804	46
13.8056	46
13.8072	46
13.8088	46
13.8104	46
13.812	46
13.8137	46
13.8153	46
13.8169	46
13.8185	46
13.8201	46
13.8217	46
13.8233	46
13.8249	46
13.8265	46
13.8281	46
13.8297	46
13.8313	46
13.8329	46
13.8345	46
13.8361	46
13.8377	46
13.8393	46
13.8409	46
13.8425	46
13.8441	46
13.8457	46
13.8473	46
13.8489	46
13.8505	46
13.8521	46
13.8537	46
13.8553	46
13.8569	46
13.8585	46
13.8601	46
13.8617	46
13.8633	46
13.8649	46
13.8665	46
13.8681	46
13.8697	46
13.8713	46
13.8729	46
13.8745	46
13.8761	46
13.8777	46
13.8793	46
13.8809	46
13.8825	46
13.8841	46
13.8857	46
13.8873	46
13.889	46
13.8906	46
13.8922	46
13.8938	46
13.8954	46
13.897	46
13.8986	46
13.9002	46
13.9018	46
13.9034	46
13.905	46
13.9066	46
13.9082	46
13.9098	46
13.9114	46
13.913	46
13.9146	46
13.9162	46
13.9178	46
13.9194	46
13.921	46
13.9226	46
13.9242	46
13.9258	46
13.9274	46
13.929	46
13.9306	46
13.9322	46
13.9338	46
13.9354	46
13.937	46
13.9386	46
13.9402	46
13.9418	46
13.9434	46
13.945	46
13.9466	46
13.9482	46
13.9498	46
13.9514	46
13.953	46
13.9546	46
13.9562	46
13.9578	46
13.9594	46
13.961	46
13.9626	46
13.9643	46
13.9659	46
13.9675	46
13.9691	47
13.9707	47
13.9723	47
13.9739	47
13.9755	47
13.9771	47
13.9787	47
13.9803	47
13.9819	47
13.9835	47
13.9851	47
13.9867	47
13.9883	47
13.9899	47
13.9915	47
13.9931	47
13.9947	47
13.9963	47
13.9979	47
13.9995	47
14.0011	47
14.0027	47
14.0043	47
14.0059	47
14.0075	47
14.0091	47
14.0107	47
14.0123	47
14.0139	47
14.0155	47
14.0171	47
14.0187	47
14.0203	47
14.0219	47
14.0235	47
14.0251	47
14.0267	47
14.0283	47
14.0299	47
14.0315	47
14.0331	47
14.0347	47
14.0363	47
14.038	47
14.0396	47
14.0412	47
14.0428	47
14.0444	47
14.046	47
14.0476	47
14.0492	47
14.0508	47
14.0524	47
14.054	47
14.0556	47
14.0572	47
14.0588	47
14.0604	47
14.062	47
14.0636	47
14.0652	47
14.0668	47
14.0684	47
14.07	47
14.0716	47
14.0732	47
14.0748	47
14.0764	47
14.078	48
14.0796	48
14.0812	48
14.0828	48
14.0844	48
14.086	48
14.0876	48
14.0892	48
14.0908	48
14.0924	48
14.094	48
14.0956	48
14.0972	48
14.0988	48
14.1004	48
14.102	48
14.1036	48
14.1052	48
14.1068	48
14.1084	48
14.11	48
14.1116	48
14.1133	48
14.1149	48
14.1165	48
14.1181	48
14.1197	48
14.1213	48
14.1229	48
14.1245	48
14.1261	48
14.1277	48
14.1293	48
14.1309	48
14.1325	48
14.1341	48
14.1357	48
14.1373	48
14.1389	48
14.1405	48
14.1421	48
14.1437	48
14.1453	48
14.1469	48
14.1485	48
14.1501	48
14.1517	48
14.1533	48
14.1549	48
14.1565	48
14.1581	48
14.1597	48
14.1613	48
14.1629	48
14.1645	48
14.1661	48
14.1677	48
14.1693	48
14.1709	48
14.1725	48
14.1741	49
14.1757	49
14.1773	49
14.1789	49
14.1805	49
14.1821	49
14.1837	49
14.1853	49
14.1869	49
14.1886	49
14.1902	49
14.1918	49
14.1934	49
14.195	49
14.1966	49
14.1982	49
14.1998	49
14.2014	49
14.203	49
14.2046	49
14.2062	49
14.2078	49
14.2094	49
14.211	49
14.2126	49
14.2142	49
14.2158	49
14.2174	49
14.219	49
14.2206	49
14.2222	49
14.2238	49
14.2254	49
14.227	49
14.2286	49
14.2302	49
14.2318	49
14.2334	49
14.235	49
14.2366	49
14.2382	49
14.2398	49
14.2414	49
14.243	49
14.2446	49
14.2462	49
14.2478	49
14.2494	49
14.251	49
14.2526	49
14.2542	49
14.2558	49
14.2574	49
14.259	49
14.2606	49
14.2622	49
14.2639	49
14.2655	49
14.2671	49
14.2687	49
14.2703	49
14.2719	49
14.2735	49
14.2751	49
14.2767	49
14.2783	49
14.2799	49
14.2815	49
14.2831	49
14.2847	49
14.2863	49
14.2879	49
14.2895	49
14.2911	49
14.2927	49
14.2943	49
14.2959	49
14.2975	49
14.2991	49
14.3007	49
14.3023	49
14.3039	49
14.3055	49
14.3071	49
14.3087	49
14.3103	49
14.3119	49
14.3135	49
14.3151	49
14.3167	49
14.3183	49
14.3199	49
14.3215	49
14.3231	49
14.3247	49
14.3263	49
14.3279	49
14.3295	49
14.3311	49
14.3327	49
14.3343	49
14.3359	49
14.3375	49
14.3392	49
14.3408	49
14.3424	49
14.344	49
14.3456	49
14.3472	49
14.3488	49
14.3504	49
14.352	49
14.3536	49
14.3552	49
14.3568	49
14.3584	49
14.36	49
14.3616	49
14.3632	49
14.3648	49
14.3664	49
14.368	49
14.3696	49
14.3712	50
14.3728	50
14.3744	50
14.376	50
14.3776	50
14.3792	50
14.3808	50
14.3824	50
14.384	50
14.3856	50
14.3872	51
14.3888	51
14.3904	51
14.392	51
14.3936	51
14.3952	51
14.3968	51
14.3984	51
14.4	51
14.4016	51
14.4032	51
14.4048	51
14.4064	51
14.408	51
14.4096	51
14.4112	51
14.4128	51
14.4145	51
14.4161	51
14.4177	51
14.4193	51
14.4209	51
14.4225	51
14.4241	51
14.4257	51
14.4273	51
14.4289	51
14.4305	51
14.4321	51
14.4337	51
14.4353	51
14.4369	51
14.4385	51
14.4401	51
14.4417	51
14.4433	51
14.4449	51
14.4465	51
14.4481	51
14.4497	51
14.4513	51
14.4529	51
14.4545	51
14.4561	51
14.4577	51
14.4593	51
14.4609	51
14.4625	51
14.4641	51
14.4657	51
14.4673	51
14.4689	51
14.4705	51
14.4721	51
14.4737	51
14.4753	51
14.4769	51
14.4785	51
14.4801	51
14.4817	51
14.4833	51
14.4849	51
14.4865	51
14.4881	51
14.4898	51
14.4914	51
14.493	51
14.4946	51
14.4962	51
14.4978	51
14.4994	51
14.501	51
14.5026	51
14.5042	51
14.5058	51
14.5074	51
14.509	51
14.5106	51
14.5122	51
14.5138	51
14.5154	51
14.517	51
14.5186	51
14.5202	51
14.5218	51
14.5234	51
14.525	51
14.5266	51
14.5282	51
14.5298	51
14.5314	51
14.533	51
14.5346	51
14.5362	51
14.5378	51
14.5394	51
14.541	51
14.5426	51
14.5442	51
14.5458	51
14.5474	51
14.549	51
14.5506	51
14.5522	51
14.5538	51
14.5554	51
14.557	51
14.5586	51
14.5602	51
14.5618	51
14.5635	51
14.5651	51
14.5667	51
14.5683	51
14.5699	51
14.5715	51
14.5731	51
14.5747	51
14.5763	51
14.5779	51
14.5795	51
14.5811	51
14.5827	51
14.5843	52
14.5859	52
14.5875	52
14.5891	52
14.5907	52
14.5923	52
14.5939	52
14.5955	52
14.5971	52
14.5987	52
14.6003	52
14.6019	52
14.6035	52
14.6051	52
14.6067	52
14.6083	52
14.6099	52
14.6115	52
14.6131	52
14.6147	52
14.6163	52
14.6179	52
14.6195	52
14.6211	52
14.6227	52
14.6243	52
14.6259	52
14.6275	52
14.6291	52
14.6307	52
14.6323	52
14.6339	52
14.6355	52
14.6371	52
14.6388	52
14.6404	52
14.642	52
14.6436	52
14.6452	52
14.6468	52
14.6484	52
14.65	52
14.6516	52
14.6532	52
14.6548	52
14.6564	52
14.658	52
14.6596	52
14.6612	52
14.6628	52
14.6644	52
14.666	52
14.6676	52
14.6692	52
14.6708	52
14.6724	52
14.674	52
14.6756	52
14.6772	52
14.7349	52
14.7365	51
14.7381	50
14.7397	49
14.7413	48
14.7429	47
14.7445	46
14.7461	45
14.7477	43
14.7493	42
14.7503	41
14.7575	39
14.7591	37
14.7607	36
14.7623	36
14.7639	35
14.7655	34
14.7671	34
14.7687	34
14.7703	34
14.7719	33
14.7735	33
14.7751	33
14.7767	33
14.7783	33
14.7799	32
14.7815	32
14.7831	32
14.7847	31
14.7863	30
14.7879	29
14.7896	29
14.7912	28
14.7928	28
14.7944	28
14.796	27
14.7976	27
14.7992	27
14.8008	27
14.8024	26
14.804	26
14.8056	26
14.8072	26
14.8088	26
14.8104	26
14.812	26
14.8136	26
14.8152	26
14.8168	26
14.8184	26
14.82	26
14.8216	26
14.8232	26
14.8248	26
14.8264	26
14.828	26
14.8296	26
14.8312	27
14.8328	27
14.8344	27
14.836	27
14.8376	27
14.8392	27
14.8408	27
14.8424	27
14.844	27
14.8456	27
14.8472	27
14.8488	27
14.8504	27
14.852	27
14.8536	27
14.8552	27
14.8568	27
14.8584	27
14.86	27
14.8616	27
14.8632	27
14.8649	27
14.8665	27
14.8681	27
14.8697	27
14.8713	27
14.8729	27
14.8745	27
14.8761	27
14.8777	27
14.8793	27
14.8809	27
14.8825	27
14.8841	27
14.8857	27
14.8873	27
14.8889	27
14.8905	27
14.8921	27
14.8937	27
14.8953	27
14.8969	27
14.8985	27
14.9001	27
14.9017	27
14.9033	27
14.9049	27
14.9065	27
14.9081	27
14.9097	27
14.9113	27
14.9129	27
14.9145	27
14.9161	27
14.9177	27
14.9193	27
14.9209	27
14.9225	27
14.9241	27
14.9257	27
14.9273	27
14.9289	27
14.9305	27
14.9321	27
14.9337	28
14.9353	28
14.9369	28
14.9385	28
14.9402	28
14.9418	28
14.9434	28
14.945	28
14.9466	28
14.9482	28
14.9498	28
14.9514	28
14.953	28
14.9546	28
14.9562	28
14.9578	28
14.9594	28
14.961	28
14.9626	28
14.9642	28
14.9658	28
14.9674	28
14.969	28
14.9706	28
14.9722	28
14.9738	28
14.9754	28
14.977	28
14.9786	28
14.9802	28
14.9818	28
14.9834	28
14.985	28
14.9866	28
14.9882	28
14.9898	28
14.9914	28
14.993	28
14.9946	28
14.9962	28
14.9978	28
14.9994	28
15.001	28
15.0026	28
15.0042	28
15.0058	28
15.0074	28
15.009	28
15.0106	28
15.0122	28
15.0138	28
15.0155	28
15.0171	28
15.0187	28
15.0203	28
15.0219	28
15.0235	28
15.0251	28
15.0267	28
15.0283	28
15.0299	28
15.0315	28
15.0331	28
15.0347	28
15.0363	28
15.0379	28
15.0395	28
15.0411	28
15.0427	28
15.0443	28
15.0459	28
15.0475	29
15.0491	29
15.0507	29
15.0523	29
15.0539	29
15.0555	29
15.0571	29
15.0587	29
15.0603	30
15.0619	30
15.0635	30
15.0651	30
15.0667	30
15.0683	30
15.0699	30
15.0715	30
15.0731	30
15.0747	30
15.0763	30
15.0779	30
15.0795	30
15.0811	30
15.0827	30
15.0843	30
15.0859	30
15.0875	30
15.0891	30
15.0908	30
15.0924	30
15.094	30
15.0956	30
15.0972	30
15.0988	30
15.1004	30
15.102	30
15.1036	30
15.1052	30
15.1068	30
15.1084	30
15.11	30
15.1116	30
15.1132	30
15.1148	30
15.1164	30
15.118	30
15.1196	30
15.1212	30
15.1228	30
15.1244	30
15.126	30
15.1276	30
15.1292	30
15.1308	30
15.1324	30
15.134	30
15.1356	30
15.1372	30
15.1388	30
15.1404	30
15.142	30
15.1436	30
15.1452	30
15.1468	30
15.1484	30
15.15	30
15.1516	30
15.1532	30
15.1548	30
15.1564	30
15.158	30
15.1596	30
15.1612	30
15.1628	30
15.1644	30
15.1661	30
15.1677	30
15.1693	30
15.1709	30
15.1725	30
15.1741	31
15.1757	31
15.1773	31
15.1789	31
15.1805	31
15.1821	31
15.1837	31
15.1853	31
15.1869	31
15.1885	31
15.1901	31
15.1917	31
15.1933	31
15.1949	31
15.1965	31
15.1981	31
15.1997	31
15.2013	31
15.2029	31
15.2045	31
15.2061	31
15.2077	31
15.2093	31
15.2109	31
15.2125	31
15.2141	31
15.2157	31
15.2173	31
15.2189	31
15.2205	31
15.2221	31
15.2237	31
15.2253	31
15.2269	31
15.2285	31
15.2301	31
15.2317	31
15.2333	31
15.2349	31
15.2365	31
15.2381	31
15.2398	31
15.2414	31
15.243	31
15.2446	31
15.2462	31
15.2478	31
15.2494	31
15.251	31
15.2526	31
15.2542	31
15.2558	31
15.2574	31
15.259	31
15.2606	31
15.2622	31
15.2638	31
15.2654	31
15.267	31
15.2686	31
15.2702	31
15.2718	31
15.2734	31
15.275	31
15.2766	31
15.2782	31
15.2798	31
15.2814	31
15.283	32
15.2846	32
15.2862	32
15.2878	32
15.2894	32
15.291	32
15.2926	32
15.2942	32
15.2958	32
15.2974	32
15.299	32
15.3006	32
15.3022	32
15.3038	32
15.3054	32
15.307	32
15.3086	32
15.3102	33
15.3118	33
15.3134	33
15.3151	33
15.3167	33
15.3183	33
15.3199	33
15.3215	33
15.3231	33
15.3247	33
15.3263	33
15.3279	33
15.3295	33
15.3311	33
15.3327	33
15.3343	33
15.3359	33
15.3375	33
15.3391	33
15.3407	33
15.3423	33
15.3439	33
15.3455	33
15.3471	33
15.3487	33
15.3503	33
15.3519	33
15.3535	33
15.3551	33
15.3567	33
15.3583	33
15.3599	33
15.3615	33
15.3631	33
15.3647	33
15.3663	33
15.3679	33
15.3695	33
15.3711	33
15.3727	33
15.3743	33
15.3759	33
15.3775	33
15.3791	33
15.3807	33
15.3823	33
15.3839	33
15.3855	33
15.3871	33
15.3887	33
15.3904	33
15.392	33
15.3936	33
15.3952	33
15.3968	33
15.3984	33
15.4	33
15.4016	33
15.4032	33
15.4048	33
15.4064	33
15.408	33
15.4096	33
15.4112	33
15.4128	33
15.4144	33
15.416	33
15.4176	33
15.4192	33
15.4208	33
15.4224	33
15.424	33
15.4256	33
15.4272	33
15.4288	33
15.4304	33
15.432	33
15.4336	33
15.4352	33
15.4368	33
15.4384	33
15.44	33
15.4416	34
15.4432	34
15.4448	34
15.4464	34
15.448	34
15.4496	34
15.4512	34
15.4528	34
15.4544	34
15.456	35
15.4576	35
15.4592	35
15.4608	35
15.4624	35
15.464	35
15.4657	35
15.4673	35
15.4689	35
15.4705	35
15.4721	35
15.4737	35
15.4753	35
15.4769	35
15.4785	35
15.4801	35
15.4817	35
15.4833	35
15.4849	35
15.4865	35
15.4881	35
15.4897	35
15.4913	35
15.4929	35
15.4945	35
15.4961	35
15.4977	35
15.4993	35
15.5009	35
15.5025	35
15.5041	35
15.5057	35
15.5073	35
15.5089	35
15.5105	35
15.5121	35
15.5137	35
15.5153	35
15.5169	35
15.5185	35
15.5201	35
15.5217	35
15.5233	35
15.5249	35
15.5265	35
15.5281	35
15.5297	35
15.5313	35
15.5329	35
15.5345	35
15.5361	35
15.5377	35
15.5393	35
15.541	35
15.5426	35
15.5442	35
15.5458	35
15.5474	35
15.549	35
15.5506	35
15.5522	35
15.5538	35
15.5554	35
15.557	35
15.5586	35
15.5602	35
15.5618	35
15.5634	35
15.565	35
15.5666	35
15.5682	35
15.5698	35
15.5714	35
15.573	35
15.5746	35
15.5762	35
15.5778	35
15.5794	35
15.581	35
15.5826	35
15.5842	35
15.5858	35
15.5874	35
15.589	35
15.5906	36
15.5922	36
15.5938	36
15.5954	36
15.597	36
15.5986	36
15.6002	36
15.6018	36
15.6034	36
15.605	36
15.6066	36
15.6082	36
15.6098	36
15.6114	36
15.613	36
15.6146	36
15.6163	36
15.6179	36
15.6195	36
15.6211	36
15.6227	36
15.6243	36
15.6259	36
15.6275	36
15.6291	36
15.6307	36
15.6323	36
15.6339	36
15.6355	36
15.6371	36
15.6387	36
15.6403	36
15.6419	36
15.6435	36
15.6451	36
15.6467	36
15.6483	36
15.6499	36
15.6515	36
15.6531	36
15.6547	36
15.6563	36
15.6579	36
15.6595	36
15.6611	36
15.6627	36
15.6643	36
15.6659	36
15.6675	36
15.6691	36
15.6707	36
15.6723	36
15.6739	36
15.6755	36
15.6771	36
15.6787	36
15.6803	36
15.6819	36
15.6835	36
15.6851	36
15.6867	36
15.6883	36
15.6899	36
15.6916	36
15.6932	36
15.6948	36
15.6964	36
15.698	36
15.6996	36
15.7012	36
15.7028	36
15.7044	36
15.706	36
15.7076	36
15.7092	36
15.7108	36
15.7124	36
15.714	36
15.7156	36
15.7172	36
15.7188	36
15.7204	36
15.722	36
15.7236	36
15.7252	36
15.7268	36
15.7284	36
15.73	36
15.7316	36
15.7332	36
15.7348	36
15.7364	37
15.738	37
15.7396	37
15.7412	37
15.7428	37
15.7444	37
15.746	38
15.7476	38
15.7492	38
15.7508	38
15.7524	38
15.754	38
15.7556	38
15.7572	38
15.7588	38
15.7604	38
15.762	38
15.7636	38
15.7653	38
15.7669	38
15.7685	38
15.7701	38
15.7717	38
15.7733	38
15.7749	38
15.7765	38
15.7781	38
15.7797	38
15.7813	38
15.7829	38
15.7845	38
15.7861	38
15.7877	38
15.7893	38
15.7909	38
15.7925	38
15.7941	38
15.7957	38
15.7973	38
15.7989	38
15.8005	38
15.8021	38
15.8037	38
15.8053	38
15.8069	38
15.8085	38
15.8101	38
15.8117	38
15.8133	38
15.8149	38
15.8165	38
15.8181	38
15.8197	38
15.8213	38
15.8229	38
15.8245	38
15.8261	38
15.8277	38
15.8293	38
15.8309	38
15.8325	38
15.8341	38
15.8357	38
15.8373	38
15.8389	38
15.8406	38
15.8422	38
15.8438	38
15.8454	38
15.847	38
15.8486	38
15.8502	38
15.8518	38
15.8534	38
15.855	38
15.8566	38
15.8582	38
15.8598	38
15.8614	38
15.863	38
15.8646	38
15.8662	38
15.8678	38
15.8694	38
15.871	38
15.8726	38
15.8742	38
15.8758	38
15.8774	38
15.879	38
15.8806	38
15.8822	38
15.8838	38
15.8854	38
15.887	38
15.8886	38
15.8902	38
15.8918	38
15.8934	38
15.895	38
15.8966	39
15.8982	39
15.8998	39
15.9014	39
15.903	39
15.9046	39
15.9062	39
15.9078	39
15.9094	39
15.911	39
15.9126	39
15.9142	39
15.9159	39
15.9175	39
15.9191	39
15.9207	39
15.9223	39
15.9239	39
15.9255	39
15.9271	39
15.9287	39
15.9303	39
15.9319	39
15.9335	39
15.9351	39
15.9367	39
15.9383	39
15.9399	39
15.9415	39
15.9431	39
15.9447	39
15.9463	39
15.9479	39
15.9495	39
15.9511	39
15.9527	39
15.9543	39
15.9559	39
15.9575	39
15.9591	39
15.9607	39
15.9623	39
15.9639	39
15.9655	39
15.9671	39
15.9687	39
15.9703	39
15.9719	39
15.9735	39
15.9751	39
15.9767	39
15.9783	39
15.9799	39
15.9815	39
15.9831	39
15.9847	39
15.9863	39
15.9879	39
15.9895	39
15.9912	39
15.9928	39
15.9944	39
15.996	39
15.9976	39
15.9992	39
16.0008	39
16.0024	39
16.004	39
16.0056	39
16.0072	39
16.0088	39
16.0104	39
16.012	39
16.0136	39
16.0152	39
16.0168	39
16.0184	39
16.02	39
16.0216	39
16.0232	39
16.0248	39
16.0264	39
16.028	40
16.0296	40
16.0312	40
16.0328	40
16.0344	40
16.036	40
16.0376	40
16.0392	40
16.0408	40
16.0424	40
16.044	40
16.0456	40
16.0472	40
16.0488	40
16.0504	40
16.052	40
16.0536	40
16.0552	40
16.0568	40
16.0584	40
16.06	40
16.0616	40
16.0632	40
16.0648	40
16.0665	40
16.0681	41
16.0697	41
16.0713	41
16.0729	41
16.0745	41
16.0761	41
16.0777	41
16.0793	41
16.0809	41
16.0825	41
16.0841	41
16.0857	41
16.0873	41
16.0889	41
16.0905	41
16.0921	41
16.0937	41
16.0953	41
16.0969	41
16.0985	41
16.1001	41
16.1017	41
16.1033	41
16.1049	41
16.1065	41
16.1081	41
16.1097	41
16.1113	41
16.1129	41
16.1145	41
16.1161	41
16.1177	41
16.1193	41
16.1209	41
16.1225	41
16.1241	41
16.1257	41
16.1273	41
16.1289	41
16.1305	41
16.1321	41
16.1337	41
16.1353	41
16.1369	41
16.1385	41
16.1401	41
16.1418	41
16.1434	41
16.145	41
16.1466	41
16.1482	41
16.1498	41
16.1514	41
16.153	41
16.1546	41
16.1562	41
16.1578	41
16.1594	41
16.161	41
16.1626	41
16.1642	41
16.1658	41
16.1674	41
16.169	41
16.1706	41
16.1722	41
16.1738	41
16.1754	41
16.177	41
16.1786	41
16.1802	41
16.1818	41
16.1834	41
16.185	41
16.1866	41
16.1882	41
16.1898	41
16.1914	41
16.193	41
16.1946	41
16.1962	41
16.1978	41
16.1994	41
16.201	41
16.2026	41
16.2042	41
16.2058	41
16.2074	41
16.209	41
16.2106	41
16.2122	41
16.2138	41
16.2154	41
16.2171	41
16.2187	41
16.2203	41
16.2219	41
16.2235	41
16.2251	41
16.2267	41
16.2283	41
16.2299	41
16.2315	42
16.2331	42
16.2347	42
16.2363	42
16.2379	42
16.2395	42
16.2411	42
16.2427	42
16.2443	42
16.2459	42
16.2475	42
16.2491	42
16.2507	42
16.2523	42
16.2539	42
16.2555	42
16.2571	43
16.2587	43
16.2603	43
16.2619	43
16.2635	43
16.2651	43
16.2667	43
16.2683	43
16.2699	43
16.2715	43
16.2731	43
16.2747	43
16.2763	43
16.2779	43
16.2795	43
16.2811	43
16.2827	43
16.2843	43
16.2859	43
16.2875	43
16.2891	43
16.2908	43
16.2924	43
16.294	43
16.2956	43
16.2972	43
16.2988	43
16.3004	43
16.302	43
16.3036	43
16.3052	43
16.3068	43
16.3084	43
16.31	43
16.3116	43
16.3132	43
16.3148	43
16.3164	43
16.318	43
16.3196	43
16.3212	43
16.3228	43
16.3244	43
16.326	43
16.3276	43
16.3292	43
16.3308	43
16.3324	43
16.334	43
16.3356	43
16.3372	43
16.3388	43
16.3404	43
16.342	43
16.3436	43
16.3452	43
16.3468	43
16.3484	43
16.35	43
16.3516	43
16.3532	43
16.3548	43
16.3564	43
16.358	43
16.3596	43
16.3612	43
16.3628	43
16.3644	43
16.3661	43
16.3677	43
16.3693	43
16.3709	43
16.3725	43
16.3741	43
16.3757	43
16.3773	43
16.3789	43
16.3805	43
16.3821	43
16.3837	43
16.3853	43
16.3869	43
16.3885	43
16.3901	43
16.3917	43
16.3933	43
16.3949	43
16.3965	43
16.3981	43
16.3997	43
16.4013	43
16.4029	43
16.4045	43
16.4061	43
16.4077	43
16.4093	43
16.4109	43
16.4125	43
16.4141	43
16.4157	44
16.4173	44
16.4189	44
16.4205	44
16.4221	44
16.4237	44
16.4253	44
16.4269	44
16.4285	44
16.4301	44
16.4317	44
16.4333	44
16.4349	44
16.4365	44
16.4381	44
16.4397	44
16.4414	44
16.443	44
16.4446	44
16.4462	44
16.4478	44
16.4494	44
16.451	44
16.4526	44
16.4542	44
16.4558	44
16.4574	44
16.459	44
16.4606	44
16.4622	44
16.4638	44
16.4654	44
16.467	44
16.4686	44
16.4702	44
16.4718	44
16.4734	44
16.475	44
16.4766	44
16.4782	44
16.4798	44
16.4814	44
16.483	44
16.4846	44
16.4862	44
16.4878	44
16.4894	44
16.491	44
16.4926	44
16.4942	44
16.4958	44
16.4974	44
16.499	44
16.5006	44
16.5022	44
16.5038	44
16.5054	44
16.507	44
16.5086	44
16.5102	44
16.5118	44
16.5134	44
16.515	44
16.5167	44
16.5183	44
16.5199	44
16.5215	44
16.5231	44
16.5247	44
16.5263	44
16.5279	44
16.5295	44
16.5311	44
16.5327	44
16.5343	44
16.5359	44
16.5375	44
16.5391	44
16.5407	44
16.5423	44
16.5439	44
16.5455	44
16.5471	44
16.5487	44
16.5503	44
16.5519	44
16.5535	44
16.5551	44
16.5567	44
16.5583	44
16.5599	44
16.5615	44
16.5631	44
16.5647	44
16.5663	44
16.5679	44
16.5695	44
16.5711	44
16.5727	44
16.5743	44
16.5759	44
16.5775	44
16.5791	44
16.5807	44
16.5823	44
16.5839	44
16.5855	44
16.5871	44
16.5887	44
16.5903	44
16.592	44
16.5936	44
16.5952	45
16.5968	45
16.5984	45
16.6	45
16.6016	45
16.6032	45
16.6048	45
16.6064	45
16.608	45
16.6096	45
16.6112	46
16.6128	46
16.6144	46
16.616	46
16.6176	46
16.6192	46
16.6208	46
16.6224	46
16.624	46
16.6256	46
16.6272	46
16.6288	46
16.6304	46
16.632	46
16.6336	46
16.6352	46
16.6368	46
16.6384	46
16.64	46
16.6416	46
16.6432	46
16.6448	46
16.6464	46
16.648	46
16.6496	46
16.6512	46
16.6528	46
16.6544	46
16.656	46
16.6576	46
16.6592	46
16.6608	46
16.6624	46
16.664	46
16.6656	46
16.6673	46
16.6689	46
16.6705	46
16.6721	46
16.6737	46
16.6753	46
16.6769	46
16.6785	46
16.6801	46
16.6817	46
16.6833	46
16.6849	46
16.6865	46
16.6881	46
16.6897	46
16.6913	46
16.6929	46
16.6945	46
16.6961	46
16.6977	46
16.6993	46
16.7009	46
16.7025	46
16.7041	46
16.7057	46
16.7073	46
16.7089	46
16.7105	46
16.7121	46
16.7137	46
16.7153	46
16.7169	46
16.7185	46
16.7201	46
16.7217	46
16.7233	46
16.7249	46
16.7265	46
16.7281	46
16.7297	46
16.7313	46
16.7329	46
16.7345	46
16.7361	46
16.7377	46
16.7393	46
16.7409	46
16.7426	46
16.7442	46
16.7458	46
16.7474	46
16.749	46
16.7506	46
16.7522	46
16.7538	46
16.7554	46
16.757	46
16.7586	46
16.7602	46
16.7618	46
16.7634	46
16.765	46
16.7666	46
16.7682	46
16.7698	46
16.7714	46
16.773	46
16.7746	46
16.7762	46
16.7778	46
16.7794	46
16.781	46
16.7826	46
16.7842	46
16.7858	46
16.7874	46
16.789	47
16.7906	47
16.7922	47
16.7938	47
16.7954	47
16.797	47
16.7986	47
16.8002	47
16.8018	47
16.8034	47
16.805	47
16.8066	47
16.8082	47
16.8098	47
16.8114	47
16.813	48
16.8146	48
16.8163	48
16.8179	48
16.8195	48
16.8211	48
16.8227	48
16.8243	48
16.8259	48
16.8275	48
16.8291	48
16.8307	48
16.8323	48
16.8339	48
16.8355	48
16.8371	48
16.8387	48
16.8403	48
16.8419	48
16.8435	48
16.8451	48
16.8467	48
16.8483	48
16.8499	48
16.8515	48
16.8531	48
16.8547	48
16.8563	48
16.8579	48
16.8595	48
16.8611	48
16.8627	48
16.8643	48
16.8659	48
16.8675	48
16.8691	48
16.8707	48
16.8723	48
16.8739	48
16.8755	48
16.8771	48
16.8787	48
16.8803	48
16.8819	48
16.8835	48
16.8851	48
16.8867	48
16.8883	48
16.8899	48
16.8916	48
16.8932	48
16.8948	48
16.8964	48
16.898	48
16.8996	48
16.9012	48
16.9028	48
16.9044	48
16.906	48
16.9076	48
16.9092	48
16.9108	48
16.9124	48
16.914	48
16.9156	48
16.9172	48
16.9188	48
16.9204	48
16.922	48
16.9236	48
16.9252	48
16.9268	48
16.9284	48
16.93	48
16.9316	48
16.9332	48
16.9348	48
16.9364	48
16.938	48
16.9396	48
16.9412	48
16.9428	48
16.9444	48
16.946	48
16.9476	48
16.9492	48
16.9508	48
16.9524	48
16.954	48
16.9556	48
16.9572	48
16.9588	48
16.9604	48
16.962	48
16.9636	48
16.9652	48
16.9669	48
16.9685	48
16.9701	48
16.9717	48
16.9733	48
16.9749	48
16.9765	48
16.9781	48
16.9797	48
16.9813	48
16.9829	48
16.9845	48
16.9861	48
16.9877	48
16.9893	48
16.9909	48
16.9925	49
16.9941	49
16.9957	49
16.9973	49
16.9989	49
17.0005	49
17.0021	49
17.0037	49
17.0053	49
17.0069	49
17.0085	49
17.0101	49
17.0117	49
17.0133	49
17.0149	49
17.0165	49
17.0181	49
17.0197	49
17.0213	49
17.0229	49
17.0245	49
17.0261	49
17.0277	49
17.0293	49
17.0309	49
17.0325	49
17.0341	49
17.0357	49
17.0373	49
17.0389	49
17.0405	49
17.0422	49
17.0438	49
17.0454	49
17.047	49
17.0486	49
17.0502	49
17.0518	49
17.0534	49
17.055	49
17.0566	49
17.0582	49
17.0598	49
17.0614	49
17.063	49
17.0646	49
17.0662	49
17.0678	49
17.0694	49
17.071	49
17.0726	49
17.0742	49
17.0758	49
17.0774	49
17.079	49
17.0806	49
17.0822	49
17.0838	49
17.0854	49
17.087	49
17.0886	49
17.0902	49
17.0918	49
17.0934	49
17.095	49
17.0966	49
17.0982	49
17.0998	49
17.1014	49
17.103	49
17.1046	49
17.1062	49
17.1078	49
17.1094	49
17.111	49
17.1126	49
17.1142	49
17.1158	49
17.1175	49
17.1191	49
17.1207	49
17.1223	49
17.1239	49
17.1255	49
17.1271	49
17.1287	49
17.1303	49
17.1319	49
17.1335	49
17.1351	49
17.1367	49
17.1383	49
17.1399	49
17.1415	49
17.1431	49
17.1447	49
17.1463	49
17.1479	49
17.1495	49
17.1511	49
17.1527	49
17.1543	49
17.1559	49
17.1575	49
17.1591	49
17.1607	49
17.1623	49
17.1639	49
17.1655	49
17.1671	49
17.1687	49
17.1703	49
17.1719	49
17.1735	49
17.1751	49
17.1767	49
17.1783	49
17.1799	49
17.1815	49
17.1831	49
17.1847	49
17.1863	49
17.1879	49
17.1895	50
17.1911	50
17.1928	50
17.1944	50
17.196	50
17.1976	50
17.1992	50
17.2008	50
17.2024	50
17.204	50
17.2056	50
17.2072	51
17.2088	51
17.2104	51
17.212	51
17.2136	51
17.2152	51
17.2168	51
17.2184	51
17.22	51
17.2216	51
17.2232	51
17.2248	51
17.2264	51
17.228	51
17.2296	51
17.2312	51
17.2328	51
17.2344	51
17.236	51
17.2376	51
17.2392	51
17.2408	51
17.2424	51
17.244	51
17.2456	51
17.2472	51
17.2488	51
17.2504	51
17.252	51
17.2536	51
17.2552	51
17.2568	51
17.2584	51
17.26	51
17.2616	51
17.2632	51
17.2648	51
17.2664	51
17.2681	51
17.2697	51
17.2713	51
17.2729	51
17.2745	51
17.2761	51
17.2777	51
17.2793	51
17.2809	51
17.2825	51
17.2841	51
17.2857	51
17.2873	51
17.2889	51
17.2905	51
17.2921	51
17.2937	51
17.2953	51
17.2969	51
17.2985	51
17.3001	51
17.3017	51
17.3033	51
17.3049	51
17.3065	51
17.3081	51
17.3097	51
17.3113	51
17.3129	51
17.3145	51
17.3161	51
17.3177	51
17.3193	51
17.3209	51
17.3225	51
17.3241	51
17.3257	51
17.3273	51
17.3289	51
17.3305	51
17.3321	51
17.3337	51
17.3353	51
17.3369	51
17.3385	51
17.3401	51
17.3418	51
17.3434	51
17.345	51
17.3466	51
17.3482	51
17.3498	51
17.3514	51
17.353	51
17.3546	51
17.3562	51
17.3578	51
17.3594	51
17.361	51
17.3626	51
17.3642	51
17.3658	51
17.3674	51
17.369	51
17.3706	51
17.3722	51
17.3738	51
17.3754	51
17.377	51
17.3786	51
17.3802	51
17.3818	51
17.3834	51
17.385	51
17.3866	51
17.3882	51
17.3898	51
17.3914	51
17.393	51
17.3946	51
17.3962	51
17.3978	51
17.3994	51
17.401	51
17.4026	52
17.4042	52
17.4058	52
17.4074	52
17.409	52
17.4106	52
17.4122	52
17.4138	52
17.4154	52
17.4171	52
17.4187	52
17.4203	52
17.4219	52
17.4235	52
17.4251	52
17.4267	52
17.4283	52
17.4299	52
17.4315	52
17.4331	52
17.4347	52
17.4363	52
17.4379	52
17.4395	52
17.4411	52
17.4427	52
17.4443	52
17.4459	52
17.4475	52
17.4491	52
17.4507	52
17.4523	52
17.4539	52
17.4555	52
17.4571	52
17.4587	52
17.4603	52
17.4619	52
17.4635	52
17.4651	52
17.4667	52
17.4683	52
17.4699	52
17.4715	52
17.4731	52
17.4747	52
17.4763	52
17.4779	52
17.4795	52
17.4811	52
17.4827	52
17.4843	52
17.4859	52
17.4875	52
17.4891	52
17.4907	52
17.4924	52
17.494	52
17.4956	52
17.5532	52
17.5548	51
17.5564	50
17.558	50
17.5596	49
17.5612	47
17.5628	46
17.5644	45
17.566	44
17.5677	42
17.5688	41
17.576	39
17.5776	37
17.5792	36
17.5808	35
17.5824	35
17.5841	34
17.5857	34
17.5873	34
17.5889	34
17.5905	33
17.5921	33
17.5937	33
17.5953	33
17.5969	33
17.5985	33
17.6001	33
17.6017	32
17.6033	31
17.6049	30
17.6065	29
17.6081	29
17.6097	28
17.6113	28
17.6129	28
17.6145	27
17.6161	27
17.6177	27
17.6193	27
17.6209	26
17.6225	26
17.6241	26
17.6257	26
17.6273	26
17.6289	26
17.6305	26
17.6321	26
17.6337	26
17.6353	26
17.6369	26
17.6385	26
17.6401	26
17.6417	26
17.6433	26
17.6449	26
17.6465	26
17.6481	26
17.6497	26
17.6513	26
17.6529	26
17.6545	26
17.6561	27
17.6577	27
17.6594	27
17.661	27
17.6626	27
17.6642	27
17.6658	27
17.6674	27
17.669	27
17.6706	27
17.6722	27
17.6738	27
17.6754	27
17.677	27
17.6786	27
17.6802	27
17.6818	27
17.6834	27
17.685	27
17.6866	27
17.6882	27
17.6898	27
17.6914	27
17.693	27
17.6946	27
17.6962	27
17.6978	27
17.6994	27
17.701	27
17.7026	27
17.7042	27
17.7058	27
17.7074	27
17.709	27
17.7106	27
17.7122	27
17.7138	27
17.7154	27
17.717	27
17.7186	27
17.7202	27
17.7218	27
17.7234	27
17.725	27
17.7266	27
17.7282	27
17.7298	27
17.7314	27
17.733	27
17.7347	27
17.7363	27
17.7379	27
17.7395	27
17.7411	27
17.7427	27
17.7443	27
17.7459	27
17.7475	27
17.7491	27
17.7507	27
17.7523	27
17.7539	27
17.7555	28
17.7571	28
17.7587	28
17.7603	28
17.7619	28
17.7635	28
17.7651	28
17.7667	28
17.7683	28
17.7699	28
17.7715	28
17.7731	28
17.7747	28
17.7763	28
17.7779	28
17.7795	28
17.7811	28
17.7827	28
17.7843	28
17.7859	28
17.7875	28
17.7891	28
17.7907	28
17.7923	28
17.7939	28
17.7955	28
17.7971	28
17.7987	28
17.8003	28
17.8019	28
17.8035	28
17.8051	28
17.8067	28
17.8083	28
17.81	28
17.8116	28
17.8132	28
17.8148	28
17.8164	28
17.818	28
17.8196	28
17.8212	28
17.8228	28
17.8244	28
17.826	28
17.8276	28
17.8292	28
17.8308	28
17.8324	28
17.834	28
17.8356	28
17.8372	28
17.8388	28
17.8404	28
17.842	28
17.8436	28
17.8452	28
17.8468	28
17.8484	28
17.85	28
17.8516	28
17.8532	28
17.8548	28
17.8564	28
17.858	28
17.8596	28
17.8612	28
17.8628	28
17.8644	28
17.866	29
17.8676	29
17.8692	29
17.8708	29
17.8724	29
17.874	29
17.8756	29
17.8772	30
17.8788	30
17.8804	30
17.882	30
17.8836	30
17.8853	30
17.8869	30
17.8885	30
17.8901	30
17.8917	30
17.8933	30
17.8949	30
17.8965	30
17.8981	30
17.8997	30
17.9013	30
17.9029	30
17.9045	30
17.9061	30
17.9077	30
17.9093	30
17.9109	30
17.9125	30
17.9141	30
17.9157	30
17.9173	30
17.9189	30
17.9205	30
17.9221	30
17.9237	30
17.9253	30
17.9269	30
17.9285	30
17.9301	30
17.9317	30
17.9333	30
17.9349	30
17.9365	30
17.9381	30
17.9397	30
17.9413	30
17.9429	30
17.9445	30
17.9461	30
17.9477	30
17.9493	30
17.9509	30
17.9525	30
17.9541	30
17.9557	30
17.9573	30
17.959	30
17.9606	30
17.9622	30
17.9638	30
17.9654	30
17.967	30
17.9686	30
17.9702	30
17.9718	30
17.9734	30
17.975	30
17.9766	30
17.9782	30
17.9798	30
17.9814	30
17.983	30
17.9846	30
17.9862	30
17.9878	30
17.9894	30
17.991	30
17.9926	30
17.9942	30
17.9958	31
17.9974	31
17.999	31
18.0006	31
18.0022	31
18.0038	31
18.0054	31
18.007	31
18.0086	31
18.0102	31
18.0118	31
18.0134	31
18.015	32
18.0166	32
18.0182	32
18.0198	32
18.0214	32
18.023	32
18.0246	32
18.0262	32
18.0278	32
18.0294	32
18.031	32
18.0326	32
18.0343	32
18.0359	32
18.0375	32
18.0391	32
18.0407	32
18.0423	32
18.0439	32
18.0455	32
18.0471	32
18.0487	32
18.0503	32
18.0519	32
18.0535	32
18.0551	32
18.0567	32
18.0583	32
18.0599	32
18.0615	32
18.0631	32
18.0647	32
18.0663	32
18.0679	32
18.0695	32
18.0711	32
18.0727	32
18.0743	32
18.0759	32
18.0775	32
18.0791	32
18.0807	32
18.0823	32
18.0839	32
18.0855	32
18.0871	32
18.0887	32
18.0903	32
18.0919	32
18.0935	32
18.0951	32
18.0967	32
18.0983	32
18.0999	32
18.1015	32
18.1031	32
18.1047	32
18.1063	32
18.1079	32
18.1096	32
18.1112	32
18.1128	32
18.1144	32
18.116	32
18.1176	32
18.1192	32
18.1208	32
18.1224	32
18.124	32
18.1256	32
18.1272	32
18.1288	32
18.1304	32
18.132	32
18.1336	33
18.1352	33
18.1368	33
18.1384	33
18.14	33
18.1416	33
18.1432	33
18.1448	33
18.1464	33
18.148	33
18.1496	33
18.1512	33
18.1528	33
18.1544	33
18.156	33
18.1576	33
18.1592	33
18.1608	33
18.1624	33
18.164	33
18.1656	33
18.1672	33
18.1688	33
18.1704	33
18.172	33
18.1736	33
18.1752	33
18.1768	33
18.1784	33
18.18	33
18.1816	33
18.1832	33
18.1849	33
18.1865	33
18.1881	33
18.1897	33
18.1913	33
18.1929	33
18.1945	33
18.1961	33
18.1977	33
18.1993	33
18.2009	33
18.2025	33
18.2041	33
18.2057	33
18.2073	33
18.2089	33
18.2105	33
18.2121	33
18.2137	33
18.2153	33
18.2169	33
18.2185	33
18.2201	33
18.2217	33
18.2233	33
18.2249	33
18.2265	33
18.2281	33
18.2297	33
18.2313	33
18.2329	33
18.2345	33
18.2361	33
18.2377	33
18.2393	33
18.2409	33
18.2425	33
18.2441	33
18.2457	33
18.2473	33
18.2489	33
18.2505	33
18.2521	33
18.2537	33
18.2553	33
18.2569	33
18.2585	33
18.2602	33
18.2618	34
18.2634	34
18.265	34
18.2666	34
18.2682	34
18.2698	34
18.2714	34
18.273	34
18.2746	34
18.2762	34
18.2778	34
18.2794	34
18.281	34
18.2826	34
18.2842	35
18.2858	35
18.2874	35
18.289	35
18.2906	35
18.2922	35
18.2938	35
18.2954	35
18.297	35
18.2986	35
18.3002	35
18.3018	35
18.3034	35
18.305	35
18.3066	35
18.3082	35
18.3098	35
18.3114	35
18.313	35
18.3146	35
18.3162	35
18.3178	35
18.3194	35
18.321	35
18.3226	35
18.3242	35
18.3258	35
18.3274	35
18.329	35
18.3306	35
18.3322	35
18.3338	35
18.3355	35
18.3371	35
18.3387	35
18.3403	35
18.3419	35
18.3435	35
18.3451	35
18.3467	35
18.3483	35
18.3499	35
18.3515	35
18.3531	35
18.3547	35
18.3563	35
18.3579	35
18.3595	35
18.3611	35
18.3627	35
18.3643	35
18.3659	35
18.3675	35
18.3691	35
18.3707	35
18.3723	35
18.3739	35
18.3755	35
18.3771	35
18.3787	35
18.3803	35
18.3819	35
18.3835	35
18.3851	35
18.3867	35
18.3883	35
18.3899	35
18.3915	35
18.3931	35
18.3947	35
18.3963	35
18.3979	35
18.3995	35
18.4011	35
18.4027	35
18.4043	35
18.4059	35
18.4075	35
18.4091	35
18.4108	35
18.4124	36
18.414	36
18.4156	36
18.4172	36
18.4188	36
18.4204	36
18.422	36
18.4236	36
18.4252	36
18.4268	36
18.4284	36
18.43	36
18.4316	36
18.4332	36
18.4348	36
18.4364	36
18.438	36
18.4396	36
18.4412	36
18.4428	36
18.4444	36
18.446	36
18.4476	36
18.4492	36
18.4508	36
18.4524	36
18.454	36
18.4556	36
18.4572	36
18.4588	36
18.4604	36
18.462	36
18.4636	36
18.4652	36
18.4668	36
18.4684	36
18.47	36
18.4716	36
18.4732	36
18.4748	36
18.4764	36
18.478	36
18.4796	36
18.4812	36
18.4828	36
18.4845	36
18.4861	36
18.4877	36
18.4893	36
18.4909	36
18.4925	36
18.4941	36
18.4957	36
18.4973	36
18.4989	36
18.5005	36
18.5021	36
18.5037	36
18.5053	36
18.5069	36
18.5085	36
18.5101	36
18.5117	36
18.5133	36
18.5149	36
18.5165	36
18.5181	36
18.5197	36
18.5213	36
18.5229	36
18.5245	36
18.5261	36
18.5277	36
18.5293	36
18.5309	36
18.5325	36
18.5341	36
18.5357	36
18.5373	36
18.5389	36
18.5405	36
18.5421	36
18.5437	36
18.5453	36
18.5469	36
18.5485	36
18.5501	36
18.5517	36
18.5533	36
18.5549	36
18.5565	36
18.5581	37
18.5598	37
18.5614	37
18.563	37
18.5646	37
18.5662	37
18.5678	37
18.5694	37
18.571	37
18.5726	37
18.5742	38
18.5758	38
18.5774	38
18.579	38
18.5806	38
18.5822	38
18.5838	38
18.5854	38
18.587	38
18.5886	38
18.5902	38
18.5918	38
18.5934	38
18.595	38
18.5966	38
18.5982	38
18.5998	38
18.6014	38
18.603	38
18.6046	38
18.6062	38
18.6078	38
18.6094	38
18.611	38
18.6126	38
18.6142	38
18.6158	38
18.6174	38
18.619	38
18.6206	38
18.6222	38
18.6238	38
18.6254	38
18.627	38
18.6286	38
18.6302	38
18.6318	38
18.6334	38
18.6351	38
18.6367	38
18.6383	38
18.6399	38
18.6415	38
18.6431	38
18.6447	38
18.6463	38
18.6479	38
18.6495	38
18.6511	38
18.6527	38
18.6543	38
18.6559	38
18.6575	38
18.6591	38
18.6607	38
18.6623	38
18.6639	38
18.6655	38
18.6671	38
18.6687	38
18.6703	38
18.6719	38
18.6735	38
18.6751	38
18.6767	38
18.6783	38
18.6799	38
18.6815	38
18.6831	38
18.6847	38
18.6863	38
18.6879	38
18.6895	38
18.6911	38
18.6927	38
18.6943	38
18.6959	38
18.6975	38
18.6991	38
18.7007	38
18.7023	38
18.7039	38
18.7055	38
18.7071	38
18.7087	38
18.7104	38
18.712	38
18.7136	38
18.7152	38
18.7168	38
18.7184	38
18.72	39
18.7216	39
18.7232	39
18.7248	39
18.7264	39
18.728	39
18.7296	39
18.7312	39
18.7328	39
18.7344	39
18.736	39
18.7376	39
18.7392	39
18.7408	39
18.7424	39
18.744	39
18.7456	39
18.7472	39
18.7488	39
18.7504	39
18.752	40
18.7536	40
18.7552	40
18.7568	40
18.7584	40
18.76	40
18.7616	40
18.7632	40
18.7648	40
18.7664	40
18.768	40
18.7696	40
18.7712	40
18.7728	40
18.7744	40
18.776	40
18.7776	40
18.7792	40
18.7808	40
18.7824	40
18.784	40
18.7857	40
18.7873	40
18.7889	40
18.7905	40
18.7921	40
18.7937	40
18.7953	40
18.7969	40
18.7985	40
18.8001	40
18.8017	40
18.8033	40
18.8049	40
18.8065	40
18.8081	40
18.8097	40
18.8113	40
18.8129	40
18.8145	40
18.8161	40
18.8177	40
18.8193	40
18.8209	40
18.8225	40
18.8241	40
18.8257	40
18.8273	40
18.8289	40
18.8305	40
18.8321	40
18.8337	40
18.8353	40
18.8369	40
18.8385	40
18.8401	40
18.8417	40
18.8433	40
18.8449	40
18.8465	40
18.8481	40
18.8497	40
18.8513	40
18.8529	40
18.8545	40
18.8561	40
18.8577	40
18.8593	40
18.861	40
18.8626	40
18.8642	40
18.8658	40
18.8674	40
18.869	40
18.8706	40
18.8722	40
18.8738	40
18.8754	40
18.877	40
18.8786	40
18.8802	40
18.8818	40
18.8834	40
18.885	40
18.8866	40
18.8882	40
18.8898	40
18.8914	41
18.893	41
18.8946	41
18.8962	41
18.8978	41
18.8994	41
18.901	41
18.9026	41
18.9042	41
18.9058	41
18.9074	41
18.909	41
18.9106	41
18.9122	41
18.9138	41
18.9154	41
18.917	41
18.9186	41
18.9202	41
18.9218	41
18.9234	41
18.925	41
18.9266	41
18.9282	41
18.9298	41
18.9314	41
18.933	41
18.9346	41
18.9363	41
18.9379	41
18.9395	41
18.9411	41
18.9427	41
18.9443	41
18.9459	41
18.9475	41
18.9491	41
18.9507	41
18.9523	41
18.9539	41
18.9555	41
18.9571	41
18.9587	41
18.9603	41
18.9619	41
18.9635	41
18.9651	41
18.9667	41
18.9683	41
18.9699	41
18.9715	41
18.9731	41
18.9747	41
18.9763	41
18.9779	41
18.9795	41
18.9811	41
18.9827	41
18.9843	41
18.9859	41
18.9875	41
18.9891	41
18.9907	41
18.9923	41
18.9939	41
18.9955	41
18.9971	41
18.9987	41
19.0003	41
19.0019	41
19.0035	41
19.0051	41
19.0067	41
19.0083	41
19.01	41
19.0116	41
19.0132	41
19.0148	41
19.0164	41
19.018	41
19.0196	41
19.0212	41
19.0228	41
19.0244	41
19.026	41
19.0276	41
19.0292	41
19.0308	41
19.0324	41
19.034	41
19.0356	41
19.0372	41
19.0388	41
19.0404	41
19.042	41
19.0436	41
19.0452	41
19.0468	41
19.0484	41
19.05	41
19.0516	42
19.0532	42
19.0548	42
19.0564	42
19.058	42
19.0596	42
19.0612	42
19.0628	42
19.0644	42
19.066	43
19.0676	43
19.0692	43
19.0708	43
19.0724	43
19.074	43
19.0756	43
19.0772	43
19.0788	43
19.0804	43
19.082	43
19.0836	43
19.0853	43
19.0869	43
19.0885	43
19.0901	43
19.0917	43
19.0933	43
19.0949	43
19.0965	43
19.0981	43
19.0997	43
19.1013	43
19.1029	43
19.1045	43
19.1061	43
19.1077	43
19.1093	43
19.1109	43
19.1125	43
19.1141	43
19.1157	43
19.1173	43
19.1189	43
19.1205	43
19.1221	43
19.1237	43
19.1253	43
19.1269	43
19.1285	43
19.1301	43
19.1317	43
19.1333	43
19.1349	43
19.1365	43
19.1381	43
19.1397	43
19.1413	43
19.1429	43
19.1445	43
19.1461	43
19.1477	43
19.1493	43
19.1509	43
19.1525	43
19.1541	43
19.1557	43
19.1573	43
19.1589	43
19.1606	43
19.1622	43
19.1638	43
19.1654	43
19.167	43
19.1686	43
19.1702	43
19.1718	43
19.1734	43
19.175	43
19.1766	43
19.1782	43
19.1798	43
19.1814	43
19.183	43
19.1846	43
19.1862	43
19.1878	43
19.1894	43
19.191	43
19.1926	43
19.1942	43
19.1958	43
19.1974	43
19.199	43
19.2006	43
19.2022	43
19.2038	43
19.2054	43
19.207	43
19.2086	43
19.2102	43
19.2118	43
19.2134	43
19.215	43
19.2166	43
19.2182	43
19.2198	43
19.2214	43
19.223	43
19.2246	43
19.2262	43
19.2278	43
19.2294	43
19.231	43
19.2326	43
19.2342	44
19.2359	44
19.2375	44
19.2391	44
19.2407	44
19.2423	44
19.2439	44
19.2455	44
19.2471	44
19.2487	44
19.2503	44
19.2519	44
19.2535	44
19.2551	44
19.2567	44
19.2583	44
19.2599	44
19.2615	44
19.2631	44
19.2647	44
19.2663	44
19.2679	44
19.2695	44
19.2711	44
19.2727	44
19.2743	44
19.2759	44
19.2775	44
19.2791	44
19.2807	44
19.2823	44
19.2839	44
19.2855	44
19.2871	44
19.2887	44
19.2903	44
19.2919	44
19.2935	44
19.2951	44
19.2967	44
19.2983	44
19.2999	44
19.3015	44
19.3031	44
19.3047	44
19.3063	44
19.3079	44
19.3095	44
19.3112	44
19.3128	44
19.3144	44
19.316	44
19.3176	44
19.3192	44
19.3208	44
19.3224	44
19.324	44
19.3256	44
19.3272	44
19.3288	44
19.3304	44
19.332	44
19.3336	44
19.3352	44
19.3368	44
19.3384	44
19.34	44
19.3416	44
19.3432	44
19.3448	44
19.3464	44
19.348	44
19.3496	44
19.3512	44
19.3528	44
19.3544	44
19.356	44
19.3576	44
19.3592	44
19.3608	44
19.3624	44
19.364	44
19.3656	44
19.3672	44
19.3688	44
19.3704	44
19.372	44
19.3736	44
19.3752	44
19.3768	44
19.3784	44
19.38	44
19.3816	44
19.3832	44
19.3848	44
19.3865	44
19.3881	44
19.3897	44
19.3913	44
19.3929	44
19.3945	44
19.3961	44
19.3977	44
19.3993	44
19.4009	44
19.4025	44
19.4041	44
19.4057	44
19.4073	44
19.4089	44
19.4105	44
19.4121	44
19.4137	44
19.4153	45
19.4169	45
19.4185	45
19.4201	45
19.4217	45
19.4233	45
19.4249	45
19.4265	45
19.4281	46
19.4297	46
19.4313	46
19.4329	46
19.4345	46
19.4361	46
19.4377	46
19.4393	46
19.4409	46
19.4425	46
19.4441	46
19.4457	46
19.4473	46
19.4489	46
19.4505	46
19.4521	46
19.4537	46
19.4553	46
19.4569	46
19.4585	46
19.4601	46
19.4618	46
19.4634	46
19.465	46
19.4666	46
19.4682	46
19.4698	46
19.4714	46
19.473	46
19.4746	46
19.4762	46
19.4778	46
19.4794	46
19.481	46
19.4826	46
19.4842	46
19.4858	46
19.4874	46
19.489	46
19.4906	46
19.4922	46
19.4938	46
19.4954	46
19.497	46
19.4986	46
19.5002	46
19.5018	46
19.5034	46
19.505	46
19.5066	46
19.5082	46
19.5098	46
19.5114	46
19.513	46
19.5146	46
19.5162	46
19.5178	46
19.5194	46
19.521	46
19.5226	46
19.5242	46
19.5258	46
19.5274	46
19.529	46
19.5306	46
19.5322	46
19.5338	46
19.5355	46
19.5371	46
19.5387	46
19.5403	46
19.5419	46
19.5435	46
19.5451	46
19.5467	46
19.5483	46
19.5499	46
19.5515	46
19.5531	46
19.5547	46
19.5563	46
19.5579	46
19.5595	46
19.5611	46
19.5627	46
19.5643	46
19.5659	46
19.5675	46
19.5691	46
19.5707	46
19.5723	46
19.5739	46
19.5755	46
19.5771	46
19.5787	46
19.5803	46
19.5819	46
19.5835	46
19.5851	46
19.5867	46
19.5883	46
19.5899	46
19.5915	46
19.5931	46
19.5947	46
19.5963	46
19.5979	46
19.5995	46
19.6011	46
19.6027	46
19.6043	46
19.6059	46
19.6075	46
19.6091	47
19.6108	47
19.6124	47
19.614	47
19.6156	47
19.6172	47
19.6188	47
19.6204	47
19.622	47
19.6236	47
19.6252	47
19.6268	47
19.6284	47
19.63	47
19.6316	47
19.6332	47
19.6348	47
19.6364	47
19.638	47
19.6396	47
19.6412	47
19.6428	47
19.6444	47
19.646	47
19.6476	47
19.6492	47
19.6508	47
19.6524	47
19.654	48
19.6556	48
19.6572	48
19.6588	48
19.6604	48
19.662	48
19.6636	48
19.6652	48
19.6668	48
19.6684	48
19.67	48
19.6716	48
19.6732	48
19.6748	48
19.6764	48
19.678	48
19.6796	48
19.6812	48
19.6828	48
19.6844	48
19.6861	48
19.6877	48
19.6893	48
19.6909	48
19.6925	48
19.6941	48
19.6957	48
19.6973	48
19.6989	48
19.7005	48
19.7021	48
19.7037	48
19.7053	48
19.7069	48
19.7085	48
19.7101	48
19.7117	48
19.7133	48
19.7149	48
19.7165	48
19.7181	48
19.7197	48
19.7213	48
19.7229	48
19.7245	48
19.7261	48
19.7277	48
19.7293	48
19.7309	48
19.7325	48
19.7341	48
19.7357	48
19.7373	48
19.7389	48
19.7405	48
19.7421	48
19.7437	48
19.7453	48
19.7469	48
19.7485	48
19.7501	48
19.7517	48
19.7533	48
19.7549	48
19.7565	48
19.7581	48
19.7597	48
19.7614	48
19.763	48
19.7646	48
19.7662	48
19.7678	48
19.7694	48
19.771	48
19.7726	48
19.7742	48
19.7758	48
19.7774	48
19.779	48
19.7806	48
19.7822	48
19.7838	48
19.7854	48
19.787	48
19.7886	48
19.7902	48
19.7918	48
19.7934	48
19.795	48
19.7966	48
19.7982	48
19.7998	48
19.8014	48
19.803	48
19.8046	48
19.8062	48
19.8078	48
19.8094	48
19.811	49
19.8126	49
19.8142	49
19.8158	49
19.8174	49
19.819	49
19.8206	49
19.8222	49
19.8238	49
19.8254	49
19.827	49
19.8286	49
19.8302	49
19.8318	49
19.8334	49
19.835	49
19.8367	49
19.8383	49
19.8399	49
19.8415	49
19.8431	49
19.8447	49
19.8463	49
19.8479	49
19.8495	49
19.8511	49
19.8527	49
19.8543	49
19.8559	49
19.8575	49
19.8591	49
19.8607	49
19.8623	49
19.8639	49
19.8655	49
19.8671	49
19.8687	49
19.8703	49
19.8719	49
19.8735	49
19.8751	49
19.8767	49
19.8783	49
19.8799	49
19.8815	49
19.8831	49
19.8847	49
19.8863	49
19.8879	49
19.8895	49
19.8911	49
19.8927	49
19.8943	49
19.8959	49
19.8975	49
19.8991	49
19.9007	49
19.9023	49
19.9039	49
19.9055	49
19.9071	49
19.9087	49
19.9103	49
19.912	49
19.9136	49
19.9152	49
19.9168	49
19.9184	49
19.92	49
19.9216	49
19.9232	49
19.9248	49
19.9264	49
19.928	49
19.9296	49
19.9312	49
19.9328	49
19.9344	49
19.936	49
19.9376	49
19.9392	49
19.9408	49
19.9424	49
19.944	49
19.9456	49
19.9472	49
19.9488	49
19.9504	49
19.952	49
19.9536	49
19.9552	49
19.9568	49
19.9584	49
19.96	49
19.9616	49
19.9632	49
19.9648	49
19.9664	49
19.968	49
19.9696	49
19.9712	49
19.9728	49
19.9744	49
19.976	49
19.9776	49
19.9792	49
19.9808	49
19.9824	49
19.984	49
19.9856	49
19.9873	49
19.9889	49
19.9905	49
19.9921	49
19.9937	49
19.9953	49
19.9969	49
19.9985	49
20.0001	49
20.0017	49
20.0033	49
20.0049	49
20.0065	49
20.0081	50
20.0097	50
20.0113	50
20.0129	50
20.0145	50
20.0161	50
20.0177	50
20.0193	50
20.0209	50
20.0225	50
20.0241	50
20.0257	50
20.0273	50
20.0289	50
20.0305	50
20.0321	51
20.0337	51
20.0353	51
20.0369	51
20.0385	51
20.0401	51
20.0417	51
20.0433	51
20.0449	51
20.0465	51
20.0481	51
20.0497	51
20.0513	51
20.0529	51
20.0545	51
20.0561	51
20.0577	51
20.0593	51
20.061	51
20.0626	51
20.0642	51
20.0658	51
20.0674	51
20.069	51
20.0706	51
20.0722	51
20.0738	51
20.0754	51
20.077	51
20.0786	51
20.0802	51
20.0818	51
20.0834	51
20.085	51
20.0866	51
20.0882	51
20.0898	51
20.0914	51
20.093	51
20.0946	51
20.0962	51
20.0978	51
20.0994	51
20.101	51
20.1026	51
20.1042	51
20.1058	51
20.1074	51
20.109	51
20.1106	51
20.1122	51
20.1138	51
20.1154	51
20.117	51
20.1186	51
20.1202	51
20.1218	51
20.1234	51
20.125	51
20.1266	51
20.1282	51
20.1298	51
20.1314	51
20.133	51
20.1346	51
20.1363	51
20.1379	51
20.1395	51
20.1411	51
20.1427	51
20.1443	51
20.1459	51
20.1475	51
20.1491	51
20.1507	51
20.1523	51
20.1539	51
20.1555	51
20.1571	51
20.1587	51
20.1603	51
20.1619	51
20.1635	51
20.1651	51
20.1667	51
20.1683	51
20.1699	51
20.1715	51
20.1731	51
20.1747	51
20.1763	51
20.1779	51
20.1795	51
20.1811	51
20.1827	51
20.1843	51
20.1859	51
20.1875	51
20.1891	51
20.1907	51
20.1923	51
20.1939	51
20.1955	51
20.1971	51
20.1987	51
20.2003	51
20.2019	51
20.2035	51
20.2051	51
20.2067	51
20.2083	51
20.2099	51
20.2116	51
20.2132	51
20.2148	51
20.2164	51
20.218	51
20.2196	51
20.2212	51
20.2228	51
20.2244	52
20.226	52
20.2276	52
20.2292	52
20.2308	52
20.2324	52
20.234	52
20.2356	52
20.2372	52
20.2388	52
20.2404	52
20.242	52
20.2436	52
20.2452	52
20.2468	52
20.2484	52
20.25	52
20.2516	52
20.2532	52
20.2548	52
20.2564	52
20.258	52
20.2596	52
20.2612	52
20.2628	52
20.2644	52
20.266	52
20.2676	52
20.2692	52
20.2708	52
20.2724	52
20.274	52
20.2756	52
20.2772	52
20.2788	52
20.2804	52
20.282	52
20.2836	52
20.2852	52
20.2869	52
20.2885	52
20.2901	52
20.2917	52
20.2933	52
20.2949	52
20.2965	52
20.2981	52
20.2997	52
20.3013	52
20.3029	52
20.3045	52
20.3061	52
20.3077	52
20.3093	52
20.3109	52
20.3125	52
20.3141	52
20.3157	52
20.3734	52
20.375	51
20.3766	51
20.3782	50
20.3798	48
20.3814	47
20.383	46
20.3846	45
20.3862	44
20.3878	42
20.3888	41
20.396	39
20.3976	37
20.3992	36
20.4008	35
20.4024	35
20.404	34
20.4056	34
20.4072	34
20.4088	34
20.4104	33
20.412	33
20.4136	33
20.4152	33
20.4168	33
20.4184	33
20.42	33
20.4216	32
20.4232	31
20.4248	30
20.4264	30
20.428	29
20.4296	28
20.4312	28
20.4328	28
20.4344	27
20.436	27
20.4377	27
20.4393	27
20.4409	26
20.4425	26
20.4441	26
20.4457	26
20.4473	26
20.4489	26
20.4505	26
20.4521	26
20.4537	26
20.4553	26
20.4569	26
20.4585	26
20.4601	26
20.4617	26
20.4633	26
20.4649	26
20.4665	26
20.4681	26
20.4697	26
20.4713	26
20.4729	26
20.4745	26
20.4761	27
20.4777	27
20.4793	27
20.4809	27
20.4825	27
20.4841	27
20.4857	27
20.4873	27
20.4889	27
20.4905	27
20.4921	27
20.4937	27
20.4953	27
20.4969	27
20.4985	27
20.5001	27
20.5017	27
20.5033	27
20.5049	27
20.5065	27
20.5081	27
20.5097	27
20.5113	27
20.513	27
20.5146	27
20.5162	27
20.5178	27
20.5194	27
20.521	27
20.5226	27
20.5242	27
20.5258	27
20.5274	27
20.529	27
20.5306	27
20.5322	27
20.5338	27
20.5354	27
20.537	27
20.5386	27
20.5402	27
20.5418	27
20.5434	27
20.545	27
20.5466	27
20.5482	27
20.5498	27
20.5514	27
20.553	27
20.5546	27
20.5562	27
20.5578	27
20.5594	27
20.561	27
20.5626	27
20.5642	27
20.5658	27
20.5674	27
20.569	27
20.5706	27
20.5722	28
20.5738	28
20.5754	28
20.577	28
20.5786	28
20.5802	28
20.5818	28
20.5834	28
20.585	28
20.5866	28
20.5883	28
20.5899	28
20.5915	28
20.5931	28
20.5947	28
20.5963	28
20.5979	28
20.5995	28
20.6011	28
20.6027	28
20.6043	28
20.6059	28
20.6075	28
20.6091	28
20.6107	28
20.6123	28
20.6139	28
20.6155	28
20.6171	28
20.6187	28
20.6203	28
20.6219	28
20.6235	28
20.6251	28
20.6267	28
20.6283	28
20.6299	28
20.6315	28
20.6331	28
20.6347	28
20.6363	28
20.6379	28
20.6395	28
20.6411	28
20.6427	28
20.6443	28
20.6459	28
20.6475	28
20.6491	28
20.6507	28
20.6523	28
20.6539	28
20.6555	28
20.6571	28
20.6587	28
20.6603	28
20.6619	28
20.6636	28
20.6652	28
20.6668	28
20.6684	28
20.67	28
20.6716	28
20.6732	28
20.6748	28
20.6764	28
20.678	28
20.6796	28
20.6812	28
20.6828	28
20.6844	28
20.686	28
20.6876	29
20.6892	29
20.6908	29
20.6924	29
20.694	29
20.6956	29
20.6972	29
20.6988	29
20.7004	30
20.702	30
20.7036	30
20.7052	30
20.7068	30
20.7084	30
20.71	30
20.7116	30
20.7132	30
20.7148	30
20.7164	30
20.718	30
20.7196	30
20.7212	30
20.7228	30
20.7244	30
20.726	30
20.7276	30
20.7292	30
20.7308	30
20.7324	30
20.734	30
20.7356	30
20.7373	30
20.7389	30
20.7405	30
20.7421	30
20.7437	30
20.7453	30
20.7469	30
20.7485	30
20.7501	30
20.7517	30
20.7533	30
20.7549	30
20.7565	30
20.7581	30
20.7597	30
20.7613	30
20.7629	30
20.7645	30
20.7661	30
20.7677	30
20.7693	30
20.7709	30
20.7725	30
20.7741	30
20.7757	30
20.7773	30
20.7789	30
20.7805	30
20.7821	30
20.7837	30
20.7853	30
20.7869	30
20.7885	30
20.7901	30
20.7917	30
20.7933	30
20.7949	30
20.7965	30
20.7981	30
20.7997	30
20.8013	30
20.8029	30
20.8045	30
20.8061	30
20.8077	30
20.8093	30
20.8109	30
20.8126	30
20.8142	30
20.8158	31
20.8174	31
20.819	31
20.8206	31
20.8222	31
20.8238	31
20.8254	31
20.827	31
20.8286	31
20.8302	31
20.8318	31
20.8334	31
20.835	31
20.8366	31
20.8382	31
20.8398	31
20.8414	31
20.843	31
20.8446	31
20.8462	31
20.8478	31
20.8494	31
20.851	32
20.8526	32
20.8542	32
20.8558	32
20.8574	32
20.859	32
20.8606	32
20.8622	32
20.8638	32
20.8654	32
20.867	32
20.8686	32
20.8702	32
20.8718	32
20.8734	32
20.875	32
20.8766	32
20.8782	32
20.8798	32
20.8814	32
20.883	32
20.8846	32
20.8862	32
20.8879	32
20.8895	32
20.8911	32
20.8927	32
20.8943	32
20.8959	32
20.8975	32
20.8991	32
20.9007	32
20.9023	32
20.9039	32
20.9055	32
20.9071	32
20.9087	32
20.9103	32
20.9119	32
20.9135	32
20.9151	32
20.9167	32
20.9183	32
20.9199	32
20.9215	32
20.9231	32
20.9247	32
20.9263	32
20.9279	32
20.9295	32
20.9311	32
20.9327	32
20.9343	32
20.9359	32
20.9375	32
20.9391	32
20.9407	32
20.9423	32
20.9439	32
20.9455	32
20.9471	32
20.9487	32
20.9503	32
20.9519	32
20.9535	33
20.9551	33
20.9567	33
20.9583	33
20.9599	33
20.9615	33
20.9632	33
20.9648	33
20.9664	33
20.968	33
20.9696	33
20.9712	33
20.9728	33
20.9744	33
20.976	33
20.9776	33
20.9792	33
20.9808	33
20.9824	33
20.984	33
20.9856	33
20.9872	33
20.9888	33
20.9904	33
20.992	33
20.9936	33
20.9952	33
20.9968	33
20.9984	33
21	33
21.0016	33
21.0032	33
21.0048	33
21.0064	33
21.008	33
21.0096	33
21.0112	33
21.0128	33
21.0144	33
21.016	33
21.0176	33
21.0192	33
21.0208	33
21.0224	33
21.024	33
21.0256	33
21.0272	33
21.0288	33
21.0304	33
21.032	33
21.0336	33
21.0352	33
21.0368	33
21.0385	33
21.0401	33
21.0417	33
21.0433	33
21.0449	33
21.0465	33
21.0481	33
21.0497	33
21.0513	33
21.0529	33
21.0545	33
21.0561	33
21.0577	33
21.0593	33
21.0609	33
21.0625	33
21.0641	33
21.0657	33
21.0673	33
21.0689	33
21.0705	33
21.0721	33
21.0737	33
21.0753	33
21.0769	33
21.0785	33
21.0801	33
21.0817	34
21.0833	34
21.0849	34
21.0865	34
21.0881	34
21.0897	34
21.0913	34
21.0929	34
21.0945	34
21.0961	34
21.0977	34
21.0993	34
21.1009	34
21.1025	34
21.1041	35
21.1057	35
21.1073	35
21.1089	35
21.1105	35
21.1121	35
21.1138	35
21.1154	35
21.117	35
21.1186	35
21.1202	35
21.1218	35
21.1234	35
21.125	35
21.1266	35
21.1282	35
21.1298	35
21.1314	35
21.133	35
21.1346	35
21.1362	35
21.1378	35
21.1394	35
21.141	35
21.1426	35
21.1442	35
21.1458	35
21.1474	35
21.149	35
21.1506	35
21.1522	35
21.1538	35
21.1554	35
21.157	35
21.1586	35
21.1602	35
21.1618	35
21.1634	35
21.165	35
21.1666	35
21.1682	35
21.1698	35
21.1714	35
21.173	35
21.1746	35
21.1762	35
21.1778	35
21.1794	35
21.181	35
21.1826	35
21.1842	35
21.1858	35
21.1874	35
21.1891	35
21.1907	35
21.1923	35
21.1939	35
21.1955	35
21.1971	35
21.1987	35
21.2003	35
21.2019	35
21.2035	35
21.2051	35
21.2067	35
21.2083	35
21.2099	35
21.2115	35
21.2131	35
21.2147	35
21.2163	35
21.2179	35
21.2195	35
21.2211	35
21.2227	35
21.2243	35
21.2259	35
21.2275	35
21.2291	35
21.2307	35
21.2323	36
21.2339	36
21.2355	36
21.2371	36
21.2387	36
21.2403	36
21.2419	36
21.2435	36
21.2451	36
21.2467	36
21.2483	36
21.2499	36
21.2515	36
21.2531	36
21.2547	36
21.2563	36
21.2579	36
21.2595	36
21.2611	36
21.2628	36
21.2644	36
21.266	36
21.2676	36
21.2692	36
21.2708	36
21.2724	36
21.274	36
21.2756	36
21.2772	36
21.2788	36
21.2804	36
21.282	36
21.2836	36
21.2852	36
21.2868	36
21.2884	36
21.29	36
21.2916	36
21.2932	36
21.2948	36
21.2964	36
21.298	36
21.2996	36
21.3012	36
21.3028	36
21.3044	36
21.306	36
21.3076	36
21.3092	36
21.3108	36
21.3124	36
21.314	36
21.3156	36
21.3172	36
21.3188	36
21.3204	36
21.322	36
21.3236	36
21.3252	36
21.3268	36
21.3284	36
21.33	36
21.3316	36
21.3332	36
21.3348	36
21.3364	36
21.3381	36
21.3397	36
21.3413	36
21.3429	36
21.3445	36
21.3461	36
21.3477	36
21.3493	36
21.3509	36
21.3525	36
21.3541	36
21.3557	36
21.3573	36
21.3589	36
21.3605	36
21.3621	36
21.3637	36
21.3653	36
21.3669	36
21.3685	36
21.3701	36
21.3717	36
21.3733	36
21.3749	36
21.3765	36
21.3781	37
21.3797	37
21.3813	37
21.3829	37
21.3845	37
21.3861	37
21.3877	37
21.3893	37
21.3909	37
21.3925	37
21.3941	38
21.3957	38
21.3973	38
21.3989	38
21.4005	38
21.4021	38
21.4037	38
21.4053	38
21.4069	38
21.4085	38
21.4101	38
21.4117	38
21.4134	38
21.415	38
21.4166	38
21.4182	38
21.4198	38
21.4214	38
21.423	38
21.4246	38
21.4262	38
21.4278	38
21.4294	38
21.431	38
21.4326	38
21.4342	38
21.4358	38
21.4374	38
21.439	38
21.4406	38
21.4422	38
21.4438	38
21.4454	38
21.447	38
21.4486	38
21.4502	38
21.4518	38
21.4534	38
21.455	38
21.4566	38
21.4582	38
21.4598	38
21.4614	38
21.463	38
21.4646	38
21.4662	38
21.4678	38
21.4694	38
21.471	38
21.4726	38
21.4742	38
21.4758	38
21.4774	38
21.479	38
21.4806	38
21.4822	38
21.4838	38
21.4854	38
21.487	38
21.4887	38
21.4903	38
21.4919	38
21.4935	38
21.4951	38
21.4967	38
21.4983	38
21.4999	38
21.5015	38
21.5031	38
21.5047	38
21.5063	38
21.5079	38
21.5095	38
21.5111	38
21.5127	38
21.5143	38
21.5159	38
21.5175	38
21.5191	38
21.5207	38
21.5223	38
21.5239	38
21.5255	38
21.5271	38
21.5287	38
21.5303	38
21.5319	38
21.5335	38
21.5351	38
21.5367	38
21.5383	38
21.5399	39
21.5415	39
21.5431	39
21.5447	39
21.5463	39
21.5479	39
21.5495	39
21.5511	39
21.5527	39
21.5543	39
21.5559	39
21.5575	39
21.5591	39
21.5607	39
21.5623	39
21.564	39
21.5656	39
21.5672	39
21.5688	39
21.5704	39
21.572	39
21.5736	39
21.5752	39
21.5768	39
21.5784	39
21.58	39
21.5816	39
21.5832	39
21.5848	39
21.5864	39
21.588	39
21.5896	39
21.5912	39
21.5928	39
21.5944	39
21.596	39
21.5976	39
21.5992	39
21.6008	39
21.6024	39
21.604	40
21.6056	40
21.6072	40
21.6088	40
21.6104	40
21.612	40
21.6136	40
21.6152	40
21.6168	40
21.6184	40
21.62	40
21.6216	40
21.6232	40
21.6248	40
21.6264	40
21.628	40
21.6296	40
21.6312	40
21.6328	40
21.6344	40
21.636	40
21.6376	40
21.6393	40
21.6409	40
21.6425	40
21.6441	40
21.6457	40
21.6473	40
21.6489	40
21.6505	40
21.6521	40
21.6537	40
21.6553	40
21.6569	40
21.6585	40
21.6601	40
21.6617	40
21.6633	40
21.6649	40
21.6665	40
21.6681	40
21.6697	40
21.6713	40
21.6729	40
21.6745	40
21.6761	40
21.6777	40
21.6793	40
21.6809	40
21.6825	40
21.6841	40
21.6857	40
21.6873	40
21.6889	40
21.6905	40
21.6921	40
21.6937	40
21.6953	40
21.6969	40
21.6985	40
21.7001	40
21.7017	40
21.7033	40
21.7049	40
21.7065	40
21.7081	40
21.7097	40
21.7113	41
21.7129	41
21.7146	41
21.7162	41
21.7178	41
21.7194	41
21.721	41
21.7226	41
21.7242	41
21.7258	41
21.7274	41
21.729	41
21.7306	41
21.7322	41
21.7338	41
21.7354	41
21.737	41
21.7386	41
21.7402	41
21.7418	41
21.7434	41
21.745	41
21.7466	41
21.7482	41
21.7498	41
21.7514	41
21.753	41
21.7546	41
21.7562	41
21.7578	41
21.7594	41
21.761	41
21.7626	41
21.7642	41
21.7658	41
21.7674	41
21.769	41
21.7706	41
21.7722	41
21.7738	41
21.7754	41
21.777	41
21.7786	41
21.7802	41
21.7818	41
21.7834	41
21.785	41
21.7866	41
21.7882	41
21.7899	41
21.7915	41
21.7931	41
21.7947	41
21.7963	41
21.7979	41
21.7995	41
21.8011	41
21.8027	41
21.8043	41
21.8059	41
21.8075	41
21.8091	41
21.8107	41
21.8123	41
21.8139	41
21.8155	41
21.8171	41
21.8187	41
21.8203	41
21.8219	41
21.8235	41
21.8251	41
21.8267	41
21.8283	41
21.8299	41
21.8315	41
21.8331	41
21.8347	41
21.8363	41
21.8379	41
21.8395	41
21.8411	41
21.8427	41
21.8443	41
21.8459	41
21.8475	41
21.8491	41
21.8507	41
21.8523	41
21.8539	41
21.8555	41
21.8571	41
21.8587	41
21.8603	41
21.8619	41
21.8636	41
21.8652	41
21.8668	41
21.8684	41
21.87	41
21.8716	41
21.8732	42
21.8748	42
21.8764	42
21.878	42
21.8796	42
21.8812	42
21.8828	42
21.8844	42
21.886	42
21.8876	42
21.8892	42
21.8908	42
21.8924	42
21.894	42
21.8956	42
21.8972	43
21.8988	43
21.9004	43
21.902	43
21.9036	43
21.9052	43
21.9068	43
21.9084	43
21.91	43
21.9116	43
21.9132	43
21.9148	43
21.9164	43
21.918	43
21.9196	43
21.9212	43
21.9228	43
21.9244	43
21.926	43
21.9276	43
21.9292	43
21.9308	43
21.9324	43
21.934	43
21.9356	43
21.9372	43
21.9389	43
21.9405	43
21.9421	43
21.9437	43
21.9453	43
21.9469	43
21.9485	43
21.9501	43
21.9517	43
21.9533	43
21.9549	43
21.9565	43
21.9581	43
21.9597	43
21.9613	43
21.9629	43
21.9645	43
21.9661	43
21.9677	43
21.9693	43
21.9709	43
21.9725	43
21.9741	43
21.9757	43
21.9773	43
21.9789	43
21.9805	43
21.9821	43
21.9837	43
21.9853	43
21.9869	43
21.9885	43
21.9901	43
21.9917	43
21.9933	43
21.9949	43
21.9965	43
21.9981	43
21.9997	43
22.0013	43
22.0029	43
22.0045	43
22.0061	43
22.0077	43
22.0093	43
22.0109	43
22.0125	43
22.0142	43
22.0158	43
22.0174	43
22.019	43
22.0206	43
22.0222	43
22.0238	43
22.0254	43
22.027	43
22.0286	43
22.0302	43
22.0318	43
22.0334	43
22.035	43
22.0366	43
22.0382	43
22.0398	43
22.0414	43
22.043	43
22.0446	43
22.0462	43
22.0478	43
22.0494	43
22.051	43
22.0526	43
22.0542	43
22.0558	44
22.0574	44
22.059	44
22.0606	44
22.0622	44
22.0638	44
22.0654	44
22.067	44
22.0686	44
22.0702	44
22.0718	44
22.0734	44
22.075	44
22.0766	44
22.0782	44
22.0798	44
22.0814	44
22.083	44
22.0846	44
22.0862	44
22.0878	44
22.0895	44
22.0911	44
22.0927	44
22.0943	44
22.0959	44
22.0975	44
22.0991	44
22.1007	44
22.1023	44
22.1039	44
22.1055	44
22.1071	44
22.1087	44
22.1103	44
22.1119	44
22.1135	44
22.1151	44
22.1167	44
22.1183	44
22.1199	44
22.1215	44
22.1231	44
22.1247	44
22.1263	44
22.1279	44
22.1295	44
22.1311	44
22.1327	44
22.1343	44
22.1359	44
22.1375	44
22.1391	44
22.1407	44
22.1423	44
22.1439	44
22.1455	44
22.1471	44
22.1487	44
22.1503	44
22.1519	44
22.1535	44
22.1551	44
22.1567	44
22.1583	44
22.1599	44
22.1615	44
22.1631	44
22.1648	44
22.1664	44
22.168	44
22.1696	44
22.1712	44
22.1728	44
22.1744	44
22.176	44
22.1776	44
22.1792	44
22.1808	44
22.1824	44
22.184	44
22.1856	44
22.1872	44
22.1888	44
22.1904	44
22.192	44
22.1936	44
22.1952	44
22.1968	44
22.1984	44
22.2	44
22.2016	44
22.2032	44
22.2048	44
22.2064	44
22.208	44
22.2096	44
22.2112	44
22.2128	44
22.2144	44
22.216	44
22.2176	44
22.2192	44
22.2208	44
22.2224	44
22.224	44
22.2256	44
22.2272	44
22.2288	44
22.2304	44
22.232	44
22.2336	45
22.2352	45
22.2368	45
22.2384	45
22.2401	45
22.2417	45
22.2433	45
22.2449	45
22.2465	46
22.2481	46
22.2497	46
22.2513	46
22.2529	46
22.2545	46
22.2561	46
22.2577	46
22.2593	46
22.2609	46
22.2625	46
22.2641	46
22.2657	46
22.2673	46
22.2689	46
22.2705	46
22.2721	46
22.2737	46
22.2753	46
22.2769	46
22.2785	46
22.2801	46
22.2817	46
22.2833	46
22.2849	46
22.2865	46
22.2881	46
22.2897	46
22.2913	46
22.2929	46
22.2945	46
22.2961	46
22.2977	46
22.2993	46
22.3009	46
22.3025	46
22.3041	46
22.3057	46
22.3073	46
22.3089	46
22.3105	46
22.3121	46
22.3137	46
22.3154	46
22.317	46
22.3186	46
22.3202	46
22.3218	46
22.3234	46
22.325	46
22.3266	46
22.3282	46
22.3298	46
22.3314	46
22.333	46
22.3346	46
22.3362	46
22.3378	46
22.3394	46
22.341	46
22.3426	46
22.3442	46
22.3458	46
22.3474	46
22.349	46
22.3506	46
22.3522	46
22.3538	46
22.3554	46
22.357	46
22.3586	46
22.3602	46
22.3618	46
22.3634	46
22.365	46
22.3666	46
22.3682	46
22.3698	46
22.3714	46
22.373	46
22.3746	46
22.3762	46
22.3778	46
22.3794	46
22.381	46
22.3826	46
22.3842	46
22.3858	46
22.3874	46
22.3891	46
22.3907	46
22.3923	46
22.3939	46
22.3955	46
22.3971	46
22.3987	46
22.4003	46
22.4019	46
22.4035	46
22.4051	46
22.4067	46
22.4083	46
22.4099	46
22.4115	46
22.4131	46
22.4147	46
22.4163	46
22.4179	46
22.4195	46
22.4211	46
22.4227	46
22.4243	46
22.4259	46
22.4275	46
22.4291	47
22.4307	47
22.4323	47
22.4339	47
22.4355	47
22.4371	47
22.4387	47
22.4403	47
22.4419	47
22.4435	47
22.4451	47
22.4467	47
22.4483	47
22.4499	47
22.4515	47
22.4531	47
22.4547	47
22.4563	47
22.4579	47
22.4595	47
22.4611	47
22.4627	47
22.4644	47
22.466	47
22.4676	47
22.4692	47
22.4708	47
22.4724	47
22.474	47
22.4756	47
22.4772	47
22.4788	47
22.4804	47
22.482	47
22.4836	47
22.4852	47
22.4868	47
22.4884	47
22.49	47
22.4916	47
22.4932	47
22.4948	47
22.4964	47
22.498	47
22.4996	47
22.5012	47
22.5028	47
22.5044	47
22.506	48
22.5076	48
22.5092	48
22.5108	48
22.5124	48
22.514	48
22.5156	48
22.5172	48
22.5188	48
22.5204	48
22.522	48
22.5236	48
22.5252	48
22.5268	48
22.5284	48
22.53	48
22.5316	48
22.5332	48
22.5348	48
22.5364	48
22.538	48
22.5397	48
22.5413	48
22.5429	48
22.5445	48
22.5461	48
22.5477	48
22.5493	48
22.5509	48
22.5525	48
22.5541	48
22.5557	48
22.5573	48
22.5589	48
22.5605	48
22.5621	48
22.5637	48
22.5653	48
22.5669	48
22.5685	48
22.5701	48
22.5717	48
22.5733	48
22.5749	48
22.5765	48
22.5781	48
22.5797	48
22.5813	48
22.5829	48
22.5845	48
22.5861	48
22.5877	48
22.5893	48
22.5909	48
22.5925	48
22.5941	48
22.5957	48
22.5973	48
22.5989	48
22.6005	48
22.6021	48
22.6037	48
22.6053	48
22.6069	48
22.6085	48
22.6101	48
22.6117	48
22.6133	48
22.615	48
22.6166	48
22.6182	48
22.6198	48
22.6214	48
22.623	48
22.6246	48
22.6262	48
22.6278	48
22.6294	48
22.631	48
22.6326	48
22.6342	49
22.6358	49
22.6374	49
22.639	49
22.6406	49
22.6422	49
22.6438	49
22.6454	49
22.647	49
22.6486	49
22.6502	49
22.6518	49
22.6534	49
22.655	49
22.6566	49
22.6582	49
22.6598	49
22.6614	49
22.663	49
22.6646	49
22.6662	49
22.6678	49
22.6694	49
22.671	49
22.6726	49
22.6742	49
22.6758	49
22.6774	49
22.679	49
22.6806	49
22.6822	49
22.6838	49
22.6854	49
22.687	49
22.6886	49
22.6903	49
22.6919	49
22.6935	49
22.6951	49
22.6967	49
22.6983	49
22.6999	49
22.7015	49
22.7031	49
22.7047	49
22.7063	49
22.7079	49
22.7095	49
22.7111	49
22.7127	49
22.7143	49
22.7159	49
22.7175	49
22.7191	49
22.7207	49
22.7223	49
22.7239	49
22.7255	49
22.7271	49
22.7287	49
22.7303	49
22.7319	49
22.7335	49
22.7351	49
22.7367	49
22.7383	49
22.7399	49
22.7415	49
22.7431	49
22.7447	49
22.7463	49
22.7479	49
22.7495	49
22.7511	49
22.7527	49
22.7543	49
22.7559	49
22.7575	49
22.7591	49
22.7607	49
22.7623	49
22.7639	49
22.7656	49
22.7672	49
22.7688	49
22.7704	49
22.772	49
22.7736	49
22.7752	49
22.7768	49
22.7784	49
22.78	49
22.7816	49
22.7832	49
22.7848	49
22.7864	49
22.788	49
22.7896	49
22.7912	49
22.7928	49
22.7944	49
22.796	49
22.7976	49
22.7992	49
22.8008	49
22.8024	49
22.804	49
22.8056	49
22.8072	49
22.8088	49
22.8104	49
22.812	49
22.8136	49
22.8152	49
22.8168	49
22.8184	49
22.82	49
22.8216	49
22.8232	49
22.8248	49
22.8264	49
22.828	50
22.8296	50
22.8312	50
22.8328	50
22.8344	50
22.836	50
22.8376	50
22.8392	50
22.8409	50
22.8425	50
22.8441	51
22.8457	51
22.8473	51
22.8489	51
22.8505	51
22.8521	51
22.8537	51
22.8553	51
22.8569	51
22.8585	51
22.8601	51
22.8617	51
22.8633	51
22.8649	51
22.8665	51
22.8681	51
22.8697	51
22.8713	51
22.8729	51
22.8745	51
22.8761	51
22.8777	51
22.8793	51
22.8809	51
22.8825	51
22.8841	51
22.8857	51
22.8873	51
22.8889	51
22.8905	51
22.8921	51
22.8937	51
22.8953	51
22.8969	51
22.8985	51
22.9001	51
22.9017	51
22.9033	51
22.9049	51
22.9065	51
22.9081	51
22.9097	51
22.9113	51
22.9129	51
22.9146	51
22.9162	51
22.9178	51
22.9194	51
22.921	51
22.9226	51
22.9242	51
22.9258	51
22.9274	51
22.929	51
22.9306	51
22.9322	51
22.9338	51
22.9354	51
22.937	51
22.9386	51
22.9402	51
22.9418	51
22.9434	51
22.945	51
22.9466	51
22.9482	51
22.9498	51
22.9514	51
22.953	51
22.9546	51
22.9562	51
22.9578	51
22.9594	51
22.961	51
22.9626	51
22.9642	51
22.9658	51
22.9674	51
22.969	51
22.9706	51
22.9722	51
22.9738	51
22.9754	51
22.977	51
22.9786	51
22.9802	51
22.9818	51
22.9834	51
22.985	51
22.9866	51
22.9882	51
22.9899	51
22.9915	51
22.9931	51
22.9947	51
22.9963	51
22.9979	51
22.9995	51
23.0011	51
23.0027	51
23.0043	51
23.0059	51
23.0075	51
23.0091	51
23.0107	51
23.0123	51
23.0139	51
23.0155	51
23.0171	51
23.0187	51
23.0203	51
23.0219	51
23.0235	51
23.0251	51
23.0267	51
23.0283	51
23.0299	51
23.0315	51
23.0331	51
23.0347	51
23.0363	51
23.0379	51
23.0395	51
23.0411	51
23.0427	51
23.0443	52
23.0459	52
23.0475	52
23.0491	52
23.0507	52
23.0523	52
23.0539	52
23.0555	52
23.0571	52
23.0587	52
23.0603	52
23.0619	52
23.0635	52
23.0652	52
23.0668	52
23.0684	52
23.07	52
23.0716	52
23.0732	52
23.0748	52
23.0764	52
23.078	52
23.0796	52
23.0812	52
23.0828	52
23.0844	52
23.086	52
23.0876	52
23.0892	52
23.0908	52
23.0924	52
23.094	52
23.0956	52
23.0972	52
23.0988	52
23.1004	52
23.102	52
23.1036	52
23.1052	52
23.1068	52
23.1084	52
23.11	52
23.1116	52
23.1132	52
23.1148	52
23.1164	52
23.118	52
23.1196	52
23.1212	52
23.1228	52
23.1244	52
23.126	52
23.1276	52
23.1292	52
23.1308	52
23.1324	52
23.134	52
23.1356	52
23.1933	52
23.1949	51
23.1965	51
23.1981	50
23.1997	49
23.2013	47
23.2029	46
23.2045	45
23.2061	44
23.2077	42
23.2087	41
23.216	39
23.2176	37
23.2192	36
23.2208	35
23.2224	35
23.224	34
23.2256	34
23.2272	34
23.2288	33
23.2304	33
23.232	33
23.2336	33
23.2352	33
23.2368	33
23.2384	32
23.24	32
23.2416	31
23.2432	31
23.2448	30
23.2464	29
23.248	29
23.2496	28
23.2512	28
23.2528	28
23.2544	27
23.256	27
23.2576	27
23.2592	27
23.2608	26
23.2624	26
23.264	26
23.2656	26
23.2672	26
23.2688	26
23.2704	26
23.272	26
23.2736	26
23.2752	26
23.2768	26
23.2784	26
23.28	26
23.2816	26
23.2832	26
23.2848	26
23.2864	26
23.288	27
23.2896	27
23.2913	27
23.2929	27
23.2945	27
23.2961	27
23.2977	27
23.2993	27
23.3009	27
23.3025	27
23.3041	27
23.3057	27
23.3073	27
23.3089	27
23.3105	27
23.3121	27
23.3137	27
23.3153	27
23.3169	27
23.3185	27
23.3201	27
23.3217	27
23.3233	27
23.3249	27
23.3265	27
23.3281	27
23.3297	27
23.3313	27
23.3329	27
23.3345	27
23.3361	27
23.3377	27
23.3393	27
23.3409	27
23.3425	27
23.3441	27
23.3457	27
23.3473	27
23.3489	27
23.3505	27
23.3521	27
23.3537	27
23.3553	27
23.3569	27
23.3585	27
23.3601	27
23.3617	27
23.3633	27
23.3649	27
23.3666	27
23.3682	27
23.3698	27
23.3714	27
23.373	27
23.3746	27
23.3762	27
23.3778	27
23.3794	27
23.381	27
23.3826	27
23.3842	27
23.3858	27
23.3874	27
23.389	27
23.3906	27
23.3922	27
23.3938	28
23.3954	28
23.397	28
23.3986	28
23.4002	28
23.4018	28
23.4034	28
23.405	28
23.4066	28
23.4082	28
23.4098	28
23.4114	28
23.413	28
23.4146	28
23.4162	28
23.4178	28
23.4194	28
23.421	28
23.4226	28
23.4242	28
23.4258	28
23.4274	28
23.429	28
23.4306	28
23.4322	28
23.4338	28
23.4354	28
23.437	28
23.4386	28
23.4402	28
23.4419	28
23.4435	28
23.4451	28
23.4467	28
23.4483	28
23.4499	28
23.4515	28
23.4531	28
23.4547	28
23.4563	28
23.4579	28
23.4595	28
23.4611	28
23.4627	28
23.4643	28
23.4659	28
23.4675	28
23.4691	28
23.4707	28
23.4723	28
23.4739	28
23.4755	28
23.4771	28
23.4787	28
23.4803	28
23.4819	28
23.4835	28
23.4851	28
23.4867	28
23.4883	28
23.4899	28
23.4915	28
23.4931	28
23.4947	28
23.4963	28
23.4979	28
23.4995	28
23.5011	28
23.5027	28
23.5043	28
23.5059	28
23.5075	29
23.5091	29
23.5107	29
23.5123	29
23.5139	29
23.5155	29
23.5172	29
23.5188	29
23.5204	30
23.522	30
23.5236	30
23.5252	30
23.5268	30
23.5284	30
23.53	30
23.5316	30
23.5332	30
23.5348	30
23.5364	30
23.538	30
23.5396	30
23.5412	30
23.5428	30
23.5444	30
23.546	30
23.5476	30
23.5492	30
23.5508	30
23.5524	30
23.554	30
23.5556	30
23.5572	30
23.5588	30
23.5604	30
23.562	30
23.5636	30
23.5652	30
23.5668	30
23.5684	30
23.57	30
23.5716	30
23.5732	30
23.5748	30
23.5764	30
23.578	30
23.5796	30
23.5812	30
23.5828	30
23.5844	30
23.586	30
23.5876	30
23.5892	30
23.5909	30
23.5925	30
23.5941	30
23.5957	30
23.5973	30
23.5989	30
23.6005	30
23.6021	30
23.6037	30
23.6053	30
23.6069	30
23.6085	30
23.6101	30
23.6117	30
23.6133	30
23.6149	30
23.6165	30
23.6181	30
23.6197	30
23.6213	30
23.6229	30
23.6245	30
23.6261	30
23.6277	30
23.6293	30
23.6309	30
23.6325	30
23.6341	30
23.6357	31
23.6373	31
23.6389	31
23.6405	31
23.6421	31
23.6437	31
23.6453	31
23.6469	31
23.6485	31
23.6501	31
23.6517	31
23.6533	31
23.6549	31
23.6565	31
23.6581	31
23.6597	31
23.6613	31
23.6629	31
23.6645	31
23.6662	31
23.6678	31
23.6694	31
23.671	31
23.6726	31
23.6742	31
23.6758	31
23.6774	31
23.679	31
23.6806	31
23.6822	31
23.6838	31
23.6854	31
23.687	31
23.6886	31
23.6902	31
23.6918	31
23.6934	31
23.695	31
23.6966	31
23.6982	31
23.6998	31
23.7014	31
23.703	31
23.7046	31
23.7062	31
23.7078	31
23.7094	31
23.711	32
23.7126	32
23.7142	32
23.7158	32
23.7174	32
23.719	32
23.7206	32
23.7222	32
23.7238	32
23.7254	32
23.727	32
23.7286	32
23.7302	32
23.7318	32
23.7334	32
23.735	32
23.7366	32
23.7382	32
23.7398	32
23.7415	32
23.7431	32
23.7447	32
23.7463	32
23.7479	32
23.7495	32
23.7511	32
23.7527	32
23.7543	32
23.7559	32
23.7575	32
23.7591	32
23.7607	32
23.7623	32
23.7639	32
23.7655	32
23.7671	32
23.7687	32
23.7703	32
23.7719	32
23.7735	33
23.7751	33
23.7767	33
23.7783	33
23.7799	33
23.7815	33
23.7831	33
23.7847	33
23.7863	33
23.7879	33
23.7895	33
23.7911	33
23.7927	33
23.7943	33
23.7959	33
23.7975	33
23.7991	33
23.8007	33
23.8023	33
23.8039	33
23.8055	33
23.8071	33
23.8087	33
23.8103	33
23.8119	33
23.8135	33
23.8151	33
23.8168	33
23.8184	33
23.82	33
23.8216	33
23.8232	33
23.8248	33
23.8264	33
23.828	33
23.8296	33
23.8312	33
23.8328	33
23.8344	33
23.836	33
23.8376	33
23.8392	33
23.8408	33
23.8424	33
23.844	33
23.8456	33
23.8472	33
23.8488	33
23.8504	33
23.852	33
23.8536	33
23.8552	33
23.8568	33
23.8584	33
23.86	33
23.8616	33
23.8632	33
23.8648	33
23.8664	33
23.868	33
23.8696	33
23.8712	33
23.8728	33
23.8744	33
23.876	33
23.8776	33
23.8792	33
23.8808	33
23.8824	33
23.884	33
23.8856	33
23.8872	33
23.8888	33
23.8904	33
23.8921	33
23.8937	33
23.8953	33
23.8969	33
23.8985	33
23.9001	33
23.9017	34
23.9033	34
23.9049	34
23.9065	34
23.9081	34
23.9097	34
23.9113	34
23.9129	34
23.9145	34
23.9161	34
23.9177	34
23.9193	34
23.9209	34
23.9225	34
23.9241	35
23.9257	35
23.9273	35
23.9289	35
23.9305	35
23.9321	35
23.9337	35
23.9353	35
23.9369	35
23.9385	35
23.9401	35
23.9417	35
23.9433	35
23.9449	35
23.9465	35
23.9481	35
23.9497	35
23.9513	35
23.9529	35
23.9545	35
23.9561	35
23.9577	35
23.9593	35
23.9609	35
23.9625	35
23.9641	35
23.9657	35
23.9674	35
23.969	35
23.9706	35
23.9722	35
23.9738	35
23.9754	35
23.977	35
23.9786	35
23.9802	35
23.9818	35
23.9834	35
23.985	35
23.9866	35
23.9882	35
23.9898	35
23.9914	35
23.993	35
23.9946	35
23.9962	35
23.9978	35
23.9994	35
24.001	35
24.0026	35
24.0042	35
24.0058	35
24.0074	35
24.009	35
24.0106	35
24.0122	35
24.0138	35
24.0154	35
24.017	35
24.0186	35
24.0202	35
24.0218	35
24.0234	35
24.025	35
24.0266	35
24.0282	35
24.0298	35
24.0314	35
24.033	35
24.0346	35
24.0362	35
24.0378	35
24.0394	35
24.041	35
24.0427	35
24.0443	35
24.0459	35
24.0475	35
24.0491	35
24.0507	35
24.0523	36
24.0539	36
24.0555	36
24.0571	36
24.0587	36
24.0603	36
24.0619	36
24.0635	36
24.0651	36
24.0667	36
24.0683	36
24.0699	36
24.0715	36
24.0731	36
24.0747	36
24.0763	36
24.0779	36
24.0795	36
24.0811	36
24.0827	36
24.0843	36
24.0859	36
24.0875	36
24.0891	36
24.0907	36
24.0923	36
24.0939	36
24.0955	36
24.0971	36
24.0987	36
24.1003	36
24.1019	36
24.1035	36
24.1051	36
24.1067	36
24.1083	36
24.1099	36
24.1115	36
24.1131	36
24.1147	36
24.1164	36
24.118	36
24.1196	36
24.1212	36
24.1228	36
24.1244	36
24.126	36
24.1276	36
24.1292	36
24.1308	36
24.1324	36
24.134	36
24.1356	36
24.1372	36
24.1388	36
24.1404	36
24.142	36
24.1436	36
24.1452	36
24.1468	36
24.1484	36
24.15	36
24.1516	36
24.1532	36
24.1548	36
24.1564	36
24.158	36
24.1596	36
24.1612	36
24.1628	36
24.1644	36
24.166	36
24.1676	36
24.1692	36
24.1708	36
24.1724	36
24.174	36
24.1756	36
24.1772	36
24.1788	36
24.1804	36
24.182	36
24.1836	36
24.1852	36
24.1868	36
24.1884	36
24.19	36
24.1917	36
24.1933	36
24.1949	36
24.1965	37
24.1981	37
24.1997	37
24.2013	37
24.2029	37
24.2045	37
24.2061	37
24.2077	37
24.2093	37
24.2109	37
24.2125	37
24.2141	38
24.2157	38
24.2173	38
24.2189	38
24.2205	38
24.2221	38
24.2237	38
24.2253	38
24.2269	38
24.2285	38
24.2301	38
24.2317	38
24.2333	38
24.2349	38
24.2365	38
24.2381	38
24.2397	38
24.2413	38
24.2429	38
24.2445	38
24.2461	38
24.2477	38
24.2493	38
24.2509	38
24.2525	38
24.2541	38
24.2557	38
24.2573	38
24.2589	38
24.2605	38
24.2621	38
24.2637	38
24.2653	38
24.267	38
24.2686	38
24.2702	38
24.2718	38
24.2734	38
24.275	38
24.2766	38
24.2782	38
24.2798	38
24.2814	38
24.283	38
24.2846	38
24.2862	38
24.2878	38
24.2894	38
24.291	38
24.2926	38
24.2942	38
24.2958	38
24.2974	38
24.299	38
24.3006	38
24.3022	38
24.3038	38
24.3054	38
24.307	38
24.3086	38
24.3102	38
24.3118	38
24.3134	38
24.315	38
24.3166	38
24.3182	38
24.3198	38
24.3214	38
24.323	38
24.3246	38
24.3262	38
24.3278	38
24.3294	38
24.331	38
24.3326	38
24.3342	38
24.3358	38
24.3374	38
24.339	38
24.3406	38
24.3423	38
24.3439	38
24.3455	38
24.3471	38
24.3487	38
24.3503	38
24.3519	38
24.3535	38
24.3551	38
24.3567	38
24.3583	38
24.3599	39
24.3615	39
24.3631	39
24.3647	39
24.3663	39
24.3679	39
24.3695	39
24.3711	39
24.3727	39
24.3743	39
24.3759	39
24.3775	39
24.3791	39
24.3807	39
24.3823	39
24.3839	39
24.3855	39
24.3871	39
24.3887	39
24.3903	39
24.3919	39
24.3935	39
24.3951	39
24.3967	39
24.3983	39
24.3999	39
24.4015	39
24.4031	39
24.4047	39
24.4063	39
24.4079	39
24.4095	39
24.4111	39
24.4127	39
24.4143	39
24.4159	39
24.4176	39
24.4192	39
24.4208	39
24.4224	39
24.424	39
24.4256	39
24.4272	39
24.4288	39
24.4304	39
24.432	39
24.4336	39
24.4352	39
24.4368	39
24.4384	39
24.44	39
24.4416	39
24.4432	39
24.4448	39
24.4464	39
24.448	39
24.4496	39
24.4512	39
24.4528	39
24.4544	39
24.456	40
24.4576	40
24.4592	40
24.4608	40
24.4624	40
24.464	40
24.4656	40
24.4672	40
24.4688	40
24.4704	40
24.472	40
24.4736	40
24.4752	40
24.4768	40
24.4784	40
24.48	40
24.4816	40
24.4832	40
24.4848	40
24.4864	40
24.488	40
24.4896	40
24.4912	40
24.4929	40
24.4945	40
24.4961	40
24.4977	40
24.4993	40
24.5009	40
24.5025	40
24.5041	40
24.5057	40
24.5073	40
24.5089	40
24.5105	40
24.5121	40
24.5137	40
24.5153	40
24.5169	40
24.5185	40
24.5201	40
24.5217	40
24.5233	40
24.5249	40
24.5265	40
24.5281	40
24.5297	40
24.5313	41
24.5329	41
24.5345	41
24.5361	41
24.5377	41
24.5393	41
24.5409	41
24.5425	41
24.5441	41
24.5457	41
24.5473	41
24.5489	41
24.5505	41
24.5521	41
24.5537	41
24.5553	41
24.5569	41
24.5585	41
24.5601	41
24.5617	41
24.5633	41
24.5649	41
24.5665	41
24.5682	41
24.5698	41
24.5714	41
24.573	41
24.5746	41
24.5762	41
24.5778	41
24.5794	41
24.581	41
24.5826	41
24.5842	41
24.5858	41
24.5874	41
24.589	41
24.5906	41
24.5922	41
24.5938	41
24.5954	41
24.597	41
24.5986	41
24.6002	41
24.6018	41
24.6034	41
24.605	41
24.6066	41
24.6082	41
24.6098	41
24.6114	41
24.613	41
24.6146	41
24.6162	41
24.6178	41
24.6194	41
24.621	41
24.6226	41
24.6242	41
24.6258	41
24.6274	41
24.629	41
24.6306	41
24.6322	41
24.6338	41
24.6354	41
24.637	41
24.6386	41
24.6402	41
24.6419	41
24.6435	41
24.6451	41
24.6467	41
24.6483	41
24.6499	41
24.6515	41
24.6531	41
24.6547	41
24.6563	41
24.6579	41
24.6595	41
24.6611	41
24.6627	41
24.6643	41
24.6659	41
24.6675	41
24.6691	41
24.6707	41
24.6723	41
24.6739	41
24.6755	41
24.6771	41
24.6787	41
24.6803	41
24.6819	41
24.6835	41
24.6851	41
24.6867	41
24.6883	41
24.6899	41
24.6915	41
24.6931	42
24.6947	42
24.6963	42
24.6979	42
24.6995	42
24.7011	42
24.7027	42
24.7043	42
24.7059	42
24.7075	42
24.7091	42
24.7107	42
24.7123	42
24.7139	42
24.7155	42
24.7172	43
24.7188	43
24.7204	43
24.722	43
24.7236	43
24.7252	43
24.7268	43
24.7284	43
24.73	43
24.7316	43
24.7332	43
24.7348	43
24.7364	43
24.738	43
24.7396	43
24.7412	43
24.7428	43
24.7444	43
24.746	43
24.7476	43
24.7492	43
24.7508	43
24.7524	43
24.754	43
24.7556	43
24.7572	43
24.7588	43
24.7604	43
24.762	43
24.7636	43
24.7652	43
24.7668	43
24.7684	43
24.77	43
24.7716	43
24.7732	43
24.7748	43
24.7764	43
24.778	43
24.7796	43
24.7812	43
24.7828	43
24.7844	43
24.786	43
24.7876	43
24.7892	43
24.7908	43
24.7925	43
24.7941	43
24.7957	43
24.7973	43
24.7989	43
24.8005	43
24.8021	43
24.8037	43
24.8053	43
24.8069	43
24.8085	43
24.8101	43
24.8117	43
24.8133	43
24.8149	43
24.8165	43
24.8181	43
24.8197	43
24.8213	43
24.8229	43
24.8245	43
24.8261	43
24.8277	43
24.8293	43
24.8309	43
24.8325	43
24.8341	43
24.8357	43
24.8373	43
24.8389	43
24.8405	43
24.8421	43
24.8437	43
24.8453	43
24.8469	43
24.8485	43
24.8501	43
24.8517	43
24.8533	43
24.8549	43
24.8565	43
24.8581	43
24.8597	43
24.8613	43
24.8629	43
24.8645	43
24.8661	43
24.8678	43
24.8694	43
24.871	43
24.8726	43
24.8742	43
24.8758	44
24.8774	44
24.879	44
24.8806	44
24.8822	44
24.8838	44
24.8854	44
24.887	44
24.8886	44
24.8902	44
24.8918	44
24.8934	44
24.895	44
24.8966	44
24.8982	44
24.8998	44
24.9014	44
24.903	44
24.9046	44
24.9062	44
24.9078	44
24.9094	44
24.911	44
24.9126	44
24.9142	44
24.9158	44
24.9174	44
24.919	44
24.9206	44
24.9222	44
24.9238	44
24.9254	44
24.927	44
24.9286	44
24.9302	44
24.9318	44
24.9334	44
24.935	44
24.9366	44
24.9382	44
24.9398	44
24.9414	44
24.9431	44
24.9447	44
24.9463	44
24.9479	44
24.9495	44
24.9511	44
24.9527	44
24.9543	44
24.9559	44
24.9575	44
24.9591	44
24.9607	44
24.9623	44
24.9639	44
24.9655	44
24.9671	44
24.9687	44
24.9703	44
24.9719	44
24.9735	44
24.9751	44
24.9767	44
24.9783	44
24.9799	44
24.9815	44
24.9831	44
24.9847	44
24.9863	44
24.9879	44
24.9895	44
24.9911	44
24.9927	44
24.9943	44
24.9959	44
24.9975	44
24.9991	44
25.0007	44
25.0023	44
25.0039	44
25.0055	44
25.0071	44
25.0087	44
25.0103	44
25.0119	44
25.0135	44
25.0151	44
25.0167	44
25.0184	44
25.02	44
25.0216	44
25.0232	44
25.0248	44
25.0264	44
25.028	44
25.0296	44
25.0312	44
25.0328	44
25.0344	44
25.036	44
25.0376	44
25.0392	44
25.0408	44
25.0424	44
25.044	44
25.0456	44
25.0472	44
25.0488	44
25.0504	44
25.052	44
25.0536	44
25.0552	45
25.0568	45
25.0584	45
25.06	45
25.0616	45
25.0632	45
25.0648	45
25.0664	46
25.068	46
25.0696	46
25.0712	46
25.0728	46
25.0744	46
25.076	46
25.0776	46
25.0792	46
25.0808	46
25.0824	46
25.084	46
25.0856	46
25.0872	46
25.0888	46
25.0904	46
25.092	46
25.0937	46
25.0953	46
25.0969	46
25.0985	46
25.1001	46
25.1017	46
25.1033	46
25.1049	46
25.1065	46
25.1081	46
25.1097	46
25.1113	46
25.1129	46
25.1145	46
25.1161	46
25.1177	46
25.1193	46
25.1209	46
25.1225	46
25.1241	46
25.1257	46
25.1273	46
25.1289	46
25.1305	46
25.1321	46
25.1337	46
25.1353	46
25.1369	46
25.1385	46
25.1401	46
25.1417	46
25.1433	46
25.1449	46
25.1465	46
25.1481	46
25.1497	46
25.1513	46
25.1529	46
25.1545	46
25.1561	46
25.1577	46
25.1593	46
25.1609	46
25.1625	46
25.1641	46
25.1657	46
25.1674	46
25.169	46
25.1706	46
25.1722	46
25.1738	46
25.1754	46
25.177	46
25.1786	46
25.1802	46
25.1818	46
25.1834	46
25.185	46
25.1866	46
25.1882	46
25.1898	46
25.1914	46
25.193	46
25.1946	46
25.1962	46
25.1978	46
25.1994	46
25.201	46
25.2026	46
25.2042	46
25.2058	46
25.2074	46
25.209	46
25.2106	46
25.2122	46
25.2138	46
25.2154	46
25.217	46
25.2186	46
25.2202	46
25.2218	46
25.2234	46
25.225	46
25.2266	46
25.2282	46
25.2298	46
25.2314	46
25.233	46
25.2346	46
25.2362	46
25.2378	46
25.2394	46
25.241	46
25.2427	46
25.2443	46
25.2459	46
25.2475	47
25.2491	47
25.2507	47
25.2523	47
25.2539	47
25.2555	47
25.2571	47
25.2587	47
25.2603	47
25.2619	47
25.2635	47
25.2651	47
25.2667	47
25.2683	47
25.2699	47
25.2715	47
25.2731	47
25.2747	47
25.2763	47
25.2779	47
25.2795	47
25.2811	47
25.2827	47
25.2843	47
25.2859	47
25.2875	47
25.2891	47
25.2907	47
25.2923	47
25.2939	47
25.2955	47
25.2971	47
25.2987	47
25.3003	47
25.3019	47
25.3035	47
25.3051	47
25.3067	47
25.3083	47
25.3099	47
25.3115	47
25.3131	47
25.3147	47
25.3163	47
25.318	47
25.3196	47
25.3212	47
25.3228	47
25.3244	47
25.326	47
25.3276	47
25.3292	47
25.3308	47
25.3324	47
25.334	47
25.3356	47
25.3372	47
25.3388	47
25.3404	47
25.342	47
25.3436	47
25.3452	47
25.3468	47
25.3484	47
25.35	47
25.3516	47
25.3532	47
25.3548	47
25.3564	47
25.358	48
25.3596	48
25.3612	48
25.3628	48
25.3644	48
25.366	48
25.3676	48
25.3692	48
25.3708	48
25.3724	48
25.374	48
25.3756	48
25.3772	48
25.3788	48
25.3804	48
25.382	48
25.3836	48
25.3852	48
25.3868	48
25.3884	48
25.39	48
25.3916	48
25.3933	48
25.3949	48
25.3965	48
25.3981	48
25.3997	48
25.4013	48
25.4029	48
25.4045	48
25.4061	48
25.4077	48
25.4093	48
25.4109	48
25.4125	48
25.4141	48
25.4157	48
25.4173	48
25.4189	48
25.4205	48
25.4221	48
25.4237	48
25.4253	48
25.4269	48
25.4285	48
25.4301	48
25.4317	48
25.4333	48
25.4349	48
25.4365	48
25.4381	48
25.4397	48
25.4413	48
25.4429	48
25.4445	48
25.4461	48
25.4477	48
25.4493	48
25.4509	48
25.4525	48
25.4541	49
25.4557	49
25.4573	49
25.4589	49
25.4605	49
25.4621	49
25.4637	49
25.4653	49
25.4669	49
25.4686	49
25.4702	49
25.4718	49
25.4734	49
25.475	49
25.4766	49
25.4782	49
25.4798	49
25.4814	49
25.483	49
25.4846	49
25.4862	49
25.4878	49
25.4894	49
25.491	49
25.4926	49
25.4942	49
25.4958	49
25.4974	49
25.499	49
25.5006	49
25.5022	49
25.5038	49
25.5054	49
25.507	49
25.5086	49
25.5102	49
25.5118	49
25.5134	49
25.515	49
25.5166	49
25.5182	49
25.5198	49
25.5214	49
25.523	49
25.5246	49
25.5262	49
25.5278	49
25.5294	49
25.531	49
25.5326	49
25.5342	49
25.5358	49
25.5374	49
25.539	49
25.5406	49
25.5422	49
25.5439	49
25.5455	49
25.5471	49
25.5487	49
25.5503	49
25.5519	49
25.5535	49
25.5551	49
25.5567	49
25.5583	49
25.5599	49
25.5615	49
25.5631	49
25.5647	49
25.5663	49
25.5679	49
25.5695	49
25.5711	49
25.5727	49
25.5743	49
25.5759	49
25.5775	49
25.5791	49
25.5807	49
25.5823	49
25.5839	49
25.5855	49
25.5871	49
25.5887	49
25.5903	49
25.5919	49
25.5935	49
25.5951	49
25.5967	49
25.5983	49
25.5999	49
25.6015	49
25.6031	49
25.6047	49
25.6063	49
25.6079	49
25.6095	49
25.6111	49
25.6127	49
25.6143	49
25.6159	49
25.6175	49
25.6192	49
25.6208	49
25.6224	49
25.624	49
25.6256	49
25.6272	49
25.6288	49
25.6304	49
25.632	49
25.6336	49
25.6352	49
25.6368	49
25.6384	49
25.64	49
25.6416	49
25.6432	49
25.6448	49
25.6464	49
25.648	49
25.6496	50
25.6512	50
25.6528	50
25.6544	50
25.656	50
25.6576	50
25.6592	50
25.6608	50
25.6624	50
25.664	51
25.6656	51
25.6672	51
25.6688	51
25.6704	51
25.672	51
25.6736	51
25.6752	51
25.6768	51
25.6784	51
25.68	51
25.6816	51
25.6832	51
25.6848	51
25.6864	51
25.688	51
25.6896	51
25.6912	51
25.6929	51
25.6945	51
25.6961	51
25.6977	51
25.6993	51
25.7009	51
25.7025	51
25.7041	51
25.7057	51
25.7073	51
25.7089	51
25.7105	51
25.7121	51
25.7137	51
25.7153	51
25.7169	51
25.7185	51
25.7201	51
25.7217	51
25.7233	51
25.7249	51
25.7265	51
25.7281	51
25.7297	51
25.7313	51
25.7329	51
25.7345	51
25.7361	51
25.7377	51
25.7393	51
25.7409	51
25.7425	51
25.7441	51
25.7457	51
25.7473	51
25.7489	51
25.7505	51
25.7521	51
25.7537	51
25.7553	51
25.7569	51
25.7585	51
25.7601	51
25.7617	51
25.7633	51
25.7649	51
25.7665	51
25.7682	51
25.7698	51
25.7714	51
25.773	51
25.7746	51
25.7762	51
25.7778	51
25.7794	51
25.781	51
25.7826	51
25.7842	51
25.7858	51
25.7874	51
25.789	51
25.7906	51
25.7922	51
25.7938	51
25.7954	51
25.797	51
25.7986	51
25.8002	51
25.8018	51
25.8034	51
25.805	51
25.8066	51
25.8082	51
25.8098	51
25.8114	51
25.813	51
25.8146	51
25.8162	51
25.8178	51
25.8194	51
25.821	51
25.8226	51
25.8242	51
25.8258	51
25.8274	51
25.829	51
25.8306	51
25.8322	51
25.8338	51
25.8354	51
25.837	51
25.8386	51
25.8402	51
25.8418	51
25.8435	51
25.8451	51
25.8467	51
25.8483	51
25.8499	51
25.8515	51
25.8531	51
25.8547	51
25.8563	51
25.8579	51
25.8595	51
25.8611	51
25.8627	52
25.8643	52
25.8659	52
25.8675	52
25.8691	52
25.8707	52
25.8723	52
25.8739	52
25.8755	52
25.8771	52
25.8787	52
25.8803	52
25.8819	52
25.8835	52
25.8851	52
25.8867	52
25.8883	52
25.8899	52
25.8915	52
25.8931	52
25.8947	52
25.8963	52
25.8979	52
25.8995	52
25.9011	52
25.9027	52
25.9043	52
25.9059	52
25.9075	52
25.9091	52
25.9107	52
25.9123	52
25.9139	52
25.9155	52
25.9171	52
25.9188	52
25.9204	52
25.922	52
25.9236	52
25.9252	52
25.9268	52
25.9284	52
25.93	52
25.9316	52
25.9332	52
25.9348	52
25.9364	52
25.938	52
25.9396	52
25.9412	52
25.9428	52
25.9444	52
25.946	52
25.9476	52
25.9492	52
25.9508	52
25.9524	52
25.954	52
25.9556	52
26.0133	52
26.0149	51
26.0165	50
26.0181	50
26.0197	48
26.0213	47
26.0229	46
26.0245	45
26.0261	43
26.0277	42
26.0287	41
26.0359	39
26.0375	37
26.0391	36
26.0407	35
26.0423	35
26.0439	34
26.0455	34
26.0471	34
26.0487	33
26.0503	33
26.0519	33
26.0535	33
26.0551	33
26.0567	33
26.0583	32
26.0599	32
26.0615	31
26.0631	31
26.0647	30
26.0663	29
26.0679	29
26.0696	28
26.0712	28
26.0728	28
26.0744	27
26.076	27
26.0776	27
26.0792	27
26.0808	26
26.0824	26
26.084	26
26.0856	26
26.0872	26
26.0888	26
26.0904	26
26.092	26
26.0936	26
26.0952	26
26.0968	26
26.0984	26
26.1	26
26.1016	26
26.1032	26
26.1048	26
26.1064	26
26.108	27
26.1096	27
26.1112	27
26.1128	27
26.1144	27
26.116	27
26.1176	27
26.1192	27
26.1208	27
26.1224	27
26.124	27
26.1256	27
26.1272	27
26.1288	27
26.1304	27
26.132	27
26.1336	27
26.1352	27
26.1368	27
26.1384	27
26.14	27
26.1416	27
26.1432	27
26.1449	27
26.1465	27
26.1481	27
26.1497	27
26.1513	27
26.1529	27
26.1545	27
26.1561	27
26.1577	27
26.1593	27
26.1609	27
26.1625	27
26.1641	27
26.1657	27
26.1673	27
26.1689	27
26.1705	27
26.1721	27
26.1737	27
26.1753	27
26.1769	27
26.1785	27
26.1801	27
26.1817	27
26.1833	27
26.1849	27
26.1865	27
26.1881	27
26.1897	27
26.1913	27
26.1929	27
26.1945	27
26.1961	27
26.1977	27
26.1993	27
26.2009	27
26.2025	27
26.2041	27
26.2057	27
26.2073	27
26.2089	27
26.2105	27
26.2121	28
26.2137	28
26.2153	28
26.2169	28
26.2185	28
26.2202	28
26.2218	28
26.2234	28
26.225	28
26.2266	28
26.2282	28
26.2298	28
26.2314	28
26.233	28
26.2346	28
26.2362	28
26.2378	28
26.2394	28
26.241	28
26.2426	28
26.2442	28
26.2458	28
26.2474	28
26.249	28
26.2506	28
26.2522	28
26.2538	28
26.2554	28
26.257	28
26.2586	28
26.2602	28
26.2618	28
26.2634	28
26.265	28
26.2666	28
26.2682	28
26.2698	28
26.2714	28
26.273	28
26.2746	28
26.2762	28
26.2778	28
26.2794	28
26.281	28
26.2826	28
26.2842	28
26.2858	28
26.2874	28
26.289	28
26.2906	28
26.2922	28
26.2938	28
26.2955	28
26.2971	28
26.2987	28
26.3003	28
26.3019	28
26.3035	28
26.3051	28
26.3067	28
26.3083	28
26.3099	28
26.3115	28
26.3131	28
26.3147	28
26.3163	28
26.3179	28
26.3195	28
26.3211	28
26.3227	28
26.3243	29
26.3259	29
26.3275	29
26.3291	29
26.3307	29
26.3323	29
26.3339	29
26.3355	29
26.3371	29
26.3387	29
26.3403	30
26.3419	30
26.3435	30
26.3451	30
26.3467	30
26.3483	30
26.3499	30
26.3515	30
26.3531	30
26.3547	30
26.3563	30
26.3579	30
26.3595	30
26.3611	30
26.3627	30
26.3643	30
26.3659	30
26.3675	30
26.3692	30
26.3708	30
26.3724	30
26.374	30
26.3756	30
26.3772	30
26.3788	30
26.3804	30
26.382	30
26.3836	30
26.3852	30
26.3868	30
26.3884	30
26.39	30
26.3916	30
26.3932	30
26.3948	30
26.3964	30
26.398	30
26.3996	30
26.4012	30
26.4028	30
26.4044	30
26.406	30
26.4076	30
26.4092	30
26.4108	30
26.4124	30
26.414	30
26.4156	30
26.4172	30
26.4188	30
26.4204	30
26.422	30
26.4236	30
26.4252	30
26.4268	30
26.4284	30
26.43	30
26.4316	30
26.4332	30
26.4348	30
26.4364	30
26.438	30
26.4396	30
26.4412	30
26.4428	30
26.4445	30
26.4461	30
26.4477	30
26.4493	30
26.4509	30
26.4525	30
26.4541	31
26.4557	31
26.4573	31
26.4589	31
26.4605	31
26.4621	31
26.4637	31
26.4653	31
26.4669	31
26.4685	31
26.4701	31
26.4717	31
26.4733	31
26.4749	31
26.4765	31
26.4781	31
26.4797	31
26.4813	31
26.4829	31
26.4845	31
26.4861	31
26.4877	31
26.4893	31
26.4909	31
26.4925	31
26.4941	31
26.4957	31
26.4973	31
26.4989	31
26.5005	31
26.5021	31
26.5037	31
26.5053	31
26.5069	31
26.5085	31
26.5101	31
26.5117	31
26.5133	31
26.5149	31
26.5165	31
26.5181	31
26.5198	31
26.5214	31
26.523	31
26.5246	31
26.5262	31
26.5278	31
26.5294	31
26.531	31
26.5326	31
26.5342	31
26.5358	31
26.5374	31
26.539	31
26.5406	31
26.5422	31
26.5438	31
26.5454	31
26.547	31
26.5486	31
26.5502	31
26.5518	31
26.5534	31
26.555	31
26.5566	31
26.5582	31
26.5598	31
26.5614	31
26.563	32
26.5646	32
26.5662	32
26.5678	32
26.5694	32
26.571	32
26.5726	32
26.5742	32
26.5758	32
26.5774	32
26.579	32
26.5806	32
26.5822	32
26.5838	32
26.5854	32
26.587	32
26.5886	33
26.5902	33
26.5918	33
26.5934	33
26.5951	33
26.5967	33
26.5983	33
26.5999	33
26.6015	33
26.6031	33
26.6047	33
26.6063	33
26.6079	33
26.6095	33
26.6111	33
26.6127	33
26.6143	33
26.6159	33
26.6175	33
26.6191	33
26.6207	33
26.6223	33
26.6239	33
26.6255	33
26.6271	33
26.6287	33
26.6303	33
26.6319	33
26.6335	33
26.6351	33
26.6367	33
26.6383	33
26.6399	33
26.6415	33
26.6431	33
26.6447	33
26.6463	33
26.6479	33
26.6495	33
26.6511	33
26.6527	33
26.6543	33
26.6559	33
26.6575	33
26.6591	33
26.6607	33
26.6623	33
26.6639	33
26.6655	33
26.6671	33
26.6687	33
26.6704	33
26.672	33
26.6736	33
26.6752	33
26.6768	33
26.6784	33
26.68	33
26.6816	33
26.6832	33
26.6848	33
26.6864	33
26.688	33
26.6896	33
26.6912	33
26.6928	33
26.6944	33
26.696	33
26.6976	33
26.6992	33
26.7008	33
26.7024	33
26.704	33
26.7056	33
26.7072	33
26.7088	33
26.7104	33
26.712	33
26.7136	33
26.7152	33
26.7168	33
26.7184	33
26.72	34
26.7216	34
26.7232	34
26.7248	34
26.7264	34
26.728	34
26.7296	34
26.7312	34
26.7328	34
26.7344	34
26.736	35
26.7376	35
26.7392	35
26.7408	35
26.7424	35
26.744	35
26.7457	35
26.7473	35
26.7489	35
26.7505	35
26.7521	35
26.7537	35
26.7553	35
26.7569	35
26.7585	35
26.7601	35
26.7617	35
26.7633	35
26.7649	35
26.7665	35
26.7681	35
26.7697	35
26.7713	35
26.7729	35
26.7745	35
26.7761	35
26.7777	35
26.7793	35
26.7809	35
26.7825	35
26.7841	35
26.7857	35
26.7873	35
26.7889	35
26.7905	35
26.7921	35
26.7937	35
26.7953	35
26.7969	35
26.7985	35
26.8001	35
26.8017	35
26.8033	35
26.8049	35
26.8065	35
26.8081	35
26.8097	35
26.8113	35
26.8129	35
26.8145	35
26.8161	35
26.8177	35
26.8193	35
26.821	35
26.8226	35
26.8242	35
26.8258	35
26.8274	35
26.829	35
26.8306	35
26.8322	35
26.8338	35
26.8354	35
26.837	35
26.8386	35
26.8402	35
26.8418	35
26.8434	35
26.845	35
26.8466	35
26.8482	35
26.8498	35
26.8514	35
26.853	35
26.8546	35
26.8562	35
26.8578	35
26.8594	35
26.861	35
26.8626	35
26.8642	35
26.8658	35
26.8674	35
26.869	35
26.8706	36
26.8722	36
26.8738	36
26.8754	36
26.877	36
26.8786	36
26.8802	36
26.8818	36
26.8834	36
26.885	36
26.8866	36
26.8882	36
26.8898	36
26.8914	36
26.893	36
26.8946	36
26.8963	36
26.8979	36
26.8995	36
26.9011	36
26.9027	36
26.9043	36
26.9059	36
26.9075	36
26.9091	36
26.9107	36
26.9123	36
26.9139	36
26.9155	36
26.9171	36
26.9187	36
26.9203	36
26.9219	36
26.9235	36
26.9251	36
26.9267	36
26.9283	36
26.9299	36
26.9315	36
26.9331	36
26.9347	36
26.9363	36
26.9379	36
26.9395	36
26.9411	36
26.9427	36
26.9443	36
26.9459	36
26.9475	36
26.9491	36
26.9507	36
26.9523	36
26.9539	36
26.9555	36
26.9571	36
26.9587	36
26.9603	36
26.9619	36
26.9635	36
26.9651	36
26.9667	36
26.9683	36
26.97	36
26.9716	36
26.9732	36
26.9748	36
26.9764	36
26.978	36
26.9796	36
26.9812	36
26.9828	36
26.9844	36
26.986	36
26.9876	36
26.9892	36
26.9908	36
26.9924	36
26.994	36
26.9956	36
26.9972	36
26.9988	36
27.0004	36
27.002	36
27.0036	36
27.0052	36
27.0068	36
27.0084	36
27.01	36
27.0116	36
27.0132	36
27.0148	37
27.0164	37
27.018	37
27.0196	37
27.0212	37
27.0228	37
27.0244	37
27.026	38
27.0276	38
27.0292	38
27.0308	38
27.0324	38
27.034	38
27.0356	38
27.0372	38
27.0388	38
27.0404	38
27.042	38
27.0436	38
27.0453	38
27.0469	38
27.0485	38
27.0501	38
27.0517	38
27.0533	38
27.0549	38
27.0565	38
27.0581	38
27.0597	38
27.0613	38
27.0629	38
27.0645	38
27.0661	38
27.0677	38
27.0693	38
27.0709	38
27.0725	38
27.0741	38
27.0757	38
27.0773	38
27.0789	38
27.0805	38
27.0821	38
27.0837	38
27.0853	38
27.0869	38
27.0885	38
27.0901	38
27.0917	38
27.0933	38
27.0949	38
27.0965	38
27.0981	38
27.0997	38
27.1013	38
27.1029	38
27.1045	38
27.1061	38
27.1077	38
27.1093	38
27.1109	38
27.1125	38
27.1141	38
27.1157	38
27.1173	38
27.1189	38
27.1206	38
27.1222	38
27.1238	38
27.1254	38
27.127	38
27.1286	38
27.1302	38
27.1318	38
27.1334	38
27.135	38
27.1366	38
27.1382	38
27.1398	38
27.1414	38
27.143	38
27.1446	38
27.1462	38
27.1478	38
27.1494	38
27.151	38
27.1526	38
27.1542	38
27.1558	38
27.1574	38
27.159	38
27.1606	38
27.1622	38
27.1638	38
27.1654	38
27.167	38
27.1686	38
27.1702	38
27.1718	38
27.1734	38
27.175	38
27.1766	39
27.1782	39
27.1798	39
27.1814	39
27.183	39
27.1846	39
27.1862	39
27.1878	39
27.1894	39
27.191	39
27.1926	39
27.1942	39
27.1959	39
27.1975	39
27.1991	39
27.2007	39
27.2023	39
27.2039	39
27.2055	39
27.2071	39
27.2087	39
27.2103	39
27.2119	39
27.2135	39
27.2151	39
27.2167	39
27.2183	39
27.2199	39
27.2215	39
27.2231	39
27.2247	39
27.2263	39
27.2279	39
27.2295	39
27.2311	39
27.2327	39
27.2343	39
27.2359	39
27.2375	39
27.2391	39
27.2407	39
27.2423	39
27.2439	39
27.2455	39
27.2471	39
27.2487	39
27.2503	39
27.2519	39
27.2535	39
27.2551	39
27.2567	39
27.2583	39
27.2599	39
27.2615	39
27.2631	39
27.2647	39
27.2663	39
27.2679	39
27.2695	39
27.2712	39
27.2728	39
27.2744	39
27.276	39
27.2776	39
27.2792	39
27.2808	39
27.2824	39
27.284	39
27.2856	39
27.2872	39
27.2888	39
27.2904	39
27.292	39
27.2936	39
27.2952	39
27.2968	39
27.2984	39
27.3	39
27.3016	39
27.3032	39
27.3048	39
27.3064	39
27.308	40
27.3096	40
27.3112	40
27.3128	40
27.3144	40
27.316	40
27.3176	40
27.3192	40
27.3208	40
27.3224	40
27.324	40
27.3256	40
27.3272	40
27.3288	40
27.3304	40
27.332	40
27.3336	40
27.3352	40
27.3368	40
27.3384	40
27.34	40
27.3416	40
27.3432	40
27.3448	40
27.3465	41
27.3481	41
27.3497	41
27.3513	41
27.3529	41
27.3545	41
27.3561	41
27.3577	41
27.3593	41
27.3609	41
27.3625	41
27.3641	41
27.3657	41
27.3673	41
27.3689	41
27.3705	41
27.3721	41
27.3737	41
27.3753	41
27.3769	41
27.3785	41
27.3801	41
27.3817	41
27.3833	41
27.3849	41
27.3865	41
27.3881	41
27.3897	41
27.3913	41
27.3929	41
27.3945	41
27.3961	41
27.3977	41
27.3993	41
27.4009	41
27.4025	41
27.4041	41
27.4057	41
27.4073	41
27.4089	41
27.4105	41
27.4121	41
27.4137	41
27.4153	41
27.4169	41
27.4185	41
27.4201	41
27.4218	41
27.4234	41
27.425	41
27.4266	41
27.4282	41
27.4298	41
27.4314	41
27.433	41
27.4346	41
27.4362	41
27.4378	41
27.4394	41
27.441	41
27.4426	41
27.4442	41
27.4458	41
27.4474	41
27.449	41
27.4506	41
27.4522	41
27.4538	41
27.4554	41
27.457	41
27.4586	41
27.4602	41
27.4618	41
27.4634	41
27.465	41
27.4666	41
27.4682	41
27.4698	41
27.4714	41
27.473	41
27.4746	41
27.4762	41
27.4778	41
27.4794	41
27.481	41
27.4826	41
27.4842	41
27.4858	41
27.4874	41
27.489	41
27.4906	41
27.4922	41
27.4938	41
27.4955	41
27.4971	41
27.4987	41
27.5003	41
27.5019	41
27.5035	41
27.5051	41
27.5067	41
27.5083	41
27.5099	42
27.5115	42
27.5131	42
27.5147	42
27.5163	42
27.5179	42
27.5195	42
27.5211	42
27.5227	42
27.5243	42
27.5259	42
27.5275	42
27.5291	43
27.5307	43
27.5323	43
27.5339	43
27.5355	43
27.5371	43
27.5387	43
27.5403	43
27.5419	43
27.5435	43
27.5451	43
27.5467	43
27.5483	43
27.5499	43
27.5515	43
27.5531	43
27.5547	43
27.5563	43
27.5579	43
27.5595	43
27.5611	43
27.5627	43
27.5643	43
27.5659	43
27.5675	43
27.5691	43
27.5708	43
27.5724	43
27.574	43
27.5756	43
27.5772	43
27.5788	43
27.5804	43
27.582	43
27.5836	43
27.5852	43
27.5868	43
27.5884	43
27.59	43
27.5916	43
27.5932	43
27.5948	43
27.5964	43
27.598	43
27.5996	43
27.6012	43
27.6028	43
27.6044	43
27.606	43
27.6076	43
27.6092	43
27.6108	43
27.6124	43
27.614	43
27.6156	43
27.6172	43
27.6188	43
27.6204	43
27.622	43
27.6236	43
27.6252	43
27.6268	43
27.6284	43
27.63	43
27.6316	43
27.6332	43
27.6348	43
27.6364	43
27.638	43
27.6396	43
27.6412	43
27.6428	43
27.6444	43
27.6461	43
27.6477	43
27.6493	43
27.6509	43
27.6525	43
27.6541	43
27.6557	43
27.6573	43
27.6589	43
27.6605	43
27.6621	43
27.6637	43
27.6653	43
27.6669	43
27.6685	43
27.6701	43
27.6717	43
27.6733	43
27.6749	43
27.6765	43
27.6781	43
27.6797	43
27.6813	43
27.6829	43
27.6845	43
27.6861	43
27.6877	43
27.6893	43
27.6909	43
27.6925	43
27.6941	44
27.6957	44
27.6973	44
27.6989	44
27.7005	44
27.7021	44
27.7037	44
27.7053	44
27.7069	44
27.7085	44
27.7101	44
27.7117	44
27.7133	44
27.7149	44
27.7165	44
27.7181	44
27.7197	44
27.7214	44
27.723	44
27.7246	44
27.7262	44
27.7278	44
27.7294	44
27.731	44
27.7326	44
27.7342	44
27.7358	44
27.7374	44
27.739	44
27.7406	44
27.7422	44
27.7438	44
27.7454	44
27.747	44
27.7486	44
27.7502	44
27.7518	44
27.7534	44
27.755	44
27.7566	44
27.7582	44
27.7598	44
27.7614	44
27.763	44
27.7646	44
27.7662	44
27.7678	44
27.7694	44
27.771	44
27.7726	44
27.7742	44
27.7758	44
27.7774	44
27.779	44
27.7806	44
27.7822	44
27.7838	44
27.7854	44
27.787	44
27.7886	44
27.7902	44
27.7918	44
27.7934	44
27.795	44
27.7967	44
27.7983	44
27.7999	44
27.8015	44
27.8031	44
27.8047	44
27.8063	44
27.8079	44
27.8095	44
27.8111	44
27.8127	44
27.8143	44
27.8159	44
27.8175	44
27.8191	44
27.8207	44
27.8223	44
27.8239	44
27.8255	44
27.8271	44
27.8287	44
27.8303	44
27.8319	44
27.8335	44
27.8351	44
27.8367	44
27.8383	44
27.8399	44
27.8415	44
27.8431	44
27.8447	44
27.8463	44
27.8479	44
27.8495	44
27.8511	44
27.8527	44
27.8543	44
27.8559	44
27.8575	44
27.8591	44
27.8607	44
27.8623	44
27.8639	44
27.8655	44
27.8671	44
27.8687	44
27.8703	44
27.872	44
27.8736	45
27.8752	45
27.8768	45
27.8784	45
27.88	45
27.8816	45
27.8832	45
27.8848	45
27.8864	46
27.888	46
27.8896	46
27.8912	46
27.8928	46
27.8944	46
27.896	46
27.8976	46
27.8992	46
27.9008	46
27.9024	46
27.904	46
27.9056	46
27.9072	46
27.9088	46
27.9104	46
27.912	46
27.9136	46
27.9152	46
27.9168	46
27.9184	46
27.92	46
27.9216	46
27.9232	46
27.9248	46
27.9264	46
27.928	46
27.9296	46
27.9312	46
27.9328	46
27.9344	46
27.936	46
27.9376	46
27.9392	46
27.9408	46
27.9424	46
27.944	46
27.9456	46
27.9473	46
27.9489	46
27.9505	46
27.9521	46
27.9537	46
27.9553	46
27.9569	46
27.9585	46
27.9601	46
27.9617	46
27.9633	46
27.9649	46
27.9665	46
27.9681	46
27.9697	46
27.9713	46
27.9729	46
27.9745	46
27.9761	46
27.9777	46
27.9793	46
27.9809	46
27.9825	46
27.9841	46
27.9857	46
27.9873	46
27.9889	46
27.9905	46
27.9921	46
27.9937	46
27.9953	46
27.9969	46
27.9985	46
28.0001	46
28.0017	46
28.0033	46
28.0049	46
28.0065	46
28.0081	46
28.0097	46
28.0113	46
28.0129	46
28.0145	46
28.0161	46
28.0177	46
28.0193	46
28.021	46
28.0226	46
28.0242	46
28.0258	46
28.0274	46
28.029	46
28.0306	46
28.0322	46
28.0338	46
28.0354	46
28.037	46
28.0386	46
28.0402	46
28.0418	46
28.0434	46
28.045	46
28.0466	46
28.0482	46
28.0498	46
28.0514	46
28.053	46
28.0546	46
28.0562	46
28.0578	46
28.0594	46
28.061	46
28.0626	46
28.0642	46
28.0658	47
28.0674	47
28.069	47
28.0706	47
28.0722	47
28.0738	47
28.0754	47
28.077	47
28.0786	47
28.0802	47
28.0818	47
28.0834	47
28.085	48
28.0866	48
28.0882	48
28.0898	48
28.0914	48
28.093	48
28.0946	48
28.0963	48
28.0979	48
28.0995	48
28.1011	48
28.1027	48
28.1043	48
28.1059	48
28.1075	48
28.1091	48
28.1107	48
28.1123	48
28.1139	48
28.1155	48
28.1171	48
28.1187	48
28.1203	48
28.1219	48
28.1235	48
28.1251	48
28.1267	48
28.1283	48
28.1299	48
28.1315	48
28.1331	48
28.1347	48
28.1363	48
28.1379	48
28.1395	48
28.1411	48
28.1427	48
28.1443	48
28.1459	48
28.1475	48
28.1491	48
28.1507	48
28.1523	48
28.1539	48
28.1555	48
28.1571	48
28.1587	48
28.1603	48
28.1619	48
28.1635	48
28.1651	48
28.1667	48
28.1683	48
28.1699	48
28.1716	48
28.1732	48
28.1748	48
28.1764	48
28.178	48
28.1796	48
28.1812	48
28.1828	48
28.1844	48
28.186	48
28.1876	48
28.1892	48
28.1908	48
28.1924	48
28.194	48
28.1956	48
28.1972	48
28.1988	48
28.2004	48
28.202	48
28.2036	48
28.2052	48
28.2068	48
28.2084	48
28.21	48
28.2116	48
28.2132	48
28.2148	48
28.2164	48
28.218	48
28.2196	48
28.2212	48
28.2228	48
28.2244	48
28.226	48
28.2276	48
28.2292	48
28.2308	48
28.2324	48
28.234	48
28.2356	48
28.2372	48
28.2388	48
28.2404	48
28.242	48
28.2436	48
28.2452	48
28.2469	48
28.2485	48
28.2501	48
28.2517	48
28.2533	48
28.2549	48
28.2565	48
28.2581	48
28.2597	48
28.2613	48
28.2629	48
28.2645	48
28.2661	48
28.2677	48
28.2693	48
28.2709	48
28.2725	49
28.2741	49
28.2757	49
28.2773	49
28.2789	49
28.2805	49
28.2821	49
28.2837	49
28.2853	49
28.2869	49
28.2885	49
28.2901	49
28.2917	49
28.2933	49
28.2949	49
28.2965	49
28.2981	49
28.2997	49
28.3013	49
28.3029	49
28.3045	49
28.3061	49
28.3077	49
28.3093	49
28.3109	49
28.3125	49
28.3141	49
28.3157	49
28.3173	49
28.3189	49
28.3205	49
28.3222	49
28.3238	49
28.3254	49
28.327	49
28.3286	49
28.3302	49
28.3318	49
28.3334	49
28.335	49
28.3366	49
28.3382	49
28.3398	49
28.3414	49
28.343	49
28.3446	49
28.3462	49
28.3478	49
28.3494	49
28.351	49
28.3526	49
28.3542	49
28.3558	49
28.3574	49
28.359	49
28.3606	49
28.3622	49
28.3638	49
28.3654	49
28.367	49
28.3686	49
28.3702	49
28.3718	49
28.3734	49
28.375	49
28.3766	49
28.3782	49
28.3798	49
28.3814	49
28.383	49
28.3846	49
28.3862	49
28.3878	49
28.3894	49
28.391	49
28.3926	49
28.3942	49
28.3958	49
28.3975	49
28.3991	49
28.4007	49
28.4023	49
28.4039	49
28.4055	49
28.4071	49
28.4087	49
28.4103	49
28.4119	49
28.4135	49
28.4151	49
28.4167	49
28.4183	49
28.4199	49
28.4215	49
28.4231	49
28.4247	49
28.4263	49
28.4279	49
28.4295	49
28.4311	49
28.4327	49
28.4343	49
28.4359	49
28.4375	49
28.4391	49
28.4407	49
28.4423	49
28.4439	49
28.4455	49
28.4471	49
28.4487	49
28.4503	49
28.4519	49
28.4535	49
28.4551	49
28.4567	49
28.4583	49
28.4599	49
28.4615	49
28.4631	49
28.4647	49
28.4663	49
28.4679	50
28.4695	50
28.4711	50
28.4728	50
28.4744	50
28.476	50
28.4776	50
28.4792	50
28.4808	50
28.4824	50
28.484	50
28.4856	50
28.4872	51
28.4888	51
28.4904	51
28.492	51
28.4936	51
28.4952	51
28.4968	51
28.4984	51
28.5	51
28.5016	51
28.5032	51
28.5048	51
28.5064	51
28.508	51
28.5096	51
28.5112	51
28.5128	51
28.5144	51
28.516	51
28.5176	51
28.5192	51
28.5208	51
28.5224	51
28.524	51
28.5256	51
28.5272	51
28.5288	51
28.5304	51
28.532	51
28.5336	51
28.5352	51
28.5368	51
28.5384	51
28.54	51
28.5416	51
28.5432	51
28.5448	51
28.5465	51
28.5481	51
28.5497	51
28.5513	51
28.5529	51
28.5545	51
28.5561	51
28.5577	51
28.5593	51
28.5609	51
28.5625	51
28.5641	51
28.5657	51
28.5673	51
28.5689	51
28.5705	51
28.5721	51
28.5737	51
28.5753	51
28.5769	51
28.5785	51
28.5801	51
28.5817	51
28.5833	51
28.5849	51
28.5865	51
28.5881	51
28.5897	51
28.5913	51
28.5929	51
28.5945	51
28.5961	51
28.5977	51
28.5993	51
28.6009	51
28.6025	51
28.6041	51
28.6057	51
28.6073	51
28.6089	51
28.6105	51
28.6121	51
28.6137	51
28.6153	51
28.6169	51
28.6185	51
28.6201	51
28.6218	51
28.6234	51
28.625	51
28.6266	51
28.6282	51
28.6298	51
28.6314	51
28.633	51
28.6346	51
28.6362	51
28.6378	51
28.6394	51
28.641	51
28.6426	51
28.6442	51
28.6458	51
28.6474	51
28.649	51
28.6506	51
28.6522	51
28.6538	51
28.6554	51
28.657	51
28.6586	51
28.6602	51
28.6618	51
28.6634	51
28.665	51
28.6666	51
28.6682	51
28.6698	51
28.6714	51
28.673	51
28.6746	51
28.6762	51
28.6778	51
28.6794	51
28.681	52
28.6826	52
28.6842	52
28.6858	52
28.6874	52
28.689	52
28.6906	52
28.6922	52
28.6938	52
28.6954	52
28.6971	52
28.6987	52
28.7003	52
28.7019	52
28.7035	52
28.7051	52
28.7067	52
28.7083	52
28.7099	52
28.7115	52
28.7131	52
28.7147	52
28.7163	52
28.7179	52
28.7195	52
28.7211	52
28.7227	52
28.7243	52
28.7259	52
28.7275	52
28.7291	52
28.7307	52
28.7323	52
28.7339	52
28.7355	52
28.7371	52
28.7387	52
28.7403	52
28.7419	52
28.7435	52
28.7451	52
28.7467	52
28.7483	52
28.7499	52
28.7515	52
28.7531	52
28.7547	52
28.7563	52
28.7579	52
28.7595	52
28.7611	52
28.7627	52
28.7643	52
28.7659	52
28.7675	52
28.7691	52
28.7707	52
28.7724	52
28.774	52
28.8316	52
28.8332	51
28.8348	50
28.8364	49
28.838	48
28.8396	47
28.8412	46
28.8428	45
28.8444	43
28.846	42
28.8472	41
28.8544	39
28.856	37
28.8576	36
28.8592	36
28.8608	35
28.8624	34
28.8641	34
28.8657	34
28.8673	34
28.8689	33
28.8705	33
28.8721	33
28.8737	33
28.8753	33
28.8769	33
28.8785	33
28.8801	32
28.8817	31
28.8833	30
28.8849	29
28.8865	29
28.8881	28
28.8897	28
28.8913	28
28.8929	27
28.8945	27
28.8961	27
28.8977	27
28.8993	26
28.9009	26
28.9025	26
28.9041	26
28.9057	26
28.9073	26
28.9089	26
28.9105	26
28.9121	26
28.9137	26
28.9153	26
28.9169	26
28.9185	26
28.9201	26
28.9217	26
28.9233	26
28.9249	26
28.9265	26
28.9281	26
28.9297	26
28.9313	26
28.9329	26
28.9345	26
28.9361	27
28.9377	27
28.9394	27
28.941	27
28.9426	27
28.9442	27
28.9458	27
28.9474	27
28.949	27
28.9506	27
28.9522	27
28.9538	27
28.9554	27
28.957	27
28.9586	27
28.9602	27
28.9618	27
28.9634	27
28.965	27
28.9666	27
28.9682	27
28.9698	27
28.9714	27
28.973	27
28.9746	27
28.9762	27
28.9778	27
28.9794	27
28.981	27
28.9826	27
28.9842	27
28.9858	27
28.9874	27
28.989	27
28.9906	27
28.9922	27
28.9938	27
28.9954	27
28.997	27
28.9986	27
29.0002	27
29.0018	27
29.0034	27
29.005	27
29.0066	27
29.0082	27
29.0098	27
29.0114	27
29.013	27
29.0147	27
29.0163	27
29.0179	27
29.0195	27
29.0211	27
29.0227	27
29.0243	27
29.0259	27
29.0275	27
29.0291	27
29.0307	27
29.0323	28
29.0339	28
29.0355	28
29.0371	28
29.0387	28
29.0403	28
29.0419	28
29.0435	28
29.0451	28
29.0467	28
29.0483	28
29.0499	28
29.0515	28
29.0531	28
29.0547	28
29.0563	28
29.0579	28
29.0595	28
29.0611	28
29.0627	28
29.0643	28
29.0659	28
29.0675	28
29.0691	28
29.0707	28
29.0723	28
29.0739	28
29.0755	28
29.0771	28
29.0787	28
29.0803	28
29.0819	28
29.0835	28
29.0851	28
29.0867	28
29.0884	28
29.09	28
29.0916	28
29.0932	28
29.0948	28
29.0964	28
29.098	28
29.0996	28
29.1012	28
29.1028	28
29.1044	28
29.106	28
29.1076	28
29.1092	28
29.1108	28
29.1124	28
29.114	28
29.1156	28
29.1172	28
29.1188	28
29.1204	28
29.122	28
29.1236	28
29.1252	28
29.1268	28
29.1284	28
29.13	28
29.1316	28
29.1332	28
29.1348	28
29.1364	28
29.138	28
29.1396	28
29.1412	28
29.1428	28
29.1444	29
29.146	29
29.1476	29
29.1492	29
29.1508	29
29.1524	29
29.154	30
29.1556	30
29.1572	30
29.1588	30
29.1604	30
29.162	30
29.1637	30
29.1653	30
29.1669	30
29.1685	30
29.1701	30
29.1717	30
29.1733	30
29.1749	30
29.1765	30
29.1781	30
29.1797	30
29.1813	30
29.1829	30
29.1845	30
29.1861	30
29.1877	30
29.1893	30
29.1909	30
29.1925	30
29.1941	30
29.1957	30
29.1973	30
29.1989	30
29.2005	30
29.2021	30
29.2037	30
29.2053	30
29.2069	30
29.2085	30
29.2101	30
29.2117	30
29.2133	30
29.2149	30
29.2165	30
29.2181	30
29.2197	30
29.2213	30
29.2229	30
29.2245	30
29.2261	30
29.2277	30
29.2293	30
29.2309	30
29.2325	30
29.2341	30
29.2357	30
29.2373	30
29.239	30
29.2406	30
29.2422	30
29.2438	30
29.2454	30
29.247	30
29.2486	30
29.2502	30
29.2518	30
29.2534	30
29.255	30
29.2566	30
29.2582	30
29.2598	30
29.2614	30
29.263	30
29.2646	30
29.2662	30
29.2678	30
29.2694	30
29.271	30
29.2726	30
29.2742	31
29.2758	31
29.2774	31
29.279	31
29.2806	31
29.2822	31
29.2838	31
29.2854	31
29.287	31
29.2886	31
29.2902	31
29.2918	31
29.2934	31
29.295	32
29.2966	32
29.2982	32
29.2998	32
29.3014	32
29.303	32
29.3046	32
29.3062	32
29.3078	32
29.3094	32
29.311	32
29.3126	32
29.3143	32
29.3159	32
29.3175	32
29.3191	32
29.3207	32
29.3223	32
29.3239	32
29.3255	32
29.3271	32
29.3287	32
29.3303	32
29.3319	32
29.3335	32
29.3351	32
29.3367	32
29.3383	32
29.3399	32
29.3415	32
29.3431	32
29.3447	32
29.3463	32
29.3479	32
29.3495	32
29.3511	32
29.3527	32
29.3543	32
29.3559	32
29.3575	32
29.3591	32
29.3607	32
29.3623	32
29.3639	32
29.3655	32
29.3671	32
29.3687	32
29.3703	32
29.3719	32
29.3735	32
29.3751	32
29.3767	32
29.3783	32
29.3799	32
29.3815	32
29.3831	32
29.3847	32
29.3863	32
29.3879	32
29.3896	32
29.3912	32
29.3928	32
29.3944	32
29.396	32
29.3976	32
29.3992	32
29.4008	32
29.4024	32
29.404	32
29.4056	32
29.4072	32
29.4088	32
29.4104	32
29.412	32
29.4136	33
29.4152	33
29.4168	33
29.4184	33
29.42	33
29.4216	33
29.4232	33
29.4248	33
29.4264	33
29.428	33
29.4296	33
29.4312	33
29.4328	33
29.4344	33
29.436	33
29.4376	33
29.4392	33
29.4408	33
29.4424	33
29.444	33
29.4456	33
29.4472	33
29.4488	33
29.4504	33
29.452	33
29.4536	33
29.4552	33
29.4568	33
29.4584	33
29.46	33
29.4616	33
29.4632	33
29.4649	33
29.4665	33
29.4681	33
29.4697	33
29.4713	33
29.4729	33
29.4745	33
29.4761	33
29.4777	33
29.4793	33
29.4809	33
29.4825	33
29.4841	33
29.4857	33
29.4873	33
29.4889	33
29.4905	33
29.4921	33
29.4937	33
29.4953	33
29.4969	33
29.4985	33
29.5001	33
29.5017	33
29.5033	33
29.5049	33
29.5065	33
29.5081	33
29.5097	33
29.5113	33
29.5129	33
29.5145	33
29.5161	33
29.5177	33
29.5193	33
29.5209	33
29.5225	33
29.5241	33
29.5257	33
29.5273	33
29.5289	33
29.5305	33
29.5321	33
29.5337	33
29.5353	33
29.5369	33
29.5385	33
29.5402	34
29.5418	34
29.5434	34
29.545	34
29.5466	34
29.5482	34
29.5498	34
29.5514	34
29.553	34
29.5546	34
29.5562	34
29.5578	34
29.5594	34
29.561	34
29.5626	34
29.5642	35
29.5658	35
29.5674	35
29.569	35
29.5706	35
29.5722	35
29.5738	35
29.5754	35
29.577	35
29.5786	35
29.5802	35
29.5818	35
29.5834	35
29.585	35
29.5866	35
29.5882	35
29.5898	35
29.5914	35
29.593	35
29.5946	35
29.5962	35
29.5978	35
29.5994	35
29.601	35
29.6026	35
29.6042	35
29.6058	35
29.6074	35
29.609	35
29.6106	35
29.6122	35
29.6139	35
29.6155	35
29.6171	35
29.6187	35
29.6203	35
29.6219	35
29.6235	35
29.6251	35
29.6267	35
29.6283	35
29.6299	35
29.6315	35
29.6331	35
29.6347	35
29.6363	35
29.6379	35
29.6395	35
29.6411	35
29.6427	35
29.6443	35
29.6459	35
29.6475	35
29.6491	35
29.6507	35
29.6523	35
29.6539	35
29.6555	35
29.6571	35
29.6587	35
29.6603	35
29.6619	35
29.6635	35
29.6651	35
29.6667	35
29.6683	35
29.6699	35
29.6715	35
29.6731	35
29.6747	35
29.6763	35
29.6779	35
29.6795	35
29.6811	35
29.6827	35
29.6843	35
29.6859	35
29.6875	35
29.6892	35
29.6908	36
29.6924	36
29.694	36
29.6956	36
29.6972	36
29.6988	36
29.7004	36
29.702	36
29.7036	36
29.7052	36
29.7068	36
29.7084	36
29.71	36
29.7116	36
29.7132	36
29.7148	36
29.7164	36
29.718	36
29.7196	36
29.7212	36
29.7228	36
29.7244	36
29.726	36
29.7276	36
29.7292	36
29.7308	36
29.7324	36
29.734	36
29.7356	36
29.7372	36
29.7388	36
29.7404	36
29.742	36
29.7436	36
29.7452	36
29.7468	36
29.7484	36
29.75	36
29.7516	36
29.7532	36
29.7548	36
29.7564	36
29.758	36
29.7596	36
29.7612	36
29.7628	36
29.7645	36
29.7661	36
29.7677	36
29.7693	36
29.7709	36
29.7725	36
29.7741	36
29.7757	36
29.7773	36
29.7789	36
29.7805	36
29.7821	36
29.7837	36
29.7853	36
29.7869	36
29.7885	36
29.7901	36
29.7917	36
29.7933	36
29.7949	36
29.7965	36
29.7981	36
29.7997	36
29.8013	36
29.8029	36
29.8045	36
29.8061	36
29.8077	36
29.8093	36
29.8109	36
29.8125	36
29.8141	36
29.8157	36
29.8173	36
29.8189	36
29.8205	36
29.8221	36
29.8237	36
29.8253	36
29.8269	36
29.8285	36
29.8301	36
29.8317	36
29.8333	36
29.8349	36
29.8365	37
29.8381	37
29.8398	37
29.8414	37
29.843	37
29.8446	37
29.8462	37
29.8478	37
29.8494	38
29.851	38
29.8526	38
29.8542	38
29.8558	38
29.8574	38
29.859	38
29.8606	38
29.8622	38
29.8638	38
29.8654	38
29.867	38
29.8686	38
29.8702	38
29.8718	38
29.8734	38
29.875	38
29.8766	38
29.8782	38
29.8798	38
29.8814	38
29.883	38
29.8846	38
29.8862	38
29.8878	38
29.8894	38
29.891	38
29.8926	38
29.8942	38
29.8958	38
29.8974	38
29.899	38
29.9006	38
29.9022	38
29.9038	38
29.9054	38
29.907	38
29.9086	38
29.9102	38
29.9118	38
29.9134	38
29.9151	38
29.9167	38
29.9183	38
29.9199	38
29.9215	38
29.9231	38
29.9247	38
29.9263	38
29.9279	38
29.9295	38
29.9311	38
29.9327	38
29.9343	38
29.9359	38
29.9375	38
29.9391	38
29.9407	38
29.9423	38
29.9439	38
29.9455	38
29.9471	38
29.9487	38
29.9503	38
29.9519	38
29.9535	38
29.9551	38
29.9567	38
29.9583	38
29.9599	38
29.9615	38
29.9631	38
29.9647	38
29.9663	38
29.9679	38
29.9695	38
29.9711	38
29.9727	38
29.9743	38
29.9759	38
29.9775	38
29.9791	38
29.9807	38
29.9823	38
29.9839	38
29.9855	38
29.9871	38
29.9887	38
29.9904	38
29.992	38
29.9936	38
29.9952	38
29.9968	38
29.9984	39
30	39
30.0016	39
30.0032	39
30.0048	39
30.0064	39
30.008	39
30.0096	39
30.0112	39
30.0128	39
30.0144	39
30.016	39
30.0176	39
30.0192	39
30.0208	39
30.0224	39
30.024	39
30.0256	39
30.0272	39
30.0288	39
30.0304	39
30.032	40
30.0336	40
30.0352	40
30.0368	40
30.0384	40
30.04	40
30.0416	40
30.0432	40
30.0448	40
30.0464	40
30.048	40
30.0496	40
30.0512	40
30.0528	40
30.0544	40
30.056	40
30.0576	40
30.0592	40
30.0608	40
30.0624	40
30.064	40
30.0657	40
30.0673	40
30.0689	40
30.0705	40
30.0721	40
30.0737	40
30.0753	40
30.0769	40
30.0785	40
30.0801	40
30.0817	40
30.0833	40
30.0849	40
30.0865	40
30.0881	40
30.0897	40
30.0913	40
30.0929	40
30.0945	40
30.0961	40
30.0977	40
30.0993	40
30.1009	40
30.1025	40
30.1041	40
30.1057	40
30.1073	40
30.1089	40
30.1105	40
30.1121	40
30.1137	40
30.1153	40
30.1169	40
30.1185	40
30.1201	40
30.1217	40
30.1233	40
30.1249	40
30.1265	40
30.1281	40
30.1297	40
30.1313	40
30.1329	40
30.1345	40
30.1361	40
30.1377	40
30.1393	40
30.141	40
30.1426	40
30.1442	40
30.1458	40
30.1474	40
30.149	40
30.1506	40
30.1522	40
30.1538	40
30.1554	40
30.157	40
30.1586	40
30.1602	40
30.1618	40
30.1634	40
30.165	40
30.1666	40
30.1682	41
30.1698	41
30.1714	41
30.173	41
30.1746	41
30.1762	41
30.1778	41
30.1794	41
30.181	41
30.1826	41
30.1842	41
30.1858	41
30.1874	41
30.189	41
30.1906	41
30.1922	41
30.1938	41
30.1954	41
30.197	41
30.1986	41
30.2002	41
30.2018	41
30.2034	41
30.205	41
30.2066	41
30.2082	41
30.2098	41
30.2114	41
30.213	41
30.2147	41
30.2163	41
30.2179	41
30.2195	41
30.2211	41
30.2227	41
30.2243	41
30.2259	41
30.2275	41
30.2291	41
30.2307	41
30.2323	41
30.2339	41
30.2355	41
30.2371	41
30.2387	41
30.2403	41
30.2419	41
30.2435	41
30.2451	41
30.2467	41
30.2483	41
30.2499	41
30.2515	41
30.2531	41
30.2547	41
30.2563	41
30.2579	41
30.2595	41
30.2611	41
30.2627	41
30.2643	41
30.2659	41
30.2675	41
30.2691	41
30.2707	41
30.2723	41
30.2739	41
30.2755	41
30.2771	41
30.2787	41
30.2803	41
30.2819	41
30.2835	41
30.2851	41
30.2867	41
30.2883	41
30.29	41
30.2916	41
30.2932	41
30.2948	41
30.2964	41
30.298	41
30.2996	41
30.3012	41
30.3028	41
30.3044	41
30.306	41
30.3076	41
30.3092	41
30.3108	41
30.3124	41
30.314	41
30.3156	41
30.3172	41
30.3188	41
30.3204	41
30.322	41
30.3236	41
30.3252	41
30.3268	41
30.3284	41
30.33	42
30.3316	42
30.3332	42
30.3348	42
30.3364	42
30.338	42
30.3396	42
30.3412	42
30.3428	42
30.3444	42
30.346	43
30.3476	43
30.3492	43
30.3508	43
30.3524	43
30.354	43
30.3556	43
30.3572	43
30.3588	43
30.3604	43
30.362	43
30.3636	43
30.3653	43
30.3669	43
30.3685	43
30.3701	43
30.3717	43
30.3733	43
30.3749	43
30.3765	43
30.3781	43
30.3797	43
30.3813	43
30.3829	43
30.3845	43
30.3861	43
30.3877	43
30.3893	43
30.3909	43
30.3925	43
30.3941	43
30.3957	43
30.3973	43
30.3989	43
30.4005	43
30.4021	43
30.4037	43
30.4053	43
30.4069	43
30.4085	43
30.4101	43
30.4117	43
30.4133	43
30.4149	43
30.4165	43
30.4181	43
30.4197	43
30.4213	43
30.4229	43
30.4245	43
30.4261	43
30.4277	43
30.4293	43
30.4309	43
30.4325	43
30.4341	43
30.4357	43
30.4373	43
30.4389	43
30.4406	43
30.4422	43
30.4438	43
30.4454	43
30.447	43
30.4486	43
30.4502	43
30.4518	43
30.4534	43
30.455	43
30.4566	43
30.4582	43
30.4598	43
30.4614	43
30.463	43
30.4646	43
30.4662	43
30.4678	43
30.4694	43
30.471	43
30.4726	43
30.4742	43
30.4758	43
30.4774	43
30.479	43
30.4806	43
30.4822	43
30.4838	43
30.4854	43
30.487	43
30.4886	43
30.4902	43
30.4918	43
30.4934	43
30.495	43
30.4966	43
30.4982	43
30.4998	43
30.5014	43
30.503	43
30.5046	43
30.5062	43
30.5078	43
30.5094	43
30.511	43
30.5126	44
30.5142	44
30.5159	44
30.5175	44
30.5191	44
30.5207	44
30.5223	44
30.5239	44
30.5255	44
30.5271	44
30.5287	44
30.5303	44
30.5319	44
30.5335	44
30.5351	44
30.5367	44
30.5383	44
30.5399	44
30.5415	44
30.5431	44
30.5447	44
30.5463	44
30.5479	44
30.5495	44
30.5511	44
30.5527	44
30.5543	44
30.5559	44
30.5575	44
30.5591	44
30.5607	44
30.5623	44
30.5639	44
30.5655	44
30.5671	44
30.5687	44
30.5703	44
30.5719	44
30.5735	44
30.5751	44
30.5767	44
30.5783	44
30.5799	44
30.5815	44
30.5831	44
30.5847	44
30.5863	44
30.5879	44
30.5895	44
30.5912	44
30.5928	44
30.5944	44
30.596	44
30.5976	44
30.5992	44
30.6008	44
30.6024	44
30.604	44
30.6056	44
30.6072	44
30.6088	44
30.6104	44
30.612	44
30.6136	44
30.6152	44
30.6168	44
30.6184	44
30.62	44
30.6216	44
30.6232	44
30.6248	44
30.6264	44
30.628	44
30.6296	44
30.6312	44
30.6328	44
30.6344	44
30.636	44
30.6376	44
30.6392	44
30.6408	44
30.6424	44
30.644	44
30.6456	44
30.6472	44
30.6488	44
30.6504	44
30.652	44
30.6536	44
30.6552	44
30.6568	44
30.6584	44
30.66	44
30.6616	44
30.6632	44
30.6648	44
30.6665	44
30.6681	44
30.6697	44
30.6713	44
30.6729	44
30.6745	44
30.6761	44
30.6777	44
30.6793	44
30.6809	44
30.6825	44
30.6841	44
30.6857	44
30.6873	44
30.6889	44
30.6905	44
30.6921	45
30.6937	45
30.6953	45
30.6969	45
30.6985	45
30.7001	45
30.7017	45
30.7033	45
30.7049	45
30.7065	45
30.7081	46
30.7097	46
30.7113	46
30.7129	46
30.7145	46
30.7161	46
30.7177	46
30.7193	46
30.7209	46
30.7225	46
30.7241	46
30.7257	46
30.7273	46
30.7289	46
30.7305	46
30.7321	46
30.7337	46
30.7353	46
30.7369	46
30.7385	46
30.7402	46
30.7418	46
30.7434	46
30.745	46
30.7466	46
30.7482	46
30.7498	46
30.7514	46
30.753	46
30.7546	46
30.7562	46
30.7578	46
30.7594	46
30.761	46
30.7626	46
30.7642	46
30.7658	46
30.7674	46
30.769	46
30.7706	46
30.7722	46
30.7738	46
30.7754	46
30.777	46
30.7786	46
30.7802	46
30.7818	46
30.7834	46
30.785	46
30.7866	46
30.7882	46
30.7898	46
30.7914	46
30.793	46
30.7946	46
30.7962	46
30.7978	46
30.7994	46
30.801	46
30.8026	46
30.8042	46
30.8058	46
30.8074	46
30.809	46
30.8106	46
30.8122	46
30.8138	46
30.8155	46
30.8171	46
30.8187	46
30.8203	46
30.8219	46
30.8235	46
30.8251	46
30.8267	46
30.8283	46
30.8299	46
30.8315	46
30.8331	46
30.8347	46
30.8363	46
30.8379	46
30.8395	46
30.8411	46
30.8427	46
30.8443	46
30.8459	46
30.8475	46
30.8491	46
30.8507	46
30.8523	46
30.8539	46
30.8555	46
30.8571	46
30.8587	46
30.8603	46
30.8619	46
30.8635	46
30.8651	46
30.8667	46
30.8683	46
30.8699	46
30.8715	46
30.8731	46
30.8747	46
30.8763	46
30.8779	46
30.8795	46
30.8811	46
30.8827	46
30.8843	46
30.8859	46
30.8875	47
30.8891	47
30.8908	47
30.8924	47
30.894	47
30.8956	47
30.8972	47
30.8988	47
30.9004	47
30.902	47
30.9036	47
30.9052	47
30.9068	47
30.9084	47
30.91	47
30.9116	47
30.9132	47
30.9148	47
30.9164	47
30.918	47
30.9196	47
30.9212	47
30.9228	47
30.9244	47
30.926	47
30.9276	47
30.9292	47
30.9308	47
30.9324	47
30.934	48
30.9356	48
30.9372	48
30.9388	48
30.9404	48
30.942	48
30.9436	48
30.9452	48
30.9468	48
30.9484	48
30.95	48
30.9516	48
30.9532	48
30.9548	48
30.9564	48
30.958	48
30.9596	48
30.9612	48
30.9628	48
30.9644	48
30.9661	48
30.9677	48
30.9693	48
30.9709	48
30.9725	48
30.9741	48
30.9757	48
30.9773	48
30.9789	48
30.9805	48
30.9821	48
30.9837	48
30.9853	48
30.9869	48
30.9885	48
30.9901	48
30.9917	48
30.9933	48
30.9949	48
30.9965	48
30.9981	48
30.9997	48
31.0013	48
31.0029	48
31.0045	48
31.0061	48
31.0077	48
31.0093	48
31.0109	48
31.0125	48
31.0141	48
31.0157	48
31.0173	48
31.0189	48
31.0205	48
31.0221	48
31.0237	48
31.0253	48
31.0269	48
31.0285	48
31.0301	48
31.0317	48
31.0333	48
31.0349	48
31.0365	48
31.0381	48
31.0397	48
31.0414	48
31.043	48
31.0446	48
31.0462	48
31.0478	48
31.0494	48
31.051	48
31.0526	48
31.0542	48
31.0558	48
31.0574	48
31.059	48
31.0606	48
31.0622	48
31.0638	48
31.0654	48
31.067	48
31.0686	48
31.0702	48
31.0718	48
31.0734	48
31.075	48
31.0766	48
31.0782	48
31.0798	48
31.0814	48
31.083	48
31.0846	48
31.0862	48
31.0878	48
31.0894	48
31.091	49
31.0926	49
31.0942	49
31.0958	49
31.0974	49
31.099	49
31.1006	49
31.1022	49
31.1038	49
31.1054	49
31.107	49
31.1086	49
31.1102	49
31.1118	49
31.1134	49
31.115	49
31.1167	49
31.1183	49
31.1199	49
31.1215	49
31.1231	49
31.1247	49
31.1263	49
31.1279	49
31.1295	49
31.1311	49
31.1327	49
31.1343	49
31.1359	49
31.1375	49
31.1391	49
31.1407	49
31.1423	49
31.1439	49
31.1455	49
31.1471	49
31.1487	49
31.1503	49
31.1519	49
31.1535	49
31.1551	49
31.1567	49
31.1583	49
31.1599	49
31.1615	49
31.1631	49
31.1647	49
31.1663	49
31.1679	49
31.1695	49
31.1711	49
31.1727	49
31.1743	49
31.1759	49
31.1775	49
31.1791	49
31.1807	49
31.1823	49
31.1839	49
31.1855	49
31.1871	49
31.1887	49
31.1903	49
31.192	49
31.1936	49
31.1952	49
31.1968	49
31.1984	49
31.2	49
31.2016	49
31.2032	49
31.2048	49
31.2064	49
31.208	49
31.2096	49
31.2112	49
31.2128	49
31.2144	49
31.216	49
31.2176	49
31.2192	49
31.2208	49
31.2224	49
31.224	49
31.2256	49
31.2272	49
31.2288	49
31.2304	49
31.232	49
31.2336	49
31.2352	49
31.2368	49
31.2384	49
31.24	49
31.2416	49
31.2432	49
31.2448	49
31.2464	49
31.248	49
31.2496	49
31.2512	49
31.2528	49
31.2544	49
31.256	49
31.2576	49
31.2592	49
31.2608	49
31.2624	49
31.264	49
31.2657	49
31.2673	49
31.2689	49
31.2705	49
31.2721	49
31.2737	49
31.2753	49
31.2769	49
31.2785	49
31.2801	49
31.2817	49
31.2833	49
31.2849	49
31.2865	50
31.2881	50
31.2897	50
31.2913	50
31.2929	50
31.2945	50
31.2961	50
31.2977	50
31.2993	50
31.3009	50
31.3025	50
31.3041	50
31.3057	50
31.3073	50
31.3089	50
31.3105	50
31.3121	51
31.3137	51
31.3153	51
31.3169	51
31.3185	51
31.3201	51
31.3217	51
31.3233	51
31.3249	51
31.3265	51
31.3281	51
31.3297	51
31.3313	51
31.3329	51
31.3345	51
31.3361	51
31.3377	51
31.3393	51
31.341	51
31.3426	51
31.3442	51
31.3458	51
31.3474	51
31.349	51
31.3506	51
31.3522	51
31.3538	51
31.3554	51
31.357	51
31.3586	51
31.3602	51
31.3618	51
31.3634	51
31.365	51
31.3666	51
31.3682	51
31.3698	51
31.3714	51
31.373	51
31.3746	51
31.3762	51
31.3778	51
31.3794	51
31.381	51
31.3826	51
31.3842	51
31.3858	51
31.3874	51
31.389	51
31.3906	51
31.3922	51
31.3938	51
31.3954	51
31.397	51
31.3986	51
31.4002	51
31.4018	51
31.4034	51
31.405	51
31.4066	51
31.4082	51
31.4098	51
31.4114	51
31.413	51
31.4146	51
31.4163	51
31.4179	51
31.4195	51
31.4211	51
31.4227	51
31.4243	51
31.4259	51
31.4275	51
31.4291	51
31.4307	51
31.4323	51
31.4339	51
31.4355	51
31.4371	51
31.4387	51
31.4403	51
31.4419	51
31.4435	51
31.4451	51
31.4467	51
31.4483	51
31.4499	51
31.4515	51
31.4531	51
31.4547	51
31.4563	51
31.4579	51
31.4595	51
31.4611	51
31.4627	51
31.4643	51
31.4659	51
31.4675	51
31.4691	51
31.4707	51
31.4723	51
31.4739	51
31.4755	51
31.4771	51
31.4787	51
31.4803	51
31.4819	51
31.4835	51
31.4851	51
31.4867	51
31.4883	51
31.4899	51
31.4916	51
31.4932	51
31.4948	51
31.4964	51
31.498	51
31.4996	51
31.5012	51
31.5028	52
31.5044	52
31.506	52
31.5076	52
31.5092	52
31.5108	52
31.5124	52
31.514	52
31.5156	52
31.5172	52
31.5188	52
31.5204	52
31.522	52
31.5236	52
31.5252	52
31.5268	52
31.5284	52
31.53	52
31.5316	52
31.5332	52
31.5348	52
31.5364	52
31.538	52
31.5396	52
31.5412	52
31.5428	52
31.5444	52
31.546	52
31.5476	52
31.5492	52
31.5508	52
31.5524	52
31.554	52
31.5556	52
31.5572	52
31.5588	52
31.5604	52
31.562	52
31.5636	52
31.5652	52
31.5669	52
31.5685	52
31.5701	52
31.5717	52
31.5733	52
31.5749	52
31.5765	52
31.5781	52
31.5797	52
31.5813	52
31.5829	52
31.5845	52
31.5861	52
31.5877	52
31.5893	52
31.5909	52
31.5925	52
31.5941	52
31.6518	52
31.6534	51
31.655	50
31.6566	49
31.6582	48
31.6598	47
31.6614	46
31.663	45
31.6646	43
31.6662	42
31.6672	41
31.6744	39
31.676	37
31.6776	36
31.6792	35
31.6808	35
31.6824	34
31.684	34
31.6856	34
31.6872	34
31.6888	33
31.6904	33
31.692	33
31.6936	33
31.6952	33
31.6968	33
31.6984	33
31.7	32
31.7016	31
31.7032	30
31.7048	29
31.7064	29
31.708	29
31.7096	28
31.7112	28
31.7128	27
31.7144	27
31.716	27
31.7177	27
31.7193	26
31.7209	26
31.7225	26
31.7241	26
31.7257	26
31.7273	26
31.7289	26
31.7305	26
31.7321	26
31.7337	26
31.7353	26
31.7369	26
31.7385	26
31.7401	26
31.7417	26
31.7433	26
31.7449	26
31.7465	26
31.7481	26
31.7497	26
31.7513	26
31.7529	26
31.7545	26
31.7561	27
31.7577	27
31.7593	27
31.7609	27
31.7625	27
31.7641	27
31.7657	27
31.7673	27
31.7689	27
31.7705	27
31.7721	27
31.7737	27
31.7753	27
31.7769	27
31.7785	27
31.7801	27
31.7817	27
31.7833	27
31.7849	27
31.7865	27
31.7881	27
31.7897	27
31.7913	27
31.793	27
31.7946	27
31.7962	27
31.7978	27
31.7994	27
31.801	27
31.8026	27
31.8042	27
31.8058	27
31.8074	27
31.809	27
31.8106	27
31.8122	27
31.8138	27
31.8154	27
31.817	27
31.8186	27
31.8202	27
31.8218	27
31.8234	27
31.825	27
31.8266	27
31.8282	27
31.8298	27
31.8314	27
31.833	27
31.8346	27
31.8362	27
31.8378	27
31.8394	27
31.841	27
31.8426	27
31.8442	27
31.8458	27
31.8474	27
31.849	27
31.8506	28
31.8522	28
31.8538	28
31.8554	28
31.857	28
31.8586	28
31.8602	28
31.8618	28
31.8634	28
31.865	28
31.8666	28
31.8683	28
31.8699	28
31.8715	28
31.8731	28
31.8747	28
31.8763	28
31.8779	28
31.8795	28
31.8811	28
31.8827	28
31.8843	28
31.8859	28
31.8875	28
31.8891	28
31.8907	28
31.8923	28
31.8939	28
31.8955	28
31.8971	28
31.8987	28
31.9003	28
31.9019	28
31.9035	28
31.9051	28
31.9067	28
31.9083	28
31.9099	28
31.9115	28
31.9131	28
31.9147	28
31.9163	28
31.9179	28
31.9195	28
31.9211	28
31.9227	28
31.9243	28
31.9259	28
31.9275	28
31.9291	28
31.9307	28
31.9323	28
31.9339	28
31.9355	28
31.9371	28
31.9387	28
31.9403	28
31.942	28
31.9436	28
31.9452	28
31.9468	28
31.9484	28
31.95	28
31.9516	28
31.9532	28
31.9548	28
31.9564	28
31.958	28
31.9596	28
31.9612	28
31.9628	28
31.9644	29
31.966	29
31.9676	29
31.9692	29
31.9708	29
31.9724	29
31.974	29
31.9756	29
31.9772	29
31.9788	29
31.9804	30
31.982	30
31.9836	30
31.9852	30
31.9868	30
31.9884	30
31.99	30
31.9916	30
31.9932	30
31.9948	30
31.9964	30
31.998	30
31.9996	30
32.0012	30
32.0028	30
32.0044	30
32.006	30
32.0076	30
32.0092	30
32.0108	30
32.0124	30
32.014	30
32.0156	30
32.0173	30
32.0189	30
32.0205	30
32.0221	30
32.0237	30
32.0253	30
32.0269	30
32.0285	30
32.0301	30
32.0317	30
32.0333	30
32.0349	30
32.0365	30
32.0381	30
32.0397	30
32.0413	30
32.0429	30
32.0445	30
32.0461	30
32.0477	30
32.0493	30
32.0509	30
32.0525	30
32.0541	30
32.0557	30
32.0573	30
32.0589	30
32.0605	30
32.0621	30
32.0637	30
32.0653	30
32.0669	30
32.0685	30
32.0701	30
32.0717	30
32.0733	30
32.0749	30
32.0765	30
32.0781	30
32.0797	30
32.0813	30
32.0829	30
32.0845	30
32.0861	30
32.0877	30
32.0893	30
32.0909	30
32.0926	30
32.0942	31
32.0958	31
32.0974	31
32.099	31
32.1006	31
32.1022	31
32.1038	31
32.1054	31
32.107	31
32.1086	31
32.1102	31
32.1118	31
32.1134	31
32.115	31
32.1166	31
32.1182	31
32.1198	31
32.1214	31
32.123	31
32.1246	31
32.1262	31
32.1278	31
32.1294	31
32.131	32
32.1326	32
32.1342	32
32.1358	32
32.1374	32
32.139	32
32.1406	32
32.1422	32
32.1438	32
32.1454	32
32.147	32
32.1486	32
32.1502	32
32.1518	32
32.1534	32
32.155	32
32.1566	32
32.1582	32
32.1598	32
32.1614	32
32.163	32
32.1646	32
32.1662	32
32.1679	32
32.1695	32
32.1711	32
32.1727	32
32.1743	32
32.1759	32
32.1775	32
32.1791	32
32.1807	32
32.1823	32
32.1839	32
32.1855	32
32.1871	32
32.1887	32
32.1903	32
32.1919	32
32.1935	32
32.1951	32
32.1967	32
32.1983	32
32.1999	32
32.2015	32
32.2031	32
32.2047	32
32.2063	32
32.2079	32
32.2095	32
32.2111	32
32.2127	32
32.2143	32
32.2159	32
32.2175	32
32.2191	32
32.2207	32
32.2223	32
32.2239	32
32.2255	32
32.2271	32
32.2287	32
32.2303	32
32.2319	32
32.2335	33
32.2351	33
32.2367	33
32.2383	33
32.2399	33
32.2415	33
32.2432	33
32.2448	33
32.2464	33
32.248	33
32.2496	33
32.2512	33
32.2528	33
32.2544	33
32.256	33
32.2576	33
32.2592	33
32.2608	33
32.2624	33
32.264	33
32.2656	33
32.2672	33
32.2688	33
32.2704	33
32.272	33
32.2736	33
32.2752	33
32.2768	33
32.2784	33
32.28	33
32.2816	33
32.2832	33
32.2848	33
32.2864	33
32.288	33
32.2896	33
32.2912	33
32.2928	33
32.2944	33
32.296	33
32.2976	33
32.2992	33
32.3008	33
32.3024	33
32.304	33
32.3056	33
32.3072	33
32.3088	33
32.3104	33
32.312	33
32.3136	33
32.3152	33
32.3168	33
32.3185	33
32.3201	33
32.3217	33
32.3233	33
32.3249	33
32.3265	33
32.3281	33
32.3297	33
32.3313	33
32.3329	33
32.3345	33
32.3361	33
32.3377	33
32.3393	33
32.3409	33
32.3425	33
32.3441	33
32.3457	33
32.3473	33
32.3489	33
32.3505	33
32.3521	33
32.3537	33
32.3553	33
32.3569	33
32.3585	33
32.3601	34
32.3617	34
32.3633	34
32.3649	34
32.3665	34
32.3681	34
32.3697	34
32.3713	34
32.3729	34
32.3745	34
32.3761	34
32.3777	34
32.3793	34
32.3809	34
32.3825	34
32.3841	35
32.3857	35
32.3873	35
32.3889	35
32.3905	35
32.3921	35
32.3938	35
32.3954	35
32.397	35
32.3986	35
32.4002	35
32.4018	35
32.4034	35
32.405	35
32.4066	35
32.4082	35
32.4098	35
32.4114	35
32.413	35
32.4146	35
32.4162	35
32.4178	35
32.4194	35
32.421	35
32.4226	35
32.4242	35
32.4258	35
32.4274	35
32.429	35
32.4306	35
32.4322	35
32.4338	35
32.4354	35
32.437	35
32.4386	35
32.4402	35
32.4418	35
32.4434	35
32.445	35
32.4466	35
32.4482	35
32.4498	35
32.4514	35
32.453	35
32.4546	35
32.4562	35
32.4578	35
32.4594	35
32.461	35
32.4626	35
32.4642	35
32.4658	35
32.4675	35
32.4691	35
32.4707	35
32.4723	35
32.4739	35
32.4755	35
32.4771	35
32.4787	35
32.4803	35
32.4819	35
32.4835	35
32.4851	35
32.4867	35
32.4883	35
32.4899	35
32.4915	35
32.4931	35
32.4947	35
32.4963	35
32.4979	35
32.4995	35
32.5011	35
32.5027	35
32.5043	35
32.5059	35
32.5075	35
32.5091	35
32.5107	36
32.5123	36
32.5139	36
32.5155	36
32.5171	36
32.5187	36
32.5203	36
32.5219	36
32.5235	36
32.5251	36
32.5267	36
32.5283	36
32.5299	36
32.5315	36
32.5331	36
32.5347	36
32.5363	36
32.5379	36
32.5395	36
32.5411	36
32.5428	36
32.5444	36
32.546	36
32.5476	36
32.5492	36
32.5508	36
32.5524	36
32.554	36
32.5556	36
32.5572	36
32.5588	36
32.5604	36
32.562	36
32.5636	36
32.5652	36
32.5668	36
32.5684	36
32.57	36
32.5716	36
32.5732	36
32.5748	36
32.5764	36
32.578	36
32.5796	36
32.5812	36
32.5828	36
32.5844	36
32.586	36
32.5876	36
32.5892	36
32.5908	36
32.5924	36
32.594	36
32.5956	36
32.5972	36
32.5988	36
32.6004	36
32.602	36
32.6036	36
32.6052	36
32.6068	36
32.6084	36
32.61	36
32.6116	36
32.6132	36
32.6148	36
32.6164	36
32.6181	36
32.6197	36
32.6213	36
32.6229	36
32.6245	36
32.6261	36
32.6277	36
32.6293	36
32.6309	36
32.6325	36
32.6341	36
32.6357	36
32.6373	36
32.6389	36
32.6405	36
32.6421	36
32.6437	36
32.6453	36
32.6469	36
32.6485	36
32.6501	36
32.6517	36
32.6533	36
32.6549	37
32.6565	37
32.6581	37
32.6597	37
32.6613	37
32.6629	37
32.6645	37
32.6661	37
32.6677	37
32.6693	38
32.6709	38
32.6725	38
32.6741	38
32.6757	38
32.6773	38
32.6789	38
32.6805	38
32.6821	38
32.6837	38
32.6853	38
32.6869	38
32.6885	38
32.6901	38
32.6917	38
32.6934	38
32.695	38
32.6966	38
32.6982	38
32.6998	38
32.7014	38
32.703	38
32.7046	38
32.7062	38
32.7078	38
32.7094	38
32.711	38
32.7126	38
32.7142	38
32.7158	38
32.7174	38
32.719	38
32.7206	38
32.7222	38
32.7238	38
32.7254	38
32.727	38
32.7286	38
32.7302	38
32.7318	38
32.7334	38
32.735	38
32.7366	38
32.7382	38
32.7398	38
32.7414	38
32.743	38
32.7446	38
32.7462	38
32.7478	38
32.7494	38
32.751	38
32.7526	38
32.7542	38
32.7558	38
32.7574	38
32.759	38
32.7606	38
32.7622	38
32.7638	38
32.7654	38
32.767	38
32.7687	38
32.7703	38
32.7719	38
32.7735	38
32.7751	38
32.7767	38
32.7783	38
32.7799	38
32.7815	38
32.7831	38
32.7847	38
32.7863	38
32.7879	38
32.7895	38
32.7911	38
32.7927	38
32.7943	38
32.7959	38
32.7975	38
32.7991	38
32.8007	38
32.8023	38
32.8039	38
32.8055	38
32.8071	38
32.8087	38
32.8103	38
32.8119	38
32.8135	38
32.8151	38
32.8167	38
32.8183	39
32.8199	39
32.8215	39
32.8231	39
32.8247	39
32.8263	39
32.8279	39
32.8295	39
32.8311	39
32.8327	39
32.8343	39
32.8359	39
32.8375	39
32.8391	39
32.8407	39
32.8423	39
32.844	39
32.8456	39
32.8472	39
32.8488	39
32.8504	39
32.852	39
32.8536	39
32.8552	39
32.8568	39
32.8584	39
32.86	39
32.8616	39
32.8632	39
32.8648	39
32.8664	39
32.868	39
32.8696	39
32.8712	39
32.8728	39
32.8744	39
32.876	39
32.8776	39
32.8792	39
32.8808	39
32.8824	39
32.884	40
32.8856	40
32.8872	40
32.8888	40
32.8904	40
32.892	40
32.8936	40
32.8952	40
32.8968	40
32.8984	40
32.9	40
32.9016	40
32.9032	40
32.9048	40
32.9064	40
32.908	40
32.9096	40
32.9112	40
32.9128	40
32.9144	40
32.916	40
32.9176	40
32.9193	40
32.9209	40
32.9225	40
32.9241	40
32.9257	40
32.9273	40
32.9289	40
32.9305	40
32.9321	40
32.9337	40
32.9353	40
32.9369	40
32.9385	40
32.9401	40
32.9417	40
32.9433	40
32.9449	40
32.9465	40
32.9481	40
32.9497	40
32.9513	40
32.9529	40
32.9545	40
32.9561	40
32.9577	40
32.9593	40
32.9609	40
32.9625	40
32.9641	40
32.9657	40
32.9673	40
32.9689	40
32.9705	40
32.9721	40
32.9737	40
32.9753	40
32.9769	40
32.9785	40
32.9801	40
32.9817	40
32.9833	40
32.9849	40
32.9865	40
32.9881	41
32.9897	41
32.9913	41
32.993	41
32.9946	41
32.9962	41
32.9978	41
32.9994	41
33.001	41
33.0026	41
33.0042	41
33.0058	41
33.0074	41
33.009	41
33.0106	41
33.0122	41
33.0138	41
33.0154	41
33.017	41
33.0186	41
33.0202	41
33.0218	41
33.0234	41
33.025	41
33.0266	41
33.0282	41
33.0298	41
33.0314	41
33.033	41
33.0346	41
33.0362	41
33.0378	41
33.0394	41
33.041	41
33.0426	41
33.0442	41
33.0458	41
33.0474	41
33.049	41
33.0506	41
33.0522	41
33.0538	41
33.0554	41
33.057	41
33.0586	41
33.0602	41
33.0618	41
33.0634	41
33.065	41
33.0666	41
33.0683	41
33.0699	41
33.0715	41
33.0731	41
33.0747	41
33.0763	41
33.0779	41
33.0795	41
33.0811	41
33.0827	41
33.0843	41
33.0859	41
33.0875	41
33.0891	41
33.0907	41
33.0923	41
33.0939	41
33.0955	41
33.0971	41
33.0987	41
33.1003	41
33.1019	41
33.1035	41
33.1051	41
33.1067	41
33.1083	41
33.1099	41
33.1115	41
33.1131	41
33.1147	41
33.1163	41
33.1179	41
33.1195	41
33.1211	41
33.1227	41
33.1243	41
33.1259	41
33.1275	41
33.1291	41
33.1307	41
33.1323	41
33.1339	41
33.1355	41
33.1371	41
33.1387	41
33.1403	41
33.1419	41
33.1436	41
33.1452	41
33.1468	41
33.1484	41
33.15	41
33.1516	42
33.1532	42
33.1548	42
33.1564	42
33.158	42
33.1596	42
33.1612	42
33.1628	42
33.1644	42
33.166	42
33.1676	42
33.1692	43
33.1708	43
33.1724	43
33.174	43
33.1756	43
33.1772	43
33.1788	43
33.1804	43
33.182	43
33.1836	43
33.1852	43
33.1868	43
33.1884	43
33.19	43
33.1916	43
33.1932	43
33.1948	43
33.1964	43
33.198	43
33.1996	43
33.2012	43
33.2028	43
33.2044	43
33.206	43
33.2076	43
33.2092	43
33.2108	43
33.2124	43
33.214	43
33.2156	43
33.2172	43
33.2189	43
33.2205	43
33.2221	43
33.2237	43
33.2253	43
33.2269	43
33.2285	43
33.2301	43
33.2317	43
33.2333	43
33.2349	43
33.2365	43
33.2381	43
33.2397	43
33.2413	43
33.2429	43
33.2445	43
33.2461	43
33.2477	43
33.2493	43
33.2509	43
33.2525	43
33.2541	43
33.2557	43
33.2573	43
33.2589	43
33.2605	43
33.2621	43
33.2637	43
33.2653	43
33.2669	43
33.2685	43
33.2701	43
33.2717	43
33.2733	43
33.2749	43
33.2765	43
33.2781	43
33.2797	43
33.2813	43
33.2829	43
33.2845	43
33.2861	43
33.2877	43
33.2893	43
33.2909	43
33.2925	43
33.2942	43
33.2958	43
33.2974	43
33.299	43
33.3006	43
33.3022	43
33.3038	43
33.3054	43
33.307	43
33.3086	43
33.3102	43
33.3118	43
33.3134	43
33.315	43
33.3166	43
33.3182	43
33.3198	43
33.3214	43
33.323	43
33.3246	43
33.3262	43
33.3278	43
33.3294	43
33.331	43
33.3326	43
33.3342	44
33.3358	44
33.3374	44
33.339	44
33.3406	44
33.3422	44
33.3438	44
33.3454	44
33.347	44
33.3486	44
33.3502	44
33.3518	44
33.3534	44
33.355	44
33.3566	44
33.3582	44
33.3598	44
33.3614	44
33.363	44
33.3646	44
33.3662	44
33.3678	44
33.3695	44
33.3711	44
33.3727	44
33.3743	44
33.3759	44
33.3775	44
33.3791	44
33.3807	44
33.3823	44
33.3839	44
33.3855	44
33.3871	44
33.3887	44
33.3903	44
33.3919	44
33.3935	44
33.3951	44
33.3967	44
33.3983	44
33.3999	44
33.4015	44
33.4031	44
33.4047	44
33.4063	44
33.4079	44
33.4095	44
33.4111	44
33.4127	44
33.4143	44
33.4159	44
33.4175	44
33.4191	44
33.4207	44
33.4223	44
33.4239	44
33.4255	44
33.4271	44
33.4287	44
33.4303	44
33.4319	44
33.4335	44
33.4351	44
33.4367	44
33.4383	44
33.4399	44
33.4415	44
33.4431	44
33.4448	44
33.4464	44
33.448	44
33.4496	44
33.4512	44
33.4528	44
33.4544	44
33.456	44
33.4576	44
33.4592	44
33.4608	44
33.4624	44
33.464	44
33.4656	44
33.4672	44
33.4688	44
33.4704	44
33.472	44
33.4736	44
33.4752	44
33.4768	44
33.4784	44
33.48	44
33.4816	44
33.4832	44
33.4848	44
33.4864	44
33.488	44
33.4896	44
33.4912	44
33.4928	44
33.4944	44
33.496	44
33.4976	44
33.4992	44
33.5008	44
33.5024	44
33.504	44
33.5056	44
33.5072	44
33.5088	44
33.5104	44
33.512	45
33.5136	45
33.5152	45
33.5168	45
33.5185	45
33.5201	45
33.5217	45
33.5233	46
33.5249	46
33.5265	46
33.5281	46
33.5297	46
33.5313	46
33.5329	46
33.5345	46
33.5361	46
33.5377	46
33.5393	46
33.5409	46
33.5425	46
33.5441	46
33.5457	46
33.5473	46
33.5489	46
33.5505	46
33.5521	46
33.5537	46
33.5553	46
33.5569	46
33.5585	46
33.5601	46
33.5617	46
33.5633	46
33.5649	46
33.5665	46
33.5681	46
33.5697	46
33.5713	46
33.5729	46
33.5745	46
33.5761	46
33.5777	46
33.5793	46
33.5809	46
33.5825	46
33.5841	46
33.5857	46
33.5873	46
33.5889	46
33.5905	46
33.5921	46
33.5938	46
33.5954	46
33.597	46
33.5986	46
33.6002	46
33.6018	46
33.6034	46
33.605	46
33.6066	46
33.6082	46
33.6098	46
33.6114	46
33.613	46
33.6146	46
33.6162	46
33.6178	46
33.6194	46
33.621	46
33.6226	46
33.6242	46
33.6258	46
33.6274	46
33.629	46
33.6306	46
33.6322	46
33.6338	46
33.6354	46
33.637	46
33.6386	46
33.6402	46
33.6418	46
33.6434	46
33.645	46
33.6466	46
33.6482	46
33.6498	46
33.6514	46
33.653	46
33.6546	46
33.6562	46
33.6578	46
33.6594	46
33.661	46
33.6626	46
33.6642	46
33.6658	46
33.6674	46
33.6691	46
33.6707	46
33.6723	46
33.6739	46
33.6755	46
33.6771	46
33.6787	46
33.6803	46
33.6819	46
33.6835	46
33.6851	46
33.6867	46
33.6883	46
33.6899	46
33.6915	46
33.6931	46
33.6947	46
33.6963	46
33.6979	46
33.6995	46
33.7011	46
33.7027	46
33.7043	46
33.7059	46
33.7075	47
33.7091	47
33.7107	47
33.7123	47
33.7139	47
33.7155	47
33.7171	47
33.7187	47
33.7203	47
33.7219	47
33.7235	47
33.7251	47
33.7267	47
33.7283	47
33.7299	47
33.7315	47
33.7331	47
33.7347	47
33.7363	47
33.7379	47
33.7395	47
33.7411	47
33.7427	47
33.7444	47
33.746	47
33.7476	47
33.7492	47
33.7508	47
33.7524	47
33.754	47
33.7556	47
33.7572	47
33.7588	47
33.7604	47
33.762	47
33.7636	47
33.7652	47
33.7668	47
33.7684	47
33.77	47
33.7716	47
33.7732	47
33.7748	47
33.7764	47
33.778	47
33.7796	47
33.7812	47
33.7828	47
33.7844	47
33.786	48
33.7876	48
33.7892	48
33.7908	48
33.7924	48
33.794	48
33.7956	48
33.7972	48
33.7988	48
33.8004	48
33.802	48
33.8036	48
33.8052	48
33.8068	48
33.8084	48
33.81	48
33.8116	48
33.8132	48
33.8148	48
33.8164	48
33.818	48
33.8197	48
33.8213	48
33.8229	48
33.8245	48
33.8261	48
33.8277	48
33.8293	48
33.8309	48
33.8325	48
33.8341	48
33.8357	48
33.8373	48
33.8389	48
33.8405	48
33.8421	48
33.8437	48
33.8453	48
33.8469	48
33.8485	48
33.8501	48
33.8517	48
33.8533	48
33.8549	48
33.8565	48
33.8581	48
33.8597	48
33.8613	48
33.8629	48
33.8645	48
33.8661	48
33.8677	48
33.8693	48
33.8709	48
33.8725	48
33.8741	48
33.8757	48
33.8773	48
33.8789	48
33.8805	48
33.8821	48
33.8837	48
33.8853	48
33.8869	48
33.8885	48
33.8901	48
33.8917	48
33.8933	48
33.895	48
33.8966	48
33.8982	48
33.8998	48
33.9014	48
33.903	48
33.9046	48
33.9062	48
33.9078	48
33.9094	48
33.911	48
33.9126	49
33.9142	49
33.9158	49
33.9174	49
33.919	49
33.9206	49
33.9222	49
33.9238	49
33.9254	49
33.927	49
33.9286	49
33.9302	49
33.9318	49
33.9334	49
33.935	49
33.9366	49
33.9382	49
33.9398	49
33.9414	49
33.943	49
33.9446	49
33.9462	49
33.9478	49
33.9494	49
33.951	49
33.9526	49
33.9542	49
33.9558	49
33.9574	49
33.959	49
33.9606	49
33.9622	49
33.9638	49
33.9654	49
33.967	49
33.9686	49
33.9703	49
33.9719	49
33.9735	49
33.9751	49
33.9767	49
33.9783	49
33.9799	49
33.9815	49
33.9831	49
33.9847	49
33.9863	49
33.9879	49
33.9895	49
33.9911	49
33.9927	49
33.9943	49
33.9959	49
33.9975	49
33.9991	49
34.0007	49
34.0023	49
34.0039	49
34.0055	49
34.0071	49
34.0087	49
34.0103	49
34.0119	49
34.0135	49
34.0151	49
34.0167	49
34.0183	49
34.0199	49
34.0215	49
34.0231	49
34.0247	49
34.0263	49
34.0279	49
34.0295	49
34.0311	49
34.0327	49
34.0343	49
34.0359	49
34.0375	49
34.0391	49
34.0407	49
34.0423	49
34.044	49
34.0456	49
34.0472	49
34.0488	49
34.0504	49
34.052	49
34.0536	49
34.0552	49
34.0568	49
34.0584	49
34.06	49
34.0616	49
34.0632	49
34.0648	49
34.0664	49
34.068	49
34.0696	49
34.0712	49
34.0728	49
34.0744	49
34.076	49
34.0776	49
34.0792	49
34.0808	49
34.0824	49
34.084	49
34.0856	49
34.0872	49
34.0888	49
34.0904	49
34.092	49
34.0936	49
34.0952	49
34.0968	49
34.0984	49
34.1	49
34.1016	49
34.1032	49
34.1048	49
34.1064	50
34.108	50
34.1096	50
34.1112	50
34.1128	50
34.1144	50
34.116	50
34.1176	50
34.1193	51
34.1209	51
34.1225	51
34.1241	51
34.1257	51
34.1273	51
34.1289	51
34.1305	51
34.1321	51
34.1337	51
34.1353	51
34.1369	51
34.1385	51
34.1401	51
34.1417	51
34.1433	51
34.1449	51
34.1465	51
34.1481	51
34.1497	51
34.1513	51
34.1529	51
34.1545	51
34.1561	51
34.1577	51
34.1593	51
34.1609	51
34.1625	51
34.1641	51
34.1657	51
34.1673	51
34.1689	51
34.1705	51
34.1721	51
34.1737	51
34.1753	51
34.1769	51
34.1785	51
34.1801	51
34.1817	51
34.1833	51
34.1849	51
34.1865	51
34.1881	51
34.1897	51
34.1913	51
34.1929	51
34.1946	51
34.1962	51
34.1978	51
34.1994	51
34.201	51
34.2026	51
34.2042	51
34.2058	51
34.2074	51
34.209	51
34.2106	51
34.2122	51
34.2138	51
34.2154	51
34.217	51
34.2186	51
34.2202	51
34.2218	51
34.2234	51
34.225	51
34.2266	51
34.2282	51
34.2298	51
34.2314	51
34.233	51
34.2346	51
34.2362	51
34.2378	51
34.2394	51
34.241	51
34.2426	51
34.2442	51
34.2458	51
34.2474	51
34.249	51
34.2506	51
34.2522	51
34.2538	51
34.2554	51
34.257	51
34.2586	51
34.2602	51
34.2618	51
34.2634	51
34.265	51
34.2666	51
34.2682	51
34.2699	51
34.2715	51
34.2731	51
34.2747	51
34.2763	51
34.2779	51
34.2795	51
34.2811	51
34.2827	51
34.2843	51
34.2859	51
34.2875	51
34.2891	51
34.2907	51
34.2923	51
34.2939	51
34.2955	51
34.2971	51
34.2987	51
34.3003	51
34.3019	51
34.3035	51
34.3051	51
34.3067	51
34.3083	51
34.3099	51
34.3115	51
34.3131	51
34.3147	51
34.3163	51
34.3179	51
34.3195	51
34.3211	51
34.3227	52
34.3243	52
34.3259	52
34.3275	52
34.3291	52
34.3307	52
34.3323	52
34.3339	52
34.3355	52
34.3371	52
34.3387	52
34.3403	52
34.3419	52
34.3435	52
34.3452	52
34.3468	52
34.3484	52
34.35	52
34.3516	52
34.3532	52
34.3548	52
34.3564	52
34.358	52
34.3596	52
34.3612	52
34.3628	52
34.3644	52
34.366	52
34.3676	52
34.3692	52
34.3708	52
34.3724	52
34.374	52
34.3756	52
34.3772	52
34.3788	52
34.3804	52
34.382	52
34.3836	52
34.3852	52
34.3868	52
34.3884	52
34.39	52
34.3916	52
34.3932	52
34.3948	52
34.3964	52
34.398	52
34.3996	52
34.4012	52
34.4028	52
34.4044	52
34.406	52
34.4076	52
34.4092	52
34.4108	52
34.4124	52
34.414	52
34.4717	52
34.4733	51
34.4749	50
34.4765	49
34.4781	48
34.4797	47
34.4813	46
34.4829	45
34.4845	43
34.4861	42
34.4871	41
34.4943	39
34.496	37
34.4976	36
34.4992	36
34.5008	35
34.5024	34
34.504	34
34.5056	34
34.5072	34
34.5088	33
34.5104	33
34.512	33
34.5136	33
34.5152	33
34.5168	33
34.5184	32
34.52	31
34.5216	31
34.5232	30
34.5248	29
34.5264	29
34.528	28
34.5296	28
34.5312	28
34.5328	27
34.5344	27
34.536	27
34.5376	27
34.5392	27
34.5408	26
34.5424	26
34.544	26
34.5456	26
34.5472	26
34.5488	26
34.5504	26
34.552	26
34.5536	26
34.5552	26
34.5568	26
34.5584	26
34.56	26
34.5616	26
34.5632	26
34.5648	26
34.5664	26
34.568	27
34.5696	27
34.5713	27
34.5729	27
34.5745	27
34.5761	27
34.5777	27
34.5793	27
34.5809	27
34.5825	27
34.5841	27
34.5857	27
34.5873	27
34.5889	27
34.5905	27
34.5921	27
34.5937	27
34.5953	27
34.5969	27
34.5985	27
34.6001	27
34.6017	27
34.6033	27
34.6049	27
34.6065	27
34.6081	27
34.6097	27
34.6113	27
34.6129	27
34.6145	27
34.6161	27
34.6177	27
34.6193	27
34.6209	27
34.6225	27
34.6241	27
34.6257	27
34.6273	27
34.6289	27
34.6305	27
34.6321	27
34.6337	27
34.6353	27
34.6369	27
34.6385	27
34.6401	27
34.6417	27
34.6433	27
34.6449	27
34.6466	27
34.6482	27
34.6498	27
34.6514	27
34.653	27
34.6546	27
34.6562	27
34.6578	27
34.6594	27
34.661	27
34.6626	27
34.6642	27
34.6658	27
34.6674	27
34.669	27
34.6706	27
34.6722	28
34.6738	28
34.6754	28
34.677	28
34.6786	28
34.6802	28
34.6818	28
34.6834	28
34.685	28
34.6866	28
34.6882	28
34.6898	28
34.6914	28
34.693	28
34.6946	28
34.6962	28
34.6978	28
34.6994	28
34.701	28
34.7026	28
34.7042	28
34.7058	28
34.7074	28
34.709	28
34.7106	28
34.7122	28
34.7138	28
34.7154	28
34.717	28
34.7186	28
34.7203	28
34.7219	28
34.7235	28
34.7251	28
34.7267	28
34.7283	28
34.7299	28
34.7315	28
34.7331	28
34.7347	28
34.7363	28
34.7379	28
34.7395	28
34.7411	28
34.7427	28
34.7443	28
34.7459	28
34.7475	28
34.7491	28
34.7507	28
34.7523	28
34.7539	28
34.7555	28
34.7571	28
34.7587	28
34.7603	28
34.7619	28
34.7635	28
34.7651	28
34.7667	28
34.7683	28
34.7699	28
34.7715	28
34.7731	28
34.7747	28
34.7763	28
34.7779	28
34.7795	28
34.7811	28
34.7827	28
34.7843	29
34.7859	29
34.7875	29
34.7891	29
34.7907	29
34.7923	29
34.7939	29
34.7956	29
34.7972	30
34.7988	30
34.8004	30
34.802	30
34.8036	30
34.8052	30
34.8068	30
34.8084	30
34.81	30
34.8116	30
34.8132	30
34.8148	30
34.8164	30
34.818	30
34.8196	30
34.8212	30
34.8228	30
34.8244	30
34.826	30
34.8276	30
34.8292	30
34.8308	30
34.8324	30
34.834	30
34.8356	30
34.8372	30
34.8388	30
34.8404	30
34.842	30
34.8436	30
34.8452	30
34.8468	30
34.8484	30
34.85	30
34.8516	30
34.8532	30
34.8548	30
34.8564	30
34.858	30
34.8596	30
34.8612	30
34.8628	30
34.8644	30
34.866	30
34.8676	30
34.8692	30
34.8709	30
34.8725	30
34.8741	30
34.8757	30
34.8773	30
34.8789	30
34.8805	30
34.8821	30
34.8837	30
34.8853	30
34.8869	30
34.8885	30
34.8901	30
34.8917	30
34.8933	30
34.8949	30
34.8965	30
34.8981	30
34.8997	30
34.9013	30
34.9029	30
34.9045	30
34.9061	30
34.9077	30
34.9093	30
34.9109	30
34.9125	31
34.9141	31
34.9157	31
34.9173	31
34.9189	31
34.9205	31
34.9221	31
34.9237	31
34.9253	31
34.9269	31
34.9285	31
34.9301	31
34.9317	31
34.9333	31
34.9349	31
34.9365	31
34.9381	31
34.9397	31
34.9413	31
34.9429	31
34.9445	31
34.9462	31
34.9478	31
34.9494	31
34.951	31
34.9526	31
34.9542	31
34.9558	31
34.9574	31
34.959	31
34.9606	31
34.9622	31
34.9638	31
34.9654	31
34.967	31
34.9686	31
34.9702	31
34.9718	31
34.9734	31
34.975	31
34.9766	31
34.9782	31
34.9798	31
34.9814	31
34.983	32
34.9846	32
34.9862	32
34.9878	32
34.9894	32
34.991	32
34.9926	32
34.9942	32
34.9958	32
34.9974	32
34.999	32
35.0006	32
35.0022	32
35.0038	32
35.0054	32
35.007	32
35.0086	32
35.0102	32
35.0118	32
35.0134	32
35.015	32
35.0166	32
35.0182	32
35.0198	32
35.0215	32
35.0231	32
35.0247	32
35.0263	32
35.0279	32
35.0295	32
35.0311	32
35.0327	32
35.0343	32
35.0359	32
35.0375	32
35.0391	32
35.0407	32
35.0423	32
35.0439	32
35.0455	32
35.0471	32
35.0487	32
35.0503	33
35.0519	33
35.0535	33
35.0551	33
35.0567	33
35.0583	33
35.0599	33
35.0615	33
35.0631	33
35.0647	33
35.0663	33
35.0679	33
35.0695	33
35.0711	33
35.0727	33
35.0743	33
35.0759	33
35.0775	33
35.0791	33
35.0807	33
35.0823	33
35.0839	33
35.0855	33
35.0871	33
35.0887	33
35.0903	33
35.0919	33
35.0935	33
35.0951	33
35.0968	33
35.0984	33
35.1	33
35.1016	33
35.1032	33
35.1048	33
35.1064	33
35.108	33
35.1096	33
35.1112	33
35.1128	33
35.1144	33
35.116	33
35.1176	33
35.1192	33
35.1208	33
35.1224	33
35.124	33
35.1256	33
35.1272	33
35.1288	33
35.1304	33
35.132	33
35.1336	33
35.1352	33
35.1368	33
35.1384	33
35.14	33
35.1416	33
35.1432	33
35.1448	33
35.1464	33
35.148	33
35.1496	33
35.1512	33
35.1528	33
35.1544	33
35.156	33
35.1576	33
35.1592	33
35.1608	33
35.1624	33
35.164	33
35.1656	33
35.1672	33
35.1688	33
35.1704	33
35.1721	33
35.1737	33
35.1753	33
35.1769	33
35.1785	34
35.1801	34
35.1817	34
35.1833	34
35.1849	34
35.1865	34
35.1881	34
35.1897	34
35.1913	34
35.1929	34
35.1945	34
35.1961	34
35.1977	34
35.1993	34
35.2009	34
35.2025	34
35.2041	35
35.2057	35
35.2073	35
35.2089	35
35.2105	35
35.2121	35
35.2137	35
35.2153	35
35.2169	35
35.2185	35
35.2201	35
35.2217	35
35.2233	35
35.2249	35
35.2265	35
35.2281	35
35.2297	35
35.2313	35
35.2329	35
35.2345	35
35.2361	35
35.2377	35
35.2393	35
35.2409	35
35.2425	35
35.2441	35
35.2457	35
35.2474	35
35.249	35
35.2506	35
35.2522	35
35.2538	35
35.2554	35
35.257	35
35.2586	35
35.2602	35
35.2618	35
35.2634	35
35.265	35
35.2666	35
35.2682	35
35.2698	35
35.2714	35
35.273	35
35.2746	35
35.2762	35
35.2778	35
35.2794	35
35.281	35
35.2826	35
35.2842	35
35.2858	35
35.2874	35
35.289	35
35.2906	35
35.2922	35
35.2938	35
35.2954	35
35.297	35
35.2986	35
35.3002	35
35.3018	35
35.3034	35
35.305	35
35.3066	35
35.3082	35
35.3098	35
35.3114	35
35.313	35
35.3146	35
35.3162	35
35.3178	35
35.3194	35
35.3211	35
35.3227	35
35.3243	35
35.3259	35
35.3275	35
35.3291	36
35.3307	36
35.3323	36
35.3339	36
35.3355	36
35.3371	36
35.3387	36
35.3403	36
35.3419	36
35.3435	36
35.3451	36
35.3467	36
35.3483	36
35.3499	36
35.3515	36
35.3531	36
35.3547	36
35.3563	36
35.3579	36
35.3595	36
35.3611	36
35.3627	36
35.3643	36
35.3659	36
35.3675	36
35.3691	36
35.3707	36
35.3723	36
35.3739	36
35.3755	36
35.3771	36
35.3787	36
35.3803	36
35.3819	36
35.3835	36
35.3851	36
35.3867	36
35.3883	36
35.3899	36
35.3915	36
35.3931	36
35.3947	36
35.3964	36
35.398	36
35.3996	36
35.4012	36
35.4028	36
35.4044	36
35.406	36
35.4076	36
35.4092	36
35.4108	36
35.4124	36
35.414	36
35.4156	36
35.4172	36
35.4188	36
35.4204	36
35.422	36
35.4236	36
35.4252	36
35.4268	36
35.4284	36
35.43	36
35.4316	36
35.4332	36
35.4348	36
35.4364	36
35.438	36
35.4396	36
35.4412	36
35.4428	36
35.4444	36
35.446	36
35.4476	36
35.4492	36
35.4508	36
35.4524	36
35.454	36
35.4556	36
35.4572	36
35.4588	36
35.4604	36
35.462	36
35.4636	36
35.4652	36
35.4668	36
35.4684	36
35.47	36
35.4717	36
35.4733	37
35.4749	37
35.4765	37
35.4781	37
35.4797	37
35.4813	37
35.4829	37
35.4845	37
35.4861	38
35.4877	38
35.4893	38
35.4909	38
35.4925	38
35.4941	38
35.4957	38
35.4973	38
35.4989	38
35.5005	38
35.5021	38
35.5037	38
35.5053	38
35.5069	38
35.5085	38
35.5101	38
35.5117	38
35.5133	38
35.5149	38
35.5165	38
35.5181	38
35.5197	38
35.5213	38
35.5229	38
35.5245	38
35.5261	38
35.5277	38
35.5293	38
35.5309	38
35.5325	38
35.5341	38
35.5357	38
35.5373	38
35.5389	38
35.5405	38
35.5421	38
35.5437	38
35.5453	38
35.547	38
35.5486	38
35.5502	38
35.5518	38
35.5534	38
35.555	38
35.5566	38
35.5582	38
35.5598	38
35.5614	38
35.563	38
35.5646	38
35.5662	38
35.5678	38
35.5694	38
35.571	38
35.5726	38
35.5742	38
35.5758	38
35.5774	38
35.579	38
35.5806	38
35.5822	38
35.5838	38
35.5854	38
35.587	38
35.5886	38
35.5902	38
35.5918	38
35.5934	38
35.595	38
35.5966	38
35.5982	38
35.5998	38
35.6014	38
35.603	38
35.6046	38
35.6062	38
35.6078	38
35.6094	38
35.611	38
35.6126	38
35.6142	38
35.6158	38
35.6174	38
35.619	38
35.6206	38
35.6223	38
35.6239	38
35.6255	38
35.6271	38
35.6287	38
35.6303	38
35.6319	38
35.6335	38
35.6351	39
35.6367	39
35.6383	39
35.6399	39
35.6415	39
35.6431	39
35.6447	39
35.6463	39
35.6479	39
35.6495	39
35.6511	39
35.6527	39
35.6543	39
35.6559	39
35.6575	39
35.6591	39
35.6607	39
35.6623	39
35.6639	39
35.6655	39
35.6671	39
35.6687	39
35.6703	39
35.6719	39
35.6735	39
35.6751	39
35.6767	39
35.6783	39
35.6799	39
35.6815	39
35.6831	39
35.6847	39
35.6863	39
35.6879	39
35.6895	39
35.6911	39
35.6927	39
35.6943	39
35.6959	39
35.6976	39
35.6992	39
35.7008	39
35.7024	39
35.704	39
35.7056	39
35.7072	39
35.7088	39
35.7104	39
35.712	39
35.7136	39
35.7152	39
35.7168	39
35.7184	39
35.72	39
35.7216	39
35.7232	39
35.7248	39
35.7264	39
35.728	39
35.7296	39
35.7312	39
35.7328	39
35.7344	39
35.736	40
35.7376	40
35.7392	40
35.7408	40
35.7424	40
35.744	40
35.7456	40
35.7472	40
35.7488	40
35.7504	40
35.752	40
35.7536	40
35.7552	40
35.7568	40
35.7584	40
35.76	40
35.7616	40
35.7632	40
35.7648	40
35.7664	40
35.768	40
35.7696	40
35.7712	40
35.7729	40
35.7745	40
35.7761	40
35.7777	40
35.7793	40
35.7809	40
35.7825	40
35.7841	40
35.7857	40
35.7873	40
35.7889	40
35.7905	40
35.7921	40
35.7937	40
35.7953	40
35.7969	40
35.7985	40
35.8001	40
35.8017	40
35.8033	40
35.8049	40
35.8065	40
35.8081	41
35.8097	41
35.8113	41
35.8129	41
35.8145	41
35.8161	41
35.8177	41
35.8193	41
35.8209	41
35.8225	41
35.8241	41
35.8257	41
35.8273	41
35.8289	41
35.8305	41
35.8321	41
35.8337	41
35.8353	41
35.8369	41
35.8385	41
35.8401	41
35.8417	41
35.8433	41
35.8449	41
35.8466	41
35.8482	41
35.8498	41
35.8514	41
35.853	41
35.8546	41
35.8562	41
35.8578	41
35.8594	41
35.861	41
35.8626	41
35.8642	41
35.8658	41
35.8674	41
35.869	41
35.8706	41
35.8722	41
35.8738	41
35.8754	41
35.877	41
35.8786	41
35.8802	41
35.8818	41
35.8834	41
35.885	41
35.8866	41
35.8882	41
35.8898	41
35.8914	41
35.893	41
35.8946	41
35.8962	41
35.8978	41
35.8994	41
35.901	41
35.9026	41
35.9042	41
35.9058	41
35.9074	41
35.909	41
35.9106	41
35.9122	41
35.9138	41
35.9154	41
35.917	41
35.9186	41
35.9202	41
35.9219	41
35.9235	41
35.9251	41
35.9267	41
35.9283	41
35.9299	41
35.9315	41
35.9331	41
35.9347	41
35.9363	41
35.9379	41
35.9395	41
35.9411	41
35.9427	41
35.9443	41
35.9459	41
35.9475	41
35.9491	41
35.9507	41
35.9523	41
35.9539	41
35.9555	41
35.9571	41
35.9587	41
35.9603	41
35.9619	41
35.9635	41
35.9651	41
35.9667	41
35.9683	41
35.9699	42
35.9715	42
35.9731	42
35.9747	42
35.9763	42
35.9779	42
35.9795	42
35.9811	42
35.9827	42
35.9843	42
35.9859	42
35.9875	42
35.9891	43
35.9907	43
35.9923	43
35.9939	43
35.9955	43
35.9972	43
35.9988	43
36.0004	43
36.002	43
36.0036	43
36.0052	43
36.0068	43
36.0084	43
36.01	43
36.0116	43
36.0132	43
36.0148	43
36.0164	43
36.018	43
36.0196	43
36.0212	43
36.0228	43
36.0244	43
36.026	43
36.0276	43
36.0292	43
36.0308	43
36.0324	43
36.034	43
36.0356	43
36.0372	43
36.0388	43
36.0404	43
36.042	43
36.0436	43
36.0452	43
36.0468	43
36.0484	43
36.05	43
36.0516	43
36.0532	43
36.0548	43
36.0564	43
36.058	43
36.0596	43
36.0612	43
36.0628	43
36.0644	43
36.066	43
36.0676	43
36.0692	43
36.0708	43
36.0725	43
36.0741	43
36.0757	43
36.0773	43
36.0789	43
36.0805	43
36.0821	43
36.0837	43
36.0853	43
36.0869	43
36.0885	43
36.0901	43
36.0917	43
36.0933	43
36.0949	43
36.0965	43
36.0981	43
36.0997	43
36.1013	43
36.1029	43
36.1045	43
36.1061	43
36.1077	43
36.1093	43
36.1109	43
36.1125	43
36.1141	43
36.1157	43
36.1173	43
36.1189	43
36.1205	43
36.1221	43
36.1237	43
36.1253	43
36.1269	43
36.1285	43
36.1301	43
36.1317	43
36.1333	43
36.1349	43
36.1365	43
36.1381	43
36.1397	43
36.1413	43
36.1429	43
36.1445	43
36.1461	43
36.1478	43
36.1494	43
36.151	43
36.1526	43
36.1542	44
36.1558	44
36.1574	44
36.159	44
36.1606	44
36.1622	44
36.1638	44
36.1654	44
36.167	44
36.1686	44
36.1702	44
36.1718	44
36.1734	44
36.175	44
36.1766	44
36.1782	44
36.1798	44
36.1814	44
36.183	44
36.1846	44
36.1862	44
36.1878	44
36.1894	44
36.191	44
36.1926	44
36.1942	44
36.1958	44
36.1974	44
36.199	44
36.2006	44
36.2022	44
36.2038	44
36.2054	44
36.207	44
36.2086	44
36.2102	44
36.2118	44
36.2134	44
36.215	44
36.2166	44
36.2182	44
36.2198	44
36.2214	44
36.2231	44
36.2247	44
36.2263	44
36.2279	44
36.2295	44
36.2311	44
36.2327	44
36.2343	44
36.2359	44
36.2375	44
36.2391	44
36.2407	44
36.2423	44
36.2439	44
36.2455	44
36.2471	44
36.2487	44
36.2503	44
36.2519	44
36.2535	44
36.2551	44
36.2567	44
36.2583	44
36.2599	44
36.2615	44
36.2631	44
36.2647	44
36.2663	44
36.2679	44
36.2695	44
36.2711	44
36.2727	44
36.2743	44
36.2759	44
36.2775	44
36.2791	44
36.2807	44
36.2823	44
36.2839	44
36.2855	44
36.2871	44
36.2887	44
36.2903	44
36.2919	44
36.2935	44
36.2951	44
36.2967	44
36.2984	44
36.3	44
36.3016	44
36.3032	44
36.3048	44
36.3064	44
36.308	44
36.3096	44
36.3112	44
36.3128	44
36.3144	44
36.316	44
36.3176	44
36.3192	44
36.3208	44
36.3224	44
36.324	44
36.3256	44
36.3272	44
36.3288	44
36.3304	45
36.332	45
36.3336	45
36.3352	45
36.3368	45
36.3384	45
36.34	45
36.3416	45
36.3432	46
36.3448	46
36.3464	46
36.348	46
36.3496	46
36.3512	46
36.3528	46
36.3544	46
36.356	46
36.3576	46
36.3592	46
36.3608	46
36.3624	46
36.364	46
36.3656	46
36.3672	46
36.3688	46
36.3704	46
36.3721	46
36.3737	46
36.3753	46
36.3769	46
36.3785	46
36.3801	46
36.3817	46
36.3833	46
36.3849	46
36.3865	46
36.3881	46
36.3897	46
36.3913	46
36.3929	46
36.3945	46
36.3961	46
36.3977	46
36.3993	46
36.4009	46
36.4025	46
36.4041	46
36.4057	46
36.4073	46
36.4089	46
36.4105	46
36.4121	46
36.4137	46
36.4153	46
36.4169	46
36.4185	46
36.4201	46
36.4217	46
36.4233	46
36.4249	46
36.4265	46
36.4281	46
36.4297	46
36.4313	46
36.4329	46
36.4345	46
36.4361	46
36.4377	46
36.4393	46
36.4409	46
36.4425	46
36.4441	46
36.4457	46
36.4474	46
36.449	46
36.4506	46
36.4522	46
36.4538	46
36.4554	46
36.457	46
36.4586	46
36.4602	46
36.4618	46
36.4634	46
36.465	46
36.4666	46
36.4682	46
36.4698	46
36.4714	46
36.473	46
36.4746	46
36.4762	46
36.4778	46
36.4794	46
36.481	46
36.4826	46
36.4842	46
36.4858	46
36.4874	46
36.489	46
36.4906	46
36.4922	46
36.4938	46
36.4954	46
36.497	46
36.4986	46
36.5002	46
36.5018	46
36.5034	46
36.505	46
36.5066	46
36.5082	46
36.5098	46
36.5114	46
36.513	46
36.5146	46
36.5162	46
36.5178	46
36.5194	46
36.521	46
36.5227	47
36.5243	47
36.5259	47
36.5275	47
36.5291	47
36.5307	47
36.5323	47
36.5339	47
36.5355	47
36.5371	47
36.5387	47
36.5403	47
36.5419	47
36.5435	47
36.5451	47
36.5467	47
36.5483	47
36.5499	47
36.5515	47
36.5531	47
36.5547	47
36.5563	47
36.5579	47
36.5595	47
36.5611	47
36.5627	47
36.5643	47
36.5659	47
36.5675	47
36.5691	47
36.5707	47
36.5723	47
36.5739	47
36.5755	47
36.5771	47
36.5787	47
36.5803	47
36.5819	47
36.5835	47
36.5851	47
36.5867	47
36.5883	47
36.5899	47
36.5915	47
36.5931	47
36.5947	47
36.5963	47
36.598	47
36.5996	47
36.6012	47
36.6028	47
36.6044	47
36.606	47
36.6076	47
36.6092	47
36.6108	47
36.6124	47
36.614	47
36.6156	47
36.6172	47
36.6188	47
36.6204	47
36.622	47
36.6236	47
36.6252	47
36.6268	47
36.6284	47
36.63	47
36.6316	47
36.6332	47
36.6348	47
36.6364	47
36.638	48
36.6396	48
36.6412	48
36.6428	48
36.6444	48
36.646	48
36.6476	48
36.6492	48
36.6508	48
36.6524	48
36.654	48
36.6556	48
36.6572	48
36.6588	48
36.6604	48
36.662	48
36.6636	48
36.6652	48
36.6668	48
36.6684	48
36.67	48
36.6716	48
36.6733	48
36.6749	48
36.6765	48
36.6781	48
36.6797	48
36.6813	48
36.6829	48
36.6845	48
36.6861	48
36.6877	48
36.6893	48
36.6909	48
36.6925	48
36.6941	48
36.6957	48
36.6973	48
36.6989	48
36.7005	48
36.7021	48
36.7037	48
36.7053	48
36.7069	48
36.7085	48
36.7101	48
36.7117	48
36.7133	48
36.7149	48
36.7165	48
36.7181	48
36.7197	48
36.7213	48
36.7229	48
36.7245	48
36.7261	48
36.7277	48
36.7293	48
36.7309	48
36.7325	49
36.7341	49
36.7357	49
36.7373	49
36.7389	49
36.7405	49
36.7421	49
36.7437	49
36.7453	49
36.7469	49
36.7486	49
36.7502	49
36.7518	49
36.7534	49
36.755	49
36.7566	49
36.7582	49
36.7598	49
36.7614	49
36.763	49
36.7646	49
36.7662	49
36.7678	49
36.7694	49
36.771	49
36.7726	49
36.7742	49
36.7758	49
36.7774	49
36.779	49
36.7806	49
36.7822	49
36.7838	49
36.7854	49
36.787	49
36.7886	49
36.7902	49
36.7918	49
36.7934	49
36.795	49
36.7966	49
36.7982	49
36.7998	49
36.8014	49
36.803	49
36.8046	49
36.8062	49
36.8078	49
36.8094	49
36.811	49
36.8126	49
36.8142	49
36.8158	49
36.8174	49
36.819	49
36.8206	49
36.8222	49
36.8239	49
36.8255	49
36.8271	49
36.8287	49
36.8303	49
36.8319	49
36.8335	49
36.8351	49
36.8367	49
36.8383	49
36.8399	49
36.8415	49
36.8431	49
36.8447	49
36.8463	49
36.8479	49
36.8495	49
36.8511	49
36.8527	49
36.8543	49
36.8559	49
36.8575	49
36.8591	49
36.8607	49
36.8623	49
36.8639	49
36.8655	49
36.8671	49
36.8687	49
36.8703	49
36.8719	49
36.8735	49
36.8751	49
36.8767	49
36.8783	49
36.8799	49
36.8815	49
36.8831	49
36.8847	49
36.8863	49
36.8879	49
36.8895	49
36.8911	49
36.8927	49
36.8943	49
36.8959	49
36.8976	49
36.8992	49
36.9008	49
36.9024	49
36.904	49
36.9056	49
36.9072	49
36.9088	49
36.9104	49
36.912	49
36.9136	49
36.9152	49
36.9168	49
36.9184	49
36.92	49
36.9216	49
36.9232	49
36.9248	50
36.9264	50
36.928	50
36.9296	50
36.9312	50
36.9328	50
36.9344	50
36.936	50
36.9376	50
36.9392	50
36.9408	50
36.9424	50
36.944	51
36.9456	51
36.9472	51
36.9488	51
36.9504	51
36.952	51
36.9536	51
36.9552	51
36.9568	51
36.9584	51
36.96	51
36.9616	51
36.9632	51
36.9648	51
36.9664	51
36.968	51
36.9696	51
36.9712	51
36.9729	51
36.9745	51
36.9761	51
36.9777	51
36.9793	51
36.9809	51
36.9825	51
36.9841	51
36.9857	51
36.9873	51
36.9889	51
36.9905	51
36.9921	51
36.9937	51
36.9953	51
36.9969	51
36.9985	51
37.0001	51
37.0017	51
37.0033	51
37.0049	51
37.0065	51
37.0081	51
37.0097	51
37.0113	51
37.0129	51
37.0145	51
37.0161	51
37.0177	51
37.0193	51
37.0209	51
37.0225	51
37.0241	51
37.0257	51
37.0273	51
37.0289	51
37.0305	51
37.0321	51
37.0337	51
37.0353	51
37.0369	51
37.0385	51
37.0401	51
37.0417	51
37.0433	51
37.0449	51
37.0465	51
37.0482	51
37.0498	51
37.0514	51
37.053	51
37.0546	51
37.0562	51
37.0578	51
37.0594	51
37.061	51
37.0626	51
37.0642	51
37.0658	51
37.0674	51
37.069	51
37.0706	51
37.0722	51
37.0738	51
37.0754	51
37.077	51
37.0786	51
37.0802	51
37.0818	51
37.0834	51
37.085	51
37.0866	51
37.0882	51
37.0898	51
37.0914	51
37.093	51
37.0946	51
37.0962	51
37.0978	51
37.0994	51
37.101	51
37.1026	51
37.1042	51
37.1058	51
37.1074	51
37.109	51
37.1106	51
37.1122	51
37.1138	51
37.1154	51
37.117	51
37.1186	51
37.1202	51
37.1218	51
37.1235	51
37.1251	51
37.1267	51
37.1283	51
37.1299	51
37.1315	51
37.1331	51
37.1347	51
37.1363	51
37.1379	51
37.1395	52
37.1411	52
37.1427	52
37.1443	52
37.1459	52
37.1475	52
37.1491	52
37.1507	52
37.1523	52
37.1539	52
37.1555	52
37.1571	52
37.1587	52
37.1603	52
37.1619	52
37.1635	52
37.1651	52
37.1667	52
37.1683	52
37.1699	52
37.1715	52
37.1731	52
37.1747	52
37.1763	52
37.1779	52
37.1795	52
37.1811	52
37.1827	52
37.1843	52
37.1859	52
37.1875	52
37.1891	52
37.1907	52
37.1923	52
37.1939	52
37.1955	52
37.1971	52
37.1988	52
37.2004	52
37.202	52
37.2036	52
37.2052	52
37.2068	52
37.2084	52
37.21	52
37.2116	52
37.2132	52
37.2148	52
37.2164	52
37.218	52
37.2196	52
37.2212	52
37.2228	52
37.2244	52
37.226	52
37.2276	52
37.2292	52
37.2308	52
37.2324	52
37.2901	52
37.2917	51
37.2933	50
37.2949	49
37.2965	48
37.2981	47
37.2997	46
37.3013	45
37.3029	43
37.3045	42
37.3057	41
37.3129	39
37.3145	37
37.3161	36
37.3177	36
37.3193	35
37.3209	35
37.3225	34
37.3241	34
37.3257	34
37.3273	33
37.3289	33
37.3305	33
37.3321	33
37.3337	33
37.3353	33
37.3369	33
37.3385	32
37.3401	31
37.3417	30
37.3433	30
37.3449	29
37.3465	28
37.3481	28
37.3497	28
37.3513	27
37.3529	27
37.3545	27
37.3561	27
37.3577	26
37.3593	26
37.3609	26
37.3625	26
37.3641	26
37.3658	26
37.3674	26
37.369	26
37.3706	26
37.3722	26
37.3738	26
37.3754	26
37.377	26
37.3786	26
37.3802	26
37.3818	26
37.3834	26
37.385	26
37.3866	26
37.3882	27
37.3898	27
37.3914	27
37.393	27
37.3946	27
37.3962	27
37.3978	27
37.3994	27
37.401	27
37.4026	27
37.4042	27
37.4058	27
37.4074	27
37.409	27
37.4106	27
37.4122	27
37.4138	27
37.4154	27
37.417	27
37.4186	27
37.4202	27
37.4218	27
37.4234	27
37.425	27
37.4266	27
37.4282	27
37.4298	27
37.4314	27
37.433	27
37.4346	27
37.4362	27
37.4378	27
37.4395	27
37.4411	27
37.4427	27
37.4443	27
37.4459	27
37.4475	27
37.4491	27
37.4507	27
37.4523	27
37.4539	27
37.4555	27
37.4571	27
37.4587	27
37.4603	27
37.4619	27
37.4635	27
37.4651	27
37.4667	27
37.4683	27
37.4699	27
37.4715	27
37.4731	27
37.4747	27
37.4763	27
37.4779	27
37.4795	27
37.4811	27
37.4827	27
37.4843	27
37.4859	27
37.4875	27
37.4891	27
37.4907	28
37.4923	28
37.4939	28
37.4955	28
37.4971	28
37.4987	28
37.5003	28
37.5019	28
37.5035	28
37.5051	28
37.5067	28
37.5083	28
37.5099	28
37.5115	28
37.5131	28
37.5148	28
37.5164	28
37.518	28
37.5196	28
37.5212	28
37.5228	28
37.5244	28
37.526	28
37.5276	28
37.5292	28
37.5308	28
37.5324	28
37.534	28
37.5356	28
37.5372	28
37.5388	28
37.5404	28
37.542	28
37.5436	28
37.5452	28
37.5468	28
37.5484	28
37.55	28
37.5516	28
37.5532	28
37.5548	28
37.5564	28
37.558	28
37.5596	28
37.5612	28
37.5628	28
37.5644	28
37.566	28
37.5676	28
37.5692	28
37.5708	28
37.5724	28
37.574	28
37.5756	28
37.5772	28
37.5788	28
37.5804	28
37.582	28
37.5836	28
37.5852	28
37.5868	28
37.5884	28
37.5901	28
37.5917	28
37.5933	28
37.5949	28
37.5965	28
37.5981	28
37.5997	28
37.6013	28
37.6029	29
37.6045	29
37.6061	29
37.6077	29
37.6093	29
37.6109	29
37.6125	29
37.6141	29
37.6157	29
37.6173	30
37.6189	30
37.6205	30
37.6221	30
37.6237	30
37.6253	30
37.6269	30
37.6285	30
37.6301	30
37.6317	30
37.6333	30
37.6349	30
37.6365	30
37.6381	30
37.6397	30
37.6413	30
37.6429	30
37.6445	30
37.6461	30
37.6477	30
37.6493	30
37.6509	30
37.6525	30
37.6541	30
37.6557	30
37.6573	30
37.6589	30
37.6605	30
37.6621	30
37.6637	30
37.6654	30
37.667	30
37.6686	30
37.6702	30
37.6718	30
37.6734	30
37.675	30
37.6766	30
37.6782	30
37.6798	30
37.6814	30
37.683	30
37.6846	30
37.6862	30
37.6878	30
37.6894	30
37.691	30
37.6926	30
37.6942	30
37.6958	30
37.6974	30
37.699	30
37.7006	30
37.7022	30
37.7038	30
37.7054	30
37.707	30
37.7086	30
37.7102	30
37.7118	30
37.7134	30
37.715	30
37.7166	30
37.7182	30
37.7198	30
37.7214	30
37.723	30
37.7246	30
37.7262	30
37.7278	30
37.7294	30
37.731	31
37.7326	31
37.7342	31
37.7358	31
37.7374	31
37.739	31
37.7407	31
37.7423	31
37.7439	31
37.7455	31
37.7471	31
37.7487	31
37.7503	31
37.7519	31
37.7535	31
37.7551	31
37.7567	31
37.7583	31
37.7599	31
37.7615	31
37.7631	31
37.7647	31
37.7663	31
37.7679	31
37.7695	31
37.7711	31
37.7727	31
37.7743	31
37.7759	31
37.7775	31
37.7791	31
37.7807	31
37.7823	31
37.7839	31
37.7855	31
37.7871	31
37.7887	31
37.7903	31
37.7919	31
37.7935	31
37.7951	31
37.7967	31
37.7983	31
37.7999	31
37.8015	31
37.8031	31
37.8047	31
37.8063	31
37.8079	31
37.8095	31
37.8111	31
37.8127	31
37.8143	31
37.816	31
37.8176	31
37.8192	31
37.8208	31
37.8224	31
37.824	31
37.8256	31
37.8272	31
37.8288	31
37.8304	31
37.832	31
37.8336	31
37.8352	31
37.8368	31
37.8384	31
37.84	31
37.8416	31
37.8432	31
37.8448	31
37.8464	31
37.848	31
37.8496	31
37.8512	31
37.8528	31
37.8544	31
37.856	32
37.8576	32
37.8592	32
37.8608	32
37.8624	32
37.864	32
37.8656	32
37.8672	33
37.8688	33
37.8704	33
37.872	33
37.8736	33
37.8752	33
37.8768	33
37.8784	33
37.88	33
37.8816	33
37.8832	33
37.8848	33
37.8864	33
37.888	33
37.8896	33
37.8913	33
37.8929	33
37.8945	33
37.8961	33
37.8977	33
37.8993	33
37.9009	33
37.9025	33
37.9041	33
37.9057	33
37.9073	33
37.9089	33
37.9105	33
37.9121	33
37.9137	33
37.9153	33
37.9169	33
37.9185	33
37.9201	33
37.9217	33
37.9233	33
37.9249	33
37.9265	33
37.9281	33
37.9297	33
37.9313	33
37.9329	33
37.9345	33
37.9361	33
37.9377	33
37.9393	33
37.9409	33
37.9425	33
37.9441	33
37.9457	33
37.9473	33
37.9489	33
37.9505	33
37.9521	33
37.9537	33
37.9553	33
37.9569	33
37.9585	33
37.9601	33
37.9617	33
37.9633	33
37.965	33
37.9666	33
37.9682	33
37.9698	33
37.9714	33
37.973	33
37.9746	33
37.9762	33
37.9778	33
37.9794	33
37.981	33
37.9826	33
37.9842	33
37.9858	33
37.9874	33
37.989	33
37.9906	33
37.9922	33
37.9938	33
37.9954	33
37.997	33
37.9986	33
38.0002	34
38.0018	34
38.0034	34
38.005	34
38.0066	34
38.0082	34
38.0098	34
38.0114	34
38.013	34
38.0146	34
38.0162	35
38.0178	35
38.0194	35
38.021	35
38.0226	35
38.0242	35
38.0258	35
38.0274	35
38.029	35
38.0306	35
38.0322	35
38.0338	35
38.0354	35
38.037	35
38.0386	35
38.0403	35
38.0419	35
38.0435	35
38.0451	35
38.0467	35
38.0483	35
38.0499	35
38.0515	35
38.0531	35
38.0547	35
38.0563	35
38.0579	35
38.0595	35
38.0611	35
38.0627	35
38.0643	35
38.0659	35
38.0675	35
38.0691	35
38.0707	35
38.0723	35
38.0739	35
38.0755	35
38.0771	35
38.0787	35
38.0803	35
38.0819	35
38.0835	35
38.0851	35
38.0867	35
38.0883	35
38.0899	35
38.0915	35
38.0931	35
38.0947	35
38.0963	35
38.0979	35
38.0995	35
38.1011	35
38.1027	35
38.1043	35
38.1059	35
38.1075	35
38.1091	35
38.1107	35
38.1123	35
38.1139	35
38.1156	35
38.1172	35
38.1188	35
38.1204	35
38.122	35
38.1236	35
38.1252	35
38.1268	35
38.1284	35
38.13	35
38.1316	35
38.1332	35
38.1348	35
38.1364	35
38.138	35
38.1396	35
38.1412	35
38.1428	35
38.1444	35
38.146	35
38.1476	35
38.1492	36
38.1508	36
38.1524	36
38.154	36
38.1556	36
38.1572	36
38.1588	36
38.1604	36
38.162	36
38.1636	36
38.1652	36
38.1668	36
38.1684	36
38.17	36
38.1716	36
38.1732	36
38.1748	36
38.1764	36
38.178	36
38.1796	36
38.1812	36
38.1828	36
38.1844	36
38.186	36
38.1876	36
38.1892	36
38.1909	36
38.1925	36
38.1941	36
38.1957	36
38.1973	36
38.1989	36
38.2005	36
38.2021	36
38.2037	36
38.2053	36
38.2069	36
38.2085	36
38.2101	36
38.2117	36
38.2133	36
38.2149	36
38.2165	36
38.2181	36
38.2197	36
38.2213	36
38.2229	36
38.2245	36
38.2261	36
38.2277	36
38.2293	36
38.2309	36
38.2325	36
38.2341	36
38.2357	36
38.2373	36
38.2389	36
38.2405	36
38.2421	36
38.2437	36
38.2453	36
38.2469	36
38.2485	36
38.2501	36
38.2517	36
38.2533	36
38.2549	36
38.2565	36
38.2581	36
38.2597	36
38.2613	36
38.2629	36
38.2645	36
38.2662	36
38.2678	36
38.2694	36
38.271	36
38.2726	36
38.2742	36
38.2758	36
38.2774	36
38.279	36
38.2806	36
38.2822	36
38.2838	36
38.2854	36
38.287	36
38.2886	36
38.2902	36
38.2918	36
38.2934	37
38.295	37
38.2966	37
38.2982	37
38.2998	37
38.3014	37
38.303	37
38.3046	37
38.3062	38
38.3078	38
38.3094	38
38.311	38
38.3126	38
38.3142	38
38.3158	38
38.3174	38
38.319	38
38.3206	38
38.3222	38
38.3238	38
38.3254	38
38.327	38
38.3286	38
38.3302	38
38.3318	38
38.3334	38
38.335	38
38.3366	38
38.3382	38
38.3398	38
38.3415	38
38.3431	38
38.3447	38
38.3463	38
38.3479	38
38.3495	38
38.3511	38
38.3527	38
38.3543	38
38.3559	38
38.3575	38
38.3591	38
38.3607	38
38.3623	38
38.3639	38
38.3655	38
38.3671	38
38.3687	38
38.3703	38
38.3719	38
38.3735	38
38.3751	38
38.3767	38
38.3783	38
38.3799	38
38.3815	38
38.3831	38
38.3847	38
38.3863	38
38.3879	38
38.3895	38
38.3911	38
38.3927	38
38.3943	38
38.3959	38
38.3975	38
38.3991	38
38.4007	38
38.4023	38
38.4039	38
38.4055	38
38.4071	38
38.4087	38
38.4103	38
38.4119	38
38.4135	38
38.4151	38
38.4168	38
38.4184	38
38.42	38
38.4216	38
38.4232	38
38.4248	38
38.4264	38
38.428	38
38.4296	38
38.4312	38
38.4328	38
38.4344	38
38.436	38
38.4376	38
38.4392	38
38.4408	38
38.4424	38
38.444	38
38.4456	38
38.4472	38
38.4488	38
38.4504	38
38.452	38
38.4536	38
38.4552	38
38.4568	39
38.4584	39
38.46	39
38.4616	39
38.4632	39
38.4648	39
38.4664	39
38.468	39
38.4696	39
38.4712	39
38.4728	39
38.4744	39
38.476	40
38.4776	40
38.4792	40
38.4808	40
38.4824	40
38.484	40
38.4856	40
38.4872	40
38.4888	40
38.4905	40
38.4921	40
38.4937	40
38.4953	40
38.4969	40
38.4985	40
38.5001	40
38.5017	40
38.5033	40
38.5049	40
38.5065	40
38.5081	40
38.5097	40
38.5113	40
38.5129	40
38.5145	40
38.5161	40
38.5177	40
38.5193	40
38.5209	40
38.5225	40
38.5241	40
38.5257	40
38.5273	40
38.5289	40
38.5305	40
38.5321	40
38.5337	40
38.5353	40
38.5369	40
38.5385	40
38.5401	40
38.5417	40
38.5433	40
38.5449	40
38.5465	40
38.5481	40
38.5497	40
38.5513	40
38.5529	40
38.5545	40
38.5561	40
38.5577	40
38.5593	40
38.5609	40
38.5625	40
38.5641	40
38.5658	40
38.5674	40
38.569	40
38.5706	40
38.5722	40
38.5738	40
38.5754	40
38.577	40
38.5786	40
38.5802	40
38.5818	40
38.5834	40
38.585	40
38.5866	40
38.5882	40
38.5898	40
38.5914	40
38.593	40
38.5946	40
38.5962	40
38.5978	40
38.5994	40
38.601	40
38.6026	40
38.6042	40
38.6058	40
38.6074	40
38.609	40
38.6106	40
38.6122	40
38.6138	40
38.6154	40
38.617	40
38.6186	40
38.6202	40
38.6218	40
38.6234	40
38.625	41
38.6266	41
38.6282	41
38.6298	41
38.6314	41
38.633	41
38.6346	41
38.6362	41
38.6378	41
38.6394	41
38.6411	41
38.6427	41
38.6443	41
38.6459	41
38.6475	41
38.6491	41
38.6507	41
38.6523	41
38.6539	41
38.6555	41
38.6571	41
38.6587	41
38.6603	41
38.6619	41
38.6635	41
38.6651	41
38.6667	41
38.6683	41
38.6699	41
38.6715	41
38.6731	41
38.6747	41
38.6763	41
38.6779	41
38.6795	41
38.6811	41
38.6827	41
38.6843	41
38.6859	41
38.6875	41
38.6891	41
38.6907	41
38.6923	41
38.6939	41
38.6955	41
38.6971	41
38.6987	41
38.7003	41
38.7019	41
38.7035	41
38.7051	41
38.7067	41
38.7083	41
38.7099	41
38.7115	41
38.7131	41
38.7147	41
38.7164	41
38.718	41
38.7196	41
38.7212	41
38.7228	41
38.7244	41
38.726	41
38.7276	41
38.7292	41
38.7308	41
38.7324	41
38.734	41
38.7356	41
38.7372	41
38.7388	41
38.7404	41
38.742	41
38.7436	41
38.7452	41
38.7468	41
38.7484	41
38.75	41
38.7516	41
38.7532	41
38.7548	41
38.7564	41
38.758	41
38.7596	41
38.7612	41
38.7628	41
38.7644	41
38.766	41
38.7676	41
38.7692	41
38.7708	41
38.7724	41
38.774	41
38.7756	41
38.7772	41
38.7788	41
38.7804	41
38.782	41
38.7836	41
38.7852	41
38.7868	41
38.7884	42
38.79	42
38.7917	42
38.7933	42
38.7949	42
38.7965	42
38.7981	42
38.7997	42
38.8013	42
38.8029	42
38.8045	42
38.8061	43
38.8077	43
38.8093	43
38.8109	43
38.8125	43
38.8141	43
38.8157	43
38.8173	43
38.8189	43
38.8205	43
38.8221	43
38.8237	43
38.8253	43
38.8269	43
38.8285	43
38.8301	43
38.8317	43
38.8333	43
38.8349	43
38.8365	43
38.8381	43
38.8397	43
38.8413	43
38.8429	43
38.8445	43
38.8461	43
38.8477	43
38.8493	43
38.8509	43
38.8525	43
38.8541	43
38.8557	43
38.8573	43
38.8589	43
38.8605	43
38.8621	43
38.8637	43
38.8653	43
38.867	43
38.8686	43
38.8702	43
38.8718	43
38.8734	43
38.875	43
38.8766	43
38.8782	43
38.8798	43
38.8814	43
38.883	43
38.8846	43
38.8862	43
38.8878	43
38.8894	43
38.891	43
38.8926	43
38.8942	43
38.8958	43
38.8974	43
38.899	43
38.9006	43
38.9022	43
38.9038	43
38.9054	43
38.907	43
38.9086	43
38.9102	43
38.9118	43
38.9134	43
38.915	43
38.9166	43
38.9182	43
38.9198	43
38.9214	43
38.923	43
38.9246	43
38.9262	43
38.9278	43
38.9294	43
38.931	43
38.9326	43
38.9342	43
38.9358	43
38.9374	43
38.939	43
38.9406	43
38.9423	43
38.9439	43
38.9455	43
38.9471	43
38.9487	43
38.9503	43
38.9519	43
38.9535	43
38.9551	43
38.9567	43
38.9583	43
38.9599	43
38.9615	43
38.9631	43
38.9647	43
38.9663	43
38.9679	43
38.9695	43
38.9711	43
38.9727	44
38.9743	44
38.9759	44
38.9775	44
38.9791	44
38.9807	44
38.9823	44
38.9839	44
38.9855	44
38.9871	44
38.9887	44
38.9903	44
38.9919	44
38.9935	44
38.9951	44
38.9967	44
38.9983	44
38.9999	44
39.0015	44
39.0031	44
39.0047	44
39.0063	44
39.0079	44
39.0095	44
39.0111	44
39.0127	44
39.0143	44
39.0159	44
39.0176	44
39.0192	44
39.0208	44
39.0224	44
39.024	44
39.0256	44
39.0272	44
39.0288	44
39.0304	44
39.032	44
39.0336	44
39.0352	44
39.0368	44
39.0384	44
39.04	44
39.0416	44
39.0432	44
39.0448	44
39.0464	44
39.048	44
39.0496	44
39.0512	44
39.0528	44
39.0544	44
39.056	44
39.0576	44
39.0592	44
39.0608	44
39.0624	44
39.064	44
39.0656	44
39.0672	44
39.0688	44
39.0704	44
39.072	44
39.0736	44
39.0752	44
39.0768	44
39.0784	44
39.08	44
39.0816	44
39.0832	44
39.0848	44
39.0864	44
39.088	44
39.0896	44
39.0913	44
39.0929	44
39.0945	44
39.0961	44
39.0977	44
39.0993	44
39.1009	44
39.1025	44
39.1041	44
39.1057	44
39.1073	44
39.1089	44
39.1105	44
39.1121	44
39.1137	44
39.1153	44
39.1169	44
39.1185	44
39.1201	44
39.1217	44
39.1233	44
39.1249	44
39.1265	44
39.1281	44
39.1297	44
39.1313	44
39.1329	44
39.1345	44
39.1361	44
39.1377	44
39.1393	44
39.1409	44
39.1425	44
39.1441	44
39.1457	44
39.1473	44
39.1489	44
39.1505	44
39.1521	45
39.1537	45
39.1553	45
39.1569	45
39.1585	45
39.1601	45
39.1617	45
39.1633	45
39.1649	45
39.1666	45
39.1682	46
39.1698	46
39.1714	46
39.173	46
39.1746	46
39.1762	46
39.1778	46
39.1794	46
39.181	46
39.1826	46
39.1842	46
39.1858	46
39.1874	46
39.189	46
39.1906	46
39.1922	46
39.1938	46
39.1954	46
39.197	46
39.1986	46
39.2002	46
39.2018	46
39.2034	46
39.205	46
39.2066	46
39.2082	46
39.2098	46
39.2114	46
39.213	46
39.2146	46
39.2162	46
39.2178	46
39.2194	46
39.221	46
39.2226	46
39.2242	46
39.2258	46
39.2274	46
39.229	46
39.2306	46
39.2322	46
39.2338	46
39.2354	46
39.237	46
39.2386	46
39.2402	46
39.2419	46
39.2435	46
39.2451	46
39.2467	46
39.2483	46
39.2499	46
39.2515	46
39.2531	46
39.2547	46
39.2563	46
39.2579	46
39.2595	46
39.2611	46
39.2627	46
39.2643	46
39.2659	46
39.2675	46
39.2691	46
39.2707	46
39.2723	46
39.2739	46
39.2755	46
39.2771	46
39.2787	46
39.2803	46
39.2819	46
39.2835	46
39.2851	46
39.2867	46
39.2883	46
39.2899	46
39.2915	46
39.2931	46
39.2947	46
39.2963	46
39.2979	46
39.2995	46
39.3011	46
39.3027	46
39.3043	46
39.3059	46
39.3075	46
39.3091	46
39.3107	46
39.3123	46
39.3139	46
39.3155	46
39.3172	46
39.3188	46
39.3204	46
39.322	46
39.3236	46
39.3252	46
39.3268	46
39.3284	46
39.33	46
39.3316	46
39.3332	46
39.3348	46
39.3364	46
39.338	46
39.3396	46
39.3412	46
39.3428	46
39.3444	46
39.346	47
39.3476	47
39.3492	47
39.3508	47
39.3524	47
39.354	47
39.3556	47
39.3572	47
39.3588	47
39.3604	47
39.362	47
39.3636	47
39.3652	47
39.3668	47
39.3684	47
39.37	48
39.3716	48
39.3732	48
39.3748	48
39.3764	48
39.378	48
39.3796	48
39.3812	48
39.3828	48
39.3844	48
39.386	48
39.3876	48
39.3892	48
39.3908	48
39.3925	48
39.3941	48
39.3957	48
39.3973	48
39.3989	48
39.4005	48
39.4021	48
39.4037	48
39.4053	48
39.4069	48
39.4085	48
39.4101	48
39.4117	48
39.4133	48
39.4149	48
39.4165	48
39.4181	48
39.4197	48
39.4213	48
39.4229	48
39.4245	48
39.4261	48
39.4277	48
39.4293	48
39.4309	48
39.4325	48
39.4341	48
39.4357	48
39.4373	48
39.4389	48
39.4405	48
39.4421	48
39.4437	48
39.4453	48
39.4469	48
39.4485	48
39.4501	48
39.4517	48
39.4533	48
39.4549	48
39.4565	48
39.4581	48
39.4597	48
39.4613	48
39.4629	48
39.4645	48
39.4661	48
39.4678	48
39.4694	48
39.471	48
39.4726	48
39.4742	48
39.4758	48
39.4774	48
39.479	48
39.4806	48
39.4822	48
39.4838	48
39.4854	48
39.487	48
39.4886	48
39.4902	48
39.4918	48
39.4934	48
39.495	48
39.4966	48
39.4982	48
39.4998	48
39.5014	48
39.503	48
39.5046	48
39.5062	48
39.5078	48
39.5094	48
39.511	48
39.5126	48
39.5142	48
39.5158	48
39.5174	48
39.519	48
39.5206	48
39.5222	48
39.5238	48
39.5254	48
39.527	48
39.5286	48
39.5302	48
39.5318	48
39.5334	48
39.535	48
39.5366	48
39.5382	48
39.5398	48
39.5414	48
39.5431	48
39.5447	48
39.5463	48
39.5479	48
39.5495	49
39.5511	49
39.5527	49
39.5543	49
39.5559	49
39.5575	49
39.5591	49
39.5607	49
39.5623	49
39.5639	49
39.5655	49
39.5671	49
39.5687	49
39.5703	49
39.5719	49
39.5735	49
39.5751	49
39.5767	49
39.5783	49
39.5799	49
39.5815	49
39.5831	49
39.5847	49
39.5863	49
39.5879	49
39.5895	49
39.5911	49
39.5927	49
39.5943	49
39.5959	49
39.5975	49
39.5991	49
39.6007	49
39.6023	49
39.6039	49
39.6055	49
39.6071	49
39.6087	49
39.6103	49
39.6119	49
39.6135	49
39.6151	49
39.6168	49
39.6184	49
39.62	49
39.6216	49
39.6232	49
39.6248	49
39.6264	49
39.628	49
39.6296	49
39.6312	49
39.6328	49
39.6344	49
39.636	49
39.6376	49
39.6392	49
39.6408	49
39.6424	49
39.644	49
39.6456	49
39.6472	49
39.6488	49
39.6504	49
39.652	49
39.6536	49
39.6552	49
39.6568	49
39.6584	49
39.66	49
39.6616	49
39.6632	49
39.6648	49
39.6664	49
39.668	49
39.6696	49
39.6712	49
39.6728	49
39.6744	49
39.676	49
39.6776	49
39.6792	49
39.6808	49
39.6824	49
39.684	49
39.6856	49
39.6872	49
39.6888	49
39.6904	49
39.6921	49
39.6937	49
39.6953	49
39.6969	49
39.6985	49
39.7001	49
39.7017	49
39.7033	49
39.7049	49
39.7065	49
39.7081	49
39.7097	49
39.7113	49
39.7129	49
39.7145	49
39.7161	49
39.7177	49
39.7193	49
39.7209	49
39.7225	49
39.7241	49
39.7257	49
39.7273	49
39.7289	49
39.7305	49
39.7321	49
39.7337	49
39.7353	49
39.7369	49
39.7385	49
39.7401	49
39.7417	49
39.7433	49
39.7449	49
39.7465	50
39.7481	50
39.7497	50
39.7513	50
39.7529	50
39.7545	50
39.7561	50
39.7577	50
39.7593	50
39.7609	50
39.7625	50
39.7641	51
39.7657	51
39.7674	51
39.769	51
39.7706	51
39.7722	51
39.7738	51
39.7754	51
39.777	51
39.7786	51
39.7802	51
39.7818	51
39.7834	51
39.785	51
39.7866	51
39.7882	51
39.7898	51
39.7914	51
39.793	51
39.7946	51
39.7962	51
39.7978	51
39.7994	51
39.801	51
39.8026	51
39.8042	51
39.8058	51
39.8074	51
39.809	51
39.8106	51
39.8122	51
39.8138	51
39.8154	51
39.817	51
39.8186	51
39.8202	51
39.8218	51
39.8234	51
39.825	51
39.8266	51
39.8282	51
39.8298	51
39.8314	51
39.833	51
39.8346	51
39.8362	51
39.8378	51
39.8394	51
39.841	51
39.8427	51
39.8443	51
39.8459	51
39.8475	51
39.8491	51
39.8507	51
39.8523	51
39.8539	51
39.8555	51
39.8571	51
39.8587	51
39.8603	51
39.8619	51
39.8635	51
39.8651	51
39.8667	51
39.8683	51
39.8699	51
39.8715	51
39.8731	51
39.8747	51
39.8763	51
39.8779	51
39.8795	51
39.8811	51
39.8827	51
39.8843	51
39.8859	51
39.8875	51
39.8891	51
39.8907	51
39.8923	51
39.8939	51
39.8955	51
39.8971	51
39.8987	51
39.9003	51
39.9019	51
39.9035	51
39.9051	51
39.9067	51
39.9083	51
39.9099	51
39.9115	51
39.9131	51
39.9147	51
39.9163	51
39.918	51
39.9196	51
39.9212	51
39.9228	51
39.9244	51
39.926	51
39.9276	51
39.9292	51
39.9308	51
39.9324	51
39.934	51
39.9356	51
39.9372	51
39.9388	51
39.9404	51
39.942	51
39.9436	51
39.9452	51
39.9468	51
39.9484	51
39.95	51
39.9516	51
39.9532	51
39.9548	51
39.9564	51
39.958	51
39.9596	51
39.9612	52
39.9628	52
39.9644	52
39.966	52
39.9676	52
39.9692	52
39.9708	52
39.9724	52
39.974	52
39.9756	52
39.9772	52
39.9788	52
39.9804	52
39.982	52
39.9836	52
39.9852	52
39.9868	52
39.9884	52
39.99	52
39.9916	52
39.9933	52
39.9949	52
39.9965	52
39.9981	52
39.9997	52
40.0013	52
40.0029	52
40.0045	52
40.0061	52
40.0077	52
40.0093	52
40.0109	52
40.0125	52
40.0141	52
40.0157	52
40.0173	52
40.0189	52
40.0205	52
40.0221	52
40.0237	52
40.0253	52
40.0269	52
40.0285	52
40.0301	52
40.0317	52
40.0333	52
40.0349	52
40.0365	52
40.0381	52
40.0397	52
40.0413	52
40.0429	52
40.0445	52
40.0461	52
40.0477	52
40.0493	52
40.0509	52
40.0525	52
40.1102	52
40.1118	51
40.1134	50
40.115	50
40.1166	49
40.1182	47
40.1198	46
40.1214	45
40.123	44
40.1246	42
40.1256	41
40.1328	39
40.1344	37
40.136	36
40.1376	35
40.1392	35
40.1408	34
40.1424	34
40.1441	34
40.1457	33
40.1473	33
40.1489	33
40.1505	33
40.1521	33
40.1537	33
40.1553	32
40.1569	32
40.1585	31
40.1601	31
40.1617	30
40.1633	29
40.1649	29
40.1665	28
40.1681	28
40.1697	28
40.1713	27
40.1729	27
40.1745	27
40.1761	27
40.1777	26
40.1793	26
40.1809	26
40.1825	26
40.1841	26
40.1857	26
40.1873	26
40.1889	26
40.1905	26
40.1921	26
40.1937	26
40.1953	26
40.1969	26
40.1985	26
40.2001	26
40.2017	26
40.2033	26
40.2049	26
40.2065	26
40.2081	27
40.2097	27
40.2113	27
40.2129	27
40.2145	27
40.2161	27
40.2177	27
40.2194	27
40.221	27
40.2226	27
40.2242	27
40.2258	27
40.2274	27
40.229	27
40.2306	27
40.2322	27
40.2338	27
40.2354	27
40.237	27
40.2386	27
40.2402	27
40.2418	27
40.2434	27
40.245	27
40.2466	27
40.2482	27
40.2498	27
40.2514	27
40.253	27
40.2546	27
40.2562	27
40.2578	27
40.2594	27
40.261	27
40.2626	27
40.2642	27
40.2658	27
40.2674	27
40.269	27
40.2706	27
40.2722	27
40.2738	27
40.2754	27
40.277	27
40.2786	27
40.2802	27
40.2818	27
40.2834	27
40.285	27
40.2866	27
40.2882	27
40.2898	27
40.2914	27
40.2931	27
40.2947	27
40.2963	27
40.2979	27
40.2995	27
40.3011	27
40.3027	27
40.3043	27
40.3059	27
40.3075	27
40.3091	27
40.3107	28
40.3123	28
40.3139	28
40.3155	28
40.3171	28
40.3187	28
40.3203	28
40.3219	28
40.3235	28
40.3251	28
40.3267	28
40.3283	28
40.3299	28
40.3315	28
40.3331	28
40.3347	28
40.3363	28
40.3379	28
40.3395	28
40.3411	28
40.3427	28
40.3443	28
40.3459	28
40.3475	28
40.3491	28
40.3507	28
40.3523	28
40.3539	28
40.3555	28
40.3571	28
40.3587	28
40.3603	28
40.3619	28
40.3635	28
40.3651	28
40.3667	28
40.3684	28
40.37	28
40.3716	28
40.3732	28
40.3748	28
40.3764	28
40.378	28
40.3796	28
40.3812	28
40.3828	28
40.3844	28
40.386	28
40.3876	28
40.3892	28
40.3908	28
40.3924	28
40.394	28
40.3956	28
40.3972	28
40.3988	28
40.4004	28
40.402	28
40.4036	28
40.4052	28
40.4068	28
40.4084	28
40.41	28
40.4116	28
40.4132	28
40.4148	28
40.4164	28
40.418	28
40.4196	28
40.4212	28
40.4228	29
40.4244	29
40.426	29
40.4276	29
40.4292	29
40.4308	29
40.4324	29
40.434	30
40.4356	30
40.4372	30
40.4388	30
40.4404	30
40.442	30
40.4437	30
40.4453	30
40.4469	30
40.4485	30
40.4501	30
40.4517	30
40.4533	30
40.4549	30
40.4565	30
40.4581	30
40.4597	30
40.4613	30
40.4629	30
40.4645	30
40.4661	30
40.4677	30
40.4693	30
40.4709	30
40.4725	30
40.4741	30
40.4757	30
40.4773	30
40.4789	30
40.4805	30
40.4821	30
40.4837	30
40.4853	30
40.4869	30
40.4885	30
40.4901	30
40.4917	30
40.4933	30
40.4949	30
40.4965	30
40.4981	30
40.4997	30
40.5013	30
40.5029	30
40.5045	30
40.5061	30
40.5077	30
40.5093	30
40.5109	30
40.5125	30
40.5141	30
40.5157	30
40.5173	30
40.519	30
40.5206	30
40.5222	30
40.5238	30
40.5254	30
40.527	30
40.5286	30
40.5302	30
40.5318	30
40.5334	30
40.535	30
40.5366	30
40.5382	30
40.5398	30
40.5414	30
40.543	30
40.5446	30
40.5462	30
40.5478	30
40.5494	30
40.551	30
40.5526	31
40.5542	31
40.5558	31
40.5574	31
40.559	31
40.5606	31
40.5622	31
40.5638	31
40.5654	31
40.567	31
40.5686	31
40.5702	31
40.5718	31
40.5734	31
40.575	32
40.5766	32
40.5782	32
40.5798	32
40.5814	32
40.583	32
40.5846	32
40.5862	32
40.5878	32
40.5894	32
40.591	32
40.5926	32
40.5943	32
40.5959	32
40.5975	32
40.5991	32
40.6007	32
40.6023	32
40.6039	32
40.6055	32
40.6071	32
40.6087	32
40.6103	32
40.6119	32
40.6135	32
40.6151	32
40.6167	32
40.6183	32
40.6199	32
40.6215	32
40.6231	32
40.6247	32
40.6263	32
40.6279	32
40.6295	32
40.6311	32
40.6327	32
40.6343	32
40.6359	32
40.6375	32
40.6391	32
40.6407	32
40.6423	32
40.6439	32
40.6455	32
40.6471	32
40.6487	32
40.6503	32
40.6519	32
40.6535	32
40.6551	32
40.6567	32
40.6583	32
40.6599	32
40.6615	32
40.6631	32
40.6647	32
40.6663	32
40.6679	32
40.6696	32
40.6712	32
40.6728	32
40.6744	32
40.676	32
40.6776	32
40.6792	32
40.6808	32
40.6824	32
40.684	32
40.6856	32
40.6872	32
40.6888	32
40.6904	33
40.692	33
40.6936	33
40.6952	33
40.6968	33
40.6984	33
40.7	33
40.7016	33
40.7032	33
40.7048	33
40.7064	33
40.708	33
40.7096	33
40.7112	33
40.7128	33
40.7144	33
40.716	33
40.7176	33
40.7192	33
40.7208	33
40.7224	33
40.724	33
40.7256	33
40.7272	33
40.7288	33
40.7304	33
40.732	33
40.7336	33
40.7352	33
40.7368	33
40.7384	33
40.74	33
40.7416	33
40.7432	33
40.7449	33
40.7465	33
40.7481	33
40.7497	33
40.7513	33
40.7529	33
40.7545	33
40.7561	33
40.7577	33
40.7593	33
40.7609	33
40.7625	33
40.7641	33
40.7657	33
40.7673	33
40.7689	33
40.7705	33
40.7721	33
40.7737	33
40.7753	33
40.7769	33
40.7785	33
40.7801	33
40.7817	33
40.7833	33
40.7849	33
40.7865	33
40.7881	33
40.7897	33
40.7913	33
40.7929	33
40.7945	33
40.7961	33
40.7977	33
40.7993	33
40.8009	33
40.8025	33
40.8041	33
40.8057	33
40.8073	33
40.8089	33
40.8105	33
40.8121	33
40.8137	33
40.8153	33
40.8169	33
40.8186	33
40.8202	34
40.8218	34
40.8234	34
40.825	34
40.8266	34
40.8282	34
40.8298	34
40.8314	34
40.833	34
40.8346	34
40.8362	34
40.8378	34
40.8394	34
40.841	34
40.8426	34
40.8442	35
40.8458	35
40.8474	35
40.849	35
40.8506	35
40.8522	35
40.8538	35
40.8554	35
40.857	35
40.8586	35
40.8602	35
40.8618	35
40.8634	35
40.865	35
40.8666	35
40.8682	35
40.8698	35
40.8714	35
40.873	35
40.8746	35
40.8762	35
40.8778	35
40.8794	35
40.881	35
40.8826	35
40.8842	35
40.8858	35
40.8874	35
40.889	35
40.8906	35
40.8922	35
40.8939	35
40.8955	35
40.8971	35
40.8987	35
40.9003	35
40.9019	35
40.9035	35
40.9051	35
40.9067	35
40.9083	35
40.9099	35
40.9115	35
40.9131	35
40.9147	35
40.9163	35
40.9179	35
40.9195	35
40.9211	35
40.9227	35
40.9243	35
40.9259	35
40.9275	35
40.9291	35
40.9307	35
40.9323	35
40.9339	35
40.9355	35
40.9371	35
40.9387	35
40.9403	35
40.9419	35
40.9435	35
40.9451	35
40.9467	35
40.9483	35
40.9499	35
40.9515	35
40.9531	35
40.9547	35
40.9563	35
40.9579	35
40.9595	35
40.9611	35
40.9627	35
40.9643	35
40.9659	35
40.9675	35
40.9692	36
40.9708	36
40.9724	36
40.974	36
40.9756	36
40.9772	36
40.9788	36
40.9804	36
40.982	36
40.9836	36
40.9852	36
40.9868	36
40.9884	36
40.99	36
40.9916	36
40.9932	36
40.9948	36
40.9964	36
40.998	36
40.9996	36
41.0012	36
41.0028	36
41.0044	36
41.006	36
41.0076	36
41.0092	36
41.0108	36
41.0124	36
41.014	36
41.0156	36
41.0172	36
41.0188	36
41.0204	36
41.022	36
41.0236	36
41.0252	36
41.0268	36
41.0284	36
41.03	36
41.0316	36
41.0332	36
41.0348	36
41.0364	36
41.038	36
41.0396	36
41.0412	36
41.0428	36
41.0445	36
41.0461	36
41.0477	36
41.0493	36
41.0509	36
41.0525	36
41.0541	36
41.0557	36
41.0573	36
41.0589	36
41.0605	36
41.0621	36
41.0637	36
41.0653	36
41.0669	36
41.0685	36
41.0701	36
41.0717	36
41.0733	36
41.0749	36
41.0765	36
41.0781	36
41.0797	36
41.0813	36
41.0829	36
41.0845	36
41.0861	36
41.0877	36
41.0893	36
41.0909	36
41.0925	36
41.0941	36
41.0957	36
41.0973	36
41.0989	36
41.1005	36
41.1021	36
41.1037	36
41.1053	36
41.1069	36
41.1085	36
41.1101	36
41.1117	36
41.1133	37
41.1149	37
41.1165	37
41.1181	37
41.1198	37
41.1214	37
41.123	37
41.1246	37
41.1262	37
41.1278	37
41.1294	38
41.131	38
41.1326	38
41.1342	38
41.1358	38
41.1374	38
41.139	38
41.1406	38
41.1422	38
41.1438	38
41.1454	38
41.147	38
41.1486	38
41.1502	38
41.1518	38
41.1534	38
41.155	38
41.1566	38
41.1582	38
41.1598	38
41.1614	38
41.163	38
41.1646	38
41.1662	38
41.1678	38
41.1694	38
41.171	38
41.1726	38
41.1742	38
41.1758	38
41.1774	38
41.179	38
41.1806	38
41.1822	38
41.1838	38
41.1854	38
41.187	38
41.1886	38
41.1902	38
41.1918	38
41.1934	38
41.1951	38
41.1967	38
41.1983	38
41.1999	38
41.2015	38
41.2031	38
41.2047	38
41.2063	38
41.2079	38
41.2095	38
41.2111	38
41.2127	38
41.2143	38
41.2159	38
41.2175	38
41.2191	38
41.2207	38
41.2223	38
41.2239	38
41.2255	38
41.2271	38
41.2287	38
41.2303	38
41.2319	38
41.2335	38
41.2351	38
41.2367	38
41.2383	38
41.2399	38
41.2415	38
41.2431	38
41.2447	38
41.2463	38
41.2479	38
41.2495	38
41.2511	38
41.2527	38
41.2543	38
41.2559	38
41.2575	38
41.2591	38
41.2607	38
41.2623	38
41.2639	38
41.2655	38
41.2671	38
41.2687	38
41.2704	38
41.272	38
41.2736	38
41.2752	38
41.2768	39
41.2784	39
41.28	39
41.2816	39
41.2832	39
41.2848	39
41.2864	39
41.288	39
41.2896	39
41.2912	39
41.2928	39
41.2944	39
41.296	39
41.2976	39
41.2992	39
41.3008	39
41.3024	39
41.304	39
41.3056	39
41.3072	39
41.3088	39
41.3104	39
41.312	40
41.3136	40
41.3152	40
41.3168	40
41.3184	40
41.32	40
41.3216	40
41.3232	40
41.3248	40
41.3264	40
41.328	40
41.3296	40
41.3312	40
41.3328	40
41.3344	40
41.336	40
41.3376	40
41.3392	40
41.3408	40
41.3424	40
41.3441	40
41.3457	40
41.3473	40
41.3489	40
41.3505	40
41.3521	40
41.3537	40
41.3553	40
41.3569	40
41.3585	40
41.3601	40
41.3617	40
41.3633	40
41.3649	40
41.3665	40
41.3681	40
41.3697	40
41.3713	40
41.3729	40
41.3745	40
41.3761	40
41.3777	40
41.3793	40
41.3809	40
41.3825	40
41.3841	40
41.3857	40
41.3873	40
41.3889	40
41.3905	40
41.3921	40
41.3937	40
41.3953	40
41.3969	40
41.3985	40
41.4001	40
41.4017	40
41.4033	40
41.4049	40
41.4065	40
41.4081	40
41.4097	40
41.4113	40
41.4129	40
41.4145	40
41.4161	40
41.4177	40
41.4194	40
41.421	40
41.4226	40
41.4242	40
41.4258	40
41.4274	40
41.429	40
41.4306	40
41.4322	40
41.4338	40
41.4354	40
41.437	40
41.4386	40
41.4402	40
41.4418	40
41.4434	40
41.445	40
41.4466	40
41.4482	41
41.4498	41
41.4514	41
41.453	41
41.4546	41
41.4562	41
41.4578	41
41.4594	41
41.461	41
41.4626	41
41.4642	41
41.4658	41
41.4674	41
41.469	41
41.4706	41
41.4722	41
41.4738	41
41.4754	41
41.477	41
41.4786	41
41.4802	41
41.4818	41
41.4834	41
41.485	41
41.4866	41
41.4882	41
41.4898	41
41.4914	41
41.493	41
41.4947	41
41.4963	41
41.4979	41
41.4995	41
41.5011	41
41.5027	41
41.5043	41
41.5059	41
41.5075	41
41.5091	41
41.5107	41
41.5123	41
41.5139	41
41.5155	41
41.5171	41
41.5187	41
41.5203	41
41.5219	41
41.5235	41
41.5251	41
41.5267	41
41.5283	41
41.5299	41
41.5315	41
41.5331	41
41.5347	41
41.5363	41
41.5379	41
41.5395	41
41.5411	41
41.5427	41
41.5443	41
41.5459	41
41.5475	41
41.5491	41
41.5507	41
41.5523	41
41.5539	41
41.5555	41
41.5571	41
41.5587	41
41.5603	41
41.5619	41
41.5635	41
41.5651	41
41.5667	41
41.5683	41
41.57	41
41.5716	41
41.5732	41
41.5748	41
41.5764	41
41.578	41
41.5796	41
41.5812	41
41.5828	41
41.5844	41
41.586	41
41.5876	41
41.5892	41
41.5908	41
41.5924	41
41.594	41
41.5956	41
41.5972	41
41.5988	41
41.6004	41
41.602	41
41.6036	41
41.6052	41
41.6068	41
41.6084	41
41.61	42
41.6116	42
41.6132	42
41.6148	42
41.6164	42
41.618	42
41.6196	42
41.6212	42
41.6228	42
41.6244	42
41.626	43
41.6276	43
41.6292	43
41.6308	43
41.6324	43
41.634	43
41.6356	43
41.6372	43
41.6388	43
41.6404	43
41.642	43
41.6436	43
41.6453	43
41.6469	43
41.6485	43
41.6501	43
41.6517	43
41.6533	43
41.6549	43
41.6565	43
41.6581	43
41.6597	43
41.6613	43
41.6629	43
41.6645	43
41.6661	43
41.6677	43
41.6693	43
41.6709	43
41.6725	43
41.6741	43
41.6757	43
41.6773	43
41.6789	43
41.6805	43
41.6821	43
41.6837	43
41.6853	43
41.6869	43
41.6885	43
41.6901	43
41.6917	43
41.6933	43
41.6949	43
41.6965	43
41.6981	43
41.6997	43
41.7013	43
41.7029	43
41.7045	43
41.7061	43
41.7077	43
41.7093	43
41.7109	43
41.7125	43
41.7141	43
41.7157	43
41.7173	43
41.7189	43
41.7206	43
41.7222	43
41.7238	43
41.7254	43
41.727	43
41.7286	43
41.7302	43
41.7318	43
41.7334	43
41.735	43
41.7366	43
41.7382	43
41.7398	43
41.7414	43
41.743	43
41.7446	43
41.7462	43
41.7478	43
41.7494	43
41.751	43
41.7526	43
41.7542	43
41.7558	43
41.7574	43
41.759	43
41.7606	43
41.7622	43
41.7638	43
41.7654	43
41.767	43
41.7686	43
41.7702	43
41.7718	43
41.7734	43
41.775	43
41.7766	43
41.7782	43
41.7798	43
41.7814	43
41.783	43
41.7846	43
41.7862	43
41.7878	43
41.7894	43
41.791	44
41.7926	44
41.7942	44
41.7959	44
41.7975	44
41.7991	44
41.8007	44
41.8023	44
41.8039	44
41.8055	44
41.8071	44
41.8087	44
41.8103	44
41.8119	44
41.8135	44
41.8151	44
41.8167	44
41.8183	44
41.8199	44
41.8215	44
41.8231	44
41.8247	44
41.8263	44
41.8279	44
41.8295	44
41.8311	44
41.8327	44
41.8343	44
41.8359	44
41.8375	44
41.8391	44
41.8407	44
41.8423	44
41.8439	44
41.8455	44
41.8471	44
41.8487	44
41.8503	44
41.8519	44
41.8535	44
41.8551	44
41.8567	44
41.8583	44
41.8599	44
41.8615	44
41.8631	44
41.8647	44
41.8663	44
41.8679	44
41.8696	44
41.8712	44
41.8728	44
41.8744	44
41.876	44
41.8776	44
41.8792	44
41.8808	44
41.8824	44
41.884	44
41.8856	44
41.8872	44
41.8888	44
41.8904	44
41.892	44
41.8936	44
41.8952	44
41.8968	44
41.8984	44
41.9	44
41.9016	44
41.9032	44
41.9048	44
41.9064	44
41.908	44
41.9096	44
41.9112	44
41.9128	44
41.9144	44
41.916	44
41.9176	44
41.9192	44
41.9208	44
41.9224	44
41.924	44
41.9256	44
41.9272	44
41.9288	44
41.9304	44
41.932	44
41.9336	44
41.9352	44
41.9368	44
41.9384	44
41.94	44
41.9416	44
41.9432	44
41.9449	44
41.9465	44
41.9481	44
41.9497	44
41.9513	44
41.9529	44
41.9545	44
41.9561	44
41.9577	44
41.9593	44
41.9609	44
41.9625	44
41.9641	44
41.9657	44
41.9673	44
41.9689	44
41.9705	44
41.9721	45
41.9737	45
41.9753	45
41.9769	45
41.9785	45
41.9801	45
41.9817	45
41.9833	45
41.9849	45
41.9865	45
41.9881	46
41.9897	46
41.9913	46
41.9929	46
41.9945	46
41.9961	46
41.9977	46
41.9993	46
42.0009	46
42.0025	46
42.0041	46
42.0057	46
42.0073	46
42.0089	46
42.0105	46
42.0121	46
42.0137	46
42.0153	46
42.0169	46
42.0185	46
42.0202	46
42.0218	46
42.0234	46
42.025	46
42.0266	46
42.0282	46
42.0298	46
42.0314	46
42.033	46
42.0346	46
42.0362	46
42.0378	46
42.0394	46
42.041	46
42.0426	46
42.0442	46
42.0458	46
42.0474	46
42.049	46
42.0506	46
42.0522	46
42.0538	46
42.0554	46
42.057	46
42.0586	46
42.0602	46
42.0618	46
42.0634	46
42.065	46
42.0666	46
42.0682	46
42.0698	46
42.0714	46
42.073	46
42.0746	46
42.0762	46
42.0778	46
42.0794	46
42.081	46
42.0826	46
42.0842	46
42.0858	46
42.0874	46
42.089	46
42.0906	46
42.0922	46
42.0938	46
42.0955	46
42.0971	46
42.0987	46
42.1003	46
42.1019	46
42.1035	46
42.1051	46
42.1067	46
42.1083	46
42.1099	46
42.1115	46
42.1131	46
42.1147	46
42.1163	46
42.1179	46
42.1195	46
42.1211	46
42.1227	46
42.1243	46
42.1259	46
42.1275	46
42.1291	46
42.1307	46
42.1323	46
42.1339	46
42.1355	46
42.1371	46
42.1387	46
42.1403	46
42.1419	46
42.1435	46
42.1451	46
42.1467	46
42.1483	46
42.1499	46
42.1515	46
42.1531	46
42.1547	46
42.1563	46
42.1579	46
42.1595	46
42.1611	46
42.1627	46
42.1643	46
42.1659	47
42.1675	47
42.1691	47
42.1708	47
42.1724	47
42.174	47
42.1756	47
42.1772	47
42.1788	47
42.1804	47
42.182	47
42.1836	47
42.1852	47
42.1868	47
42.1884	47
42.19	47
42.1916	47
42.1932	47
42.1948	47
42.1964	47
42.198	47
42.1996	47
42.2012	47
42.2028	47
42.2044	47
42.206	47
42.2076	47
42.2092	47
42.2108	47
42.2124	47
42.214	48
42.2156	48
42.2172	48
42.2188	48
42.2204	48
42.222	48
42.2236	48
42.2252	48
42.2268	48
42.2284	48
42.23	48
42.2316	48
42.2332	48
42.2348	48
42.2364	48
42.238	48
42.2396	48
42.2412	48
42.2428	48
42.2444	48
42.2461	48
42.2477	48
42.2493	48
42.2509	48
42.2525	48
42.2541	48
42.2557	48
42.2573	48
42.2589	48
42.2605	48
42.2621	48
42.2637	48
42.2653	48
42.2669	48
42.2685	48
42.2701	48
42.2717	48
42.2733	48
42.2749	48
42.2765	48
42.2781	48
42.2797	48
42.2813	48
42.2829	48
42.2845	48
42.2861	48
42.2877	48
42.2893	48
42.2909	48
42.2925	48
42.2941	48
42.2957	48
42.2973	48
42.2989	48
42.3005	48
42.3021	48
42.3037	48
42.3053	48
42.3069	48
42.3085	48
42.3101	48
42.3117	48
42.3133	48
42.3149	48
42.3165	48
42.3181	48
42.3197	48
42.3214	48
42.323	48
42.3246	48
42.3262	48
42.3278	48
42.3294	48
42.331	48
42.3326	48
42.3342	48
42.3358	48
42.3374	48
42.339	48
42.3406	48
42.3422	48
42.3438	48
42.3454	48
42.347	48
42.3486	48
42.3502	48
42.3518	48
42.3534	48
42.355	48
42.3566	48
42.3582	48
42.3598	48
42.3614	48
42.363	48
42.3646	48
42.3662	48
42.3678	48
42.3694	49
42.371	49
42.3726	49
42.3742	49
42.3758	49
42.3774	49
42.379	49
42.3806	49
42.3822	49
42.3838	49
42.3854	49
42.387	49
42.3886	49
42.3902	49
42.3918	49
42.3934	49
42.3951	49
42.3967	49
42.3983	49
42.3999	49
42.4015	49
42.4031	49
42.4047	49
42.4063	49
42.4079	49
42.4095	49
42.4111	49
42.4127	49
42.4143	49
42.4159	49
42.4175	49
42.4191	49
42.4207	49
42.4223	49
42.4239	49
42.4255	49
42.4271	49
42.4287	49
42.4303	49
42.4319	49
42.4335	49
42.4351	49
42.4367	49
42.4383	49
42.4399	49
42.4415	49
42.4431	49
42.4447	49
42.4463	49
42.4479	49
42.4495	49
42.4511	49
42.4527	49
42.4543	49
42.4559	49
42.4575	49
42.4591	49
42.4607	49
42.4623	49
42.4639	49
42.4655	49
42.4671	49
42.4687	49
42.4704	49
42.472	49
42.4736	49
42.4752	49
42.4768	49
42.4784	49
42.48	49
42.4816	49
42.4832	49
42.4848	49
42.4864	49
42.488	49
42.4896	49
42.4912	49
42.4928	49
42.4944	49
42.496	49
42.4976	49
42.4992	49
42.5008	49
42.5024	49
42.504	49
42.5056	49
42.5072	49
42.5088	49
42.5104	49
42.512	49
42.5136	49
42.5152	49
42.5168	49
42.5184	49
42.52	49
42.5216	49
42.5232	49
42.5248	49
42.5264	49
42.528	49
42.5296	49
42.5312	49
42.5328	49
42.5344	49
42.536	49
42.5376	49
42.5392	49
42.5408	49
42.5424	49
42.544	49
42.5457	49
42.5473	49
42.5489	49
42.5505	49
42.5521	49
42.5537	49
42.5553	49
42.5569	49
42.5585	49
42.5601	49
42.5617	49
42.5633	49
42.5649	50
42.5665	50
42.5681	50
42.5697	50
42.5713	50
42.5729	50
42.5745	50
42.5761	50
42.5777	50
42.5793	50
42.5809	50
42.5825	50
42.5841	51
42.5857	51
42.5873	51
42.5889	51
42.5905	51
42.5921	51
42.5937	51
42.5953	51
42.5969	51
42.5985	51
42.6001	51
42.6017	51
42.6033	51
42.6049	51
42.6065	51
42.6081	51
42.6097	51
42.6113	51
42.6129	51
42.6145	51
42.6161	51
42.6177	51
42.6193	51
42.621	51
42.6226	51
42.6242	51
42.6258	51
42.6274	51
42.629	51
42.6306	51
42.6322	51
42.6338	51
42.6354	51
42.637	51
42.6386	51
42.6402	51
42.6418	51
42.6434	51
42.645	51
42.6466	51
42.6482	51
42.6498	51
42.6514	51
42.653	51
42.6546	51
42.6562	51
42.6578	51
42.6594	51
42.661	51
42.6626	51
42.6642	51
42.6658	51
42.6674	51
42.669	51
42.6706	51
42.6722	51
42.6738	51
42.6754	51
42.677	51
42.6786	51
42.6802	51
42.6818	51
42.6834	51
42.685	51
42.6866	51
42.6882	51
42.6898	51
42.6914	51
42.693	51
42.6946	51
42.6963	51
42.6979	51
42.6995	51
42.7011	51
42.7027	51
42.7043	51
42.7059	51
42.7075	51
42.7091	51
42.7107	51
42.7123	51
42.7139	51
42.7155	51
42.7171	51
42.7187	51
42.7203	51
42.7219	51
42.7235	51
42.7251	51
42.7267	51
42.7283	51
42.7299	51
42.7315	51
42.7331	51
42.7347	51
42.7363	51
42.7379	51
42.7395	51
42.7411	51
42.7427	51
42.7443	51
42.7459	51
42.7475	51
42.7491	51
42.7507	51
42.7523	51
42.7539	51
42.7555	51
42.7571	51
42.7587	51
42.7603	51
42.7619	51
42.7635	51
42.7651	51
42.7667	51
42.7683	51
42.7699	51
42.7716	51
42.7732	51
42.7748	51
42.7764	51
42.778	51
42.7796	51
42.7812	52
42.7828	52
42.7844	52
42.786	52
42.7876	52
42.7892	52
42.7908	52
42.7924	52
42.794	52
42.7956	52
42.7972	52
42.7988	52
42.8004	52
42.802	52
42.8036	52
42.8052	52
42.8068	52
42.8084	52
42.81	52
42.8116	52
42.8132	52
42.8148	52
42.8164	52
42.818	52
42.8196	52
42.8212	52
42.8228	52
42.8244	52
42.826	52
42.8276	52
42.8292	52
42.8308	52
42.8324	52
42.834	52
42.8356	52
42.8372	52
42.8388	52
42.8404	52
42.842	52
42.8436	52
42.8452	52
42.8469	52
42.8485	52
42.8501	52
42.8517	52
42.8533	52
42.8549	52
42.8565	52
42.8581	52
42.8597	52
42.8613	52
42.8629	52
42.8645	52
42.8661	52
42.8677	52
42.8693	52
42.8709	52
42.8725	52
42.9302	52
42.9318	51
42.9334	50
42.935	49
42.9366	48
42.9382	47
42.9398	46
42.9414	45
42.943	43
42.9446	42
42.9456	41
42.9528	39
42.9544	37
42.956	36
42.9576	35
42.9592	35
42.9608	34
42.9624	34
42.964	34
42.9656	34
42.9672	33
42.9688	33
42.9704	33
42.972	33
42.9736	33
42.9752	33
42.9768	33
42.9784	32
42.98	31
42.9816	30
42.9832	30
42.9848	29
42.9864	29
42.988	28
42.9896	28
42.9912	27
42.9928	27
42.9944	27
42.996	27
42.9977	26
42.9993	26
43.0009	26
43.0025	26
43.0041	26
43.0057	26
43.0073	26
43.0089	26
43.0105	26
43.0121	26
43.0137	26
43.0153	26
43.0169	26
43.0185	26
43.0201	26
43.0217	26
43.0233	26
43.0249	26
43.0265	26
43.0281	27
43.0297	27
43.0313	27
43.0329	27
43.0345	27
43.0361	27
43.0377	27
43.0393	27
43.0409	27
43.0425	27
43.0441	27
43.0457	27
43.0473	27
43.0489	27
43.0505	27
43.0521	27
43.0537	27
43.0553	27
43.0569	27
43.0585	27
43.0601	27
43.0617	27
43.0633	27
43.0649	27
43.0665	27
43.0681	27
43.0697	27
43.0714	27
43.073	27
43.0746	27
43.0762	27
43.0778	27
43.0794	27
43.081	27
43.0826	27
43.0842	27
43.0858	27
43.0874	27
43.089	27
43.0906	27
43.0922	27
43.0938	27
43.0954	27
43.097	27
43.0986	27
43.1002	27
43.1018	27
43.1034	27
43.105	27
43.1066	27
43.1082	27
43.1098	27
43.1114	27
43.113	27
43.1146	27
43.1162	27
43.1178	27
43.1194	27
43.121	27
43.1226	27
43.1242	27
43.1258	27
43.1274	27
43.129	28
43.1306	28
43.1322	28
43.1338	28
43.1354	28
43.137	28
43.1386	28
43.1402	28
43.1418	28
43.1434	28
43.145	28
43.1467	28
43.1483	28
43.1499	28
43.1515	28
43.1531	28
43.1547	28
43.1563	28
43.1579	28
43.1595	28
43.1611	28
43.1627	28
43.1643	28
43.1659	28
43.1675	28
43.1691	28
43.1707	28
43.1723	28
43.1739	28
43.1755	28
43.1771	28
43.1787	28
43.1803	28
43.1819	28
43.1835	28
43.1851	28
43.1867	28
43.1883	28
43.1899	28
43.1915	28
43.1931	28
43.1947	28
43.1963	28
43.1979	28
43.1995	28
43.2011	28
43.2027	28
43.2043	28
43.2059	28
43.2075	28
43.2091	28
43.2107	28
43.2123	28
43.2139	28
43.2155	28
43.2171	28
43.2187	28
43.2203	28
43.222	28
43.2236	28
43.2252	28
43.2268	28
43.2284	28
43.23	28
43.2316	28
43.2332	28
43.2348	28
43.2364	28
43.238	28
43.2396	28
43.2412	28
43.2428	28
43.2444	29
43.246	29
43.2476	29
43.2492	29
43.2508	29
43.2524	29
43.254	29
43.2556	29
43.2572	30
43.2588	30
43.2604	30
43.262	30
43.2636	30
43.2652	30
43.2668	30
43.2684	30
43.27	30
43.2716	30
43.2732	30
43.2748	30
43.2764	30
43.278	30
43.2796	30
43.2812	30
43.2828	30
43.2844	30
43.286	30
43.2876	30
43.2892	30
43.2908	30
43.2924	30
43.294	30
43.2956	30
43.2973	30
43.2989	30
43.3005	30
43.3021	30
43.3037	30
43.3053	30
43.3069	30
43.3085	30
43.3101	30
43.3117	30
43.3133	30
43.3149	30
43.3165	30
43.3181	30
43.3197	30
43.3213	30
43.3229	30
43.3245	30
43.3261	30
43.3277	30
43.3293	30
43.3309	30
43.3325	30
43.3341	30
43.3357	30
43.3373	30
43.3389	30
43.3405	30
43.3421	30
43.3437	30
43.3453	30
43.3469	30
43.3485	30
43.3501	30
43.3517	30
43.3533	30
43.3549	30
43.3565	30
43.3581	30
43.3597	30
43.3613	30
43.3629	30
43.3645	30
43.3661	30
43.3677	30
43.3693	30
43.3709	30
43.3726	31
43.3742	31
43.3758	31
43.3774	31
43.379	31
43.3806	31
43.3822	31
43.3838	31
43.3854	31
43.387	31
43.3886	31
43.3902	31
43.3918	31
43.3934	31
43.395	31
43.3966	31
43.3982	31
43.3998	31
43.4014	31
43.403	31
43.4046	31
43.4062	31
43.4078	31
43.4094	31
43.411	32
43.4126	32
43.4142	32
43.4158	32
43.4174	32
43.419	32
43.4206	32
43.4222	32
43.4238	32
43.4254	32
43.427	32
43.4286	32
43.4302	32
43.4318	32
43.4334	32
43.435	32
43.4366	32
43.4382	32
43.4398	32
43.4414	32
43.443	32
43.4446	32
43.4462	32
43.4479	32
43.4495	32
43.4511	32
43.4527	32
43.4543	32
43.4559	32
43.4575	32
43.4591	32
43.4607	32
43.4623	32
43.4639	32
43.4655	32
43.4671	32
43.4687	32
43.4703	32
43.4719	32
43.4735	32
43.4751	32
43.4767	32
43.4783	32
43.4799	32
43.4815	32
43.4831	32
43.4847	32
43.4863	32
43.4879	32
43.4895	32
43.4911	32
43.4927	32
43.4943	32
43.4959	32
43.4975	32
43.4991	32
43.5007	32
43.5023	32
43.5039	32
43.5055	32
43.5071	32
43.5087	32
43.5103	33
43.5119	33
43.5135	33
43.5151	33
43.5167	33
43.5183	33
43.5199	33
43.5215	33
43.5232	33
43.5248	33
43.5264	33
43.528	33
43.5296	33
43.5312	33
43.5328	33
43.5344	33
43.536	33
43.5376	33
43.5392	33
43.5408	33
43.5424	33
43.544	33
43.5456	33
43.5472	33
43.5488	33
43.5504	33
43.552	33
43.5536	33
43.5552	33
43.5568	33
43.5584	33
43.56	33
43.5616	33
43.5632	33
43.5648	33
43.5664	33
43.568	33
43.5696	33
43.5712	33
43.5728	33
43.5744	33
43.576	33
43.5776	33
43.5792	33
43.5808	33
43.5824	33
43.584	33
43.5856	33
43.5872	33
43.5888	33
43.5904	33
43.592	33
43.5936	33
43.5952	33
43.5968	33
43.5985	33
43.6001	33
43.6017	33
43.6033	33
43.6049	33
43.6065	33
43.6081	33
43.6097	33
43.6113	33
43.6129	33
43.6145	33
43.6161	33
43.6177	33
43.6193	33
43.6209	33
43.6225	33
43.6241	33
43.6257	33
43.6273	33
43.6289	33
43.6305	33
43.6321	33
43.6337	33
43.6353	33
43.6369	33
43.6385	33
43.6401	34
43.6417	34
43.6433	34
43.6449	34
43.6465	34
43.6481	34
43.6497	34
43.6513	34
43.6529	34
43.6545	34
43.6561	34
43.6577	34
43.6593	34
43.6609	34
43.6625	34
43.6641	35
43.6657	35
43.6673	35
43.6689	35
43.6705	35
43.6722	35
43.6738	35
43.6754	35
43.677	35
43.6786	35
43.6802	35
43.6818	35
43.6834	35
43.685	35
43.6866	35
43.6882	35
43.6898	35
43.6914	35
43.693	35
43.6946	35
43.6962	35
43.6978	35
43.6994	35
43.701	35
43.7026	35
43.7042	35
43.7058	35
43.7074	35
43.709	35
43.7106	35
43.7122	35
43.7138	35
43.7154	35
43.717	35
43.7186	35
43.7202	35
43.7218	35
43.7234	35
43.725	35
43.7266	35
43.7282	35
43.7298	35
43.7314	35
43.733	35
43.7346	35
43.7362	35
43.7378	35
43.7394	35
43.741	35
43.7426	35
43.7442	35
43.7458	35
43.7475	35
43.7491	35
43.7507	35
43.7523	35
43.7539	35
43.7555	35
43.7571	35
43.7587	35
43.7603	35
43.7619	35
43.7635	35
43.7651	35
43.7667	35
43.7683	35
43.7699	35
43.7715	35
43.7731	35
43.7747	35
43.7763	35
43.7779	35
43.7795	35
43.7811	35
43.7827	35
43.7843	35
43.7859	35
43.7875	35
43.7891	36
43.7907	36
43.7923	36
43.7939	36
43.7955	36
43.7971	36
43.7987	36
43.8003	36
43.8019	36
43.8035	36
43.8051	36
43.8067	36
43.8083	36
43.8099	36
43.8115	36
43.8131	36
43.8147	36
43.8163	36
43.8179	36
43.8195	36
43.8211	36
43.8228	36
43.8244	36
43.826	36
43.8276	36
43.8292	36
43.8308	36
43.8324	36
43.834	36
43.8356	36
43.8372	36
43.8388	36
43.8404	36
43.842	36
43.8436	36
43.8452	36
43.8468	36
43.8484	36
43.85	36
43.8516	36
43.8532	36
43.8548	36
43.8564	36
43.858	36
43.8596	36
43.8612	36
43.8628	36
43.8644	36
43.866	36
43.8676	36
43.8692	36
43.8708	36
43.8724	36
43.874	36
43.8756	36
43.8772	36
43.8788	36
43.8804	36
43.882	36
43.8836	36
43.8852	36
43.8868	36
43.8884	36
43.89	36
43.8916	36
43.8932	36
43.8948	36
43.8964	36
43.8981	36
43.8997	36
43.9013	36
43.9029	36
43.9045	36
43.9061	36
43.9077	36
43.9093	36
43.9109	36
43.9125	36
43.9141	36
43.9157	36
43.9173	36
43.9189	36
43.9205	36
43.9221	36
43.9237	36
43.9253	36
43.9269	36
43.9285	36
43.9301	36
43.9317	36
43.9333	37
43.9349	37
43.9365	37
43.9381	37
43.9397	37
43.9413	37
43.9429	37
43.9445	37
43.9461	37
43.9477	37
43.9493	38
43.9509	38
43.9525	38
43.9541	38
43.9557	38
43.9573	38
43.9589	38
43.9605	38
43.9621	38
43.9637	38
43.9653	38
43.9669	38
43.9685	38
43.9701	38
43.9717	38
43.9734	38
43.975	38
43.9766	38
43.9782	38
43.9798	38
43.9814	38
43.983	38
43.9846	38
43.9862	38
43.9878	38
43.9894	38
43.991	38
43.9926	38
43.9942	38
43.9958	38
43.9974	38
43.999	38
44.0006	38
44.0022	38
44.0038	38
44.0054	38
44.007	38
44.0086	38
44.0102	38
44.0118	38
44.0134	38
44.015	38
44.0166	38
44.0182	38
44.0198	38
44.0214	38
44.023	38
44.0246	38
44.0262	38
44.0278	38
44.0294	38
44.031	38
44.0326	38
44.0342	38
44.0358	38
44.0374	38
44.039	38
44.0406	38
44.0422	38
44.0438	38
44.0454	38
44.047	38
44.0487	38
44.0503	38
44.0519	38
44.0535	38
44.0551	38
44.0567	38
44.0583	38
44.0599	38
44.0615	38
44.0631	38
44.0647	38
44.0663	38
44.0679	38
44.0695	38
44.0711	38
44.0727	38
44.0743	38
44.0759	38
44.0775	38
44.0791	38
44.0807	38
44.0823	38
44.0839	38
44.0855	38
44.0871	38
44.0887	38
44.0903	38
44.0919	38
44.0935	38
44.0951	38
44.0967	39
44.0983	39
44.0999	39
44.1015	39
44.1031	39
44.1047	39
44.1063	39
44.1079	39
44.1095	39
44.1111	39
44.1127	39
44.1143	39
44.1159	39
44.1175	39
44.1191	39
44.1207	39
44.1223	39
44.124	39
44.1256	39
44.1272	39
44.1288	39
44.1304	39
44.132	39
44.1336	39
44.1352	39
44.1368	39
44.1384	39
44.14	39
44.1416	39
44.1432	39
44.1448	39
44.1464	39
44.148	39
44.1496	39
44.1512	39
44.1528	39
44.1544	39
44.156	39
44.1576	39
44.1592	39
44.1608	39
44.1624	39
44.164	40
44.1656	40
44.1672	40
44.1688	40
44.1704	40
44.172	40
44.1736	40
44.1752	40
44.1768	40
44.1784	40
44.18	40
44.1816	40
44.1832	40
44.1848	40
44.1864	40
44.188	40
44.1896	40
44.1912	40
44.1928	40
44.1944	40
44.196	40
44.1977	40
44.1993	40
44.2009	40
44.2025	40
44.2041	40
44.2057	40
44.2073	40
44.2089	40
44.2105	40
44.2121	40
44.2137	40
44.2153	40
44.2169	40
44.2185	40
44.2201	40
44.2217	40
44.2233	40
44.2249	40
44.2265	40
44.2281	40
44.2297	40
44.2313	40
44.2329	40
44.2345	40
44.2361	40
44.2377	40
44.2393	40
44.2409	40
44.2425	40
44.2441	40
44.2457	40
44.2473	40
44.2489	40
44.2505	40
44.2521	40
44.2537	40
44.2553	40
44.2569	40
44.2585	40
44.2601	40
44.2617	40
44.2633	40
44.2649	40
44.2665	40
44.2681	41
44.2697	41
44.2713	41
44.273	41
44.2746	41
44.2762	41
44.2778	41
44.2794	41
44.281	41
44.2826	41
44.2842	41
44.2858	41
44.2874	41
44.289	41
44.2906	41
44.2922	41
44.2938	41
44.2954	41
44.297	41
44.2986	41
44.3002	41
44.3018	41
44.3034	41
44.305	41
44.3066	41
44.3082	41
44.3098	41
44.3114	41
44.313	41
44.3146	41
44.3162	41
44.3178	41
44.3194	41
44.321	41
44.3226	41
44.3242	41
44.3258	41
44.3274	41
44.329	41
44.3306	41
44.3322	41
44.3338	41
44.3354	41
44.337	41
44.3386	41
44.3402	41
44.3418	41
44.3434	41
44.345	41
44.3466	41
44.3483	41
44.3499	41
44.3515	41
44.3531	41
44.3547	41
44.3563	41
44.3579	41
44.3595	41
44.3611	41
44.3627	41
44.3643	41
44.3659	41
44.3675	41
44.3691	41
44.3707	41
44.3723	41
44.3739	41
44.3755	41
44.3771	41
44.3787	41
44.3803	41
44.3819	41
44.3835	41
44.3851	41
44.3867	41
44.3883	41
44.3899	41
44.3915	41
44.3931	41
44.3947	41
44.3963	41
44.3979	41
44.3995	41
44.4011	41
44.4027	41
44.4043	41
44.4059	41
44.4075	41
44.4091	41
44.4107	41
44.4123	41
44.4139	41
44.4155	41
44.4171	41
44.4187	41
44.4203	41
44.4219	41
44.4236	41
44.4252	41
44.4268	41
44.4284	41
44.43	42
44.4316	42
44.4332	42
44.4348	42
44.4364	42
44.438	42
44.4396	42
44.4412	42
44.4428	42
44.4444	42
44.446	42
44.4476	42
44.4492	43
44.4508	43
44.4524	43
44.454	43
44.4556	43
44.4572	43
44.4588	43
44.4604	43
44.462	43
44.4636	43
44.4652	43
44.4668	43
44.4684	43
44.47	43
44.4716	43
44.4732	43
44.4748	43
44.4764	43
44.478	43
44.4796	43
44.4812	43
44.4828	43
44.4844	43
44.486	43
44.4876	43
44.4892	43
44.4908	43
44.4924	43
44.494	43
44.4956	43
44.4972	43
44.4989	43
44.5005	43
44.5021	43
44.5037	43
44.5053	43
44.5069	43
44.5085	43
44.5101	43
44.5117	43
44.5133	43
44.5149	43
44.5165	43
44.5181	43
44.5197	43
44.5213	43
44.5229	43
44.5245	43
44.5261	43
44.5277	43
44.5293	43
44.5309	43
44.5325	43
44.5341	43
44.5357	43
44.5373	43
44.5389	43
44.5405	43
44.5421	43
44.5437	43
44.5453	43
44.5469	43
44.5485	43
44.5501	43
44.5517	43
44.5533	43
44.5549	43
44.5565	43
44.5581	43
44.5597	43
44.5613	43
44.5629	43
44.5645	43
44.5661	43
44.5677	43
44.5693	43
44.5709	43
44.5725	43
44.5742	43
44.5758	43
44.5774	43
44.579	43
44.5806	43
44.5822	43
44.5838	43
44.5854	43
44.587	43
44.5886	43
44.5902	43
44.5918	43
44.5934	43
44.595	43
44.5966	43
44.5982	43
44.5998	43
44.6014	43
44.603	43
44.6046	43
44.6062	43
44.6078	43
44.6094	43
44.611	43
44.6126	44
44.6142	44
44.6158	44
44.6174	44
44.619	44
44.6206	44
44.6222	44
44.6238	44
44.6254	44
44.627	44
44.6286	44
44.6302	44
44.6318	44
44.6334	44
44.635	44
44.6366	44
44.6382	44
44.6398	44
44.6414	44
44.643	44
44.6446	44
44.6462	44
44.6478	44
44.6495	44
44.6511	44
44.6527	44
44.6543	44
44.6559	44
44.6575	44
44.6591	44
44.6607	44
44.6623	44
44.6639	44
44.6655	44
44.6671	44
44.6687	44
44.6703	44
44.6719	44
44.6735	44
44.6751	44
44.6767	44
44.6783	44
44.6799	44
44.6815	44
44.6831	44
44.6847	44
44.6863	44
44.6879	44
44.6895	44
44.6911	44
44.6927	44
44.6943	44
44.6959	44
44.6975	44
44.6991	44
44.7007	44
44.7023	44
44.7039	44
44.7055	44
44.7071	44
44.7087	44
44.7103	44
44.7119	44
44.7135	44
44.7151	44
44.7167	44
44.7183	44
44.7199	44
44.7215	44
44.7232	44
44.7248	44
44.7264	44
44.728	44
44.7296	44
44.7312	44
44.7328	44
44.7344	44
44.736	44
44.7376	44
44.7392	44
44.7408	44
44.7424	44
44.744	44
44.7456	44
44.7472	44
44.7488	44
44.7504	44
44.752	44
44.7536	44
44.7552	44
44.7568	44
44.7584	44
44.76	44
44.7616	44
44.7632	44
44.7648	44
44.7664	44
44.768	44
44.7696	44
44.7712	44
44.7728	44
44.7744	44
44.776	44
44.7776	44
44.7792	44
44.7808	44
44.7824	44
44.784	44
44.7856	44
44.7872	44
44.7888	44
44.7904	45
44.792	45
44.7936	45
44.7952	45
44.7968	45
44.7985	45
44.8001	46
44.8017	46
44.8033	46
44.8049	46
44.8065	46
44.8081	46
44.8097	46
44.8113	46
44.8129	46
44.8145	46
44.8161	46
44.8177	46
44.8193	46
44.8209	46
44.8225	46
44.8241	46
44.8257	46
44.8273	46
44.8289	46
44.8305	46
44.8321	46
44.8337	46
44.8353	46
44.8369	46
44.8385	46
44.8401	46
44.8417	46
44.8433	46
44.8449	46
44.8465	46
44.8481	46
44.8497	46
44.8513	46
44.8529	46
44.8545	46
44.8561	46
44.8577	46
44.8593	46
44.8609	46
44.8625	46
44.8641	46
44.8657	46
44.8673	46
44.8689	46
44.8705	46
44.8721	46
44.8738	46
44.8754	46
44.877	46
44.8786	46
44.8802	46
44.8818	46
44.8834	46
44.885	46
44.8866	46
44.8882	46
44.8898	46
44.8914	46
44.893	46
44.8946	46
44.8962	46
44.8978	46
44.8994	46
44.901	46
44.9026	46
44.9042	46
44.9058	46
44.9074	46
44.909	46
44.9106	46
44.9122	46
44.9138	46
44.9154	46
44.917	46
44.9186	46
44.9202	46
44.9218	46
44.9234	46
44.925	46
44.9266	46
44.9282	46
44.9298	46
44.9314	46
44.933	46
44.9346	46
44.9362	46
44.9378	46
44.9394	46
44.941	46
44.9426	46
44.9442	46
44.9458	46
44.9474	46
44.9491	46
44.9507	46
44.9523	46
44.9539	46
44.9555	46
44.9571	46
44.9587	46
44.9603	46
44.9619	46
44.9635	46
44.9651	46
44.9667	46
44.9683	46
44.9699	46
44.9715	46
44.9731	46
44.9747	46
44.9763	46
44.9779	46
44.9795	46
44.9811	46
44.9827	46
44.9843	46
44.9859	47
44.9875	47
44.9891	47
44.9907	47
44.9923	47
44.9939	47
44.9955	47
44.9971	47
44.9987	47
45.0003	47
45.0019	47
45.0035	47
45.0051	47
45.0067	47
45.0083	47
45.0099	47
45.0115	47
45.0131	47
45.0147	47
45.0163	47
45.0179	47
45.0195	47
45.0211	47
45.0227	47
45.0244	47
45.026	47
45.0276	47
45.0292	47
45.0308	47
45.0324	47
45.034	47
45.0356	47
45.0372	47
45.0388	47
45.0404	47
45.042	47
45.0436	47
45.0452	47
45.0468	47
45.0484	47
45.05	47
45.0516	47
45.0532	47
45.0548	47
45.0564	47
45.058	47
45.0596	47
45.0612	47
45.0628	47
45.0644	47
45.066	48
45.0676	48
45.0692	48
45.0708	48
45.0724	48
45.074	48
45.0756	48
45.0772	48
45.0788	48
45.0804	48
45.082	48
45.0836	48
45.0852	48
45.0868	48
45.0884	48
45.09	48
45.0916	48
45.0932	48
45.0948	48
45.0964	48
45.098	48
45.0997	48
45.1013	48
45.1029	48
45.1045	48
45.1061	48
45.1077	48
45.1093	48
45.1109	48
45.1125	48
45.1141	48
45.1157	48
45.1173	48
45.1189	48
45.1205	48
45.1221	48
45.1237	48
45.1253	48
45.1269	48
45.1285	48
45.1301	48
45.1317	48
45.1333	48
45.1349	48
45.1365	48
45.1381	48
45.1397	48
45.1413	48
45.1429	48
45.1445	48
45.1461	48
45.1477	48
45.1493	48
45.1509	48
45.1525	48
45.1541	48
45.1557	48
45.1573	48
45.1589	48
45.1605	48
45.1621	48
45.1637	48
45.1653	48
45.1669	48
45.1685	48
45.1701	48
45.1717	48
45.1733	48
45.175	48
45.1766	48
45.1782	48
45.1798	48
45.1814	48
45.183	48
45.1846	48
45.1862	48
45.1878	48
45.1894	48
45.191	48
45.1926	49
45.1942	49
45.1958	49
45.1974	49
45.199	49
45.2006	49
45.2022	49
45.2038	49
45.2054	49
45.207	49
45.2086	49
45.2102	49
45.2118	49
45.2134	49
45.215	49
45.2166	49
45.2182	49
45.2198	49
45.2214	49
45.223	49
45.2246	49
45.2262	49
45.2278	49
45.2294	49
45.231	49
45.2326	49
45.2342	49
45.2358	49
45.2374	49
45.239	49
45.2406	49
45.2422	49
45.2438	49
45.2454	49
45.247	49
45.2487	49
45.2503	49
45.2519	49
45.2535	49
45.2551	49
45.2567	49
45.2583	49
45.2599	49
45.2615	49
45.2631	49
45.2647	49
45.2663	49
45.2679	49
45.2695	49
45.2711	49
45.2727	49
45.2743	49
45.2759	49
45.2775	49
45.2791	49
45.2807	49
45.2823	49
45.2839	49
45.2855	49
45.2871	49
45.2887	49
45.2903	49
45.2919	49
45.2935	49
45.2951	49
45.2967	49
45.2983	49
45.2999	49
45.3015	49
45.3031	49
45.3047	49
45.3063	49
45.3079	49
45.3095	49
45.3111	49
45.3127	49
45.3143	49
45.3159	49
45.3175	49
45.3191	49
45.3207	49
45.3223	49
45.324	49
45.3256	49
45.3272	49
45.3288	49
45.3304	49
45.332	49
45.3336	49
45.3352	49
45.3368	49
45.3384	49
45.34	49
45.3416	49
45.3432	49
45.3448	49
45.3464	49
45.348	49
45.3496	49
45.3512	49
45.3528	49
45.3544	49
45.356	49
45.3576	49
45.3592	49
45.3608	49
45.3624	49
45.364	49
45.3656	49
45.3672	49
45.3688	49
45.3704	49
45.372	49
45.3736	49
45.3752	49
45.3768	49
45.3784	49
45.38	49
45.3816	49
45.3832	50
45.3848	50
45.3864	50
45.388	50
45.3896	50
45.3912	50
45.3928	50
45.3944	50
45.396	50
45.3976	50
45.3993	51
45.4009	51
45.4025	51
45.4041	51
45.4057	51
45.4073	51
45.4089	51
45.4105	51
45.4121	51
45.4137	51
45.4153	51
45.4169	51
45.4185	51
45.4201	51
45.4217	51
45.4233	51
45.4249	51
45.4265	51
45.4281	51
45.4297	51
45.4313	51
45.4329	51
45.4345	51
45.4361	51
45.4377	51
45.4393	51
45.4409	51
45.4425	51
45.4441	51
45.4457	51
45.4473	51
45.4489	51
45.4505	51
45.4521	51
45.4537	51
45.4553	51
45.4569	51
45.4585	51
45.4601	51
45.4617	51
45.4633	51
45.4649	51
45.4665	51
45.4681	51
45.4697	51
45.4713	51
45.4729	51
45.4746	51
45.4762	51
45.4778	51
45.4794	51
45.481	51
45.4826	51
45.4842	51
45.4858	51
45.4874	51
45.489	51
45.4906	51
45.4922	51
45.4938	51
45.4954	51
45.497	51
45.4986	51
45.5002	51
45.5018	51
45.5034	51
45.505	51
45.5066	51
45.5082	51
45.5098	51
45.5114	51
45.513	51
45.5146	51
45.5162	51
45.5178	51
45.5194	51
45.521	51
45.5226	51
45.5242	51
45.5258	51
45.5274	51
45.529	51
45.5306	51
45.5322	51
45.5338	51
45.5354	51
45.537	51
45.5386	51
45.5402	51
45.5418	51
45.5434	51
45.545	51
45.5466	51
45.5482	51
45.5499	51
45.5515	51
45.5531	51
45.5547	51
45.5563	51
45.5579	51
45.5595	51
45.5611	51
45.5627	51
45.5643	51
45.5659	51
45.5675	51
45.5691	51
45.5707	51
45.5723	51
45.5739	51
45.5755	51
45.5771	51
45.5787	51
45.5803	51
45.5819	51
45.5835	51
45.5851	51
45.5867	51
45.5883	51
45.5899	51
45.5915	51
45.5931	51
45.5947	51
45.5963	51
45.5979	51
45.5995	51
45.6011	52
45.6027	52
45.6043	52
45.6059	52
45.6075	52
45.6091	52
45.6107	52
45.6123	52
45.6139	52
45.6155	52
45.6171	52
45.6187	52
45.6203	52
45.6219	52
45.6235	52
45.6252	52
45.6268	52
45.6284	52
45.63	52
45.6316	52
45.6332	52
45.6348	52
45.6364	52
45.638	52
45.6396	52
45.6412	52
45.6428	52
45.6444	52
45.646	52
45.6476	52
45.6492	52
45.6508	52
45.6524	52
45.654	52
45.6556	52
45.6572	52
45.6588	52
45.6604	52
45.662	52
45.6636	52
45.6652	52
45.6668	52
45.6684	52
45.67	52
45.6716	52
45.6732	52
45.6748	52
45.6764	52
45.678	52
45.6796	52
45.6812	52
45.6828	52
45.6844	52
45.686	52
45.6876	52
45.6892	52
45.6908	52
45.6924	52
45.7501	52
45.7517	51
45.7533	51
45.7549	50
45.7565	49
45.7581	47
45.7597	46
45.7613	45
45.7629	43
45.7645	42
45.7655	41
45.7727	39
45.7743	37
45.776	36
45.7776	36
45.7792	35
45.7808	34
45.7824	34
45.784	34
45.7856	33
45.7872	33
45.7888	33
45.7904	33
45.792	33
45.7936	33
45.7952	33
45.7968	32
45.7984	32
45.8	31
45.8016	30
45.8032	29
45.8048	29
45.8064	28
45.808	28
45.8096	28
45.8112	27
45.8128	27
45.8144	27
45.816	27
45.8176	27
45.8192	26
45.8208	26
45.8224	26
45.824	26
45.8256	26
45.8272	26
45.8288	26
45.8304	26
45.832	26
45.8336	26
45.8352	26
45.8368	26
45.8384	26
45.84	26
45.8416	26
45.8432	26
45.8448	26
45.8464	26
45.848	27
45.8496	27
45.8513	27
45.8529	27
45.8545	27
45.8561	27
45.8577	27
45.8593	27
45.8609	27
45.8625	27
45.8641	27
45.8657	27
45.8673	27
45.8689	27
45.8705	27
45.8721	27
45.8737	27
45.8753	27
45.8769	27
45.8785	27
45.8801	27
45.8817	27
45.8833	27
45.8849	27
45.8865	27
45.8881	27
45.8897	27
45.8913	27
45.8929	27
45.8945	27
45.8961	27
45.8977	27
45.8993	27
45.9009	27
45.9025	27
45.9041	27
45.9057	27
45.9073	27
45.9089	27
45.9105	27
45.9121	27
45.9137	27
45.9153	27
45.9169	27
45.9185	27
45.9201	27
45.9217	27
45.9233	27
45.925	27
45.9266	27
45.9282	27
45.9298	27
45.9314	27
45.933	27
45.9346	27
45.9362	27
45.9378	27
45.9394	27
45.941	27
45.9426	27
45.9442	27
45.9458	27
45.9474	27
45.949	27
45.9506	28
45.9522	28
45.9538	28
45.9554	28
45.957	28
45.9586	28
45.9602	28
45.9618	28
45.9634	28
45.965	28
45.9666	28
45.9682	28
45.9698	28
45.9714	28
45.973	28
45.9746	28
45.9762	28
45.9778	28
45.9794	28
45.981	28
45.9826	28
45.9842	28
45.9858	28
45.9874	28
45.989	28
45.9906	28
45.9922	28
45.9938	28
45.9954	28
45.997	28
45.9986	28
46.0003	28
46.0019	28
46.0035	28
46.0051	28
46.0067	28
46.0083	28
46.0099	28
46.0115	28
46.0131	28
46.0147	28
46.0163	28
46.0179	28
46.0195	28
46.0211	28
46.0227	28
46.0243	28
46.0259	28
46.0275	28
46.0291	28
46.0307	28
46.0323	28
46.0339	28
46.0355	28
46.0371	28
46.0387	28
46.0403	28
46.0419	28
46.0435	28
46.0451	28
46.0467	28
46.0483	28
46.0499	28
46.0515	28
46.0531	28
46.0547	28
46.0563	28
46.0579	28
46.0595	28
46.0611	29
46.0627	29
46.0643	29
46.0659	29
46.0675	29
46.0691	29
46.0707	29
46.0723	29
46.0739	29
46.0756	29
46.0772	30
46.0788	30
46.0804	30
46.082	30
46.0836	30
46.0852	30
46.0868	30
46.0884	30
46.09	30
46.0916	30
46.0932	30
46.0948	30
46.0964	30
46.098	30
46.0996	30
46.1012	30
46.1028	30
46.1044	30
46.106	30
46.1076	30
46.1092	30
46.1108	30
46.1124	30
46.114	30
46.1156	30
46.1172	30
46.1188	30
46.1204	30
46.122	30
46.1236	30
46.1252	30
46.1268	30
46.1284	30
46.13	30
46.1316	30
46.1332	30
46.1348	30
46.1364	30
46.138	30
46.1396	30
46.1412	30
46.1428	30
46.1444	30
46.146	30
46.1476	30
46.1492	30
46.1509	30
46.1525	30
46.1541	30
46.1557	30
46.1573	30
46.1589	30
46.1605	30
46.1621	30
46.1637	30
46.1653	30
46.1669	30
46.1685	30
46.1701	30
46.1717	30
46.1733	30
46.1749	30
46.1765	30
46.1781	30
46.1797	30
46.1813	30
46.1829	30
46.1845	30
46.1861	30
46.1877	30
46.1893	30
46.1909	31
46.1925	31
46.1941	31
46.1957	31
46.1973	31
46.1989	31
46.2005	31
46.2021	31
46.2037	31
46.2053	31
46.2069	31
46.2085	31
46.2101	31
46.2117	31
46.2133	31
46.2149	31
46.2165	31
46.2181	31
46.2197	31
46.2213	31
46.2229	31
46.2245	31
46.2262	31
46.2278	31
46.2294	31
46.231	31
46.2326	31
46.2342	31
46.2358	31
46.2374	31
46.239	31
46.2406	31
46.2422	31
46.2438	31
46.2454	31
46.247	31
46.2486	31
46.2502	31
46.2518	31
46.2534	31
46.255	31
46.2566	31
46.2582	31
46.2598	31
46.2614	31
46.263	32
46.2646	32
46.2662	32
46.2678	32
46.2694	32
46.271	32
46.2726	32
46.2742	32
46.2758	32
46.2774	32
46.279	32
46.2806	32
46.2822	32
46.2838	32
46.2854	32
46.287	32
46.2886	32
46.2902	32
46.2918	32
46.2934	32
46.295	32
46.2966	32
46.2982	32
46.2998	32
46.3015	32
46.3031	32
46.3047	32
46.3063	32
46.3079	32
46.3095	32
46.3111	32
46.3127	32
46.3143	32
46.3159	32
46.3175	32
46.3191	32
46.3207	32
46.3223	32
46.3239	32
46.3255	32
46.3271	33
46.3287	33
46.3303	33
46.3319	33
46.3335	33
46.3351	33
46.3367	33
46.3383	33
46.3399	33
46.3415	33
46.3431	33
46.3447	33
46.3463	33
46.3479	33
46.3495	33
46.3511	33
46.3527	33
46.3543	33
46.3559	33
46.3575	33
46.3591	33
46.3607	33
46.3623	33
46.3639	33
46.3655	33
46.3671	33
46.3687	33
46.3703	33
46.3719	33
46.3735	33
46.3751	33
46.3768	33
46.3784	33
46.38	33
46.3816	33
46.3832	33
46.3848	33
46.3864	33
46.388	33
46.3896	33
46.3912	33
46.3928	33
46.3944	33
46.396	33
46.3976	33
46.3992	33
46.4008	33
46.4024	33
46.404	33
46.4056	33
46.4072	33
46.4088	33
46.4104	33
46.412	33
46.4136	33
46.4152	33
46.4168	33
46.4184	33
46.42	33
46.4216	33
46.4232	33
46.4248	33
46.4264	33
46.428	33
46.4296	33
46.4312	33
46.4328	33
46.4344	33
46.436	33
46.4376	33
46.4392	33
46.4408	33
46.4424	33
46.444	33
46.4456	33
46.4472	33
46.4488	33
46.4505	33
46.4521	33
46.4537	33
46.4553	33
46.4569	34
46.4585	34
46.4601	34
46.4617	34
46.4633	34
46.4649	34
46.4665	34
46.4681	34
46.4697	34
46.4713	34
46.4729	34
46.4745	34
46.4761	35
46.4777	35
46.4793	35
46.4809	35
46.4825	35
46.4841	35
46.4857	35
46.4873	35
46.4889	35
46.4905	35
46.4921	35
46.4937	35
46.4953	35
46.4969	35
46.4985	35
46.5001	35
46.5017	35
46.5033	35
46.5049	35
46.5065	35
46.5081	35
46.5097	35
46.5113	35
46.5129	35
46.5145	35
46.5161	35
46.5177	35
46.5193	35
46.5209	35
46.5225	35
46.5241	35
46.5258	35
46.5274	35
46.529	35
46.5306	35
46.5322	35
46.5338	35
46.5354	35
46.537	35
46.5386	35
46.5402	35
46.5418	35
46.5434	35
46.545	35
46.5466	35
46.5482	35
46.5498	35
46.5514	35
46.553	35
46.5546	35
46.5562	35
46.5578	35
46.5594	35
46.561	35
46.5626	35
46.5642	35
46.5658	35
46.5674	35
46.569	35
46.5706	35
46.5722	35
46.5738	35
46.5754	35
46.577	35
46.5786	35
46.5802	35
46.5818	35
46.5834	35
46.585	35
46.5866	35
46.5882	35
46.5898	35
46.5914	35
46.593	35
46.5946	35
46.5962	35
46.5978	35
46.5994	35
46.6011	35
46.6027	35
46.6043	35
46.6059	35
46.6075	36
46.6091	36
46.6107	36
46.6123	36
46.6139	36
46.6155	36
46.6171	36
46.6187	36
46.6203	36
46.6219	36
46.6235	36
46.6251	36
46.6267	36
46.6283	36
46.6299	36
46.6315	36
46.6331	36
46.6347	36
46.6363	36
46.6379	36
46.6395	36
46.6411	36
46.6427	36
46.6443	36
46.6459	36
46.6475	36
46.6491	36
46.6507	36
46.6523	36
46.6539	36
46.6555	36
46.6571	36
46.6587	36
46.6603	36
46.6619	36
46.6635	36
46.6651	36
46.6667	36
46.6683	36
46.6699	36
46.6715	36
46.6731	36
46.6747	36
46.6764	36
46.678	36
46.6796	36
46.6812	36
46.6828	36
46.6844	36
46.686	36
46.6876	36
46.6892	36
46.6908	36
46.6924	36
46.694	36
46.6956	36
46.6972	36
46.6988	36
46.7004	36
46.702	36
46.7036	36
46.7052	36
46.7068	36
46.7084	36
46.71	36
46.7116	36
46.7132	36
46.7148	36
46.7164	36
46.718	36
46.7196	36
46.7212	36
46.7228	36
46.7244	36
46.726	36
46.7276	36
46.7292	36
46.7308	36
46.7324	36
46.734	36
46.7356	36
46.7372	36
46.7388	36
46.7404	36
46.742	36
46.7436	36
46.7452	36
46.7468	36
46.7484	36
46.75	36
46.7517	37
46.7533	37
46.7549	37
46.7565	37
46.7581	37
46.7597	37
46.7613	37
46.7629	37
46.7645	37
46.7661	38
46.7677	38
46.7693	38
46.7709	38
46.7725	38
46.7741	38
46.7757	38
46.7773	38
46.7789	38
46.7805	38
46.7821	38
46.7837	38
46.7853	38
46.7869	38
46.7885	38
46.7901	38
46.7917	38
46.7933	38
46.7949	38
46.7965	38
46.7981	38
46.7997	38
46.8013	38
46.8029	38
46.8045	38
46.8061	38
46.8077	38
46.8093	38
46.8109	38
46.8125	38
46.8141	38
46.8157	38
46.8173	38
46.8189	38
46.8205	38
46.8221	38
46.8237	38
46.8253	38
46.827	38
46.8286	38
46.8302	38
46.8318	38
46.8334	38
46.835	38
46.8366	38
46.8382	38
46.8398	38
46.8414	38
46.843	38
46.8446	38
46.8462	38
46.8478	38
46.8494	38
46.851	38
46.8526	38
46.8542	38
46.8558	38
46.8574	38
46.859	38
46.8606	38
46.8622	38
46.8638	38
46.8654	38
46.867	38
46.8686	38
46.8702	38
46.8718	38
46.8734	38
46.875	38
46.8766	38
46.8782	38
46.8798	38
46.8814	38
46.883	38
46.8846	38
46.8862	38
46.8878	38
46.8894	38
46.891	38
46.8926	38
46.8942	38
46.8958	38
46.8974	38
46.899	38
46.9006	38
46.9023	38
46.9039	38
46.9055	38
46.9071	38
46.9087	38
46.9103	38
46.9119	38
46.9135	38
46.9151	39
46.9167	39
46.9183	39
46.9199	39
46.9215	39
46.9231	39
46.9247	39
46.9263	39
46.9279	39
46.9295	39
46.9311	39
46.9327	39
46.9343	39
46.9359	39
46.9375	39
46.9391	39
46.9407	39
46.9423	39
46.9439	39
46.9455	39
46.9471	39
46.9487	39
46.9503	39
46.9519	39
46.9535	39
46.9551	39
46.9567	39
46.9583	39
46.9599	39
46.9615	39
46.9631	39
46.9647	39
46.9663	39
46.9679	39
46.9695	39
46.9711	39
46.9727	39
46.9743	39
46.976	39
46.9776	39
46.9792	39
46.9808	39
46.9824	39
46.984	39
46.9856	39
46.9872	39
46.9888	39
46.9904	39
46.992	39
46.9936	39
46.9952	39
46.9968	39
46.9984	39
47	39
47.0016	39
47.0032	39
47.0048	39
47.0064	39
47.008	39
47.0096	39
47.0112	39
47.0128	39
47.0144	39
47.016	40
47.0176	40
47.0192	40
47.0208	40
47.0224	40
47.024	40
47.0256	40
47.0272	40
47.0288	40
47.0304	40
47.032	40
47.0336	40
47.0352	40
47.0368	40
47.0384	40
47.04	40
47.0416	40
47.0432	40
47.0448	40
47.0464	40
47.048	40
47.0496	40
47.0513	40
47.0529	40
47.0545	40
47.0561	40
47.0577	40
47.0593	40
47.0609	40
47.0625	40
47.0641	40
47.0657	40
47.0673	40
47.0689	40
47.0705	40
47.0721	40
47.0737	40
47.0753	40
47.0769	40
47.0785	40
47.0801	40
47.0817	40
47.0833	40
47.0849	40
47.0865	41
47.0881	41
47.0897	41
47.0913	41
47.0929	41
47.0945	41
47.0961	41
47.0977	41
47.0993	41
47.1009	41
47.1025	41
47.1041	41
47.1057	41
47.1073	41
47.1089	41
47.1105	41
47.1121	41
47.1137	41
47.1153	41
47.1169	41
47.1185	41
47.1201	41
47.1217	41
47.1233	41
47.1249	41
47.1266	41
47.1282	41
47.1298	41
47.1314	41
47.133	41
47.1346	41
47.1362	41
47.1378	41
47.1394	41
47.141	41
47.1426	41
47.1442	41
47.1458	41
47.1474	41
47.149	41
47.1506	41
47.1522	41
47.1538	41
47.1554	41
47.157	41
47.1586	41
47.1602	41
47.1618	41
47.1634	41
47.165	41
47.1666	41
47.1682	41
47.1698	41
47.1714	41
47.173	41
47.1746	41
47.1762	41
47.1778	41
47.1794	41
47.181	41
47.1826	41
47.1842	41
47.1858	41
47.1874	41
47.189	41
47.1906	41
47.1922	41
47.1938	41
47.1954	41
47.197	41
47.1986	41
47.2002	41
47.2019	41
47.2035	41
47.2051	41
47.2067	41
47.2083	41
47.2099	41
47.2115	41
47.2131	41
47.2147	41
47.2163	41
47.2179	41
47.2195	41
47.2211	41
47.2227	41
47.2243	41
47.2259	41
47.2275	41
47.2291	41
47.2307	41
47.2323	41
47.2339	41
47.2355	41
47.2371	41
47.2387	41
47.2403	41
47.2419	41
47.2435	41
47.2451	41
47.2467	42
47.2483	42
47.2499	42
47.2515	42
47.2531	42
47.2547	42
47.2563	42
47.2579	42
47.2595	42
47.2611	42
47.2627	42
47.2643	42
47.2659	42
47.2675	42
47.2691	43
47.2707	43
47.2723	43
47.2739	43
47.2755	43
47.2772	43
47.2788	43
47.2804	43
47.282	43
47.2836	43
47.2852	43
47.2868	43
47.2884	43
47.29	43
47.2916	43
47.2932	43
47.2948	43
47.2964	43
47.298	43
47.2996	43
47.3012	43
47.3028	43
47.3044	43
47.306	43
47.3076	43
47.3092	43
47.3108	43
47.3124	43
47.314	43
47.3156	43
47.3172	43
47.3188	43
47.3204	43
47.322	43
47.3236	43
47.3252	43
47.3268	43
47.3284	43
47.33	43
47.3316	43
47.3332	43
47.3348	43
47.3364	43
47.338	43
47.3396	43
47.3412	43
47.3428	43
47.3444	43
47.346	43
47.3476	43
47.3492	43
47.3508	43
47.3525	43
47.3541	43
47.3557	43
47.3573	43
47.3589	43
47.3605	43
47.3621	43
47.3637	43
47.3653	43
47.3669	43
47.3685	43
47.3701	43
47.3717	43
47.3733	43
47.3749	43
47.3765	43
47.3781	43
47.3797	43
47.3813	43
47.3829	43
47.3845	43
47.3861	43
47.3877	43
47.3893	43
47.3909	43
47.3925	43
47.3941	43
47.3957	43
47.3973	43
47.3989	43
47.4005	43
47.4021	43
47.4037	43
47.4053	43
47.4069	43
47.4085	43
47.4101	43
47.4117	43
47.4133	43
47.4149	43
47.4165	43
47.4181	43
47.4197	43
47.4213	43
47.4229	43
47.4245	43
47.4261	43
47.4278	43
47.4294	43
47.431	43
47.4326	44
47.4342	44
47.4358	44
47.4374	44
47.439	44
47.4406	44
47.4422	44
47.4438	44
47.4454	44
47.447	44
47.4486	44
47.4502	44
47.4518	44
47.4534	44
47.455	44
47.4566	44
47.4582	44
47.4598	44
47.4614	44
47.463	44
47.4646	44
47.4662	44
47.4678	44
47.4694	44
47.471	44
47.4726	44
47.4742	44
47.4758	44
47.4774	44
47.479	44
47.4806	44
47.4822	44
47.4838	44
47.4854	44
47.487	44
47.4886	44
47.4902	44
47.4918	44
47.4934	44
47.495	44
47.4966	44
47.4982	44
47.4998	44
47.5015	44
47.5031	44
47.5047	44
47.5063	44
47.5079	44
47.5095	44
47.5111	44
47.5127	44
47.5143	44
47.5159	44
47.5175	44
47.5191	44
47.5207	44
47.5223	44
47.5239	44
47.5255	44
47.5271	44
47.5287	44
47.5303	44
47.5319	44
47.5335	44
47.5351	44
47.5367	44
47.5383	44
47.5399	44
47.5415	44
47.5431	44
47.5447	44
47.5463	44
47.5479	44
47.5495	44
47.5511	44
47.5527	44
47.5543	44
47.5559	44
47.5575	44
47.5591	44
47.5607	44
47.5623	44
47.5639	44
47.5655	44
47.5671	44
47.5687	44
47.5703	44
47.5719	44
47.5735	44
47.5751	44
47.5768	44
47.5784	44
47.58	44
47.5816	44
47.5832	44
47.5848	44
47.5864	44
47.588	44
47.5896	44
47.5912	44
47.5928	44
47.5944	44
47.596	44
47.5976	44
47.5992	44
47.6008	44
47.6024	44
47.604	44
47.6056	44
47.6072	44
47.6088	44
47.6104	45
47.612	45
47.6136	45
47.6152	45
47.6168	45
47.6184	45
47.62	45
47.6216	45
47.6232	46
47.6248	46
47.6264	46
47.628	46
47.6296	46
47.6312	46
47.6328	46
47.6344	46
47.636	46
47.6376	46
47.6392	46
47.6408	46
47.6424	46
47.644	46
47.6456	46
47.6472	46
47.6488	46
47.6504	46
47.6521	46
47.6537	46
47.6553	46
47.6569	46
47.6585	46
47.6601	46
47.6617	46
47.6633	46
47.6649	46
47.6665	46
47.6681	46
47.6697	46
47.6713	46
47.6729	46
47.6745	46
47.6761	46
47.6777	46
47.6793	46
47.6809	46
47.6825	46
47.6841	46
47.6857	46
47.6873	46
47.6889	46
47.6905	46
47.6921	46
47.6937	46
47.6953	46
47.6969	46
47.6985	46
47.7001	46
47.7017	46
47.7033	46
47.7049	46
47.7065	46
47.7081	46
47.7097	46
47.7113	46
47.7129	46
47.7145	46
47.7161	46
47.7177	46
47.7193	46
47.7209	46
47.7225	46
47.7241	46
47.7257	46
47.7274	46
47.729	46
47.7306	46
47.7322	46
47.7338	46
47.7354	46
47.737	46
47.7386	46
47.7402	46
47.7418	46
47.7434	46
47.745	46
47.7466	46
47.7482	46
47.7498	46
47.7514	46
47.753	46
47.7546	46
47.7562	46
47.7578	46
47.7594	46
47.761	46
47.7626	46
47.7642	46
47.7658	46
47.7674	46
47.769	46
47.7706	46
47.7722	46
47.7738	46
47.7754	46
47.777	46
47.7786	46
47.7802	46
47.7818	46
47.7834	46
47.785	46
47.7866	46
47.7882	46
47.7898	46
47.7914	46
47.793	46
47.7946	46
47.7962	46
47.7978	46
47.7994	46
47.801	47
47.8027	47
47.8043	47
47.8059	47
47.8075	47
47.8091	47
47.8107	47
47.8123	47
47.8139	47
47.8155	47
47.8171	47
47.8187	47
47.8203	47
47.8219	47
47.8235	47
47.8251	47
47.8267	47
47.8283	47
47.8299	47
47.8315	47
47.8331	47
47.8347	47
47.8363	47
47.8379	47
47.8395	47
47.8411	47
47.8427	47
47.8443	47
47.8459	47
47.8475	47
47.8491	47
47.8507	47
47.8523	47
47.8539	47
47.8555	47
47.8571	47
47.8587	47
47.8603	47
47.8619	47
47.8635	47
47.8651	47
47.8667	47
47.8683	47
47.8699	47
47.8715	47
47.8731	47
47.8747	47
47.8763	47
47.878	47
47.8796	47
47.8812	47
47.8828	47
47.8844	47
47.886	47
47.8876	47
47.8892	47
47.8908	47
47.8924	47
47.894	47
47.8956	47
47.8972	47
47.8988	47
47.9004	47
47.902	47
47.9036	47
47.9052	47
47.9068	47
47.9084	47
47.91	47
47.9116	47
47.9132	47
47.9148	47
47.9164	47
47.918	48
47.9196	48
47.9212	48
47.9228	48
47.9244	48
47.926	48
47.9276	48
47.9292	48
47.9308	48
47.9324	48
47.934	48
47.9356	48
47.9372	48
47.9388	48
47.9404	48
47.942	48
47.9436	48
47.9452	48
47.9468	48
47.9484	48
47.95	48
47.9516	48
47.9533	48
47.9549	48
47.9565	48
47.9581	48
47.9597	48
47.9613	48
47.9629	48
47.9645	48
47.9661	48
47.9677	48
47.9693	48
47.9709	48
47.9725	48
47.9741	48
47.9757	48
47.9773	48
47.9789	48
47.9805	48
47.9821	48
47.9837	48
47.9853	48
47.9869	48
47.9885	48
47.9901	48
47.9917	48
47.9933	48
47.9949	48
47.9965	48
47.9981	48
47.9997	48
48.0013	48
48.0029	48
48.0045	48
48.0061	48
48.0077	48
48.0093	49
48.0109	49
48.0125	49
48.0141	49
48.0157	49
48.0173	49
48.0189	49
48.0205	49
48.0221	49
48.0237	49
48.0253	49
48.0269	49
48.0286	49
48.0302	49
48.0318	49
48.0334	49
48.035	49
48.0366	49
48.0382	49
48.0398	49
48.0414	49
48.043	49
48.0446	49
48.0462	49
48.0478	49
48.0494	49
48.051	49
48.0526	49
48.0542	49
48.0558	49
48.0574	49
48.059	49
48.0606	49
48.0622	49
48.0638	49
48.0654	49
48.067	49
48.0686	49
48.0702	49
48.0718	49
48.0734	49
48.075	49
48.0766	49
48.0782	49
48.0798	49
48.0814	49
48.083	49
48.0846	49
48.0862	49
48.0878	49
48.0894	49
48.091	49
48.0926	49
48.0942	49
48.0958	49
48.0974	49
48.099	49
48.1006	49
48.1023	49
48.1039	49
48.1055	49
48.1071	49
48.1087	49
48.1103	49
48.1119	49
48.1135	49
48.1151	49
48.1167	49
48.1183	49
48.1199	49
48.1215	49
48.1231	49
48.1247	49
48.1263	49
48.1279	49
48.1295	49
48.1311	49
48.1327	49
48.1343	49
48.1359	49
48.1375	49
48.1391	49
48.1407	49
48.1423	49
48.1439	49
48.1455	49
48.1471	49
48.1487	49
48.1503	49
48.1519	49
48.1535	49
48.1551	49
48.1567	49
48.1583	49
48.1599	49
48.1615	49
48.1631	49
48.1647	49
48.1663	49
48.1679	49
48.1695	49
48.1711	49
48.1727	49
48.1743	49
48.1759	49
48.1776	49
48.1792	49
48.1808	49
48.1824	49
48.184	49
48.1856	49
48.1872	49
48.1888	49
48.1904	49
48.192	49
48.1936	49
48.1952	49
48.1968	49
48.1984	49
48.2	49
48.2016	49
48.2032	50
48.2048	50
48.2064	50
48.208	50
48.2096	50
48.2112	50
48.2128	50
48.2144	50
48.216	50
48.2176	50
48.2192	51
48.2208	51
48.2224	51
48.224	51
48.2256	51
48.2272	51
48.2288	51
48.2304	51
48.232	51
48.2336	51
48.2352	51
48.2368	51
48.2384	51
48.24	51
48.2416	51
48.2432	51
48.2448	51
48.2464	51
48.248	51
48.2496	51
48.2512	51
48.2529	51
48.2545	51
48.2561	51
48.2577	51
48.2593	51
48.2609	51
48.2625	51
48.2641	51
48.2657	51
48.2673	51
48.2689	51
48.2705	51
48.2721	51
48.2737	51
48.2753	51
48.2769	51
48.2785	51
48.2801	51
48.2817	51
48.2833	51
48.2849	51
48.2865	51
48.2881	51
48.2897	51
48.2913	51
48.2929	51
48.2945	51
48.2961	51
48.2977	51
48.2993	51
48.3009	51
48.3025	51
48.3041	51
48.3057	51
48.3073	51
48.3089	51
48.3105	51
48.3121	51
48.3137	51
48.3153	51
48.3169	51
48.3185	51
48.3201	51
48.3217	51
48.3233	51
48.3249	51
48.3265	51
48.3282	51
48.3298	51
48.3314	51
48.333	51
48.3346	51
48.3362	51
48.3378	51
48.3394	51
48.341	51
48.3426	51
48.3442	51
48.3458	51
48.3474	51
48.349	51
48.3506	51
48.3522	51
48.3538	51
48.3554	51
48.357	51
48.3586	51
48.3602	51
48.3618	51
48.3634	51
48.365	51
48.3666	51
48.3682	51
48.3698	51
48.3714	51
48.373	51
48.3746	51
48.3762	51
48.3778	51
48.3794	51
48.381	51
48.3826	51
48.3842	51
48.3858	51
48.3874	51
48.389	51
48.3906	51
48.3922	51
48.3938	51
48.3954	51
48.397	51
48.3986	51
48.4002	51
48.4018	51
48.4035	51
48.4051	51
48.4067	51
48.4083	51
48.4099	51
48.4115	51
48.4131	51
48.4147	51
48.4163	51
48.4179	51
48.4195	52
48.4211	52
48.4227	52
48.4243	52
48.4259	52
48.4275	52
48.4291	52
48.4307	52
48.4323	52
48.4339	52
48.4355	52
48.4371	52
48.4387	52
48.4403	52
48.4419	52
48.4435	52
48.4451	52
48.4467	52
48.4483	52
48.4499	52
48.4515	52
48.4531	52
48.4547	52
48.4563	52
48.4579	52
48.4595	52
48.4611	52
48.4627	52
48.4643	52
48.4659	52
48.4675	52
48.4691	52
48.4707	52
48.4723	52
48.4739	52
48.4755	52
48.4771	52
48.4788	52
48.4804	52
48.482	52
48.4836	52
48.4852	52
48.4868	52
48.4884	52
48.49	52
48.4916	52
48.4932	52
48.4948	52
48.4964	52
48.498	52
48.4996	52
48.5012	52
48.5028	52
48.5044	52
48.506	52
48.5076	52
48.5092	52
48.5108	52
48.5685	52
48.5701	51
48.5717	50
48.5733	49
48.5749	48
48.5765	47
48.5781	46
48.5797	45
48.5813	44
48.5829	42
48.5841	41
48.5913	39
48.5929	37
48.5945	36
48.5961	35
48.5977	35
48.5993	35
48.6009	34
48.6025	34
48.6041	34
48.6057	33
48.6073	33
48.6089	33
48.6105	33
48.6121	33
48.6137	33
48.6153	33
48.6169	32
48.6185	31
48.6201	30
48.6217	29
48.6233	29
48.6249	28
48.6265	28
48.6281	28
48.6297	27
48.6313	27
48.6329	27
48.6345	27
48.6361	26
48.6377	26
48.6393	26
48.6409	26
48.6425	26
48.6442	26
48.6458	26
48.6474	26
48.649	26
48.6506	26
48.6522	26
48.6538	26
48.6554	26
48.657	26
48.6586	26
48.6602	26
48.6618	26
48.6634	26
48.665	26
48.6666	26
48.6682	27
48.6698	27
48.6714	27
48.673	27
48.6746	27
48.6762	27
48.6778	27
48.6794	27
48.681	27
48.6826	27
48.6842	27
48.6858	27
48.6874	27
48.689	27
48.6906	27
48.6922	27
48.6938	27
48.6954	27
48.697	27
48.6986	27
48.7002	27
48.7018	27
48.7034	27
48.705	27
48.7066	27
48.7082	27
48.7098	27
48.7114	27
48.713	27
48.7146	27
48.7162	27
48.7178	27
48.7195	27
48.7211	27
48.7227	27
48.7243	27
48.7259	27
48.7275	27
48.7291	27
48.7307	27
48.7323	27
48.7339	27
48.7355	27
48.7371	27
48.7387	27
48.7403	27
48.7419	27
48.7435	27
48.7451	27
48.7467	27
48.7483	27
48.7499	27
48.7515	27
48.7531	27
48.7547	27
48.7563	27
48.7579	27
48.7595	27
48.7611	27
48.7627	27
48.7643	27
48.7659	27
48.7675	27
48.7691	28
48.7707	28
48.7723	28
48.7739	28
48.7755	28
48.7771	28
48.7787	28
48.7803	28
48.7819	28
48.7835	28
48.7851	28
48.7867	28
48.7883	28
48.7899	28
48.7915	28
48.7931	28
48.7948	28
48.7964	28
48.798	28
48.7996	28
48.8012	28
48.8028	28
48.8044	28
48.806	28
48.8076	28
48.8092	28
48.8108	28
48.8124	28
48.814	28
48.8156	28
48.8172	28
48.8188	28
48.8204	28
48.822	28
48.8236	28
48.8252	28
48.8268	28
48.8284	28
48.83	28
48.8316	28
48.8332	28
48.8348	28
48.8364	28
48.838	28
48.8396	28
48.8412	28
48.8428	28
48.8444	28
48.846	28
48.8476	28
48.8492	28
48.8508	28
48.8524	28
48.854	28
48.8556	28
48.8572	28
48.8588	28
48.8604	28
48.862	28
48.8636	28
48.8652	28
48.8668	28
48.8684	28
48.8701	28
48.8717	28
48.8733	28
48.8749	28
48.8765	28
48.8781	28
48.8797	28
48.8813	29
48.8829	29
48.8845	29
48.8861	29
48.8877	29
48.8893	29
48.8909	29
48.8925	29
48.8941	29
48.8957	29
48.8973	30
48.8989	30
48.9005	30
48.9021	30
48.9037	30
48.9053	30
48.9069	30
48.9085	30
48.9101	30
48.9117	30
48.9133	30
48.9149	30
48.9165	30
48.9181	30
48.9197	30
48.9213	30
48.9229	30
48.9245	30
48.9261	30
48.9277	30
48.9293	30
48.9309	30
48.9325	30
48.9341	30
48.9357	30
48.9373	30
48.9389	30
48.9405	30
48.9421	30
48.9437	30
48.9454	30
48.947	30
48.9486	30
48.9502	30
48.9518	30
48.9534	30
48.955	30
48.9566	30
48.9582	30
48.9598	30
48.9614	30
48.963	30
48.9646	30
48.9662	30
48.9678	30
48.9694	30
48.971	30
48.9726	30
48.9742	30
48.9758	30
48.9774	30
48.979	30
48.9806	30
48.9822	30
48.9838	30
48.9854	30
48.987	30
48.9886	30
48.9902	30
48.9918	30
48.9934	30
48.995	30
48.9966	30
48.9982	30
48.9998	30
49.0014	30
49.003	30
49.0046	30
49.0062	30
49.0078	30
49.0094	31
49.011	31
49.0126	31
49.0142	31
49.0158	31
49.0174	31
49.019	31
49.0207	31
49.0223	31
49.0239	31
49.0255	31
49.0271	31
49.0287	31
49.0303	31
49.0319	31
49.0335	31
49.0351	31
49.0367	31
49.0383	31
49.0399	31
49.0415	31
49.0431	31
49.0447	31
49.0463	31
49.0479	31
49.0495	31
49.0511	31
49.0527	31
49.0543	31
49.0559	31
49.0575	31
49.0591	31
49.0607	31
49.0623	31
49.0639	31
49.0655	31
49.0671	31
49.0687	31
49.0703	31
49.0719	31
49.0735	31
49.0751	31
49.0767	31
49.0783	31
49.0799	31
49.0815	31
49.0831	31
49.0847	31
49.0863	31
49.0879	31
49.0895	31
49.0911	31
49.0927	31
49.0943	31
49.096	31
49.0976	31
49.0992	31
49.1008	31
49.1024	31
49.104	31
49.1056	31
49.1072	31
49.1088	31
49.1104	31
49.112	31
49.1136	31
49.1152	31
49.1168	31
49.1184	31
49.12	31
49.1216	31
49.1232	31
49.1248	31
49.1264	31
49.128	31
49.1296	31
49.1312	31
49.1328	31
49.1344	31
49.136	32
49.1376	32
49.1392	32
49.1408	32
49.1424	32
49.144	32
49.1456	33
49.1472	33
49.1488	33
49.1504	33
49.152	33
49.1536	33
49.1552	33
49.1568	33
49.1584	33
49.16	33
49.1616	33
49.1632	33
49.1648	33
49.1664	33
49.168	33
49.1697	33
49.1713	33
49.1729	33
49.1745	33
49.1761	33
49.1777	33
49.1793	33
49.1809	33
49.1825	33
49.1841	33
49.1857	33
49.1873	33
49.1889	33
49.1905	33
49.1921	33
49.1937	33
49.1953	33
49.1969	33
49.1985	33
49.2001	33
49.2017	33
49.2033	33
49.2049	33
49.2065	33
49.2081	33
49.2097	33
49.2113	33
49.2129	33
49.2145	33
49.2161	33
49.2177	33
49.2193	33
49.2209	33
49.2225	33
49.2241	33
49.2257	33
49.2273	33
49.2289	33
49.2305	33
49.2321	33
49.2337	33
49.2353	33
49.2369	33
49.2385	33
49.2401	33
49.2417	33
49.2433	33
49.245	33
49.2466	33
49.2482	33
49.2498	33
49.2514	33
49.253	33
49.2546	33
49.2562	33
49.2578	33
49.2594	33
49.261	33
49.2626	33
49.2642	33
49.2658	33
49.2674	33
49.269	33
49.2706	33
49.2722	33
49.2738	33
49.2754	33
49.277	33
49.2786	34
49.2802	34
49.2818	34
49.2834	34
49.285	34
49.2866	34
49.2882	34
49.2898	34
49.2914	34
49.293	35
49.2946	35
49.2962	35
49.2978	35
49.2994	35
49.301	35
49.3026	35
49.3042	35
49.3058	35
49.3074	35
49.309	35
49.3106	35
49.3122	35
49.3138	35
49.3154	35
49.317	35
49.3186	35
49.3203	35
49.3219	35
49.3235	35
49.3251	35
49.3267	35
49.3283	35
49.3299	35
49.3315	35
49.3331	35
49.3347	35
49.3363	35
49.3379	35
49.3395	35
49.3411	35
49.3427	35
49.3443	35
49.3459	35
49.3475	35
49.3491	35
49.3507	35
49.3523	35
49.3539	35
49.3555	35
49.3571	35
49.3587	35
49.3603	35
49.3619	35
49.3635	35
49.3651	35
49.3667	35
49.3683	35
49.3699	35
49.3715	35
49.3731	35
49.3747	35
49.3763	35
49.3779	35
49.3795	35
49.3811	35
49.3827	35
49.3843	35
49.3859	35
49.3875	35
49.3891	35
49.3907	35
49.3923	35
49.3939	35
49.3956	35
49.3972	35
49.3988	35
49.4004	35
49.402	35
49.4036	35
49.4052	35
49.4068	35
49.4084	35
49.41	35
49.4116	35
49.4132	35
49.4148	35
49.4164	35
49.418	35
49.4196	35
49.4212	35
49.4228	35
49.4244	35
49.426	35
49.4276	35
49.4292	36
49.4308	36
49.4324	36
49.434	36
49.4356	36
49.4372	36
49.4388	36
49.4404	36
49.442	36
49.4436	36
49.4452	36
49.4468	36
49.4484	36
49.45	36
49.4516	36
49.4532	36
49.4548	36
49.4564	36
49.458	36
49.4596	36
49.4612	36
49.4628	36
49.4644	36
49.466	36
49.4676	36
49.4692	36
49.4709	36
49.4725	36
49.4741	36
49.4757	36
49.4773	36
49.4789	36
49.4805	36
49.4821	36
49.4837	36
49.4853	36
49.4869	36
49.4885	36
49.4901	36
49.4917	36
49.4933	36
49.4949	36
49.4965	36
49.4981	36
49.4997	36
49.5013	36
49.5029	36
49.5045	36
49.5061	36
49.5077	36
49.5093	36
49.5109	36
49.5125	36
49.5141	36
49.5157	36
49.5173	36
49.5189	36
49.5205	36
49.5221	36
49.5237	36
49.5253	36
49.5269	36
49.5285	36
49.5301	36
49.5317	36
49.5333	36
49.5349	36
49.5365	36
49.5381	36
49.5397	36
49.5413	36
49.5429	36
49.5445	36
49.5462	36
49.5478	36
49.5494	36
49.551	36
49.5526	36
49.5542	36
49.5558	36
49.5574	36
49.559	36
49.5606	36
49.5622	36
49.5638	36
49.5654	36
49.567	36
49.5686	36
49.5702	36
49.5718	36
49.5734	37
49.575	37
49.5766	37
49.5782	37
49.5798	37
49.5814	37
49.583	37
49.5846	37
49.5862	38
49.5878	38
49.5894	38
49.591	38
49.5926	38
49.5942	38
49.5958	38
49.5974	38
49.599	38
49.6006	38
49.6022	38
49.6038	38
49.6054	38
49.607	38
49.6086	38
49.6102	38
49.6118	38
49.6134	38
49.615	38
49.6166	38
49.6182	38
49.6198	38
49.6215	38
49.6231	38
49.6247	38
49.6263	38
49.6279	38
49.6295	38
49.6311	38
49.6327	38
49.6343	38
49.6359	38
49.6375	38
49.6391	38
49.6407	38
49.6423	38
49.6439	38
49.6455	38
49.6471	38
49.6487	38
49.6503	38
49.6519	38
49.6535	38
49.6551	38
49.6567	38
49.6583	38
49.6599	38
49.6615	38
49.6631	38
49.6647	38
49.6663	38
49.6679	38
49.6695	38
49.6711	38
49.6727	38
49.6743	38
49.6759	38
49.6775	38
49.6791	38
49.6807	38
49.6823	38
49.6839	38
49.6855	38
49.6871	38
49.6887	38
49.6903	38
49.6919	38
49.6935	38
49.6952	38
49.6968	38
49.6984	38
49.7	38
49.7016	38
49.7032	38
49.7048	38
49.7064	38
49.708	38
49.7096	38
49.7112	38
49.7128	38
49.7144	38
49.716	38
49.7176	38
49.7192	38
49.7208	38
49.7224	38
49.724	38
49.7256	38
49.7272	38
49.7288	38
49.7304	38
49.732	38
49.7336	38
49.7352	39
49.7368	39
49.7384	39
49.74	39
49.7416	39
49.7432	39
49.7448	39
49.7464	39
49.748	39
49.7496	39
49.7512	39
49.7528	39
49.7544	39
49.756	40
49.7576	40
49.7592	40
49.7608	40
49.7624	40
49.764	40
49.7656	40
49.7672	40
49.7688	40
49.7705	40
49.7721	40
49.7737	40
49.7753	40
49.7769	40
49.7785	40
49.7801	40
49.7817	40
49.7833	40
49.7849	40
49.7865	40
49.7881	40
49.7897	40
49.7913	40
49.7929	40
49.7945	40
49.7961	40
49.7977	40
49.7993	40
49.8009	40
49.8025	40
49.8041	40
49.8057	40
49.8073	40
49.8089	40
49.8105	40
49.8121	40
49.8137	40
49.8153	40
49.8169	40
49.8185	40
49.8201	40
49.8217	40
49.8233	40
49.8249	40
49.8265	40
49.8281	40
49.8297	40
49.8313	40
49.8329	40
49.8345	40
49.8361	40
49.8377	40
49.8393	40
49.8409	40
49.8425	40
49.8441	40
49.8458	40
49.8474	40
49.849	40
49.8506	40
49.8522	40
49.8538	40
49.8554	40
49.857	40
49.8586	40
49.8602	40
49.8618	40
49.8634	40
49.865	40
49.8666	40
49.8682	40
49.8698	40
49.8714	40
49.873	40
49.8746	40
49.8762	40
49.8778	40
49.8794	40
49.881	40
49.8826	40
49.8842	40
49.8858	40
49.8874	40
49.889	40
49.8906	40
49.8922	40
49.8938	40
49.8954	40
49.897	40
49.8986	40
49.9002	40
49.9018	40
49.9034	41
49.905	41
49.9066	41
49.9082	41
49.9098	41
49.9114	41
49.913	41
49.9146	41
49.9162	41
49.9178	41
49.9194	41
49.9211	41
49.9227	41
49.9243	41
49.9259	41
49.9275	41
49.9291	41
49.9307	41
49.9323	41
49.9339	41
49.9355	41
49.9371	41
49.9387	41
49.9403	41
49.9419	41
49.9435	41
49.9451	41
49.9467	41
49.9483	41
49.9499	41
49.9515	41
49.9531	41
49.9547	41
49.9563	41
49.9579	41
49.9595	41
49.9611	41
49.9627	41
49.9643	41
49.9659	41
49.9675	41
49.9691	41
49.9707	41
49.9723	41
49.9739	41
49.9755	41
49.9771	41
49.9787	41
49.9803	41
49.9819	41
49.9835	41
49.9851	41
49.9867	41
49.9883	41
49.9899	41
49.9915	41
49.9931	41
49.9947	41
49.9964	41
49.998	41
49.9996	41
